1.90767,-5.868714,-2.019881,17.7453,-3.749346,2.110942,-3.487251,-7.933652,-3.836755,-7.294663,6.068318,1.747475,0.0316034,4.578952
-5.363124,-1.215413,-5.724377,11.40027,-1.566676,5.327061,2.398432,-2.350754,5.713202,3.962309,11.01158,-7.976456,-5.265113,-10.35094
3.134379,-3.008993,-1.774223,21.86728,-4.586514,-11.28131,-5.549767,-14.13894,-11.30387,-5.529678,8.660446,6.672223,6.614066,10.2249
9.909219,-8.227791,0.009417815,21.88542,-6.266451,-16.94245,-10.39389,-17.53656,-13.58056,-3.119985,1.265537,11.958,10.46131,20.57877
7.208826,-6.445494,2.9962,16.98434,-4.212631,-14.6644,-5.965997,-1.277425,-11.18154,-6.177079,-7.056458,8.643041,2.996797,18.1518
9.526492,-8.691725,2.017709,21.26536,-8.883474,-15.16458,-9.509382,-6.223376,-13.75018,-6.219713,-5.448873,18.81916,6.03596,16.2266
1.391491,-4.584109,-0.01176895,19.79609,-8.333669,-5.189788,-7.992892,-4.707061,-16.49583,8.883218,-3.141081,7.474375,4.410295,8.500718
-9.022339,-3.810119,-6.350949,31.2243,-4.769118,-10.00598,-8.309015,5.828169,-11.88246,0.008420328,-11.81562,6.737133,11.10724,11.06034
-4.854103,-1.225685,-4.807936,5.919984,2.608566,-8.617885,-2.778145,5.696934,-5.12249,7.549137,-6.073892,-0.27824,7.209711,4.77404
7.708979,6.166234,9.451923,-32.55093,9.79074,-2.718689,1.643199,7.113072,-11.75744,8.007021,-21.53919,3.08419,4.763757,10.83715
8.179746,19.41467,5.030157,-37.88471,8.680243,3.857479,16.53935,8.651196,-7.12996,3.573246,-22.48808,-4.237293,-3.943962,1.757939
9.991549,2.347241,0.8648765,-48.00257,6.517432,1.546178,4.512998,18.99134,4.609324,10.48479,-21.07173,5.795179,-1.820574,5.233971
5.734673,-4.615105,0.8244326,-46.67385,3.645972,1.484667,-4.758779,21.08817,5.72648,8.424361,-9.40449,11.43422,-0.07392526,7.163168
1.553344,6.630332,0.4138065,-38.06122,13.06933,4.085084,2.119907,6.104374,-1.438819,15.55699,-18.0308,0.8366528,1.650474,5.510556
6.471344,0.2844313,-1.720255,-40.34743,5.038464,-6.041556,-6.121439,2.639138,1.732349,17.43281,-13.811,8.417177,12.15302,13.87295
16.23958,-1.887023,-2.102484,-34.53419,-1.492304,-10.11791,-7.413963,-9.858918,-9.616878,19.50577,-2.820503,12.5045,12.97975,18.61457
23.1448,-2.791964,5.402164,-34.24606,-13.22886,-11.42414,-6.515068,-2.674565,-8.913641,15.63176,-8.17376,13.9161,10.60615,19.26708
28.0498,-0.8534678,12.40606,-32.61055,-10.87479,-9.396251,-3.10255,-4.384489,-11.3913,9.424666,-14.46625,15.58688,-2.418891,24.03112
18.88663,10.26586,7.719319,-22.40127,-8.089665,4.79293,13.16727,5.256929,-7.732277,4.490319,-19.37997,-4.122344,-11.42634,8.572617
15.32501,4.312873,6.044485,-24.07673,-13.45632,-4.063509,3.428108,6.150427,-3.261637,-0.1021809,-3.702345,-2.116465,3.168952,12.34934
15.04607,-1.338449,4.848424,-22.98921,-14.96049,-0.1960292,-1.991727,4.045693,-3.434152,2.549695,0.6841592,0.289409,3.552954,13.89365
9.479824,11.63689,0.506184,-21.02108,-11.38979,7.159972,14.00406,10.391,1.45617,12.38978,-12.09048,-10.44989,-8.188109,-3.884533
-11.81432,-4.409775,-2.701561,-21.71074,-6.632236,13.02079,-6.173326,19.8784,19.09608,18.5675,3.565398,-1.590243,-2.977624,-16.11835
-10.3021,-0.5791147,2.939147,-11.95432,12.82668,8.217036,-0.7236046,-7.187048,8.643258,21.33188,9.435219,-9.646252,7.609801,-30.61057
-2.113379,-0.8464345,3.723084,-5.390379,15.10215,3.693271,3.14222,-9.834367,1.81337,20.73964,-2.445138,-6.274743,2.728489,-24.03778
-9.39777,-9.397527,5.912001,-3.620965,3.350659,6.203198,-7.712414,5.973799,7.139681,18.88717,8.803838,-4.458874,-1.851541,-19.83126
-10.54684,-4.878253,3.358973,-5.285717,1.597188,6.046215,0.4260276,15.79544,10.78394,20.21078,9.258542,-8.58821,-9.676094,-28.502
-9.431891,-1.821623,2.812984,-2.422252,0.5149606,3.295105,4.286293,14.16273,8.619493,22.69103,9.77768,-11.50155,-8.026106,-32.95686
-8.556907,-0.1920152,5.597673,7.471557,7.765639,-1.994146,2.374653,1.338347,1.384401,20.32613,0.3521762,-11.01613,-1.77228,-23.0791
-20.52876,9.692714,-10.18322,4.245988,4.362906,2.548441,8.069611,8.35795,4.951984,24.7742,13.18891,-18.3639,-3.564573,-27.55225
-15.99549,3.748425,-8.149863,12.56687,0.9557318,-1.324657,7.031606,8.437678,8.177362,24.3923,11.64971,-18.95902,-6.784216,-25.74644
-16.28304,5.037847,-8.441612,6.55938,-1.591891,-0.6640413,8.930219,16.20784,12.67256,20.13242,13.69304,-16.83612,-12.46318,-26.95342
-21.18557,5.172822,-9.87022,8.360617,3.1306,-1.747372,9.694095,16.40414,13.09536,19.43016,18.74238,-19.70016,-4.587423,-36.93943
-14.88946,2.144361,-5.555973,17.09229,9.189083,-11.06517,4.630783,-8.686848,3.943564,27.87977,23.68814,-19.40826,2.146348,-31.10863
-16.07166,-0.7479545,-7.601488,24.3417,10.18323,-26.99121,0.8568876,1.476228,-0.6928472,26.86597,18.70127,-10.39838,-2.263287,-17.65847
-15.77512,1.254207,-3.15501,28.83072,6.417561,-23.75358,9.005787,16.21638,9.355555,-11.30118,26.05577,-9.374672,-11.93658,-21.83984
-20.18141,14.0618,-10.16013,14.47189,1.860072,12.54652,18.31275,19.48936,14.93992,-26.55372,14.47711,-13.18829,-13.60246,-26.47339
-10.51816,-11.69248,1.265784,6.433228,-1.335475,-1.112828,-10.24857,15.63231,12.53941,-46.88893,32.90646,16.71558,0.9184721,-4.614812
-0.3436006,-13.39702,11.37486,7.306332,2.776134,-7.183899,-15.72395,-10.19026,-0.1446782,-39.49665,34.4146,16.27097,10.90658,3.430556
-11.76574,-6.921559,-2.290933,19.04961,6.85851,9.150048,-3.92861,-0.007283824,1.788296,-34.72765,29.00177,1.000645,-1.580322,-5.62679
-14.64497,-5.8286,-6.630975,8.849272,-3.453388,17.04919,-6.101936,8.901037,0.2495919,-32.60096,38.50506,5.291882,1.228461,-10.81368
-15.41534,-4.484133,-10.24456,-1.816601,-5.679562,14.85292,-6.416175,15.97482,3.161803,-21.32822,33.27186,4.636995,1.414744,-7.928546
-11.78995,-1.163381,-8.630518,9.147736,-3.331165,14.06463,-1.104526,9.282389,-2.40464,-21.72111,24.98618,3.65585,-2.87477,-8.116723
8.19284,-14.279,12.42023,10.67082,-6.809824,11.44784,-11.33047,-9.967128,-6.138792,-24.67254,20.24349,12.82853,-6.99186,4.385846
14.20052,-20.3114,21.11464,0.009772428,-13.82053,8.047029,-14.4338,-4.364146,4.14138,-21.88846,25.3162,12.21585,-14.27849,4.051404
6.313387,-17.16485,12.30174,-5.507379,-15.41091,21.06303,-10.60605,3.664107,7.044345,-7.469034,22.94367,1.924352,-10.95858,-8.137845
12.30421,-15.7024,15.08968,3.959074,-8.900822,16.48202,-9.390115,-15.65558,-0.8090957,-0.4297912,14.13419,0.3240445,-6.245968,-5.159465
22.25006,-15.31081,19.41811,5.308963,-11.27678,10.15003,-6.331365,-16.53058,-6.757399,3.437522,0.3561812,0.8992707,-6.778798,1.165589
13.90737,-23.29122,13.31087,0.482227,-18.49705,5.485764,-18.78279,-7.872149,1.097317,13.86119,16.93876,7.704971,-9.100695,4.755422
4.907469,-7.690268,8.231342,-5.889095,-14.87248,26.35874,-7.004847,-1.735242,8.611163,9.361566,-3.019624,4.428722,-19.17631,-2.511146
3.469845,-3.58118,5.851746,-1.970542,-13.75663,26.6098,-0.04766926,4.969634,17.64205,-12.13293,-10.54289,4.854649,-15.783,-5.582884
8.971693,0.3779995,16.36497,11.49388,-1.838904,28.22608,-1.641616,-20.88187,2.314182,-1.244273,-43.59856,-0.1607555,-7.390468,9.007648
6.644696,-2.415589,8.193688,11.66706,1.645745,44.30629,6.232326,-10.38269,12.41445,1.702936,-56.18888,-12.32282,-9.095969,-2.40124
7.589661,-6.470148,-1.569212,1.882465,-8.015838,30.39427,-0.03840561,-2.710064,14.3468,6.772578,-42.89185,0.9520469,1.568469,-1.810787
9.590944,-9.164431,7.527074,-3.979593,-16.76363,29.68577,-11.98977,-5.69161,0.110032,15.21871,-35.8564,11.2241,4.304605,5.784183
20.82434,-11.47048,17.95918,5.538816,-9.374009,21.45079,-6.823043,-11.66184,-7.562272,18.83012,-54.76393,6.119812,3.718601,7.213911
13.46536,-11.25512,19.88328,7.934684,-0.2701386,16.76258,-7.552868,-5.546031,-0.6690102,27.88436,-68.22268,6.260877,-5.890017,7.214707
8.189763,-6.68403,4.913636,-0.6490021,-2.081524,31.72698,-1.967072,-6.260163,1.964823,47.30582,-60.58001,-3.737722,-8.298864,-3.842643
48.48926,-6.239216,9.035936,-4.110705,-21.38507,-6.921906,-1.682447,-21.18219,-31.5027,42.48114,-68.30978,7.957612,8.517134,44.85292
58.00684,-2.885966,10.79717,-22.40167,-34.63461,-32.18459,-8.440433,-15.86342,-34.72992,38.71039,-64.98628,20.22643,13.77158,74.61446
44.63891,2.433144,5.475701,-29.59964,-31.46507,-5.287158,3.711837,7.10645,-23.60476,55.3681,-74.79967,7.778704,-7.716159,45.95961
38.37745,20.78673,9.440958,-35.78212,-20.00947,5.314811,20.7982,1.797225,-17.17499,68.23119,-85.05782,-4.076724,-26.90345,24.25803
32.28516,16.184,4.882387,-37.40745,-13.31058,-8.086537,15.54769,-0.8164979,-16.84405,93.10056,-73.30099,-13.89929,-20.71756,22.38318
22.18433,8.337543,-1.790067,-33.23735,-14.32864,-0.6268865,11.89095,14.70093,-7.672056,83.43591,-61.42157,-14.24546,-23.44307,16.21544
14.22601,10.13405,-7.94348,-32.55205,-8.544966,7.162019,13.56115,8.246718,-5.071162,116.8935,-67.93816,-27.40549,-22.36459,1.596432
20.01122,19.14484,-3.547631,-27.43967,5.187364,-9.566134,24.37206,-7.600939,-7.006575,105.174,-63.19878,-31.19999,-26.66759,2.337835
15.18843,14.10581,-7.780467,-41.98718,-2.32564,10.39663,21.52224,14.09011,14.22047,50.63713,-51.34707,-18.53021,-20.8007,2.610468
5.458652,24.62127,-10.79702,-42.01889,11.33189,-0.9713779,28.33328,9.794134,13.57623,67.85359,-50.32516,-29.67603,-20.65184,-6.528725
4.461425,33.19847,-3.564365,-29.48285,26.03515,-3.951388,39.89828,6.280116,12.9041,22.22368,-47.23265,-31.76562,-21.62416,-7.380145
-12.13595,37.82063,-7.451114,-28.80813,33.35712,17.29999,46.14221,25.93772,29.87518,-38.99165,-33.27122,-30.46462,-25.17205,-14.13806
-10.03791,42.27401,-12.60408,-29.78167,36.48383,16.7054,52.01396,21.52995,23.37473,3.66634,-49.85656,-47.93354,-37.4341,-8.400302
33.95033,34.29092,4.190613,-29.10178,27.3036,-37.5444,40.15004,0.7104652,10.02241,-137.8735,-22.82133,-2.173134,6.333718,72.56211
18.83574,42.09008,4.404174,-16.6808,33.60611,-32.00883,47.60146,19.75814,21.95779,-230.6156,-7.106879,6.906774,26.96865,64.28323
11.00766,23.03993,5.693851,3.49452,40.02387,-29.70236,40.385,16.87127,17.09918,-180.4178,4.355032,-4.760798,26.96951,25.94119
8.597311,4.898587,6.993363,9.214249,41.86941,-27.40744,21.5201,8.368542,16.61777,-149.4542,0.9222343,0.8364749,28.2595,28.76406
4.517298,6.310025,10.49095,2.192859,44.13535,-36.89507,20.06466,9.880019,27.55595,-166.2375,13.66426,2.788909,38.14363,23.38872
-14.66796,-1.779729,10.58228,-8.744118,47.89681,-28.84494,-7.202351,11.77871,50.91521,-251.8684,38.11018,30.79997,69.38857,53.63574
-27.92362,-3.583421,1.825731,5.453077,49.43713,-34.8845,-15.44391,10.00431,50.32544,-211.1258,23.23207,30.94274,70.79051,50.95023
-12.83994,-2.627815,15.77919,19.70747,47.82247,-55.38308,-7.784057,-11.91427,34.82393,-194.8199,42.607,18.69503,70.63406,35.29988
-7.738643,-12.28675,17.7264,20.62907,34.01096,-55.17731,-18.80648,-11.77465,27.06171,-172.9451,39.58925,28.39183,78.32629,32.99342
-10.86786,-8.27931,9.53197,15.99329,29.13547,-66.67522,-12.27862,6.477724,26.29822,-153.9167,44.65731,30.50321,68.50456,20.91599
-22.5865,2.858025,5.509084,20.89024,27.61767,-45.71957,-2.737265,5.168944,23.5742,-114.7115,35.4174,1.583237,60.09206,3.043991
-24.18479,1.170167,9.769608,17.39282,31.22475,-47.8642,-6.034123,-0.07694495,22.81894,-87.20922,34.06211,-2.94275,53.65107,-1.777428
-23.9144,-1.56247,0.6115614,20.10957,21.37677,-56.06029,-4.804244,10.38714,14.10743,-71.17732,49.92591,0.5713344,55.63586,-15.20685
-39.73877,1.081649,-14.01597,10.55599,17.17279,-44.626,-15.96954,13.47273,14.64874,-46.14167,45.35273,2.827501,61.66323,-6.283408
-64.65671,-6.448634,-23.91794,-12.34791,13.96597,-10.10082,-39.31673,24.37684,23.89873,-33.11559,57.44612,5.457037,60.16955,4.590078
-50.20164,-7.485421,-11.24388,6.31783,9.770885,-16.24661,-32.85669,18.39556,11.57431,-13.28884,33.50161,8.445564,46.99817,-3.680848
-41.12434,5.632963,-12.25237,3.581846,11.86538,-0.4060559,-14.94286,10.59709,7.461252,-5.355356,17.98368,1.383816,22.66747,-7.092499
-34.90309,-10.98716,-26.77203,6.292909,7.540045,-17.24836,-27.93239,7.043895,0.370727,3.509783,39.18344,16.79093,34.1993,2.911996
-32.60233,-21.6526,-44.90476,-8.471597,3.074469,-8.138867,-38.1273,4.892418,-2.606273,25.97882,43.9646,23.69214,45.85787,9.043392
-32.25145,-4.899778,-42.22147,-13.64438,3.33526,-3.497618,-21.77541,2.8947,-12.96333,73.7905,31.74072,5.122987,22.66996,-8.300677
-36.10454,-9.470726,-42.41251,-7.441295,7.997585,-1.272154,-25.07276,8.289643,-15.15174,108.2877,11.49545,7.047122,0.9683635,-7.16014
-35.61683,0.5762717,-46.45186,-10.8131,3.767491,5.361987,-15.46808,6.837358,-16.84679,105.7548,22.39556,5.010128,-10.58062,-13.92632
-16.65546,-15.99935,-31.26244,2.417276,2.986156,-8.716532,-27.89503,-13.25859,-36.99287,103.8553,30.61411,21.39721,-4.743528,-5.746279
-19.83017,-2.652389,-40.62969,-7.409871,1.154549,12.24081,-16.45232,-12.84784,-30.36773,108.605,16.26977,6.912509,-11.03284,-3.95981
-26.2054,3.288551,-33.23566,-3.024981,-6.156521,21.73392,-10.51483,3.375198,-26.83983,95.24826,16.78849,2.137212,-22.88364,-13.71076
-20.58103,0.9643361,-16.77313,19.23777,-8.306973,18.69369,-10.50192,-3.942385,-34.57545,96.67805,4.651399,6.402754,-30.47307,-21.47403
-29.37046,9.859685,-26.45961,25.58496,-4.691891,25.59735,1.142972,-5.890229,-26.04938,97.2272,10.7658,-9.655589,-30.03593,-38.02485
-15.29619,6.531864,-19.22733,30.39906,-5.781707,16.83357,0.7382939,-19.43414,-41.63321,90.77176,11.19543,-5.838154,-10.46403,-38.79519
-7.675814,9.155966,-10.85635,24.65139,-16.77274,16.20692,2.225801,-17.42443,-41.70823,86.1268,10.44715,-1.904632,-13.40467,-39.06717
-14.18622,7.359061,-13.61097,24.87223,-12.96681,21.42466,2.127153,-5.188788,-36.46975,76.19274,15.8995,3.115856,-32.59758,-35.97106
-2.288335,3.149431,2.25708,27.47771,-4.269578,6.998312,-2.363383,-16.71751,-47.45361,67.29945,11.48639,15.41758,-39.35691,-21.63661
-17.2872,-3.310983,-10.74224,20.14653,-15.53843,29.4903,-10.372,-1.779063,-26.45804,69.08165,16.88961,11.38611,-30.53013,-30.97613
-15.88387,15.03802,-16.64924,26.65933,-14.33127,24.08236,13.7626,-5.337219,-27.56701,71.57738,17.89924,-13.89684,-25.57909,-49.77438
-6.735081,5.038043,-8.176839,19.46323,-13.80672,14.83062,5.794868,-8.377405,-23.31322,73.82777,10.71254,-7.606498,-18.1937,-43.4576
-8.526875,2.04634,-0.1142399,25.83815,-13.22971,13.83651,1.210592,-12.13624,-18.16464,73.94501,7.317943,-5.569138,-21.46535,-44.98835
2.740914,13.32658,16.60653,26.70763,-9.380996,12.38636,15.8737,-14.10741,-30.34599,66.75783,-8.78685,-11.5164,-30.29502,-49.96685
0.2146815,12.55282,14.59393,18.18414,-17.86653,-3.431182,12.32257,3.988159,-24.97503,59.3084,0.6143526,-0.1447309,-25.92438,-49.4372
6.624201,20.54587,14.56958,19.81541,-9.941799,-9.924403,17.95666,-15.21799,-29.17982,64.47038,-14.58025,-1.426451,-18.37584,-45.33554
10.68447,5.663279,23.55781,21.92006,-10.29272,-6.663601,9.107997,-15.51636,-25.81949,59.73822,-8.317054,-0.6443622,-15.30393,-48.11432
9.68671,12.87317,16.45465,26.24349,-10.34754,0.8439909,21.0985,-18.31716,-19.53697,54.70625,-4.556659,-12.33347,-18.0384,-58.77656
19.28729,10.52562,18.52415,28.37323,-7.075232,-13.2851,19.47123,-25.13707,-22.72884,51.41278,-14.5667,1.554248,-17.82501,-48.5306
9.152821,0.8572053,9.235832,17.83303,-7.735476,-10.33527,5.735374,-14.62859,-21.71018,43.70105,13.47597,13.55081,-16.08596,-43.0466
17.29218,14.1686,1.784099,11.30259,-17.02484,-1.78365,17.05342,-20.71375,-31.84282,42.97564,6.267805,8.194045,-6.851983,-40.82132
25.44888,11.12427,4.900106,11.66468,-26.32915,-17.20394,15.79293,-14.07123,-35.65958,49.68795,6.854343,13.05351,-10.772,-34.49076
16.75823,22.37784,2.519962,10.92308,-12.55451,3.084339,25.98067,-18.80884,-34.46618,50.42255,-4.8938,-2.407664,-21.43209,-37.50358
13.78844,4.259934,12.64785,12.14748,-11.38473,7.221473,10.05772,-17.25045,-21.58604,38.92293,10.63541,4.075251,-29.09521,-34.44005
4.178832,-2.688208,4.422224,20.27328,-7.97938,14.00437,7.233562,-3.67695,-16.53157,32.38354,6.002098,2.510431,-22.6826,-37.44965
16.97381,-0.2285231,7.773995,18.21518,-13.23158,4.717546,5.039924,-25.04276,-25.3485,21.03331,15.08202,3.112662,-7.031085,-21.066
16.90191,-19.35641,10.18476,16.92944,-20.39769,-1.139025,-13.47723,-16.75849,-9.439978,19.05485,18.7319,15.29132,-9.959778,-6.565591
11.02593,-24.14459,13.35592,18.0302,-11.69142,3.494395,-17.38978,-8.281448,-1.938838,12.20572,10.42119,20.63556,-25.49575,-0.2271045
13.35078,-33.31532,20.71316,14.26553,-9.51862,-2.644233,-29.59973,-16.52909,-3.566449,0.8207518,32.31189,30.80191,-26.96578,9.875159
16.23902,-23.6203,16.04632,14.93581,-12.73764,-5.982808,-18.69232,-10.95418,-0.3270563,-16.63828,18.46576,24.39236,-14.67399,13.54728
13.13456,-14.52466,20.10152,12.08854,-4.703778,-2.617401,-8.242844,-8.996152,6.000949,-40.96387,25.55885,12.44546,-22.56543,13.28425
2.906758,-25.18095,13.68858,2.409709,-1.714152,9.367478,-21.94616,-3.55381,21.51652,-34.80367,22.11661,14.37257,-21.38218,22.20266
-5.901389,-28.70956,4.327547,1.32721,0.3864157,8.149237,-27.80899,6.651825,27.4851,-35.00589,23.48361,21.77056,-26.17034,30.01464
3.775153,-29.67949,11.0075,2.921109,-0.5937223,2.486748,-28.09517,-2.459331,7.985882,-36.77948,30.01262,23.20119,-12.20234,28.41931
17.27252,-38.87262,18.51248,-2.353571,-8.195462,-11.50516,-39.849,-14.16025,0.9322761,-45.52079,39.55729,34.96257,8.33524,40.88445
10.39792,-36.83753,16.71582,-1.762434,-3.140509,-5.067615,-36.97115,-7.165886,10.89841,-45.0934,25.79318,30.1828,3.94295,38.10741
10.77727,-41.18805,14.01604,-4.126639,-0.7518108,-3.388546,-42.29815,-3.859351,9.633122,-47.32272,16.30519,36.46526,3.780937,51.95739
6.880677,-59.07478,20.38495,-0.3409496,-6.811834,1.280829,-61.91603,-2.129451,10.01408,-52.25557,34.50526,44.97021,9.498102,54.99446
3.483744,-51.34703,13.29387,5.967316,-4.235318,-20.06593,-54.07998,-0.2580104,17.45408,-50.18749,29.91354,40.16994,21.11702,48.7742
1.880788,-52.83701,6.953776,4.293475,0.2888569,-6.815943,-58.95494,-10.05153,5.821807,-46.60663,34.64838,35.50446,21.67882,64.19563
9.652339,-57.59667,23.05382,12.38375,-11.96049,-4.198066,-61.17982,-1.833248,7.190026,-53.78648,23.17501,41.49165,4.915481,68.69264
12.09868,-71.48724,26.6088,20.68983,-10.34602,-13.49981,-72.54768,-5.488779,4.939979,-57.91617,33.34874,51.67722,10.537,71.38538
0.945197,-73.2037,11.26046,11.54909,-14.38176,1.902561,-77.70955,0.1649479,8.128676,-41.42687,40.05909,47.80796,18.55332,66.35052
1.4591,-87.92139,14.40497,14.4541,-13.45099,-0.4225687,-88.61078,11.04316,20.18564,-59.3894,31.48522,58.08874,18.60029,80.07381
-6.256814,-82.52389,16.26764,9.736541,-9.833507,8.890867,-89.20678,9.535349,10.85256,-62.7518,45.80531,50.25186,18.92468,80.30791
-5.425716,-79.52063,5.928194,9.77128,-21.46672,9.127452,-86.49195,11.05785,20.3806,-54.42244,39.22495,53.59261,22.82927,75.41518
3.047849,-117.2965,19.35783,14.84235,-23.40044,6.240328,-120.408,8.795486,14.56167,-66.62619,52.43895,78.46571,37.19681,92.78396
2.83303,-118.3987,24.92072,19.24295,-20.81517,0.8643019,-123.5368,6.817809,1.918725,-65.98971,60.04221,81.16362,37.32819,93.60876
-4.275323,-112.2831,12.88873,11.0623,-22.11221,5.388553,-115.7708,21.8559,20.17928,-57.93216,47.42382,76.02231,27.64947,89.90311
-1.15078,-130.3886,24.32854,24.11407,-23.6928,0.205362,-135.3864,13.05195,6.087412,-69.13,68.26531,95.13963,33.58824,94.96798
-1.751712,-130.4988,25.73396,40.88753,-22.82841,-8.662143,-138.9626,6.389839,-8.014871,-56.79604,59.37161,95.16024,37.21316,102.7582
-11.05792,-139.0173,13.35429,39.22286,-15.01112,-19.68602,-145.6585,12.9195,2.630511,-45.53133,69.34686,94.65837,39.25408,104.5757
-10.36726,-144.6268,19.0545,44.45907,-23.07132,-30.95659,-154.1089,13.76087,3.938196,-45.62382,74.32411,103.3592,45.49276,104.3658
-5.093764,-121.7176,7.077619,21.93115,-43.22524,-15.0187,-134.945,33.29545,1.281936,-54.19211,61.38595,107.998,38.04029,103.1819
18.26424,-153.8072,2.516151,-1.814105,-38.93708,-31.97629,-165.4964,9.504133,-4.146028,-54.12797,82.8433,137.8088,55.3652,144.0031
67.98477,-203.4121,28.8546,-22.09195,-70.17408,-57.42319,-218.9486,-11.93254,-18.28055,-84.80185,97.16886,182.1961,77.8324,233.028
84.13264,-210.6191,36.12788,-38.3486,-69.42439,-53.34049,-220.3137,-7.599751,-14.86104,-115.3306,88.98738,194.4209,73.75757,252.4111
68.73499,-178.1577,46.77642,-18.37024,-48.35702,-43.8308,-189.355,-7.791591,-29.50163,-114.0323,63.78167,167.6886,65.69968,216.7148
9.016748,-141.1924,38.8076,16.87593,-25.98807,-38.43668,-162.0375,7.404635,-10.56238,-83.07077,65.97246,130.1449,58.28456,134.7807
-55.40396,-29.59035,-22.12777,45.82118,7.042553,-68.17642,-36.86368,9.44244,-30.74121,332.5112,-12.2188,-47.41103,-10.24079,-82.04336
-122.8414,102.5076,-71.25267,116.3411,-1.168094,-46.70248,100.7478,75.18537,-45.50726,441.7701,-75.98451,-175.8173,-73.96955,-223.3086
-124.9286,222.9881,-78.93831,169.2358,23.4682,-9.58797,251.2473,121.3536,3.468945,84.87366,-100.7127,-221.1851,-92.64351,-248.6391
-108.2257,321.872,-104.1952,94.13792,28.30317,-1.423114,353.615,185.6261,7.193995,-76.37125,-127.1053,-235.3333,-98.26155,-239.8325
-77.60006,417.7518,-103.8825,-85.34029,47.39234,77.06582,435.7435,141.4642,34.64897,-8.950657,-161.0964,-306.1826,-126.028,-284.9857
-9.207095,446.6059,-70.4622,-156.5038,99.62176,51.09809,463.697,9.740019,31.72812,47.27775,-195.4971,-334.1992,-111.9133,-271.9855
-17.62936,466.1714,-87.15249,-139.3558,85.58661,31.27754,482.6021,16.42324,59.71363,54.9613,-200.9976,-346.7519,-122.973,-281.8752
-17.79521,467.4364,-89.3328,-130.1897,80.99462,71.69591,489.1775,-6.097388,80.76642,73.04881,-216.0821,-367.9057,-140.4415,-295.2748
-11.85488,424.7408,-75.12443,-97.54055,88.74858,42.35302,439.0869,-41.13409,64.73562,65.14738,-200.545,-325.1614,-109.5811,-263.8704
-12.38967,387.188,-80.47656,-89.20944,83.88804,53.82644,399.8298,-59.95329,65.66819,72.33714,-179.4819,-303.5564,-91.29419,-246.3758
-13.15414,331.3174,-75.62597,-79.6794,72.7075,69.55189,344.6497,-49.00761,64.84753,56.75071,-168.3203,-265.8058,-80.17155,-208.0597
-19.48547,293.1492,-70.45978,-70.61963,61.87906,74.41108,302.6903,-49.74086,66.85236,58.67223,-140.8196,-240.197,-68.68928,-197.6423
2.726342,230.2428,-41.13513,-52.00688,62.7089,72.32201,246.5564,-66.8874,41.05796,41.42025,-125.7933,-193.7355,-57.23664,-160.2395
-0.9732652,210.1561,-38.85746,-52.67489,49.10271,71.53526,222.7684,-54.47404,47.647,26.4135,-108.5515,-172.6353,-50.27964,-149.1765
-0.2005439,192.9967,-32.73093,-39.03885,46.25185,63.9584,199.9184,-61.64763,28.56681,22.43412,-96.96668,-151.1587,-35.84698,-136.5358
-4.29335,153.5288,-34.42923,-30.99524,35.19522,71.26688,172.4178,-33.03728,35.50187,31.5169,-85.41525,-136.1555,-38.70402,-136.3974
-12.01014,140.4721,-38.31865,-23.52269,37.39648,59.00784,153.0654,-39.62881,37.14057,48.29304,-78.87311,-128.7696,-29.89989,-124.3524
-6.104571,127.8534,-25.41844,-2.787046,38.56844,62.27198,142.0964,-56.92561,30.75391,38.52712,-75.38919,-119.6454,-35.77099,-118.0299
-13.57319,107.8175,-30.95235,0.4791064,19.23511,49.4964,123.7184,-20.16514,30.79684,38.23986,-54.12769,-97.89317,-34.59342,-118.4781
-1.89936,99.20364,-15.89329,20.43709,33.84546,29.78242,113.371,-50.26421,9.38373,35.30722,-59.54639,-89.23234,-23.47228,-101.0226
-18.33337,82.67611,-21.12386,16.94035,23.17218,47.56263,98.61001,-23.94556,42.57263,25.76983,-51.57128,-90.87694,-33.22966,-98.22301
-6.9603,61.01298,-0.5460649,34.47756,31.48847,39.75143,85.66422,-32.83727,32.87509,32.72857,-60.7954,-79.769,-40.16512,-96.92509
-11.73518,31.33329,10.5681,43.67926,25.96214,30.90691,52.59392,-35.9576,26.82022,30.81046,-21.14589,-56.19291,-28.06074,-99.58195
54.05356,-16.14211,34.96366,21.48669,-13.26785,-19.2328,0.4050583,-57.83712,3.390825,9.765333,-19.4077,1.462219,-12.57857,12.93877
156.469,-77.44368,85.9165,-5.761811,-57.7725,-47.88537,-69.22542,-110.4207,-51.8303,-55.75505,-31.08419,85.88308,-9.982514,188.8929
206.1274,-137.5758,107.6547,-56.52068,-98.95025,-75.04993,-143.9549,-113.5695,-64.12229,-84.67168,-12.24055,154.6485,4.465363,313.7595
218.6946,-165.9717,106.8898,-50.05098,-109.9161,-88.35484,-170.8766,-113.0422,-74.69876,-103.6906,0.4258312,189.5351,21.46847,339.5877
158.0191,-141.7125,88.0955,-14.17885,-84.45993,-59.39294,-143.1479,-76.55615,-81.55506,-80.28439,17.7521,157.005,16.9159,243.4999
92.43846,-106.8483,65.61906,2.779387,-63.08929,-25.87534,-109.3989,-37.55813,-61.38568,-69.97318,27.88411,109.5161,29.71615,146.1755
54.16749,-108.7063,51.24205,-26.68231,-32.85623,-16.91178,-110.0523,-2.700696,-33.27378,-132.6761,77.54955,111.4825,67.14109,102.2767
21.10114,-124.747,46.86099,-39.84727,-15.05742,1.68527,-135.4497,16.94383,-18.74656,-124.8658,87.63336,125.3579,64.28517,94.84597
5.258754,-156.2153,59.99013,-19.84588,1.833459,4.053435,-185.6551,-12.87687,-33.5831,-133.3766,108.4404,157.3217,80.00649,124.6481
-6.631485,-196.9478,41.06245,-20.22497,-7.618703,12.21443,-210.0708,10.69391,5.430901,-119.1349,136.3923,160.6312,85.7126,108.4907
-13.81725,-178.6369,38.93411,-4.579936,-13.48499,10.3579,-192.7206,2.894136,0.5448802,-44.40268,116.3232,126.8558,74.42146,77.31083
-12.95226,-182.7654,47.12318,10.21805,-3.498349,9.163289,-198.2104,-9.185634,-21.4368,-39.77189,117.3321,126.1022,72.07348,85.80823
-27.28017,-165.0883,25.83759,6.373369,-5.104987,35.00702,-177.0519,21.00381,-5.974218,-45.55357,90.66158,115.4377,53.03253,78.69941
-22.24281,-164.5109,26.21308,12.49694,-9.653113,29.29597,-172.5724,13.86172,0.9819363,-28.02744,87.6162,108.5325,45.23383,72.77435
-21.26051,-167.821,30.28222,24.98042,-3.020403,26.43099,-175.6608,-3.71647,-1.331382,-15.75223,83.914,102.8816,47.42917,72.64425
-4.688073,-143.0397,37.67344,16.38394,-6.670836,2.506102,-154.6489,-7.25184,-17.57582,-45.7407,85.06486,100.5126,52.64049,84.83432
6.274497,-138.6358,37.1878,-4.989029,-22.94545,2.716878,-147.1132,12.1276,-2.675113,-68.00459,81.14902,108.203,44.81767,91.88664
5.28124,-126.2934,40.09517,-9.852389,-19.39128,24.29728,-132.7701,13.20388,-2.619542,-71.21709,70.32944,98.24051,31.00859,79.68748
5.187059,-121.9858,32.83501,-1.226539,-25.18675,15.51075,-126.3815,9.40047,-7.228234,-20.60996,68.91701,87.76552,15.93532,67.06753
-1.269573,-87.16164,16.39699,-14.24579,-21.85418,14.89177,-91.5673,10.45892,-7.673001,5.045398,62.29966,51.69029,28.06115,34.92723
-3.338701,-72.54278,11.15184,-26.81247,-24.27668,24.99641,-75.87035,24.62935,5.603889,-21.1761,50.2038,43.40522,34.17667,29.84983
-2.220355,-66.71853,15.87183,-25.70143,-14.12518,22.37066,-70.69648,19.76809,-0.7789169,-21.33301,43.6899,47.21952,24.17017,28.48367
1.198122,-58.46372,15.05479,-20.66632,-8.957949,14.6354,-61.76599,12.59644,-6.708429,-25.64555,37.90611,46.43509,30.64676,23.7352
-4.678763,-60.90763,10.36674,-17.2095,-8.704985,0.9882933,-63.79989,21.07645,-0.423167,-19.34587,43.60553,44.79832,30.37796,23.85645
-2.884751,-60.58286,15.11305,-12.33613,-0.9328771,6.77265,-59.99498,14.17302,-4.732368,-13.27398,30.38546,36.4023,35.55559,16.33582
-11.23212,-67.58738,7.173115,-8.317825,3.260357,10.2445,-64.76041,15.70953,13.8391,2.426063,23.28339,34.38677,26.38121,15.19365
-13.32684,-59.14873,7.330715,-16.83002,2.461253,17.46013,-57.35846,20.26901,13.77028,5.047721,22.84847,29.38673,21.75272,6.33697
-13.53959,-45.79937,9.711219,-6.659962,20.59419,9.574404,-43.76511,5.520544,6.830704,10.83382,3.177813,18.40253,25.50678,-0.3880135
-22.59999,-36.60605,3.58417,-11.42898,17.43061,7.983079,-38.40564,16.30176,17.44786,2.842935,10.34807,18.17647,19.95647,-5.030793
-19.00089,-22.78283,-2.147416,-5.427014,17.74139,12.87036,-22.59201,16.21578,15.4668,2.096715,-14.26898,10.69868,12.72561,-1.596224
-36.02832,-17.05714,-8.908189,-14.57038,8.802524,3.526272,-10.10683,86.0975,20.49086,-7.627474,-10.30951,10.18028,-6.613013,-17.8766
-34.71665,-7.599136,-8.182305,-15.99736,-5.243214,-9.959876,-5.872406,104.6442,11.62011,-14.47833,-14.49716,23.08999,-5.865856,-16.94205
-20.66442,-11.36642,-5.394946,-2.006039,5.071915,-17.46793,-6.33621,69.55689,-3.201052,7.168721,-24.54841,18.09803,2.579777,-11.48993
-35.47583,-6.203691,-19.45703,-17.47421,0.6305422,-9.722809,-6.711055,82.14606,6.963712,14.85099,-11.47416,3.780094,12.59883,-14.45145
-33.16731,-7.719133,-13.33218,-9.973342,8.190162,-10.94617,-4.271383,79.99812,10.98641,21.42998,-34.96931,0.5527251,8.098731,-14.8773
-35.97848,10.75507,-16.98529,-10.66787,11.45752,-2.599908,14.92305,69.15817,11.83622,30.02787,-25.18493,-10.49823,-4.293982,-41.9492
-5.21194,-4.222618,-13.53375,-20.40064,-1.686039,-32.8553,-8.402942,45.96362,-6.445352,18.60482,-26.99595,17.31356,16.11839,21.75414
2.025725,-14.57894,-9.483675,-13.61813,-5.853025,-40.33815,-14.89097,44.91977,-10.38454,19.42487,-25.2921,15.75691,19.30499,33.00724
-22.31881,15.13329,-27.60602,-10.83674,-1.290549,-7.821385,16.33698,59.89217,-3.394493,40.2802,-34.52588,-16.82392,2.437747,-9.462574
-11.3972,6.765029,-24.42065,-6.874941,-4.547647,-30.98871,4.561035,48.93711,-16.69196,45.08852,-28.27117,0.06947641,8.894876,8.876234
-6.916293,12.2972,-20.34359,-5.840479,-7.580697,-29.00568,9.866381,39.83864,-22.44363,63.18041,-28.79661,-7.435956,-0.64389,3.824203
-7.848707,10.24846,-21.1731,-5.181325,-12.24831,-17.94312,9.711062,46.2135,-20.82887,73.68161,-39.58738,-7.162679,-6.883241,-0.9978951
-16.09734,17.84237,-26.5693,3.760292,2.343873,-28.76281,16.39743,34.70201,-19.07717,70.01849,-25.56467,-16.3677,-4.696859,-7.9286
-26.17413,24.67234,-32.07519,-0.2515126,9.44879,-11.77514,24.78533,44.29033,-14.51884,79.16674,-35.5934,-25.0624,-16.98672,-19.92617
-22.84783,26.96327,-33.80952,6.302857,13.48908,-19.13947,27.28263,36.83198,-29.1467,67.13893,-25.19493,-25.00007,-6.347585,-16.52262
-17.95879,30.75113,-30.78724,8.28676,11.84854,-29.76455,29.52272,31.04784,-35.71145,60.74966,-20.22905,-25.27784,1.591523,-14.06923
-14.52609,20.16756,-30.76838,4.546711,6.266054,-19.81956,21.49339,25.45786,-21.82178,68.37437,-23.30457,-20.25185,0.4993429,-16.31303
-12.9446,27.80597,-20.25002,13.21578,13.17984,-15.05202,29.82487,13.92404,-31.11498,59.83512,-20.53399,-30.72236,-3.904469,-23.26315
-12.33208,34.55022,-13.12648,13.99052,15.72534,-17.09998,35.3284,12.10786,-28.70061,57.47615,-29.77369,-32.00092,-8.446604,-27.69812
-14.37566,22.02868,-15.276,11.87375,11.83686,-21.68278,20.44315,5.35731,-18.67574,56.15044,-8.568851,-20.49506,-1.602615,-27.01347
-8.086861,17.41804,-11.92882,18.82195,16.11766,-17.2993,16.88076,-5.222039,-29.69947,49.41399,-16.47174,-15.86539,4.681913,-18.76068
-8.600117,22.71886,-9.885568,18.22447,18.66171,-20.70058,22.79321,-2.301631,-26.62918,43.87865,-20.84843,-17.40829,3.691398,-23.59449
-7.508379,25.98585,-2.656631,18.72903,11.38281,-25.1668,24.33877,-6.536075,-21.69447,43.71965,-3.495436,-16.38052,-7.977978,-32.7398
-8.045833,32.94976,-18.99461,14.32579,7.435242,2.203164,33.04937,-3.044203,-24.28999,35.76278,-13.0212,-17.6466,-10.18002,-30.50364
-12.8918,39.48325,-15.28907,10.51402,6.897162,-1.925154,36.11428,9.210236,-23.01204,26.83074,-14.99671,-13.64397,-13.67244,-33.61846
-4.153989,45.55556,-8.420884,20.9554,12.47358,3.254205,45.77171,-4.94605,-26.86355,26.06244,-35.53449,-18.51443,-23.15576,-32.48368
-9.431479,49.27716,-15.15856,23.57414,13.48626,-0.5928875,49.15402,-4.273241,-13.52971,20.32482,-34.16695,-20.97807,-23.88834,-33.79711
-5.707463,50.44825,-8.746608,26.98461,16.28082,-19.12597,47.72007,-17.97476,-22.6974,21.10768,-14.37374,-18.72031,-17.46234,-37.7328
-13.04286,50.20519,-18.94761,28.73348,14.73293,-10.55722,48.59605,-18.91074,-13.92407,24.64847,-11.90401,-29.29621,-1.077831,-49.25552
-13.14336,45.80339,-15.14668,19.68105,14.54652,-17.08579,42.86935,-16.36435,3.33735,15.72877,-10.71974,-31.01473,-1.218368,-37.27338
-0.736033,31.00632,-7.773481,22.16093,12.21257,-34.11087,30.49516,-23.4632,4.18285,25.27123,-14.88979,-17.1791,-5.007425,-22.16912
0.7248423,16.73298,-2.329604,24.67381,-0.3326988,-18.81797,15.64931,-25.11658,6.728186,18.62089,-4.814016,-11.06248,-3.068287,-17.58838
10.98544,10.34243,4.718693,23.20099,3.053047,-30.04791,13.8703,-28.67242,0.3074327,7.481301,5.073977,-2.206697,-2.906554,-15.20003
1.088066,23.90468,-4.429201,12.96633,-10.12302,-13.1707,23.63515,-16.65204,17.16699,21.42056,-2.51623,-14.936,-9.177773,-29.17677
-0.8741931,9.31105,-1.187708,18.24643,-7.682371,-14.27274,6.665693,-24.08787,13.58402,22.90092,10.05084,-10.17869,-6.575818,-15.89955
0.3710508,-3.284405,6.332026,36.12613,3.594219,-27.30626,-1.806166,-24.80223,6.167446,10.42035,8.743189,-6.782308,-7.000568,-0.7724807
7.206686,-5.054151,7.265323,31.12281,-6.001474,-11.82257,-3.529533,-34.31627,7.726045,8.102501,13.10931,-5.758572,-7.78597,-0.2641362
5.613149,-3.252892,5.659284,26.1191,-9.72347,-18.55955,-2.944964,-25.3625,6.168902,13.59438,15.34811,-0.3344376,-4.264165,-8.060947
5.762117,3.799866,8.689416,20.98132,-9.182642,-7.911852,3.392167,-19.9921,0.1084087,2.656514,13.25376,-7.606606,-11.56039,-2.389978
-7.103112,8.500976,-5.693775,24.13793,-3.917453,8.753085,7.047872,-14.75814,11.9414,6.122015,-1.567031,-14.19926,-18.69195,-0.5725556
-9.689692,9.801725,-0.4508931,17.99021,9.98253,-4.649047,10.20492,-16.12201,15.2546,10.04337,5.109909,-22.28692,-15.34849,-9.840204
-0.806855,1.922046,8.762824,-4.750492,10.78239,2.3866,2.817914,-16.59683,19.03895,-8.336573,16.94473,-9.47542,-21.22709,-1.462187
1.691338,10.68051,9.807568,0.6915955,0.8925155,-2.130693,10.0041,-15.34242,22.99379,-7.283806,1.741065,-14.21824,-14.93771,-4.589616
6.082843,6.853885,16.45969,6.579996,4.146527,-9.297076,6.451312,-24.31358,14.1522,-13.08201,9.852674,-10.89845,-10.16163,-2.826383
5.017572,-4.737339,17.77135,8.914272,3.543311,5.290005,-4.275381,-23.41669,16.33676,-13.85027,3.465868,-2.045596,-14.66829,2.654413
9.354502,-14.22101,22.13574,0.4845771,-2.631944,2.277722,-9.708501,-9.056267,19.4037,-16.31591,3.90547,6.943671,-12.36873,-0.2030337
11.89555,-15.83673,23.55148,-0.1505317,-1.697482,-15.38273,-15.34415,-13.73863,18.09842,-13.42419,3.485097,14.58891,-4.523808,8.478789
13.82089,-5.328951,21.20323,1.232974,3.84067,-18.17797,-3.911189,-31.59348,7.809668,1.502908,14.61873,-4.210883,5.967614,-6.774215
13.5047,-25.5417,16.74689,-6.634511,-3.690759,-11.68699,-24.39523,-25.92227,10.69437,-2.388125,31.66815,10.80344,11.57713,5.264856
16.74839,-17.35916,19.84485,-1.604263,-3.876101,-14.74518,-20.27437,-36.26984,11.6469,-2.326656,17.14266,7.962,8.202886,14.90788
12.87553,-13.05535,11.94937,-5.944921,-0.5062534,-4.999262,-12.03427,-23.81591,9.861362,-1.257604,9.499572,5.800539,6.774018,4.853179
11.55297,-17.02231,7.907661,-16.45653,-1.424939,-4.395841,-17.17737,-18.11836,13.53797,3.152904,14.24595,13.41173,2.032593,8.753568
14.87351,-10.2781,17.13745,-0.6735635,0.01813809,-12.14272,-12.17621,-30.79945,7.905453,6.307175,9.353087,2.623971,-9.83413,17.68538
7.434037,-14.20788,11.11639,14.64402,-0.4293257,0.9011571,-16.57929,-24.76793,5.32421,-2.465579,-0.5186119,12.48139,-13.74097,20.80836
4.321584,-10.74658,7.333404,8.045179,-1.133862,1.229459,-13.48016,-24.33036,7.719086,13.11961,1.312517,2.138055,-6.137109,10.60917
6.298632,-7.181172,3.877073,2.08149,-1.190345,-10.73829,-10.28309,-22.75557,4.299463,22.86549,2.250612,-1.297963,2.283518,9.490148
-5.17068,0.8896781,-9.218668,-4.50808,-3.361426,2.244149,-2.347621,-6.642498,13.61442,26.66696,0.191757,-5.401536,-5.052745,-1.903701
4.81738,-5.298976,6.54195,8.615682,-3.33599,-5.432393,-6.59693,-16.00514,-2.997124,29.09615,-3.912663,-8.527847,-2.722496,5.758386
5.379239,3.312626,8.281851,8.857139,0.776853,1.105708,2.453393,-13.31166,-12.95353,17.81567,-4.779707,-5.510601,-13.17393,1.746944
1.188621,2.084359,2.908719,5.19856,-7.869549,-1.991062,3.371347,0.6613345,1.523109,22.16708,-1.846598,-2.985774,-13.57462,-10.83553
2.675107,-2.188209,2.803059,2.406652,-5.435683,-9.645356,-5.569745,-11.39772,0.4747285,24.21097,-0.03097832,-5.421383,4.551466,2.567087
-3.747734,4.798389,-6.330318,10.43118,3.388927,-8.629886,1.149239,-13.02237,-10.16412,20.8442,4.756633,-10.53513,6.444649,0.6163372
-0.9330509,-2.089636,-3.883515,10.45105,-0.6903272,-9.701779,-1.169839,-7.828694,-4.381616,30.44474,1.286087,-7.282588,2.225236,-6.446069
3.900663,-5.899022,-1.389921,1.787349,-9.301286,-3.328724,-6.049682,-6.76022,1.208959,21.35386,6.877119,-0.3205485,-4.353501,2.274955
5.517188,-0.8621343,1.236326,9.309987,-9.814955,-9.446911,-3.505348,-11.16777,-6.677889,21.95029,-1.53436,0.3713973,3.148894,1.475282
-5.218241,0.5242767,-1.944371,6.495531,1.033532,0.5824963,-0.03119577,-0.1968349,1.799138,18.13144,-3.989441,-5.938626,-9.597069,-1.65063
-15.64954,5.517458,-5.899519,8.413361,6.176634,1.044662,5.002173,9.677326,9.6863,15.78082,2.67101,-8.313511,-27.62332,-6.483845
-9.432948,5.479519,-1.502036,10.13503,0.7656764,-6.532355,1.181559,-1.200911,1.333468,14.10389,6.882783,-2.595036,-13.09973,-5.518903
-4.870569,8.288301,-3.367853,6.614774,-1.807104,-17.54717,4.461426,-5.928774,-0.1069145,20.67251,14.18106,-9.846841,-5.146533,-5.596308
-6.041173,1.575946,-8.261036,6.365727,-2.784622,-18.48198,-1.778335,-5.880842,5.6679,25.98106,12.67688,-4.446533,0.4415993,-5.034583
-9.324383,5.398958,-6.689033,1.021116,-1.320819,-10.80502,3.214925,7.082899,4.756332,30.90225,3.373854,-4.387516,-11.08828,-12.13527
-10.90938,1.563188,2.267683,3.446053,2.664604,-12.78929,-2.735415,6.187318,5.410902,24.07734,3.498804,-1.225951,-14.98767,-6.468195
-16.83989,3.539361,-5.755102,6.501919,8.886523,0.08161005,-3.310142,-3.361489,4.041049,19.81459,6.659434,-6.697548,-12.80729,-0.7530156
-10.42632,8.308966,-6.489231,1.418835,3.634638,-4.673458,9.996249,5.968382,6.458731,35.24448,4.397605,-21.14278,-19.38148,-13.3146
-10.99671,13.31526,-4.727026,-3.640495,4.21065,-9.88406,6.488107,-0.1465401,0.2406636,38.86694,3.457451,-15.92992,-17.8625,-3.391793
-16.86014,14.2901,-13.28108,-10.60837,2.883535,4.731679,8.903028,9.769985,6.165208,38.39405,2.145998,-19.04518,-18.85744,-8.631341
-13.97671,9.897938,-8.724814,-11.738,-0.6288565,10.15521,10.60995,20.50374,6.748974,31.84152,0.113929,-20.53494,-17.6919,-16.57603
-10.72376,15.40089,-6.576804,-16.13511,7.537485,4.293878,12.64497,8.104243,11.05632,12.93877,-1.970847,-17.03694,-12.21273,-7.320352
-16.88012,8.656338,-16.03653,-11.7718,3.879759,8.198298,7.589446,13.72053,9.584696,34.85217,3.485899,-13.82071,-14.10086,-17.35711
-19.71996,13.44592,-14.1405,-5.952678,4.495908,29.58527,10.18933,8.403319,0.1725681,24.4668,-2.155475,-17.8395,-10.18565,-20.76533
-10.11596,16.56707,-8.281503,1.424319,-4.771317,16.20847,15.44262,9.811543,10.33302,-19.78841,-2.431636,-14.10473,0.5919574,-10.88541
-0.6704896,7.344885,3.298652,7.306009,-4.263378,6.163499,12.34226,14.07796,1.083286,-32.32609,-2.03762,-8.308185,4.147851,-8.158633
2.227783,7.212305,6.717755,6.211606,2.935446,0.9344648,10.54745,4.614452,25.69082,-90.51788,-3.093868,0.0183701,13.994,12.50729
-2.660571,5.79019,1.118205,2.448716,-10.66762,12.71054,5.03029,11.12673,17.57513,-57.45729,1.760158,-0.9207362,7.211956,6.934303
-1.552706,14.3822,3.528708,6.928,0.03973797,38.56449,15.96054,11.58629,8.858756,-118.9979,-5.643137,7.058439,9.170509,10.11605
5.085526,10.66544,2.167036,10.01297,0.1761803,35.9562,15.04841,7.247874,23.94642,-184.5358,7.373451,20.54587,18.72065,27.58983
10.78567,-8.122192,0.2352527,6.201305,-8.843525,28.08605,-2.269044,5.651725,17.21772,-142.2899,12.0821,26.49537,24.85541,29.91406
21.40255,-4.94008,3.627162,6.853182,-15.85724,16.94086,-2.11867,-3.725296,0.1394007,-122.3736,10.36074,29.81047,23.1934,36.68712
24.71217,-4.071903,3.619362,1.293721,-17.32827,19.18672,0.5020095,-1.66925,-7.427875,-105.273,9.600137,30.64295,16.2053,30.0079
23.53425,-15.60621,4.924374,-1.701398,-14.61479,24.27271,-7.996451,4.488635,2.22257,-125.0794,12.04496,35.29746,21.03642,37.17689
24.17849,-9.777225,6.570079,-2.887801,-18.51712,20.21205,-2.570639,8.660925,-5.468246,-113.8938,12.79273,29.12294,21.7406,29.83704
28.31157,-10.69863,4.112906,-1.592246,-16.45436,-0.5438815,-4.247921,-2.123149,-5.051014,-98.56049,12.54012,32.67755,35.0961,26.53343
15.66332,-7.075163,-8.566922,-5.190378,-19.86389,20.86342,-2.634027,4.80444,8.20514,-90.85331,9.542485,24.58851,29.51188,21.0045
16.69014,-6.439378,0.02959,-4.544831,-11.50478,24.45131,-4.540847,-5.285718,-5.379985,-85.9157,8.902145,25.11541,28.39766,20.02497
10.35832,0.603618,-5.152792,-8.08185,-13.61164,19.98896,0.5896385,6.884654,1.253055,-78.08347,0.4728658,17.63179,27.85951,19.28735
12.98628,-5.218334,-4.932066,-14.80716,-16.45464,19.88948,-3.835606,8.992741,0.2845844,-67.92964,7.755336,21.85829,23.04013,18.37059
23.0868,-11.58484,4.319338,-12.93724,-17.17434,18.33126,-6.689187,6.21993,-7.25243,-65.97611,2.369455,31.05988,14.93026,21.29721
8.722328,5.727266,-8.897984,-16.79803,-19.91497,23.28646,5.795426,12.30992,3.786251,-41.74099,-5.732106,12.70324,17.19829,3.554903
9.342969,-9.919698,-8.48615,-14.50271,-16.22093,22.83432,-6.754518,12.27176,0.2085035,-43.88285,6.185578,19.20552,17.76781,11.95039
12.99573,-20.06815,-2.000129,-7.672873,-9.673208,18.82578,-17.47722,7.014004,-4.4411,-57.18666,2.78074,34.91279,14.15851,27.83176
9.809867,-15.957,-7.597481,-7.2548,-19.15734,5.612193,-17.03913,4.926838,6.634778,-42.26939,11.48828,29.67344,17.85508,23.27465
4.72043,-5.661796,-13.14649,-13.98148,-14.83104,15.37389,-2.187783,16.63177,8.506644,-28.69889,2.765665,13.07443,8.782036,8.652601
0.08612144,-7.854807,-10.64622,-14.27653,-14.41363,15.19588,-7.734263,19.76516,3.830573,-16.04523,2.791037,15.82306,6.535492,6.943345
0.7415695,0.2337102,-3.483933,-3.059333,-5.040268,-2.96991,1.340174,16.57728,10.33294,-32.11035,-4.5439,11.21101,-0.06154113,10.83256
-0.2880324,6.99046,-8.285786,3.148472,4.967215,-13.86057,5.304677,3.979677,-1.291565,-29.03383,0.4045395,8.105301,5.788551,14.0709
0.05743364,-5.808708,-9.338479,12.78769,-5.036563,-13.1932,-5.188675,9.896199,-11.80964,-9.554772,5.411101,5.383627,7.845278,18.5487
-1.768232,8.861996,-12.27767,8.593886,-6.337983,-10.50819,6.717389,9.061754,-10.43179,9.138915,-11.10753,-3.37848,5.923647,7.512299
-5.057982,1.163669,-11.17442,11.05515,-6.929081,-7.542778,-4.89024,2.121968,-6.617093,10.01688,-3.223273,6.612362,2.878479,11.58636
1.602502,4.710629,-5.668423,7.827205,0.315194,-10.87391,1.97659,0.9225858,-10.63723,8.72268,-14.02536,5.987882,-3.461229,12.60089
0.06826311,18.14325,-7.613868,-10.68975,8.121053,-7.050745,12.58769,-1.989807,-17.07581,20.09409,-11.06816,-4.609484,-1.249177,2.332488
-2.086804,21.32239,-10.2542,-15.91153,-3.268022,11.60757,17.79113,12.43444,-21.25145,17.20334,-5.744877,-10.74247,-3.171018,-7.928472
-4.555707,18.06632,-9.350492,-12.33274,-0.9837519,0.2773113,14.69405,14.31478,-14.43032,18.82233,-7.366215,-11.41892,1.21265,-6.949269
4.301525,-14.30901,1.310799,-10.89546,6.895209,-0.9264274,-13.24859,-9.122772,-9.763087,30.34134,5.539369,0.9883463,4.53305,4.355701
11.73866,-23.79565,5.751479,-11.65472,-1.618856,-5.347183,-25.17604,-14.32862,-9.564251,24.30722,7.0418,19.0087,11.33342,12.30402
9.79006,-24.60472,3.092041,-11.8082,4.3276,-0.8151797,-25.96978,-26.87306,-3.946488,28.54977,13.04213,10.66016,11.63536,12.92028
13.31032,-23.3741,13.80223,-16.41472,20.8314,-2.605738,-23.98944,-43.10716,-1.481782,26.21399,7.797674,-0.6880271,12.90588,16.79944
9.377064,-15.55949,7.984441,-22.49089,18.64033,10.43588,-13.63365,-22.76766,-4.125036,19.52929,1.509265,0.8414552,0.8031032,9.455886
0.3026674,-4.461897,-1.997546,-23.32718,15.03185,6.161295,-4.160102,-13.11426,-2.774643,30.03807,15.08196,-7.691827,-7.585161,-1.503226
6.334074,1.08386,4.603966,-19.18609,15.14647,-0.4412569,1.575062,-15.78074,-2.120391,24.91392,-2.578981,-9.158039,-7.267002,2.875147
1.202407,-1.565473,0.2359493,-21.65736,13.8449,5.952005,-0.01760451,-8.389377,2.323935,28.76471,0.1847718,-11.05125,-8.630123,-1.19749
0.2568507,-7.795595,8.600819,-13.60276,16.19406,3.643914,-6.469226,-9.91175,1.617686,29.32734,-1.817177,-4.846655,-13.26772,-1.929794
2.301822,-4.994686,12.96186,-17.60902,12.33906,-5.957785,-2.336115,-8.654672,8.204375,38.78375,1.104734,-9.257399,-12.294,-14.59193
-1.551663,-6.14221,5.859576,-18.77389,6.501438,-5.85333,-8.453234,-6.582791,8.339259,30.44157,10.48429,-0.4349677,-5.660958,-8.173099
7.243344,-8.538116,12.81326,-17.26582,5.341853,-4.974179,-9.969378,-11.6608,-0.4697096,25.65174,3.679948,4.326234,-5.28133,-0.8970403
-3.874446,-1.955365,11.55555,-21.48108,10.3512,-6.476085,-6.243978,-7.1027,14.0936,31.48151,0.8286487,-6.754515,-4.368812,-10.05353
-2.327813,-5.719465,14.82018,-8.11942,10.15831,0.3322814,-6.402166,-7.631466,12.52075,24.82223,-5.946857,-4.146289,-14.23582,-8.124455
2.021032,-4.629693,13.20702,-2.295353,9.538445,7.606752,-3.729044,-19.20214,2.25931,23.16989,2.498621,-5.127765,-14.68795,-10.62912
-3.506872,-0.9122444,8.095155,-4.882416,9.454862,6.320247,-1.065225,-9.750972,5.196901,26.9335,-5.580104,-9.296423,-6.92835,-14.07805
2.686453,-4.278684,10.69851,-1.45551,3.560217,-6.678898,-2.617827,-8.25899,1.854751,24.55105,1.211746,-7.783968,-5.013304,-8.475548
-1.241639,3.251513,10.27691,-1.170479,5.954901,3.157149,3.454002,-5.015569,1.908942,23.4547,-11.10159,-11.99905,-11.1145,-9.815295
-10.91132,7.928018,3.293218,-1.991939,9.63883,8.767789,5.866128,-3.498213,0.8047664,31.67276,-3.6828,-18.5541,-11.04073,-18.29239
-11.99745,0.02830702,-6.745439,-2.714601,2.981284,6.49855,-2.765718,1.542095,5.91101,18.64684,6.924617,0.1655829,-3.890265,-14.58482
-5.451444,0.3842007,-0.2424574,5.458026,0.09314425,2.855682,-1.365791,-2.13522,-3.330352,14.46941,2.1467,-5.009834,-0.9671048,-6.904963
-8.466988,3.727595,3.149679,6.693038,1.011396,1.973493,4.7019,4.569914,7.004824,23.32524,-6.527666,-16.09902,-11.95636,-13.10704
-10.10708,-1.758082,0.2547098,11.78686,2.104421,7.435032,0.2625223,6.005622,8.993285,12.43215,-7.979097,-5.506466,-12.64101,-11.28286
-13.61382,4.403372,-5.497689,11.10538,-0.1097137,10.00327,1.725618,2.707654,0.4409428,8.656732,4.147731,-9.663,-4.966757,-9.339724
-12.11311,7.129799,-6.867087,5.356981,-5.841789,7.304589,8.202611,18.131,10.79555,6.616746,-6.976906,-8.877994,-7.608207,-15.25218
-7.83147,-1.59778,-2.085659,3.501783,2.343953,7.389083,-5.361514,-2.068846,0.2373196,4.295317,-0.3827228,0.2166772,2.073289,-0.7294303
-9.178946,1.198336,-2.993555,11.4191,6.703728,8.600088,-1.442445,-3.693812,5.699081,1.416004,-14.69233,-4.149658,-3.20103,4.315435
-3.321706,0.4244241,-3.850677,3.566179,-2.248174,13.84221,2.324435,7.188292,4.258736,-6.566311,-9.864332,-0.6313312,-4.246069,-0.8756706
-8.454027,0.2396954,-10.18001,12.75451,-5.942986,4.417103,1.150649,7.384474,4.57221,3.291196,-2.384397,-4.857194,3.649324,-5.640555
-10.2336,1.79975,-13.47778,33.23285,-10.06916,3.347524,2.655658,3.613793,1.237223,-1.359341,-2.121267,-7.31895,-1.877338,0.5706329
4.579385,-4.109348,-2.348542,24.17225,-11.3245,-4.704566,-3.248366,-1.43728,-8.178984,-4.872205,-6.862356,6.269322,-1.238185,13.30336
-4.579404,3.357612,-3.822423,22.25611,-5.998542,5.713622,6.043554,7.014731,4.477724,-0.7330828,-18.84155,-4.28687,-8.786597,-1.814884
-19.78216,10.95852,-15.08987,23.67857,-2.325621,7.743573,10.36351,12.97084,3.091755,-5.60147,4.988019,-8.607298,-6.901569,-15.48677
-11.79893,14.64283,-12.09219,22.74789,1.976307,-3.507268,17.05233,8.842032,1.524259,-4.163177,-7.637368,-12.63394,-0.7108272,-14.24192
1.926188,-1.068139,8.8926,19.77422,-4.359124,-21.01676,1.363903,5.067568,4.768397,-9.353211,-3.572229,-1.651253,-5.523582,4.75142
-2.214806,-9.02717,6.083626,23.57742,-1.107406,-31.33393,-7.672313,6.263134,9.250002,-4.310014,-2.760892,9.801602,-1.282797,4.733542
-2.011152,0.3531342,2.829041,22.30461,1.427205,-26.25236,-0.3258142,0.02613476,1.186401,-8.798758,-2.204696,4.379113,3.541548,3.545595
2.434378,-7.814755,6.289294,16.45781,-5.008341,-30.03673,-10.82822,-4.169715,3.875573,-12.01622,6.179729,10.53731,12.70633,11.39354
0.8978313,-6.063088,6.449583,13.9414,-2.244784,-3.075492,-9.201537,-9.000201,0.7123794,-9.1497,-5.930898,5.828303,7.48878,9.347419
-1.664255,-0.2861254,-1.052416,12.15112,0.7420209,6.579419,0.8904982,3.511451,-4.479326,-7.619222,-12.45271,2.783011,-3.032029,3.928559
2.675826,-2.753886,1.083615,8.422866,2.81054,-10.66509,1.118279,2.399298,4.303245,-6.943667,-9.705234,2.390541,1.506096,3.357569
-1.962229,-5.669469,-4.974568,7.77243,1.195171,-0.03239476,-0.04726826,5.69986,3.770023,-10.02851,2.906523,-2.383944,5.434231,-1.679861
2.271261,1.186668,-2.228965,10.55864,-6.227177,-4.369585,1.23804,-1.105883,-3.512413,2.489441,-8.721568,-0.309574,7.395593,1.335525
12.61264,0.6045319,6.785882,-1.70275,-9.828628,-15.04655,1.858087,-0.3652458,-3.790318,13.77815,-11.41938,2.707117,2.48279,1.323666
-3.343036,4.055195,-10.31284,-4.949826,-5.004396,6.139964,4.224665,8.573795,5.017123,10.64166,-8.697725,-1.741156,-0.1915292,-4.411887
-3.833026,3.755354,-5.394034,7.975173,-0.3291501,-7.514741,2.368896,2.686925,0.3217918,8.489124,-11.64209,-0.8310983,5.825832,-1.878956
-6.580379,-2.741268,-6.315085,7.850496,5.517128,1.614303,0.5297354,2.90866,2.629865,13.14538,-10.0594,-7.913075,7.219539,-7.8059
-1.34807,0.09233592,2.103249,6.257053,-0.0847,6.602413,-1.45263,3.332937,-7.301095,1.234105,-20.91838,0.567647,8.962353,1.952785
2.097197,-5.856299,-2.05761,-2.346022,-7.87364,-7.350908,-3.945457,7.886217,0.5832548,1.146729,12.27391,4.006215,0.5230136,0.9133912
-11.58057,6.394284,-13.97833,-7.261103,-6.404438,13.30991,5.375319,13.95932,4.547619,5.628964,15.52907,-10.64851,-7.761111,-7.110425
-5.073864,-4.501822,-1.005022,2.351717,-1.758913,-2.255966,-7.06095,4.566196,-6.701845,0.1090502,16.41691,1.822271,-1.643382,4.735612
-3.236072,-12.62488,-0.4154806,2.573873,2.732044,-3.680439,-14.06817,-3.229696,-5.563103,6.141814,18.41657,3.417886,-0.1334329,9.669082
5.307189,-8.365106,4.073569,5.574415,5.572096,2.39124,0.3193727,-0.8504544,-11.35151,3.285503,5.952628,-9.438761,-1.730427,-0.7397686
-3.968047,0.3395768,-4.976681,-3.592577,-0.2026267,8.484966,5.253864,11.62343,-4.858068,1.78315,11.97379,-11.02283,-1.12783,-9.71013
-6.005357,5.398829,-3.339506,-2.375963,6.546538,1.812195,4.372137,4.348266,-5.38361,-4.074944,6.253294,-7.238049,0.1575558,-0.4713814
6.145936,-2.001161,8.976878,4.829614,6.405735,-11.82054,3.588144,5.037036,-12.02203,-3.971475,-1.744536,-4.393219,-2.397306,3.366922
-4.314178,5.627383,2.519271,-2.140621,3.775547,-9.549402,5.044318,6.906137,-4.980619,3.034074,12.44922,-8.25813,-5.595701,-4.517291
-9.597612,8.267141,-4.454979,1.757278,11.54294,-4.947793,6.457883,-2.624038,-8.223103,0.6312447,18.34135,-11.97818,4.291773,-9.463904
-15.99013,15.49481,-12.65944,-1.472683,10.26179,-1.404875,18.03081,18.3358,-0.9401121,5.723376,6.016957,-18.40787,-0.06315976,-22.92526
-12.79767,9.739396,-2.893568,-2.682779,7.425039,0.1751094,6.830176,8.715206,-1.578196,1.813985,10.86876,-6.972782,-6.143287,-12.49938
0.0380603,12.45694,7.42474,12.67875,4.961358,-4.070552,10.97801,0.9496692,-18.83694,-11.19444,-2.556705,1.301533,-10.81455,-3.315868
-3.701321,14.56954,-1.669157,4.013477,-5.551828,-4.255561,14.74796,10.55846,-2.691411,-0.3565139,5.276116,-7.485315,-9.948781,-13.50566
-1.754347,4.120551,5.704572,9.541109,-14.92374,-9.31335,3.195997,9.238024,1.518098,3.908967,8.054499,-0.4041181,-4.876392,-14.00986
6.119396,4.594989,7.918156,8.636903,-12.33295,-9.247151,5.382344,2.217698,-8.419734,2.782687,6.610307,-2.452365,-6.285388,-5.524885
9.136564,-0.2052206,14.93449,-4.38168,-7.9493,9.25007,-3.020369,-3.820635,-9.029627,-1.984525,-4.663192,5.149479,-10.25236,6.83631
6.771518,8.074675,13.49272,-12.54691,-4.633584,-6.984564,3.747422,5.049736,-7.086096,-4.612259,0.8937577,7.170029,-10.85211,1.51567
6.629702,12.19985,1.318459,-14.21606,-7.664313,-3.956898,12.49807,2.875687,-5.99819,6.456206,6.424776,-7.401262,4.424737,-13.59076
3.134781,1.417127,1.333989,-3.639506,-8.934857,3.566428,1.378881,2.548209,-11.14968,-0.1600356,13.40224,-1.722233,5.648072,-6.823411
0.2029282,4.784725,3.913438,-18.96603,-5.872196,2.58149,5.563373,16.47712,-2.342164,7.695948,6.831515,-9.011618,-2.668144,-9.190379
4.53908,11.35111,12.04978,-22.73363,-4.255026,3.355631,11.77679,19.11939,2.040096,5.197853,-17.33489,-8.279627,-10.42243,-6.40412
7.762681,9.521629,12.4337,-19.22062,-1.81152,6.137932,9.759351,8.305017,-12.53711,-2.380917,-1.882957,-5.113997,-4.763208,-6.209981
4.51092,2.139377,11.56704,-15.90127,-0.581793,-1.813029,1.063912,5.301635,-2.493986,0.08314084,-2.270647,-0.6776248,4.327245,-5.254923
0.02515592,-9.598951,10.37601,-10.14341,-4.387737,3.466135,-11.94021,10.83562,-6.541378,-7.043149,12.76713,9.615085,-1.552193,4.121891
7.339554,-2.395461,16.10023,-11.13899,-1.856242,-3.911614,-5.760903,2.960386,-9.85417,1.071903,-3.807407,9.597445,-3.788541,5.443812
12.05375,10.52258,14.50278,-16.83131,-4.82321,1.615575,7.674067,3.385598,-10.8005,-8.54494,-9.813047,4.440027,-7.155218,3.773864
14.07543,-0.06579797,11.69535,-11.38142,-5.486617,4.48936,-1.104281,-4.162879,-12.94817,-6.655133,-5.433006,8.862016,1.731877,6.383261
9.960477,-2.798306,11.82855,-7.031105,-3.265224,-0.06439239,-2.853807,-8.987563,-7.445322,11.17164,-1.192977,0.7773587,3.506521,-3.605847
3.83713,-0.7903125,1.327837,-14.84006,0.2600265,11.0193,1.666467,2.233371,-1.519872,10.5451,-1.585896,-3.193437,-5.073337,-3.886322
1.938402,-0.2577265,6.343244,-9.997374,0.122102,17.83139,-0.4825028,-0.9320391,1.210339,19.92115,-16.35921,-1.373854,-15.05898,-2.904938
3.435605,-0.743093,2.20139,-14.4663,-3.138649,16.81556,-2.326884,-0.9133846,-5.205377,11.35797,-2.543661,3.690314,-7.38137,-0.7821203
9.255191,-7.522198,-1.304224,-11.06292,1.083575,-7.173499,-8.852857,-6.989718,-8.003748,8.260451,-7.488074,13.5438,19.24862,7.005598
10.09043,-2.615638,1.361736,-1.182885,4.130816,-7.061887,-2.396241,-15.47362,-12.82558,4.20788,-2.533575,6.372508,15.97692,1.949123
-7.530953,5.322501,-8.115131,-8.946233,3.79862,1.093376,3.426797,3.013224,9.964352,8.232999,0.496005,-2.872778,0.2676332,-8.150403
-7.823594,5.9851,0.3273532,-9.508703,8.126717,8.876594,5.20951,2.669703,5.447671,9.093652,-1.447991,-4.332089,-5.482944,-17.14097
-10.05414,9.377377,-5.15207,-8.580977,-0.7477324,13.22248,7.993015,9.234484,3.559871,5.271837,5.456509,-1.937023,-2.920428,-24.72319
-19.09433,7.503567,-16.85633,-3.336246,2.577832,4.364942,4.643879,10.20761,14.59955,19.82535,0.4090695,-7.602954,4.086776,-21.3287
-13.34703,5.874097,-7.213006,3.914888,10.69986,3.001286,2.216365,1.56506,0.5876039,4.710448,-3.38123,1.45564,0.1685801,-10.25255
-10.62113,11.12507,-5.889346,1.465243,6.025582,7.934992,9.851357,5.104637,-3.106002,5.222786,-0.03566576,-2.372511,-5.092478,-19.61253
0.1267955,5.287144,-5.762617,0.6231282,3.259389,-0.3062136,8.19346,-2.712395,-2.410175,8.691459,-1.533373,3.125382,3.119874,-19.70185
-1.699528,3.285501,-6.099304,-2.801356,1.547799,-10.31245,3.79143,4.802881,-1.767038,12.19408,0.616562,6.141889,2.760405,-12.46087
-0.01751715,4.015431,-1.295809,-3.192566,3.83308,2.676535,4.167305,-5.237252,-2.493988,4.458895,2.598831,-1.565726,0.3003649,-8.24758
-0.9085938,3.560649,-0.5115103,-10.21605,2.395676,5.589696,6.792486,5.172616,10.68107,7.636748,-4.611206,-3.440177,-10.59486,-11.54654
3.846142,-3.898083,4.639837,-2.306548,0.7594974,5.98869,1.581507,-0.1519702,8.220638,12.71009,-9.239739,-1.32296,-13.29262,-7.534482
7.91972,-0.5337732,-0.6425114,0.4122317,-2.52458,1.465729,-0.8098639,-15.67544,-2.013193,-5.165221,4.245044,1.942906,6.5169,4.862051
0.1240255,4.140522,-12.0462,-1.852942,-2.632418,2.5411,4.273516,-7.471826,4.054238,-1.480897,4.750732,-5.52956,14.25593,-3.126215
8.407098,-0.4201471,-3.895504,2.325941,-8.607314,-3.652879,2.281459,-9.700977,-0.007118243,-4.3714,10.1046,0.3725918,10.90899,-3.745333
-1.0904,1.246378,-7.633287,-3.507426,-6.846473,9.268787,0.5150629,-2.50221,8.996539,-1.670372,2.962085,-2.90568,3.759385,-0.5923883
-1.780589,3.471376,-6.138123,-7.810887,-4.118367,11.39485,3.206601,-1.745165,9.685071,1.433872,2.476622,-4.983549,0.7062849,-5.797991
16.46292,-7.383634,9.438486,9.548163,-4.552993,-4.285875,-3.956548,-14.06304,-19.56509,-18.58167,9.359755,8.897414,10.82247,7.859628
1.112815,-6.864557,-3.431759,10.96634,-0.2079705,3.74795,-4.24876,-12.31913,3.068243,1.293003,1.447297,-4.979489,8.997208,1.418802
-7.410354,11.32002,-11.19732,-8.01887,-0.4060103,22.21054,14.69992,3.824203,18.55923,5.994345,-0.6712041,-20.211,-18.33413,-10.35937
7.393665,9.847736,2.471709,-2.866755,0.2630191,5.308048,10.27108,-5.776694,-2.917313,-1.117937,-14.03407,-6.586388,-8.687348,6.431259
10.26083,4.85452,2.209948,2.077216,4.063383,-12.58503,2.882965,-19.56801,-6.60503,5.833927,-6.791547,-2.503243,2.682097,13.18798
1.71568,3.82508,3.210469,6.246094,1.376131,6.925045,6.382301,-0.9878084,-0.3534687,4.629807,-11.39284,-7.514078,-16.8791,2.816687
2.32304,-3.484226,1.550193,7.03884,5.31312,10.35874,0.6069057,-1.517505,2.56456,-6.295791,-12.87163,-3.765333,-16.8587,15.03778
5.578338,-4.668228,6.897895,-5.450926,7.866188,7.463636,-3.733417,-7.954807,12.69941,-2.173491,-15.24111,5.118009,-25.86587,19.46438
7.513218,0.01243202,5.054069,-3.432544,3.956487,-0.8800078,-0.9218718,-9.105309,1.373974,-7.292938,-4.500998,1.326218,-14.45469,21.35196
0.2617716,8.888248,-13.15614,-2.342977,0.93778,-0.3808331,8.243917,-5.521392,-5.767566,-1.272989,4.833671,-6.536744,11.7459,0.06735388
-3.604257,11.05411,-15.65364,2.785867,1.273893,6.110788,13.75484,0.8928413,-2.966095,-0.6524011,0.4545794,-9.814811,6.53543,-10.17113
-4.783031,12.37401,-11.68377,11.14436,5.797235,0.5614509,13.5857,5.253767,-12.66356,-9.598956,-3.940655,-10.54184,0.2831379,4.212154
-3.066607,8.062738,-9.266847,2.006672,-1.18211,2.270851,6.162115,12.12733,-14.05741,-0.5133677,-9.51018,1.009498,-0.7701314,6.727457
-0.9569085,2.325018,-13.27637,-0.5720017,-2.001408,1.323827,2.136473,8.354815,-15.48218,-3.03548,5.257953,-1.652327,6.040481,11.53811
-1.57814,-2.374745,-13.38511,3.073408,4.221618,-9.04289,-2.071913,5.449728,-8.003471,6.334318,-9.562307,-0.3520283,12.51174,14.77979
-4.856481,-8.85524,-10.8268,2.611323,8.500752,12.83779,-6.214284,4.747681,-1.053945,5.819834,-20.637,-0.8337314,7.273942,11.48614
-8.520795,-17.14554,-13.03693,-4.86883,3.92667,20.23635,-14.68907,5.748492,2.838217,6.811526,5.263867,2.276532,5.262796,5.89669
2.663289,-15.59924,-10.12029,-8.625238,3.415454,3.55073,-14.70836,0.1314944,1.076888,7.840181,-10.59172,13.28298,10.1305,17.55332
9.40234,-28.69571,1.161873,-4.773465,-5.260421,3.297337,-27.54587,-4.681756,2.758804,-3.419182,0.6139953,21.0688,8.888562,27.18466
-0.1901006,-25.77651,-0.8127689,0.4516869,0.7421394,5.675777,-21.00801,3.379857,10.92767,1.382017,2.363771,12.28446,-1.187497,11.7675
-7.185572,-23.65485,-4.963433,0.315036,3.797967,11.76372,-21.54662,8.535363,14.06993,1.880807,-6.366012,15.80306,-4.806957,12.35753
1.020706,-21.17587,-3.19481,1.39359,4.68131,-0.2893387,-18.89123,-10.02175,5.193688,4.317459,13.66867,12.2805,0.355806,10.66125
4.697983,-7.508168,-4.290998,-4.609042,4.67255,-8.875985,-8.673217,-12.94953,5.938564,14.2842,-9.99095,7.528944,10.877,8.898646
-8.902528,-2.120768,-7.223813,-6.363662,-1.778559,2.646058,-5.84838,6.525897,13.5879,16.52581,-7.543392,1.981796,-0.3098036,-1.176556
-6.479258,-10.81696,1.742265,1.050463,7.959505,-0.7936356,-7.74649,3.627424,11.66294,17.98019,-4.564496,0.4788356,-7.91943,-6.181365
-3.317888,-17.97307,1.000073,1.575031,4.996915,-12.11187,-18.94194,-2.128195,4.81013,20.91728,2.141715,9.043808,2.73066,7.257339
9.685291,-12.86314,9.608581,5.029417,3.736936,-21.54587,-11.85177,-12.86827,-7.294567,8.065147,5.786528,11.51548,6.861309,6.134925
3.658157,-12.37429,7.396076,6.68069,4.704903,-18.47728,-13.36319,-15.83399,1.726721,13.44673,3.840538,6.667044,9.376394,2.551494
-2.789315,1.324273,1.703054,3.285885,-0.9974467,-12.76966,-1.163185,2.324733,-2.90576,10.88841,4.503997,-2.41025,-0.4805457,-0.514191
10.70564,-2.991372,15.50136,8.226631,-1.510216,-23.08262,-3.047213,-2.098077,-9.14225,-5.133822,-4.235715,10.51942,-1.911773,8.199998
3.565861,-11.31545,4.023677,4.015689,-4.814964,-24.38574,-12.43075,-6.437899,7.413906,5.06311,13.76741,7.437943,9.473379,4.623818
11.21459,-7.415449,18.75062,13.81071,-1.96587,-33.41047,-6.573258,-5.062301,-10.42537,-4.700108,7.266634,7.03367,3.837195,7.639403
-0.4034362,-2.036196,6.566717,8.778503,0.01655609,-16.15511,-0.9885592,2.097424,-0.8107622,-8.174683,10.75978,-1.045152,4.822251,-3.427339
-2.803059,-1.139503,-0.6847357,-2.907937,-3.531693,-3.138581,0.2374647,8.838961,13.78925,-10.42447,4.579785,3.801641,0.08664267,-6.703767
18.55684,-8.825119,23.45293,12.11195,3.628031,-29.44816,-8.564886,-15.54823,-16.31148,-17.52592,0.106728,15.08898,5.085975,18.19236
11.35696,-1.038966,17.55965,15.66591,7.125365,-26.50024,-0.966912,-16.26524,-14.55531,-14.84611,4.374523,0.3552029,5.557242,12.17793
-4.080054,0.4659391,8.764018,10.43653,6.414897,-16.28006,-0.8233414,-3.278707,-2.901825,-6.956213,14.01626,-5.875734,2.834419,-2.736134
-13.45174,7.994968,-2.321988,3.300592,6.88026,-4.886958,5.815454,5.341535,5.95818,-1.435462,11.27989,-11.88171,-1.502137,-11.09088
1.95693,10.57552,9.784801,6.065104,3.219732,-19.76079,8.533281,-1.733186,-2.076457,-10.98684,0.8749115,-1.634646,-2.756476,-2.061873
7.159904,3.78909,8.986575,0.3570671,0.00856251,-26.19982,2.77324,-4.004507,-0.3602992,-9.955615,8.974011,0.5964612,3.053276,4.822057
-5.49454,6.918864,3.626827,3.517503,7.476143,-10.70813,6.487972,5.500357,9.228399,-12.13587,-4.60355,-5.30641,-3.068235,-1.43932
-7.565741,10.37532,5.042324,8.101443,9.428956,-11.57102,11.133,4.518454,3.922889,-12.36373,5.246635,-16.43395,-3.950192,-5.884374
-7.903249,3.36088,-0.2056508,1.424599,-0.5853813,-3.699747,3.037081,6.969915,11.07335,-2.437986,8.982128,-11.99035,-4.81359,-3.211998
4.882359,3.77166,7.048872,7.216055,1.910301,-20.88684,0.3315112,-5.858516,-7.821669,-9.131015,1.993265,4.373544,0.4277568,11.74272
7.581842,6.857612,15.50877,11.27584,3.178571,-28.50651,6.463044,-5.486176,-5.949604,-8.056643,-3.232562,-3.004506,0.3033653,3.066966
-6.782828,8.434273,-0.369677,8.510747,1.413267,-15.14956,6.278107,7.363812,7.775598,0.0339723,-8.976954,-4.545832,-1.324169,-2.660747
-5.284887,7.244816,-2.229791,1.440059,-2.219785,-16.76577,1.590689,4.015964,1.062844,0.8119164,4.765171,-0.4673883,5.574368,0.4618001
4.947228,0.4259858,8.658999,2.111662,-4.226987,-12.36526,-1.041303,-2.211138,-6.953988,-4.900318,8.517273,-1.059105,5.728205,2.368743
2.283066,-1.065381,4.406034,2.35639,3.876529,-12.28329,-2.070274,-2.327321,-0.1727462,-5.632183,1.228451,5.367594,-4.33079,8.363923
-4.595184,9.341016,-2.202583,5.202456,0.3083697,-3.996591,8.871784,4.03521,6.091981,-4.804553,-5.174303,-6.367056,-0.8772633,-5.833276
-6.014525,4.740136,-5.208534,5.354037,-1.443321,-11.34907,1.12773,3.473081,0.8887551,-0.7512189,3.746545,-2.169952,6.554938,1.051406
2.129107,-0.4918512,0.4840042,-4.505752,-5.143412,-15.05012,-5.120584,-1.346052,2.808956,1.154363,4.93631,7.327364,6.374352,6.443312
12.27812,0.3995814,12.77032,-9.012736,-12.42086,-25.12481,-1.590425,0.7578015,6.697666,0.7210228,3.11534,7.894823,0.3854155,3.12875
1.186285,-4.177536,6.771298,4.202485,-3.181882,-1.427892,-3.898613,4.351642,6.262304,-1.571654,-11.60676,6.764221,-5.701049,2.027148
-12.76936,8.333833,-6.730384,4.977242,3.14937,39.68052,7.205623,7.390622,-3.25472,-10.39703,-16.10213,-7.225442,-7.294943,-6.963193
-17.02681,17.45458,-13.73304,-8.976414,-2.201008,35.49211,15.01439,14.5592,8.814433,3.246851,-7.637597,-18.7778,-10.52742,-15.70144
-9.061129,7.89309,-11.83057,-3.404274,-5.8284,33.79845,7.889427,10.45918,4.911606,-2.911596,-7.836509,-2.79298,-11.2092,-10.07709
-6.283065,3.101938,-5.211117,-1.300583,-2.755501,41.35167,3.485117,9.17327,-13.45455,-8.32192,-4.731343,-0.02334907,-8.204338,-6.826224
-11.1018,2.516143,-13.36729,1.196675,-6.922034,27.59435,1.602015,10.72073,-0.4280958,0.3809358,-2.361965,0.309528,2.258981,-12.39818
-3.265175,1.342205,-15.6346,-5.787484,-3.351413,21.68718,-0.3143573,-3.064511,-3.810352,2.374298,0.5673695,-0.5784096,9.835355,-0.0001054252
-1.597594,5.149716,-10.04854,-7.473317,0.528178,27.11429,4.751706,0.6228203,-8.033339,-2.251042,-10.86708,-3.656751,5.509806,0.2511463
-4.03749,5.284683,-13.16907,-4.099416,-8.680355,21.2333,4.335891,8.043665,-3.139485,4.141182,-7.491558,2.360883,3.099404,-7.881623
-8.733096,6.130839,-13.84556,0.3843843,1.925163,32.56936,6.588324,2.580295,-6.843237,-3.499159,-3.907143,-4.860186,0.7588959,-9.248869
-11.12503,4.624315,-10.07836,1.173847,4.810853,41.4818,3.493675,3.392161,-10.46512,-10.20205,-6.281439,1.350035,-2.928217,-9.24647
-12.00534,11.1133,-15.20695,-3.828255,-3.580993,36.25665,8.022543,6.523959,-1.282538,-6.097837,-3.764614,-2.531892,-1.227911,-12.39011
2.305629,5.013455,-6.616483,-7.131247,-7.279286,17.99102,3.893999,-3.932334,-1.837822,-4.378417,2.10213,3.834914,2.019889,-5.985445
0.7362743,3.64106,-4.478376,-3.905818,2.943479,18.02732,4.843477,-4.715778,-1.614213,5.670757,-13.019,-0.8889372,-1.513593,-5.726654
-2.131643,11.41199,-6.455134,-1.895784,7.634832,24.16909,15.46574,-8.162595,2.50746,8.90948,-15.63688,-20.37871,-2.060074,-13.37777
-7.211238,-2.202171,-4.623885,-1.04411,6.96369,19.38744,3.819032,1.875517,7.705363,6.378256,-0.2338064,-16.91317,-1.259112,-12.64181
-6.284796,-5.376387,-4.714049,-3.420215,5.206123,11.2562,-3.449219,0.6095842,8.80462,3.880133,0.09991626,-8.15316,3.290596,-1.749346
5.777178,1.90661,0.4561612,-2.366263,1.975109,0.04528208,1.62298,-9.817885,-3.533085,0.6392608,-4.167288,-3.41932,4.127963,6.753298
8.791761,-0.3813912,6.498507,4.677976,6.110145,-7.026395,4.663527,-6.268924,-4.569085,0.05925022,-10.83783,-2.150807,-0.4840497,0.91732
11.27357,1.920027,6.190192,-2.691936,-2.436548,-4.05811,5.005316,-6.359881,-1.03267,-1.948446,-2.724118,-0.2200566,-4.452029,1.534693
-0.56794,3.443139,2.254251,-7.539297,-1.155144,0.629725,1.806314,2.948194,5.385274,1.567027,0.5675955,-7.579955,-8.534307,6.775126
7.271585,1.927411,10.86038,-6.169082,-5.596054,2.441591,4.616665,4.275703,5.200461,1.889872,-9.504125,-6.98869,-11.82596,1.600245
15.68549,-8.890887,15.03135,-9.788455,-4.348385,-12.51711,-4.796368,-1.125988,2.639192,-2.621761,4.166378,11.93355,-10.87516,5.508136
8.053755,-8.975117,14.77142,-3.007028,8.847334,-14.02561,-5.319046,-5.563315,-1.452494,-6.238393,6.307257,7.207758,0.2761064,-0.8826374
-0.7631892,6.96172,3.104738,-4.263598,8.889256,-6.008981,7.293673,-5.919678,1.52234,7.507485,-1.007614,-9.794248,2.666399,-10.18829
0.05245415,-0.729395,2.007564,-11.18792,4.492533,-6.756283,-2.105751,-6.359743,3.595036,11.07843,11.38343,0.5430785,1.764484,-7.777916
7.084413,0.8658056,10.68039,-2.080517,2.719503,-14.45572,4.155735,-4.985133,4.201671,-0.4199742,4.719821,-1.06325,-3.422468,-8.000271
5.651989,2.521609,8.868759,0.0769238,-0.492633,-11.12894,2.4941,-7.044816,2.709966,-1.943778,2.705984,-1.324819,-0.618264,-2.476078
10.6407,-8.277833,15.39093,1.730244,4.87428,-8.757852,-8.655594,-16.00791,-0.236734,-4.05902,-5.376437,7.092276,-0.6548984,12.29785
5.086934,-6.040347,8.089407,-1.845409,-0.1288323,-10.46426,-5.301796,-2.121074,4.320655,-0.6274831,2.595503,5.531919,-3.323851,4.228629
1.737833,-1.582346,0.9088654,-7.982065,-0.2316227,-7.40158,-2.373666,-2.58137,4.028873,3.142113,12.3873,3.311378,-2.584032,-0.7796803
5.535944,-1.60611,3.334263,-3.336896,3.614669,-4.584997,0.06703068,-4.462364,-1.347115,2.42476,-2.254505,-0.9663848,-1.525551,5.107255
1.36613,-6.234105,2.323889,0.5190653,0.32597,-0.1038363,-6.917403,-2.012505,-4.333138,0.338049,2.645819,0.8058897,2.081135,9.195034
5.271354,-2.811966,6.611982,0.04098067,-2.749146,-8.528272,-4.583087,-3.739654,-4.505665,-0.3515795,-0.04485826,3.217978,6.290124,5.881805
-1.943914,-0.7721311,-3.550739,5.481919,-6.042575,-2.843618,-2.685588,2.099513,-0.1005788,-1.597696,3.126935,3.706395,3.096883,2.025194
-12.04864,0.8352452,-9.408674,11.38814,-1.470921,6.765735,0.7416486,6.5588,1.667478,-0.1129957,8.827297,-3.286995,-0.9494141,-9.506707
-1.68239,-5.31334,2.771942,13.43191,1.222722,-3.417572,-4.664919,-5.157965,-4.116876,-3.583537,5.698764,2.721313,6.641607,-4.551669
5.299768,-7.575984,4.063614,1.238923,-3.770406,-11.31236,-9.288644,-11.22652,-2.799032,-1.608114,18.61402,9.183001,7.46876,1.712961
4.197318,-3.004949,-3.392744,-2.190244,-3.046606,-6.366912,-2.550017,-6.963916,0.1379621,6.011564,7.116241,4.726894,9.160731,-3.835326
4.029498,-5.707021,0.9860035,2.624928,-0.4696505,-2.119007,-2.203846,-1.315253,-1.197744,2.465782,-0.5959702,2.910065,2.349033,-1.756824
0.9748999,-8.608629,-2.927156,-1.891304,-2.973127,-1.05538,-6.003303,-0.02173819,-2.32347,5.166724,13.04563,-0.9923627,11.61923,-4.010026
-0.03836051,-9.300952,-0.5699228,1.243934,-0.6820081,-2.820164,-10.60279,-8.121249,-0.3083311,8.817856,6.771873,1.521914,12.1581,1.93009
8.293572,-8.900632,9.332417,8.485717,-0.5839982,0.1174148,-11.07835,-14.497,-10.21069,-2.247334,-8.003769,6.82122,6.449185,16.02225
3.826003,-8.785616,-1.969891,0.7998863,-0.08705724,5.823517,-9.113476,-8.500375,-3.621007,-2.435802,-0.8406755,3.291982,8.198839,13.41366
-5.039464,-5.192351,-3.272036,2.590646,2.374646,9.117537,-3.738296,-0.7029685,-0.1499854,2.000244,5.045432,-5.678882,6.831969,-4.186496
2.952035,-11.68394,0.7146026,6.444968,-1.032974,2.146439,-11.45813,-1.967613,-10.21261,-10.60557,5.723191,8.70754,5.578505,14.69355
1.153615,-6.497936,-2.913819,-2.943138,-1.919253,-6.308451,-7.858877,-0.8355817,4.688491,-2.279473,6.208408,8.994287,1.226315,9.285407
-1.498755,1.53537,-2.997819,5.875641,6.138115,2.35534,1.825565,-8.732231,1.786603,0.8453698,-6.297055,-2.413998,2.640305,-1.062451
-1.484105,-8.10143,-3.709593,8.505762,4.192845,-3.962793,-5.003956,-1.194719,-2.107457,2.305539,7.470851,2.011316,-2.705694,3.783428
6.290383,-6.598514,4.970615,6.801363,3.112654,-9.789803,-3.980714,-4.06336,-6.080823,-2.185202,0.6917146,9.294123,-4.066208,5.603767
0.360974,-6.661741,-1.706946,6.83201,0.1675328,-7.086725,-6.314627,-3.332679,-0.3593681,2.823141,4.637803,7.16172,-0.2737911,3.75269
-6.525424,9.181495,-2.950676,1.527713,2.058502,-2.322403,8.226488,7.759831,2.662302,4.483827,-5.862362,-4.641549,-5.477211,-8.120524
-5.761118,14.00372,-5.647088,-3.831975,0.9189633,2.936606,16.19307,16.39683,6.154108,1.875344,-12.25373,-9.597909,-10.78991,-10.5969
-3.210843,-1.300013,-4.981452,2.119578,-3.372892,-3.544728,-2.415477,3.508302,1.200032,6.361623,6.073392,3.524349,-4.496222,0.5343499
0.3418902,0.6838226,-1.735515,3.764284,-3.734876,-4.331234,-2.109643,3.198636,-6.163526,-4.063699,-2.476319,7.847584,1.803259,6.975339
-1.600526,-0.4718024,-8.119448,3.016651,-3.576566,-6.309466,-0.8970919,5.825139,1.312828,0.5228506,-3.689622,5.566002,5.977041,2.44401
9.42291,-5.040567,3.049176,-5.127093,-8.888964,-17.84849,-5.294779,-0.6500317,3.255731,3.801172,1.887047,11.71441,6.348658,3.370825
1.983368,-2.351707,-1.166279,-11.5786,-6.408906,-7.16183,-4.079822,11.09987,1.964084,-0.0289982,0.2657838,12.44804,3.732244,1.282749
-9.664265,6.341016,-13.24337,-2.512811,3.412215,9.441839,7.623713,17.06151,3.786732,-4.357776,-8.748787,1.77462,-5.055608,-5.859019
-8.489469,5.151138,-6.721752,-0.02349115,2.514812,-4.107808,3.818502,14.40201,0.6530507,-10.54139,2.011117,2.026067,0.9879104,-1.680691
-2.458163,2.004524,-2.982916,-8.9324,-4.025895,-3.126689,-2.489167,4.950139,-1.347487,-6.304438,7.663665,9.011974,12.84709,-4.810238
-12.48039,9.133859,-13.13498,-9.617525,-1.621753,10.31818,4.478594,7.825119,8.735896,1.611665,3.725469,-3.047539,5.605771,-11.53236
-13.24953,5.737076,-8.231364,-3.370913,-2.261727,11.7557,0.5719357,12.34993,5.812739,-1.04451,-2.98243,-0.5698441,-0.474068,-4.04299
-5.070723,1.356018,-0.4733885,-1.72951,-1.469669,3.951031,-0.3198754,9.7252,0.7173643,-5.420776,-4.213544,4.507956,4.579896,-6.139977
-1.171785,-0.3161349,-3.326097,-5.650349,-1.517726,5.678781,2.043674,9.713999,4.413469,-3.991163,-5.156267,2.33171,3.005544,-6.057653
1.227854,-0.626372,-2.521504,-6.235705,-1.685939,-10.92907,-0.9270236,0.2616447,9.734285,4.54854,-3.68714,0.5450622,13.24074,-2.945365
1.729754,-6.69328,3.830783,-1.08042,-1.985037,-16.95461,-9.053407,-1.350679,-2.709528,0.3703789,10.73958,6.629397,15.23413,1.292925
4.46987,-5.762033,4.011355,-4.823613,-8.304273,7.057629,-5.57194,4.92693,-3.360225,1.057696,-3.412594,5.081042,1.689571,2.940579
-4.211339,8.188898,-4.101093,-3.202051,-3.432994,0.8503344,7.547255,13.10857,1.057765,8.781252,-10.34518,-6.586037,-3.926128,-3.729237
-7.25274,2.41125,-6.334353,-4.075805,1.266382,2.761235,-1.115779,6.865369,-0.6092002,9.431655,-4.510711,-1.682005,0.6790836,2.165622
-3.535127,4.954349,1.115425,-2.567729,-2.047607,0.4178951,0.6104917,4.703611,-2.181115,6.959255,-8.65528,-4.537553,2.71642,2.046968
-2.00825,-0.2182147,1.775995,-5.263554,-10.26253,-9.48615,-2.770464,15.06046,0.9952274,6.481413,4.097836,-0.008282154,0.503216,1.103297
-1.688412,-0.935214,-0.0273411,-5.736104,-7.346244,1.327165,-0.9082514,17.90156,-0.1549109,2.689314,-2.708401,6.235354,-7.435316,-1.213204
0.9242604,-1.64987,5.673508,-3.631586,-4.454053,2.650055,-3.036199,5.918362,-1.076692,0.2716037,-2.639182,1.777886,-4.419685,3.691591
-5.29701,3.293764,-0.4886117,-7.48802,1.086903,10.06848,1.705684,2.150193,11.07546,3.324566,-5.380545,-8.915594,-3.749171,-1.386094
-0.55502,3.434236,4.319737,4.528152,5.734302,14.00345,4.794436,-16.67892,10.27003,6.22437,-10.82304,-17.30851,-3.120012,-4.823214
8.536743,3.836936,6.366898,9.452971,-0.3156232,2.52796,5.111389,-30.00909,5.885454,-0.9242092,1.686707,-13.41866,6.036085,-4.773552
5.331134,13.10443,0.3876547,2.338069,-3.211912,21.08521,14.20193,-18.93312,11.25105,-0.3811333,-17.07044,-14.64851,-6.563008,-6.891351
4.781603,6.294509,6.178772,9.997052,4.738653,10.88778,4.918533,-32.1405,10.05537,1.683815,-6.82859,-7.291952,-13.23282,-0.04221418
2.192565,12.92392,2.218779,4.941216,13.54209,9.211851,11.22499,-32.6529,5.641914,-1.278123,-3.397704,-14.44552,-9.670932,-0.4521288
-9.459933,15.33724,-8.072309,1.459276,6.824344,22.20381,13.92072,-10.60473,14.94956,1.592717,-9.877333,-20.86684,-10.6551,-6.751415
1.855143,5.991508,6.639665,4.406555,-0.5244414,4.286854,4.841623,-16.86737,11.54722,-5.957227,6.297124,-5.293277,-12.81658,-4.406788
9.915834,-1.538068,10.97646,-2.1071,-3.233657,-1.041959,-1.387525,-18.994,11.77813,-3.608394,6.793508,2.517872,-11.28972,1.218611
10.08735,4.620337,4.834723,1.157015,-0.5851183,3.38212,6.094505,-19.52295,6.622453,-5.216946,-2.75508,-1.636346,-7.761614,0.679557
8.744006,4.730358,4.40525,5.004358,7.568826,-2.167948,3.074908,-28.25207,0.3987412,-13.39227,2.374613,0.9179175,-2.879977,9.473287
-7.122749,18.7856,-9.636218,1.623307,7.047666,4.65526,17.89816,-3.565268,15.21922,-8.5501,-10.30298,-11.11917,-7.737,-7.195708
-5.584163,20.92346,-2.216999,-6.204476,0.7716112,25.459,22.96618,6.30418,14.13965,-7.504201,-13.51777,-15.82364,-23.12197,-16.59085
6.33761,-1.883721,7.920613,3.497769,-0.3663435,-0.5074053,-0.8359485,-8.661675,-2.702693,-9.003135,7.803154,11.01121,-9.081312,-3.528123
14.44851,-8.85115,16.98432,7.447637,-1.710332,-13.22247,-7.782881,-21.2369,-7.57051,-7.612991,13.08293,11.25595,5.18055,-0.4126744
-0.3639291,-2.555935,7.244713,1.287464,-2.745634,2.154456,-2.756065,5.373636,-7.561153,-6.578024,8.015346,1.67298,-0.276425,-2.911433
2.805261,1.107681,6.752057,2.975239,-2.003245,-1.160138,4.736329,20.54094,-14.62942,-11.05939,-7.787621,4.491441,-8.840204,2.071066
10.14739,-9.04527,13.75482,0.5025563,-6.518713,-26.21379,-7.416967,10.67159,-9.991796,-10.90233,16.8158,14.34331,-7.697836,11.55123
-14.50927,3.053509,-12.21905,0.7161539,-5.046495,2.996799,2.341137,25.90033,-1.86804,3.528623,10.75758,-0.2241696,-7.236492,-8.190602
-2.793901,-0.2229432,-1.596504,3.241902,3.240956,8.809863,5.066689,11.39584,-18.1669,5.947176,8.693481,-4.974949,-8.712499,-9.928215
7.216053,-8.88693,9.271618,-6.039112,0.4461113,-6.553024,-6.390732,1.910479,-15.11532,11.01713,14.25824,2.337805,-8.007831,4.535502
1.527849,-3.581095,7.862697,-4.793548,-9.3479,-10.87789,-4.536961,18.99856,-7.72038,4.322636,6.473684,7.364205,-8.472577,2.780714
5.832145,-12.80016,12.86463,6.719038,0.4305573,-12.40553,-9.483315,4.146968,-21.34714,-2.554169,21.03427,6.297277,-3.171187,4.436596
-1.288256,1.455907,1.467342,2.923857,1.400114,-0.3863958,1.561237,2.420847,-12.76342,10.11024,5.889173,-3.219913,-7.260029,-2.310706
-7.890385,-1.13457,4.057309,0.7178126,5.342158,-3.748967,-3.637728,11.57095,-6.297451,-0.6029803,5.570567,2.677477,-8.128605,1.504411
-0.1907159,-2.134228,1.204997,1.285117,6.309042,-0.6784489,0.1818129,1.752017,-8.620781,4.991887,-1.839498,-1.864287,2.106047,-2.502964
0.3716816,-3.965753,0.1505169,3.029636,-2.1701,-3.987442,-2.010279,3.139487,-4.135495,8.447059,0.7688457,-1.325818,6.699808,-5.012153
6.291542,-15.26547,0.6224936,1.40152,0.8075899,-10.33828,-14.35989,-4.796956,-11.35035,6.384888,4.981529,7.424954,14.35572,13.84069
-1.396118,7.142947,-7.490911,-3.280936,-1.592823,6.164612,6.363699,6.018449,-6.205693,5.464979,-8.53596,-7.773263,0.6682623,4.45276
-5.529957,4.308372,-4.94575,0.8778334,1.926596,9.588217,6.078426,4.959524,1.420355,2.540381,-1.775343,-15.14999,-3.277923,-1.020738
11.62004,-13.82675,5.271971,12.13178,0.5706234,-12.13242,-8.441955,-5.734138,-16.48874,-7.000877,1.212701,7.332318,15.19342,10.292
1.392713,-9.009022,-3.00032,5.820077,-5.154113,-6.698494,-9.487837,1.58945,-6.843407,5.055663,1.312718,4.085413,11.49591,9.441236
-7.958447,0.18534,-18.50912,-1.110107,5.227385,2.293531,0.5740067,0.3754436,1.253303,16.90712,-0.1701455,-10.29274,9.223695,2.000734
-0.5295352,-1.498936,-19.69912,-0.4538634,0.3384246,1.918563,3.522957,1.495834,1.477217,17.18462,-5.884245,-7.186103,8.61868,0.6955048
-10.67362,3.413178,-20.88249,1.729562,0.3956362,12.3434,5.744758,5.964125,3.469102,14.21095,3.043003,-13.76355,0.266944,-5.260991
-7.745525,1.085298,-10.23715,1.01393,0.645506,10.46657,3.116765,11.87301,1.640579,1.264248,-2.242835,-6.411949,-4.483725,0.01527666
4.905656,2.320592,10.11952,3.940501,2.451293,1.201144,2.560371,-0.7464513,-4.561488,-6.711171,-14.34557,2.138581,-9.864489,6.591515
-3.240368,6.698221,-1.31672,0.7030136,5.42505,12.0275,7.021989,3.333793,1.626255,-9.664195,-12.06236,-6.641267,-9.299932,5.389022
-4.038078,7.120889,-2.424818,3.236388,4.732206,15.08748,10.13477,5.405923,1.37639,-7.807737,-13.49729,-11.79987,-4.746876,-2.779363
-12.13273,4.163874,-7.108232,2.910439,-1.212556,4.545973,3.265108,5.15459,10.48438,4.425035,8.336114,-9.604793,0.9047375,-14.13193
-7.417539,-3.192242,-6.25104,-3.94907,-5.808897,6.037513,-3.961254,12.46888,10.48203,-0.5391359,3.353775,2.143406,-1.6638,-1.702626
-2.278493,-2.768624,3.274435,-0.4650215,1.892511,8.021588,-5.992432,4.062009,-3.461956,-7.860996,-7.289778,8.889338,-6.21215,10.18957
-0.3701703,-6.763881,-0.7752131,-7.690118,-1.535546,5.299851,-8.711504,-0.6629598,7.602228,2.734632,-3.795999,4.053522,3.376954,7.2382
3.043708,-4.977268,-0.7435392,-1.681141,-2.953652,1.816634,-4.933549,-6.693696,0.8543631,5.840073,2.049847,1.71716,6.511362,0.1496925
-1.842871,-10.16209,-3.640012,2.780244,-0.5305152,2.648598,-10.58069,-3.635467,-2.150808,1.551529,8.93503,6.844901,7.990465,1.791671
-3.718733,-4.13656,-9.699474,-1.642363,-4.260329,12.13442,-2.260156,3.79862,12.46185,6.284569,-9.176449,-2.39051,4.162624,-1.557513
2.521216,-6.656378,-0.00130157,2.279977,-0.07527737,5.142216,-5.28988,-7.40861,0.245704,5.831853,-4.614307,-3.415182,7.573266,3.866698
1.073563,-8.247179,1.037436,2.291487,-4.906796,4.317968,-9.289319,-1.784117,-4.75164,4.381304,0.9153345,6.019106,6.902107,2.040738
-0.2152597,0.02265431,1.273294,-2.762841,-6.563776,4.514991,-0.2595362,1.073605,6.413065,10.09188,-2.422606,-4.995217,-2.200635,-3.969618
-0.498016,-1.587947,-2.010476,-1.357985,3.985007,0.2915176,-1.876548,-5.172204,3.119385,10.6341,-9.140818,-6.389265,5.943465,4.059782
0.2934038,-1.649377,-2.631367,-1.531423,7.525959,-4.205554,-1.169573,-1.450025,1.241064,4.968386,-11.75918,-0.2558319,3.311477,7.312036
10.56759,-3.161424,7.512999,-0.07983506,2.574774,-11.2674,3.606602,0.3679452,-5.36979,1.604669,-2.763669,1.670857,-2.186806,-3.076515
5.567578,-2.136107,-0.6220884,-1.582548,-5.389292,-13.48008,1.132861,5.097466,0.04463542,9.415939,0.6239034,4.815223,2.291209,-5.778703
-2.00324,4.147345,-2.826588,-3.314267,-3.194326,-6.712509,6.404603,7.801012,9.312833,5.982383,6.714796,-3.291465,-9.141853,-9.878718
-1.194912,9.103146,-4.227172,-3.100793,-4.855046,2.91703,7.865136,7.177425,1.958386,-4.089723,-1.240759,1.999735,-10.45872,-1.853721
7.491683,-4.673364,2.541198,-3.502123,0.5528014,-18.11248,-6.684985,-4.388157,2.584237,-5.081274,-3.906527,12.30418,5.323835,15.55098
-0.6109995,0.4379142,-1.736367,5.789478,5.719136,-19.91399,2.665751,0.5378731,4.222034,5.97106,-2.378697,-2.74417,3.688742,-1.647764
-2.73594,6.965256,-3.171827,5.38805,-2.651827,-2.057738,7.113341,6.525084,-6.133348,5.590342,-1.921933,-3.280876,-2.126915,-7.501659
-0.378165,1.032195,0.8883364,-1.779446,-4.946518,-12.25593,0.4830711,7.555841,1.528911,-7.26087,13.96348,3.578667,0.2558514,-2.665426
11.84099,-8.756539,16.76847,5.140189,-1.52972,-19.16108,-8.528153,-4.729252,-3.694612,-17.68138,1.351954,17.34873,1.874502,9.75589
26.63165,-6.808383,26.04598,10.89469,-1.610891,-35.28139,-5.760276,-16.59065,-20.46244,-18.20889,-0.1195175,17.97198,-0.2605508,23.55869
-2.444914,11.34884,-1.039918,3.832294,2.023382,-19.86567,8.753464,-1.205983,6.504608,0.2093662,-0.5411113,-8.017371,0.9451345,-0.5021131
-19.52057,19.64089,-13.74133,1.030977,4.225717,9.89768,19.03373,18.09081,19.56419,8.347078,-18.95251,-17.10771,-9.662603,-20.84633
-16.17311,13.19718,-9.142765,2.465561,0.8659594,1.537511,11.77454,18.08847,9.042368,2.47658,1.884962,-8.623653,-12.57873,-14.81486
1.755959,-0.4095027,11.97587,9.896262,-0.2158856,-7.861116,-2.858373,-3.225969,-1.309521,-10.36127,-2.21662,4.580403,-5.883219,6.132984
5.583358,-3.625183,10.45096,7.246504,0.4520147,-14.58744,-3.942324,-4.684717,-2.045098,-3.607443,-3.846653,2.865366,2.585198,7.155448
-7.678115,5.295273,-13.40923,-5.421696,4.239156,-9.688464,1.748255,-2.895362,4.356586,16.0191,8.153382,-3.240768,9.086271,-6.564388
-4.735075,3.072679,-7.902531,-1.141209,4.742735,-9.088758,2.581249,1.739152,2.395156,13.78361,-1.82931,0.4748,3.240446,-7.332944
-4.607892,-3.112516,-1.408,-3.559293,-0.9854072,-1.464962,-3.781042,6.68028,9.631474,9.628861,-2.998028,2.504109,-3.639455,-2.888129
6.981272,-3.138141,-0.6894098,-2.108779,-3.684159,-14.53603,-4.84602,-7.133128,0.8277775,6.443738,0.453008,12.08035,4.683388,4.66613
7.65247,-2.885854,3.172523,-3.323093,-3.581234,-21.68119,-4.132758,-6.28215,-5.880651,8.418685,15.1715,11.11334,4.124145,-1.88573
1.137372,1.157704,-2.120095,-8.240599,2.803351,-3.466969,0.02158002,-1.901202,3.40994,9.656151,-2.453071,8.452688,-5.846786,-2.610063
-10.47945,6.007834,-12.37127,-5.008467,4.071376,6.213938,6.650765,7.335099,9.288631,10.92079,-1.603851,-5.15906,-0.6157729,-15.25055
-8.288797,-0.9183515,-8.35732,-6.910816,2.091959,4.947025,-0.7227401,0.6389095,5.772536,14.88176,16.00376,-5.682463,0.132714,-13.58818
9.798462,-3.721815,1.023186,-3.588477,-2.384814,-4.826609,-1.150273,-8.774508,-1.321658,7.112159,-0.191153,3.838546,4.119158,0.06779095
2.0884,-4.60042,-1.243498,-6.275544,-4.441903,-6.191547,-5.042964,-5.888192,5.415889,2.922454,14.03262,3.130053,13.72855,-7.6339
-1.203601,1.691086,-1.050749,-9.42841,-0.5874196,10.11504,-1.302924,-3.482029,2.331816,0.06142596,-0.2001213,2.343889,4.890244,-4.178248
-3.872715,-0.3568561,-2.126524,-1.898693,1.884816,2.375077,-2.954458,-5.951643,4.568429,-4.810901,7.272676,1.815354,8.959846,-4.904404
5.272432,-1.073139,4.548401,-3.001895,0.514128,-7.181216,-2.556329,-8.544941,-4.933719,-11.7287,12.98903,10.5824,8.39163,-3.27808
7.434696,3.113528,9.998811,-9.838361,-4.511057,8.383184,3.27891,-0.2140879,3.351081,-11.30012,-9.218101,2.962712,-0.1563854,-3.284808
4.546812,-3.203213,10.73816,-7.666448,0.7898445,2.415637,-4.692849,-6.276194,1.617732,-13.07671,4.798666,3.53632,5.124392,1.34785
-1.992213,5.525265,-0.7094151,-6.559306,1.370225,4.89418,3.93718,2.021535,0.05190474,-6.2028,-2.710084,2.811194,7.635493,-10.07315
-0.4703777,-4.051055,5.468195,4.474699,-1.226677,-9.442438,-4.786597,0.7509732,-0.5549343,-14.85275,12.0863,10.78127,9.152966,-7.329583
11.44129,-14.28946,8.987711,-1.290337,-8.009923,-5.4685,-14.13633,-5.512412,-4.814201,-19.34022,12.93439,18.90901,10.79461,9.794367
5.853193,-7.928609,3.797987,-3.169304,-0.6700425,1.822678,-5.645979,0.08764056,1.381509,-11.00892,-6.165987,4.486093,10.43791,6.721823
2.565012,-2.747196,12.31561,1.457202,7.569512,2.656147,-3.150048,-5.965871,-4.731986,-15.71415,-4.859557,-1.299042,7.1721,4.732269
-1.764019,4.46304,4.755195,3.305358,3.023535,10.2334,5.056387,-0.2796604,-5.878892,-10.55142,-4.170667,-3.026762,6.436475,-11.60197
-7.10591,4.966416,-4.064313,4.993574,2.890042,5.545521,6.652026,9.679667,1.821319,-9.811735,-3.174406,2.447459,-1.986057,-12.8536
-6.981647,-1.181915,-6.640303,-7.753336,-3.811475,9.963183,-0.6283084,13.59235,9.981878,-9.290325,8.429484,6.037322,-3.973852,-7.74306
0.2664328,-1.250362,9.012547,2.971859,9.731521,6.164886,1.650558,0.9054745,1.674543,-17.2799,-8.339255,1.037712,-8.085799,1.539784
-3.035008,2.647624,5.404848,-0.2912371,8.535873,11.3693,-1.460831,-2.497565,-0.3239865,-20.09456,-11.62855,4.284994,-3.621669,10.71077
-5.063364,2.923371,0.7472454,0.3345498,-0.6798995,6.196709,-2.025256,-1.443761,-1.632871,-14.92905,6.463377,1.315363,7.82238,-0.02878764
3.124391,-12.08369,2.791862,10.74233,-5.753071,-3.940939,-9.329479,-3.464086,2.042454,-16.01067,14.19128,7.894218,8.011016,1.78437
8.136042,-11.08468,3.934881,-1.291023,-7.792541,-2.429282,-8.66137,-0.4473501,5.390499,-13.87325,6.162512,8.450081,2.669149,10.83632
7.291616,-6.159361,13.49076,0.398535,-1.321361,1.171743,-7.446504,-8.652532,3.706049,-14.37611,-4.591478,3.592823,-0.4127379,13.30856
-8.882497,5.395915,-4.02978,-0.7199962,1.775671,8.614775,0.9390998,2.602691,7.22237,-5.854973,-2.293559,-7.736538,-5.348785,8.315613
-18.3759,3.061676,-17.82767,-3.211304,4.784417,12.91922,-2.049852,8.037789,11.18151,-0.4045743,5.233544,-9.221817,-3.281067,9.154036
-5.228052,-8.042934,-6.877658,0.2255544,-1.065743,13.2334,-7.68608,2.088065,4.593436,-0.8292474,8.014476,-3.492789,-6.726511,11.79408
7.715787,-10.98166,11.18575,5.278756,-1.13565,4.695767,-9.704135,-4.058688,-5.560043,-8.385962,1.501469,7.955162,-18.88145,20.37488
17.19186,-12.00109,18.19807,2.035573,-2.152757,-14.03819,-13.19086,-9.994634,-13.89186,-12.54052,4.021822,17.92761,-9.561769,27.99673
4.429398,-1.93416,3.168109,-2.25729,5.278529,-7.353033,-4.255836,-10.52964,-6.22908,-0.4833359,5.588358,-2.115753,0.3069479,16.38679
-9.977087,3.632795,-8.476414,-4.867089,5.328984,9.323374,1.921418,-0.2900208,1.826811,13.64014,9.340871,-13.16204,-4.846109,-3.395625
-1.869256,-6.508646,-5.009879,-0.2141906,-1.072541,8.590163,-6.146074,0.5931757,-5.132593,4.06698,9.469547,-2.422319,-3.344484,9.000108
3.383101,2.334643,-3.034585,-4.923174,0.3726983,9.477954,4.523717,-1.56204,-5.318806,-2.111738,6.905269,-6.004541,-10.64789,6.605397
-0.02730577,9.345349,-8.38031,-6.81596,-0.9237053,0.7029557,8.114366,0.4685734,-0.0319932,6.09003,0.3438517,-9.982052,-5.897297,6.993505
-0.121009,4.37293,-5.377306,3.047893,6.373173,-5.143835,2.342703,-7.934706,-8.493904,8.771009,-3.10638,-8.87975,2.116639,12.03255
-1.04439,10.69849,-2.848476,1.493398,9.539248,-2.149741,9.770926,-2.089615,-13.72581,1.794133,1.265453,-10.20513,-11.22647,8.72799
4.176197,-6.832597,3.98876,12.40931,5.401121,-2.575062,-3.447681,-6.09513,-9.674723,-5.480136,0.6886969,-0.6695055,-3.079318,11.19006
4.062011,-4.43974,-3.657368,5.798617,-2.158447,-3.235957,-3.524512,-5.373824,-9.024901,5.042955,4.032543,-4.780126,4.084146,13.1746
0.7707247,7.123641,-8.736782,0.9806352,3.542796,-16.76907,6.2585,-5.953272,-4.45597,9.396235,5.302276,-12.44601,7.418013,7.56829
-3.848111,15.33924,-7.727159,3.497208,10.43031,1.691277,16.98167,2.672937,-8.149595,4.815366,-14.96235,-19.2187,-1.953007,0.4309317
-2.923138,10.49155,-2.073363,2.727059,2.50537,-6.840788,8.583775,4.873963,-13.7642,2.761229,3.925421,-8.534091,-2.481193,0.7484125
-3.580065,2.076991,-2.1769,0.1323353,-0.114298,-0.4034765,2.845353,5.781095,-1.990545,4.664814,7.275505,-4.301353,-5.860161,-4.349292
-6.945126,4.83576,-2.935716,-2.408743,8.68739,1.821816,3.102254,5.66878,-5.221778,4.65563,-2.149867,-4.236526,-6.166103,1.292236
-2.037289,-1.051981,5.161492,-2.840003,7.691543,-14.78495,-3.298653,-0.4403642,-6.435983,7.130836,7.920073,-4.3887,4.599369,2.774611
-3.71849,0.6040132,-3.659416,-5.442126,18.49079,-4.836643,3.135949,-0.3542629,0.01251007,9.339059,-8.6721,-9.914162,2.319036,2.695843
-20.08007,12.00371,-13.68518,-1.681654,21.69693,12.53296,13.69692,10.63778,5.797474,8.198776,-12.59783,-18.46238,-0.3901125,-17.66732
-11.31663,3.324895,-4.891593,-2.693127,3.904927,11.68374,2.652179,15.4665,-1.067825,-5.327394,-1.941469,-3.511162,-0.04320253,-6.239838
0.214053,-5.597826,8.725288,-2.240281,8.100794,-4.749174,-4.806487,0.8769712,-1.398412,-3.030838,3.777074,9.035282,-6.805379,-2.10107
1.752594,-3.555705,4.168331,-3.277837,-3.315427,-7.294173,-3.171434,3.741122,-0.5354872,4.788626,9.005058,7.25613,-3.737016,-5.824785
5.654953,-0.9954483,5.037036,2.972533,-9.46419,-4.333038,-0.3065191,0.1871322,-3.610993,7.762517,-0.5873303,3.322077,-0.1759939,-5.462735
-0.6645387,0.7811215,-1.394706,-2.300639,-14.53057,2.265709,-0.4944129,0.3626932,4.809978,17.4673,8.153362,-5.215621,4.31904,-13.55871
-0.2478765,-2.251213,-1.053325,1.048915,-7.153646,5.052704,1.05669,7.484477,-4.121254,6.399432,9.96871,-0.9058301,-4.758986,-10.5188
2.839519,-5.033883,3.791571,1.563076,-7.556082,9.739127,-1.903676,5.262879,4.92811,0.02314478,-7.751482,4.796008,-6.419556,-4.27876
6.258926,-2.166517,4.719324,-2.750416,-7.941965,-1.867666,-4.479624,-3.559508,-3.892642,5.963778,1.019838,9.763329,-2.95233,1.885472
9.630229,-8.242677,4.881389,-4.897839,-0.3386734,-5.72505,-7.43805,-7.650822,-6.442534,8.99004,4.259295,10.29916,-5.298531,7.974059
6.024935,-8.982737,3.823255,-11.0397,-2.817056,-5.552145,-9.258011,-1.346824,3.484067,9.804385,2.889788,9.615664,-2.038154,5.392524
6.178116,-5.634559,2.162627,-13.54447,7.443426,-0.7807336,-2.802295,-4.257069,1.864936,8.439837,-3.232203,3.113741,-1.271122,2.319761
13.6899,-0.3776761,9.777377,-18.95179,6.257383,3.233727,0.8498713,-7.095201,-3.537085,0.8811282,-10.53408,4.604065,-11.38183,12.5842
0.3633172,0.4076761,2.937024,-18.37149,10.94135,9.426566,-1.263398,3.672262,-5.270507,1.169162,-5.902583,8.705287,-11.61024,4.795572
-0.0433366,-19.60527,-1.289228,-15.35406,10.11474,-0.6371637,-20.86521,-0.464057,0.6189495,-0.2560999,8.416881,21.10249,4.261022,14.00032
9.455113,-17.03279,5.452208,-11.22452,10.05224,-4.427398,-16.1117,-9.713292,-3.372146,-1.891663,0.3037448,19.26258,3.012146,16.23546
2.827443,-10.55434,-5.050233,-10.02669,15.91483,1.03607,-9.17271,-9.663501,-0.6134293,-2.225351,-1.49906,5.949823,6.134352,16.94279
-4.249934,-7.927905,-7.495919,-13.11349,20.64225,12.03411,-9.751465,-11.18302,6.211889,2.071539,-11.01144,7.115161,4.507555,12.15067
-3.246287,-7.415767,-4.357636,-9.475767,21.91967,9.128475,-10.20462,-13.02974,0.2631834,-2.432632,-8.999395,12.40222,3.373246,12.07505
-5.033103,-15.82936,-9.511183,-6.5015,15.98278,-3.181345,-16.02313,-7.301472,3.142489,-2.304292,13.32926,12.10687,11.0245,10.09947
1.091881,-11.84739,-2.937638,-1.052725,20.59294,-7.980594,-10.21301,-11.36472,-2.888925,-7.424261,-1.863204,12.94932,13.39115,9.547172
-1.757227,2.269523,-1.866099,1.952301,16.77866,12.20129,5.085406,-1.688936,-1.940763,-14.52791,-19.73281,-2.718805,-1.649837,7.595213
-6.963325,10.15303,-6.193889,5.852919,16.21817,11.96353,8.560639,-7.907794,-1.544142,-7.378104,-21.29532,-5.444598,5.128605,-1.149713
-0.3347795,5.344334,0.5699597,15.00137,2.766632,-2.038856,3.98253,-11.17268,-4.768603,-9.379424,-5.875407,0.11793,10.66575,-4.878743
0.9153773,1.27801,1.466321,23.62392,-35.08653,14.13461,1.073018,0.06320226,4.885931,6.216915,1.475857,-9.820831,5.323471,-15.54927
4.813937,18.3253,-0.3148463,19.14951,-41.73885,18.90825,19.50657,8.805357,5.661254,3.119211,-17.47238,-20.65813,2.330414,-20.43558
-6.663386,27.03921,-6.531185,12.54858,-36.12059,26.51198,26.27362,18.70497,14.80801,4.516581,-21.07634,-25.15086,-5.55524,-29.30532
0.5066633,19.35338,0.3230344,17.38413,-32.41476,18.6803,20.13378,6.865737,8.331093,2.938606,-16.17499,-23.78048,-0.5102209,-21.63625
10.0438,6.448581,3.333459,19.44277,-34.56702,1.107522,6.344725,0.8388562,-4.227655,-7.86494,-0.7046546,-3.343667,10.3453,-7.197073
9.86184,-0.08024756,11.67406,21.50415,-27.97873,1.381019,-2.157702,-4.148842,-9.801479,-2.824673,-7.772959,5.070178,12.23096,-6.957575
2.393242,11.75325,0.9725408,12.94158,-22.75196,5.59762,11.8898,7.355388,7.042576,2.520237,-20.78949,-9.125642,0.9709649,-10.7701
-8.195366,14.65965,-11.93576,11.62477,-30.97833,6.595596,14.07721,15.53264,19.28195,5.506816,0.3223415,-9.8611,1.367622,-27.99802
-4.579987,11.65202,-5.237396,15.64608,-21.12823,3.144715,11.24615,2.43787,7.759363,2.103268,3.379036,-10.6262,10.38298,-26.17966
11.13822,-4.20662,5.656926,21.84858,-17.89625,-15.04967,-1.274976,-8.184477,-1.537339,-6.103534,-1.941625,3.507392,20.31987,-6.276501
10.05786,-7.689837,6.893028,20.5942,-20.1664,-12.22652,-9.631188,-10.02427,-2.819843,-12.31197,2.460999,10.14019,17.30429,7.419452
5.173302,2.055519,-0.04518484,6.311839,-24.53893,2.214271,2.263566,5.152449,3.93732,-4.490555,0.5055,-0.07821573,9.058509,-7.519386
-2.107713,4.959737,-7.443432,10.50245,-17.36159,6.249794,5.028169,6.672869,2.911449,-0.2298229,-3.725455,-2.634598,7.475746,-10.2976
-3.656152,3.872383,-7.51856,12.24607,-7.11588,-2.186877,5.508035,4.691469,-1.083562,-2.475071,5.519529,-5.533543,5.206371,-7.474208
-7.015648,13.93234,-12.41169,0.9656094,-6.15333,7.444682,13.51943,8.04555,5.411202,-0.3056588,-3.039989,-11.9562,1.882963,-10.31926
3.26743,13.47802,-1.037517,-15.11526,-16.95259,9.778924,12.13414,10.50311,12.05039,-0.3606628,-5.398857,-8.387551,-10.46441,-3.495173
1.032532,1.717662,4.374846,-6.00602,-9.669692,-0.8304514,1.913966,8.729061,8.642474,-2.130632,7.542323,-2.426234,-11.78082,-1.109012
-3.154786,-2.19026,2.702156,6.621901,1.648739,-2.36234,-0.4585411,4.551892,2.798958,-8.266002,1.976944,-1.551013,-0.02768873,-2.289961
-2.747705,-1.655929,-7.399069,1.293754,1.251714,-7.939151,0.5232914,0.277019,2.662561,-6.512992,13.75941,-4.683595,17.23058,-6.05989
-9.396333,-1.810283,-11.64158,1.99659,6.28656,-5.407535,-5.327178,-0.2724954,0.7198008,-6.379512,7.269062,1.578001,19.49183,2.893073
1.831258,2.162816,5.126474,-3.711316,-0.3639972,-0.06585667,0.3077353,1.722705,-4.433073,-8.814109,-1.298434,3.158464,3.514743,0.8625922
10.15911,-6.248545,12.73647,4.634382,2.412954,-11.25581,-4.428483,-7.259592,-10.56178,-11.69895,5.682003,7.281794,1.293577,7.252857
8.220592,-7.380132,15.64275,12.15137,5.108428,-16.13527,-7.725931,-10.12678,-12.9958,-12.65257,1.900741,11.12525,4.165066,8.702268
-4.913545,0.7498026,1.411551,-1.014312,2.097849,-0.865738,-2.085913,5.019659,-5.278249,-5.342005,8.695148,4.226166,-1.275637,-1.424776
3.077251,3.063106,8.069131,-5.776329,2.852522,2.124549,6.116346,3.437158,-0.4923259,1.328185,-1.284976,-4.237853,-12.16407,-6.112691
1.376889,7.819982,4.684208,-16.31238,-2.562088,-1.18022,5.87454,12.33379,3.064178,-3.247622,-2.114485,4.848092,-12.29755,-2.287328
4.535347,0.4288135,5.801854,-10.71129,-4.785961,-0.9871685,0.8170331,5.923487,-5.913187,-4.419261,13.98682,5.916759,-5.295425,-5.297826
9.136466,-6.099017,16.13381,-0.4921701,1.285075,-6.983202,-2.351056,-0.342666,-6.295575,-3.573527,3.807575,4.915471,-8.63787,-0.5033221
-5.091548,0.1178098,1.831782,-6.540555,0.789123,4.270516,-1.489545,8.710232,10.12533,-0.3898666,-1.961475,3.149537,-15.06885,1.547513
4.323596,1.375337,10.42997,-9.677221,-2.221187,-5.430493,-1.474644,-0.4661927,3.265694,1.209254,5.833183,4.122579,-17.53211,6.242237
5.511665,1.372806,14.26905,-4.491877,2.863319,-4.073804,4.105823,15.02299,-8.143351,-6.939301,-7.070242,6.840201,-24.03448,4.767191
-6.289001,4.41395,2.844477,-2.494232,8.36265,11.10703,8.934567,9.049202,4.360024,3.37389,-2.467934,-12.27511,-17.24767,-11.67184
-0.7030542,-2.585182,-3.682831,0.3972565,3.488486,-1.870928,0.9087064,-2.088457,-2.845267,4.006711,12.46716,-8.747123,5.249018,-3.9945
-1.808865,-1.769144,-2.45593,2.433546,4.358483,-7.63325,-0.5010731,5.824722,-6.101346,6.603515,-3.766481,-4.640363,5.069802,4.386382
3.685591,4.145185,4.419086,-3.673218,5.527443,-7.070765,2.92539,-0.7153331,-4.709231,1.889559,-9.484365,0.4978261,-5.681201,8.244036
0.5691727,4.3897,3.495586,-4.364976,12.99569,-5.286182,2.823491,2.473044,-7.491836,-5.253689,-13.40417,6.563869,-5.375615,7.865919
-8.100421,5.481026,-5.551165,-5.43384,14.13218,2.190627,6.008245,5.622936,0.8586208,3.814903,-5.374796,-3.395908,-4.294021,-5.958379
-0.2546938,2.941226,2.369328,-1.196628,13.44698,0.6737116,6.409132,0.3808394,-4.847804,1.886715,-11.32288,-5.737063,0.06590591,-4.814772
-3.370449,-4.230503,2.988461,-7.234518,15.35476,-2.730373,-3.076835,-0.3607816,7.324626,8.442595,-6.451928,-0.5641233,-8.891119,2.800181
4.021941,2.110615,0.678914,-13.60254,-2.716887,-1.48012,0.6669706,5.662348,5.591001,-7.414596,0.5147605,10.03805,-11.54439,7.473944
0.4745927,21.29963,-9.013186,-9.744421,-3.740733,7.428882,21.84685,16.80815,-1.786768,0.3916877,-22.54952,-1.468475,-12.32158,-7.625086
-5.372124,10.36675,-6.534624,0.5457973,8.062618,1.629635,10.99039,5.236041,-0.404875,2.5156,-11.09615,-0.9880299,-6.23043,-8.72059
0.4713623,-7.445789,2.255123,0.778704,7.045734,3.096804,-2.455062,2.096428,0.6598193,4.207001,-6.840446,-0.4546672,-1.100832,-2.314188
-11.81668,-14.29175,-4.479755,-11.78212,13.26193,8.346811,-11.58025,2.166288,14.2432,14.65578,12.48452,-5.337717,3.331272,-9.20155
-3.107882,-8.888697,-1.221125,-17.6972,2.32416,0.09514087,-11.34172,-0.8674442,11.78611,7.928619,9.038143,4.423635,8.781332,-1.253077
8.211794,-1.828621,-2.165915,-2.968505,-0.4264884,-7.497768,-2.339963,-2.005079,-12.46306,-2.567117,-4.779519,14.65098,9.645592,6.533668
2.136015,-6.926164,-6.222246,7.382645,8.736335,-16.64671,-10.31833,-12.58731,-12.65127,-7.408686,7.210131,16.24566,15.57577,15.47416
-11.2012,-1.336871,-22.77372,8.386453,4.962923,-8.337323,2.227533,5.090449,13.09061,12.59966,1.649076,-0.9203632,5.19935,-8.636577
-9.051752,5.648465,-10.90757,9.611354,7.764586,2.252696,8.856586,1.324668,4.253715,5.167761,-3.465125,-7.297805,0.4315038,-14.58908
1.98947,-1.067241,1.689899,2.134564,0.6717066,-3.271718,-3.353236,-3.159305,-3.931546,-0.569562,-7.119323,6.589546,3.4256,5.971143
-3.90556,2.492913,-12.32366,-1.142128,0.7515597,-7.067238,3.958409,7.12974,7.383872,5.901848,-3.255565,-0.6069204,2.401954,-1.719225
3.09328,-4.695457,4.033052,9.36954,4.726563,-4.942305,0.04458303,-1.539398,3.509043,-6.968868,-6.195931,3.42617,-4.943492,1.083215
6.490181,-13.97716,-1.037059,12.96979,2.432834,-11.21022,-9.952666,-2.721063,-5.575602,-11.29699,-0.08410496,18.07081,2.846506,13.04473
2.197977,-7.265258,-7.550955,3.181665,2.881941,-10.18057,-6.280089,-4.060075,-2.090993,-2.513942,4.259828,10.88763,9.648313,6.884524
6.284208,-10.9465,6.490853,3.977156,1.598022,-14.3464,-13.01771,-5.677193,-7.246593,-11.51158,2.634062,16.24577,10.34827,15.16762
6.743826,-10.32989,2.972467,0.4187615,-0.7176763,-17.13112,-13.13357,-2.437868,-4.372263,-8.966544,-1.119267,17.24078,11.03261,19.79975
-1.897193,-7.478092,-2.559074,-2.650691,4.297243,-5.790058,-7.462006,6.047522,5.777555,-3.363544,-2.249721,12.35735,-3.372767,8.343468
7.100741,-5.049098,-2.951492,-7.560598,-0.1723094,3.551738,-2.629128,8.228453,-10.29071,-15.0618,-2.447727,15.52691,0.2299116,11.5251
3.263462,-0.06998069,-8.087193,-3.344039,-5.92035,-8.129905,-1.022019,6.92077,-10.42644,-14.61712,11.85252,12.8316,11.66864,5.080059
-1.735064,-0.325507,-0.4750809,6.750398,7.716796,-10.3954,-4.10251,-6.003597,-5.766943,-7.279935,-3.132359,7.503175,8.998366,8.247661
0.4294989,-6.015002,4.754375,-0.2625434,6.19513,1.279664,-8.453966,-0.7031307,-10.39365,-3.354028,-5.576071,6.752124,3.178228,12.16937
-4.76391,-8.639721,4.847476,-3.18201,5.605462,3.267952,-10.88191,9.203589,-7.771627,-1.135836,0.3036427,5.055066,-2.946632,11.03845
-10.40234,-4.203854,-8.914137,-14.06751,3.120766,10.79896,-5.546515,9.800975,14.63248,17.28594,-4.249327,-2.388723,-5.256126,-0.6105819
-2.361504,-8.914343,-0.9557962,-8.341649,0.7156978,-3.223054,-11.91388,6.231525,2.005032,11.71754,-0.5079938,7.515293,-5.794615,13.82774
6.952355,-9.420136,9.960975,6.68767,3.336238,-12.92671,-11.35474,-6.615921,-13.87891,4.775026,-5.086668,7.125338,0.6882165,19.75726
-0.5863511,-1.553723,0.8891587,2.455684,-2.702387,2.233811,-1.337883,0.8327562,0.2525128,11.20179,0.2203442,-5.090686,-11.36396,4.548937
-1.275003,0.1323955,5.266154,-4.150853,-3.687608,7.526019,-1.365433,8.376921,-0.3285117,9.642464,-8.946845,-0.5514039,-13.01479,2.376498
-0.5710607,-2.857262,-1.640676,-4.534636,-4.793119,-3.180845,-4.978039,2.780928,-6.548437,8.201954,7.043265,0.8629106,12.4193,-2.20428
-4.161302,-4.592302,0.8556265,6.824337,0.8293099,-6.296445,-9.481241,-6.197594,-11.31166,11.6706,5.588594,-0.895892,15.90588,1.262078
-10.5082,3.783038,-10.4109,0.04779484,5.338885,-5.339887,-1.028898,-0.7754815,0.2847302,19.26202,-0.5819041,-6.493441,8.222078,-1.799833
-5.773323,7.268929,-1.223274,-6.467028,1.805402,4.122957,3.535467,-0.706045,1.636232,12.068,0.1267682,-9.739336,-1.533363,-5.12138
1.047478,-2.052197,2.362282,-9.466387,2.401438,11.22447,-0.6546137,2.372102,-2.76055,6.047596,-3.912797,-1.244147,-2.505848,-2.85883
-8.275336,3.972208,-6.628679,-7.239013,6.726923,11.12885,4.806708,4.087367,4.038053,12.53872,-2.438164,-12.43669,-1.464821,-8.816114
-7.391272,4.327574,0.7104964,-3.712506,6.61399,2.281498,2.443535,4.250556,3.170758,3.865574,-3.173097,-10.16871,-2.247753,-0.9706417
-20.17703,14.62686,-15.63061,-9.886922,7.17074,15.15542,9.977324,5.646029,10.39088,14.14467,10.11718,-16.68538,-8.934916,-15.91422
-11.93668,13.50655,-3.310592,-7.235426,4.556953,16.0763,11.2444,3.778568,10.61534,9.735869,-1.628046,-13.65993,-16.19608,-15.54721
5.412243,-2.436768,11.01126,2.535071,1.24088,-6.276837,0.08375973,-2.846102,-4.62919,-3.286551,5.865932,-1.90719,-3.071477,-1.695038
3.404972,4.459597,0.1949785,-5.02852,1.2674,-9.911878,8.842338,1.161731,6.354495,-0.06231566,5.001244,-9.788179,1.594071,-7.489925
5.909524,2.153632,10.67252,-8.521055,3.45631,0.06889918,1.31756,-5.460831,-1.805442,-7.405228,0.6625162,-3.868537,-3.209023,6.029154
-4.659185,9.970191,1.383041,-9.039902,2.205876,6.700769,8.683361,1.410758,-1.822796,6.986011,6.774777,-13.02248,-0.4717423,-15.09867
-2.237349,9.623702,-0.6758276,-9.760799,1.191523,5.137865,11.05395,7.122913,1.421478,7.426955,-5.67634,-8.914687,1.443455,-17.15683
-2.059539,3.242535,4.144079,-4.827929,0.6891855,-3.028257,0.5605524,-0.2936974,-5.226695,9.223032,5.746568,-6.486686,4.440172,-6.123318
-0.7783205,1.473527,-1.162629,-1.497286,-0.6708997,-13.04532,-2.753218,-11.73993,3.682263,24.34588,0.03535154,-8.783356,13.26063,-2.366687
2.683326,0.9456581,0.2673708,1.403107,1.668022,-11.45216,-0.5940595,-12.30199,-5.473666,19.16038,4.866251,-5.522161,6.039869,-1.689948
9.818514,2.965832,12.97055,-4.381313,-0.8414919,-12.97941,3.59541,-9.037502,-2.247744,23.4146,-7.223601,-3.637866,-3.934137,-8.481837
-3.747736,6.634448,-0.6730933,-4.367512,5.243768,6.540656,7.705042,-3.370385,4.613001,29.72687,-11.78857,-17.56558,-6.794055,-12.15685
-5.826218,6.799491,-8.054112,-3.20359,4.251194,-2.850864,7.255861,-0.8444546,-2.492135,22.80895,7.245798,-14.84145,2.60699,-12.85545
0.6792893,-3.965341,-1.419151,-1.617931,1.641702,-18.47867,-5.250758,-10.53039,1.877215,29.78649,6.254402,-5.71781,10.68709,-3.946134
0.4059179,-0.1425178,-3.826786,1.46381,3.397823,-0.3579233,2.856246,-7.480564,-4.176378,17.86152,6.935125,-8.991433,0.4707028,-8.415537
10.79064,-7.458948,8.544362,-2.886612,-3.327272,-12.8213,-5.590253,-12.00891,-4.45789,18.52857,9.566154,-1.081924,2.850845,-0.6474645
-2.971952,12.39114,-1.364385,-8.772183,-3.757361,2.306623,11.31915,0.05091244,3.982344,19.23493,6.429864,-19.16773,-6.279657,-13.40168
-1.647091,14.04151,1.865574,2.253911,-2.703021,7.457624,12.85605,-5.87443,-3.897027,12.23018,-2.315649,-14.46194,-1.344045,-18.46163
11.22056,-9.378851,7.333355,5.972961,-5.510668,-12.03865,-7.478009,-14.00447,-3.706542,9.428712,3.545872,0.9157531,9.709874,3.990089
5.579401,-4.078581,2.987351,1.34304,-4.590345,-1.045836,-2.601552,-8.348352,-1.656542,-0.6415449,11.47441,-3.045022,3.773097,0.850467
-1.712965,1.63343,-0.9733004,-1.38757,-0.1191675,5.090049,0.2646847,-4.714477,2.086324,7.25613,-0.9045642,-10.12775,1.708046,1.901137
-0.08672407,2.182329,-3.24986,0.994611,-2.955141,3.961386,0.7326118,-5.372991,-0.4995015,3.857093,2.861556,-5.686566,-0.1779674,3.439165
0.3213262,-3.338455,-4.603011,4.26373,-5.599375,1.983,-2.585665,-6.133145,0.6084424,3.966705,12.51509,-2.989941,2.956192,-1.364898
-4.576827,2.894331,-11.08933,10.64608,3.309428,0.4441684,5.025365,-6.633917,2.2204,4.237543,5.429707,-13.91458,0.8739725,1.133662
3.878865,-0.1915714,3.938137,18.0952,4.05273,1.374349,3.775637,-9.406919,-8.828388,-5.485699,-6.310182,-4.498348,-1.021313,0.6275006
-3.766584,7.148592,-2.97426,14.72715,0.3807504,12.13343,11.13462,-5.75941,5.048526,-2.738887,-1.178733,-12.15389,-8.707259,-13.29404
-9.280524,4.987649,-15.15789,2.108192,1.075909,10.82254,4.878325,-6.790141,10.65325,6.900773,11.71411,-13.23229,-2.437486,-6.242418
4.315648,-9.19208,2.486655,12.01351,-3.576535,-0.3059929,-10.10466,-12.58215,-4.427488,-3.368573,2.540561,7.893108,6.139739,8.168242
-4.145591,-4.77651,-4.932435,15.68476,0.8970518,-0.5229377,-6.382248,-13.88692,6.322719,-0.02986834,5.840683,2.643196,0.09271241,3.195386
-3.642956,-9.199179,-0.7692659,11.6343,0.3031158,4.745874,-9.987632,-9.80626,12.58355,5.238612,-6.148195,2.647511,-3.045043,5.445558
10.85872,-5.028663,7.36303,5.771608,-0.4302039,-0.8365463,-3.902004,-20.03784,-0.4495699,-0.5105303,-4.913422,4.781636,3.945784,3.387998
5.70942,-8.738426,3.665841,-2.908445,-8.689678,-5.235928,-9.663287,-13.19454,8.171121,13.93086,11.10075,4.304176,5.813636,-4.265497
5.009319,-14.67011,7.465737,7.173076,-8.868495,-7.877995,-19.14861,-18.54444,1.735179,6.179537,17.49811,6.76334,3.997856,13.28748
6.830876,-8.347659,7.597406,3.064986,-3.523431,-3.521143,-11.55569,-15.75895,-3.196971,-0.3890018,8.178761,4.048199,1.860735,14.71187
5.189801,-2.562551,9.394394,2.006543,-6.636587,7.876259,-4.349089,-7.534222,2.289137,7.410443,-11.35944,-0.9222681,-7.010263,6.207842
2.366526,-4.690308,9.304609,1.139234,-3.437229,3.37465,-4.005033,-2.670616,6.114326,-1.448933,2.293356,-4.368958,-8.335822,4.364192
1.914204,-5.901384,7.505376,-0.2635599,-3.270389,8.897325,-2.691713,-3.241215,8.38585,6.157379,0.1440289,-5.751223,-4.900314,-6.984368
-1.482734,-2.243542,4.390226,6.894351,4.0137,7.453682,-1.272461,-4.871179,-1.817293,-3.325168,-1.052084,-0.9025321,-2.363524,-3.421443
-4.772468,0.5377612,6.699201,7.022291,1.424694,5.893407,-2.429802,-7.230058,6.563894,-3.02747,0.05385761,-0.1326184,-5.823072,-4.779617
0.9025491,1.57132,9.137588,4.718242,2.772998,4.351149,0.6360185,-8.604006,2.188459,-5.847882,-5.455021,1.810353,-1.861509,-6.320254
-4.243459,0.07686754,-2.146152,-0.6583437,1.143311,2.864894,-1.702294,0.02107327,6.036497,-2.363047,1.219206,2.312565,-2.202361,-0.3587538
-1.698691,-1.412374,1.40847,3.014339,-5.364695,-1.497849,-2.029661,-5.908632,10.51533,3.133366,11.35827,-2.724551,-1.760563,-7.032758
2.332633,-2.624345,5.795809,3.224119,-1.212534,-2.967932,-2.738616,-5.120155,0.09588362,-6.837951,11.23485,4.657147,-5.746294,-0.09261913
-8.921939,14.282,-5.437932,1.418831,0.7662697,10.48765,11.73523,9.769666,2.760976,-10.78525,-4.853604,2.424111,-14.44224,-9.20375
-5.106478,4.671772,-6.53667,6.298257,-1.44273,2.991388,4.83672,4.847822,6.577363,-9.615167,-1.957292,1.345081,-4.055048,-2.855014
1.753159,-8.855735,-1.671738,6.260589,-4.105718,-11.15331,-6.388174,-7.004354,4.765056,1.493694,21.5525,1.216012,4.80548,-2.667468
7.713623,-10.14708,8.915365,5.407094,-2.276037,-8.76415,-4.573318,-5.727824,3.906632,-5.953487,10.86365,3.76807,1.803315,-4.935868
-4.75828,-5.643199,1.624066,3.627192,5.96798,5.300625,-3.917863,3.533668,8.758656,-16.8272,3.08014,3.767186,-8.876773,4.363796
-4.530329,3.127198,-3.166277,-1.206239,3.365223,4.877537,1.893115,7.261343,8.001925,-21.8176,-4.078413,6.296771,-7.232678,7.20843
5.444466,1.548506,0.7138892,1.075292,0.4785034,-1.874408,2.079621,-1.59552,-2.178443,-23.57778,1.259148,9.411952,-0.89522,8.109995
-0.5404703,-2.119276,-4.669237,7.331496,3.779594,-9.279818,-2.181622,-5.236786,-2.850697,-20.78866,18.5866,9.376803,4.729345,3.862724
-2.820873,-3.993752,3.273919,6.683792,1.630456,-5.339128,-1.964133,9.564919,3.175601,-20.88578,6.538131,11.13088,-4.608807,-2.385226
-14.788,10.01522,-4.024043,7.184514,6.462138,11.86456,11.31487,17.86496,5.495378,-27.96811,4.532459,-3.485072,-14.10212,-10.36674
-12.15817,12.24076,-5.604555,8.803889,7.157883,14.96177,12.50186,13.84133,1.415081,-24.95851,-9.114143,-1.773449,-11.92979,-5.383951
-14.81669,8.749965,-9.192883,-3.742291,-2.329816,12.33967,7.927895,22.54331,11.37161,-13.88483,2.883426,-0.3413432,-8.089872,-13.41814
-9.350399,0.622756,-4.293639,0.7156926,-0.8998348,-5.189837,-0.2528983,13.37653,8.869049,-24.11543,21.18531,2.881028,-3.269341,-0.2789876
-1.046516,0.9962727,10.57963,5.651056,4.495091,3.150527,3.973248,10.03354,1.892982,-29.74898,-2.182352,7.265883,-10.98501,-4.07537
-10.91289,7.952492,-5.04348,1.389984,-0.7941809,17.58075,8.686563,17.48454,7.778217,-22.1158,-2.807441,6.295427,-9.679497,-15.81468
-8.68294,1.889439,-4.314501,4.612025,-0.6693892,8.357622,4.493311,19.63601,5.975543,-23.87675,0.5429838,4.279924,-6.421189,-5.822087
-9.715534,6.591181,-2.681372,1.509689,0.9747704,10.9812,7.181244,12.92837,8.501845,-17.73164,1.506004,3.790145,-9.475333,-14.36056
-4.29551,1.635691,-4.495031,3.036303,0.0605028,3.830599,3.05072,8.500333,3.055526,-24.00161,7.40233,14.11865,-1.026682,-10.87181
-4.595682,4.112675,-5.258242,0.9810889,-2.230395,2.063737,4.970007,9.867999,3.113204,-12.04069,6.513474,6.389186,-4.73542,-9.150939
-7.477999,2.065375,-1.941487,9.240968,-2.026735,7.993155,4.375937,6.598418,2.755403,-10.98062,7.424875,1.787515,0.8774745,-20.69228
0.6172017,3.816624,0.9385618,0.3726367,-3.330618,-0.1271256,2.719437,6.713752,-2.029666,-16.55844,-4.714259,13.13475,5.260632,-6.81349
-4.526621,7.302526,-5.646978,-3.755254,-3.073438,3.698123,4.780828,8.204476,1.618606,-3.227046,-1.023878,8.499807,-4.611524,-8.239622
-1.946589,1.704491,2.843258,3.290354,-3.787522,2.881125,-1.00079,-0.2316993,-0.7207207,-7.267467,2.250149,3.615429,2.18221,-3.812227
3.288341,-7.971888,1.486778,-0.2223381,-1.626096,-5.470694,-9.592147,-4.041338,-3.866928,-9.112504,11.96577,16.43391,4.376175,4.352943
6.375217,-6.612138,-0.9980058,-1.164404,-9.659314,-0.6676085,-3.706326,1.071818,-1.626846,0.1116239,6.888999,4.231172,7.062822,-1.307018
12.51553,-10.25606,4.457469,-4.930338,-4.651725,-0.3208172,-9.927594,-8.832424,-6.880099,-6.560481,1.228652,9.654028,8.699652,15.8042
19.32991,-13.07072,6.736908,-6.650337,-8.34874,-9.146228,-12.66324,-10.58893,-12.68124,-9.059745,9.186654,16.40423,8.01634,22.53512
7.448404,3.559124,-7.267862,-8.351705,-8.955373,-0.1052847,1.497666,4.0875,-2.171688,-3.427657,-11.60834,8.347304,1.30045,15.64747
4.918565,-7.087416,-8.239565,-5.6313,-4.745094,-4.566908,-6.970376,0.136766,3.146865,-3.357439,3.842734,8.861104,3.424479,16.26758
10.55382,-12.69944,-3.449497,-8.678669,-10.53545,-10.78234,-14.48318,-2.599568,-2.804425,4.653615,5.142808,13.18883,11.20375,21.28974
7.251031,-2.905204,-6.694757,-10.14496,-1.523627,-3.415075,-3.227996,-1.763367,-3.583563,4.502619,-5.383276,4.76942,7.249754,14.86899
12.70036,-8.430941,-0.9646167,-9.714224,-3.169174,-5.042111,-6.164825,-4.119697,-9.274093,-0.785123,6.254216,3.840654,6.921517,17.94805
15.14575,-8.344142,-5.285674,-21.72575,-0.6727539,-7.008986,-7.918467,0.7526883,-6.869656,-0.1311074,-6.216801,12.43314,4.360912,31.48084
13.39137,0.8177009,-4.335876,-16.54909,4.301025,2.2829,4.371944,0.5403217,-9.567272,6.425701,-18.53156,-1.814113,-3.362113,22.02905
15.56688,-1.946094,0.5744867,-12.95644,7.203823,-3.913531,1.686818,-1.335973,-10.5992,-2.255366,-20.4769,3.147396,-0.6786985,25.98279
18.65262,-2.418095,9.440838,-11.89609,0.9824086,-9.575468,-1.373756,-4.412427,-14.72225,-6.413405,-11.13596,2.930538,4.015141,25.92591
4.28144,5.048617,-8.730536,-20.95636,1.205438,3.958383,6.378465,2.202132,4.568487,13.36226,-9.041479,-10.93543,1.334197,7.324402
2.19999,6.725468,-11.01672,-19.16656,2.447771,8.44836,7.150667,6.461115,3.208337,12.83241,-20.57862,-10.96221,-1.408866,13.65887
7.384,3.199368,-4.363288,-17.25557,1.527802,3.607848,4.827447,3.866782,-5.504221,20.48923,-18.16716,-12.48556,-3.416724,16.29005
13.04811,-2.099085,-1.350446,-21.61394,-0.8815005,1.72541,1.985927,1.438763,-0.900663,19.23339,-16.03223,-3.791106,-1.575752,10.81312
11.04024,-5.493472,3.919997,-15.14583,-7.976866,1.468268,-5.81737,1.988504,-4.322062,9.710257,-10.38403,-2.380973,5.838139,17.55519
3.326432,0.3377823,-7.446651,-11.08554,0.5906011,-2.58953,-1.127712,-0.6153924,-8.540663,20.22915,-6.396723,-3.474068,7.375033,9.417285
-4.391096,-0.2377629,-10.09141,-9.790005,3.645789,6.331241,-3.858701,1.529889,-5.521792,18.87051,-7.414923,-5.315432,5.577478,10.66621
-4.259138,2.972203,-0.8756341,-6.731071,0.203229,3.859426,1.303431,7.135352,0.358166,16.26345,-9.656674,-12.38973,-0.5110107,2.328002
8.059268,-0.5025937,2.87254,-4.334218,-0.482707,0.1803571,-1.020382,-8.466063,-6.764084,8.74024,-10.13325,-1.612245,6.599434,6.863699
-4.142485,0.1213908,-1.841866,0.2063442,5.240924,2.199147,0.1422017,-1.38304,0.9013954,8.111298,-4.497209,-7.682656,5.635122,-3.010565
-8.498632,7.347023,-5.210745,2.436779,9.067535,5.295503,6.742337,3.219265,-2.673557,7.399511,-11.2892,-11.03585,2.450612,-5.25058
2.566035,0.6031656,-1.069398,2.185061,4.207383,3.377872,1.340834,-5.435815,-8.179446,1.318482,-8.366924,-2.705878,7.271993,2.886636
-4.101732,5.802715,-1.883077,1.118677,2.789924,2.701453,4.75473,3.055119,-2.985469,6.508494,-5.81767,-3.712545,-4.486926,-3.743683
1.513881,-2.38643,4.46216,3.055331,3.858943,-1.514571,-3.031091,-5.297356,-4.290688,1.804146,-5.28551,-0.3358044,3.681401,3.765587
4.552853,-4.088295,4.970428,0.4577476,4.31479,-4.913329,-2.952262,-7.84726,-6.829555,12.37391,-3.681251,-1.065707,5.996865,-1.288945
3.154713,-1.890143,3.372189,0.6644741,2.339715,2.95342,-0.5255384,-3.611115,-5.842351,7.068107,-4.744017,-3.256509,-2.182226,2.499279
1.225013,-3.615465,7.019759,4.472547,6.82539,6.525345,1.341734,-0.5801717,-2.375276,7.865181,-10.44773,-6.856071,-7.461545,-3.938712
-15.26497,14.94344,-2.349469,8.163726,5.466109,12.00398,14.29588,9.236583,4.454584,12.22296,-12.12075,-16.21647,-14.17382,-20.66178
-11.72362,13.63213,-0.4382761,3.740752,0.9239805,10.64543,10.20367,10.18529,0.3810135,-1.526969,-7.076457,-7.146508,-9.013743,-12.78669
-6.92803,2.074443,3.331149,4.135224,8.36832,-1.818001,-0.6358374,-2.162356,0.09422233,4.87752,-3.181507,-4.595822,-1.297989,-2.261335
-9.190243,9.978706,-0.07142736,12.2675,7.278053,2.700139,11.1491,6.112947,0.4902696,-0.6321148,-14.87424,-11.01201,-0.7539141,-13.44276
-9.95287,6.148624,-4.706617,8.068799,10.21846,5.62998,6.424122,5.870096,-8.372478,-2.401248,-4.961333,-8.505282,2.466957,-5.927207
-4.146996,1.052881,-0.09787512,3.979379,1.113588,1.242835,2.659876,5.296547,-3.034391,0.741551,2.727378,-3.623569,2.574661,-10.48587
3.349479,-3.172307,3.15573,-0.6955739,-6.528639,-4.55607,-0.6456822,2.802302,4.536284,-0.3211917,4.566161,-1.851501,3.66982,-4.308816
-5.148251,6.324332,1.20587,9.588739,10.93129,-3.922133,6.550405,-4.916903,-3.559934,4.683804,-6.14402,-16.09139,2.314099,-1.815901
-9.383501,10.97704,2.717784,11.81658,10.16658,8.25941,12.85725,7.072132,-3.924085,-4.545154,-14.86533,-17.51069,-3.794315,-9.843704
-11.37109,7.95548,-8.209896,1.573874,-2.563654,9.701219,5.265957,9.217354,3.860348,-3.519485,3.109933,-6.079402,-1.660758,-7.279874
2.807325,-1.843022,3.60431,1.370661,-4.526113,-4.77917,-5.418951,-3.163856,-9.582206,-0.1930596,6.480017,8.158098,3.496444,3.589518
4.368664,-9.894199,7.69963,-4.178916,-6.59372,-3.065556,-11.06309,-2.630491,2.767273,3.959633,7.728662,4.496038,0.7498637,5.6562
-4.400627,0.9676359,1.675466,3.759191,0.751376,3.023784,4.916836,8.433215,10.00688,9.974784,-13.57425,-8.837386,-4.480593,-12.21631
1.796534,1.443443,8.368659,0.7445052,-1.878892,1.278482,-0.9921179,-2.67352,-7.004843,7.459113,-6.962848,0.5909901,2.713364,-4.88287
-3.431109,-4.350598,4.893942,2.745268,-5.911139,4.973713,-7.023404,-1.764445,-0.01106761,4.693179,10.08814,3.318107,0.1184975,-8.339087
3.028409,-8.248382,11.63032,6.70693,-2.743708,-2.959956,-6.212529,-0.06325117,-1.078671,1.589627,1.035717,5.51354,-2.809406,-5.388645
6.244482,-8.98307,12.44711,2.39197,2.006826,-3.808936,-6.445229,-5.292831,-5.649146,-2.839385,5.393312,5.784704,1.290827,-2.540643
-3.456227,2.042968,1.796248,10.83713,3.787998,3.613013,3.745036,-3.499933,1.664214,1.95177,-6.196931,-6.978661,-1.571177,-7.735445
-4.161483,2.002125,2.454552,3.267689,-1.224963,7.972459,1.921315,-0.5710883,0.5571357,4.262766,2.434873,-5.358358,-1.384769,-12.17225
-6.606782,-1.416772,-4.062745,-0.2007501,-1.696207,6.776791,0.8301516,7.964315,9.879919,1.02248,1.85052,-0.7282665,0.3044232,-13.91708
-3.676109,1.664898,-0.2808422,7.466926,1.826437,6.146542,1.851511,-2.161956,0.6338185,0.9144378,-8.641963,-1.421267,5.163068,-9.485499
0.2956248,-6.342404,6.88279,0.3548514,0.4636354,-1.889471,-9.450774,-1.931644,-4.273804,-6.372107,-0.2050369,7.017424,11.57786,3.873048
4.554551,-5.559508,8.674065,2.953745,-2.485057,-13.979,-7.487831,-5.295505,-3.367578,-7.914299,7.065365,6.124125,14.50529,2.211635
8.365476,-8.611999,7.71451,2.660134,-0.2155581,-10.27247,-6.064179,-6.155213,-8.207131,-21.42726,16.25238,8.87187,17.41003,-0.3206047
0.6038383,-1.551643,-0.4328389,0.8254609,-0.03760299,-3.128949,-0.2531371,6.916624,0.6281931,-19.55138,-2.846308,2.196592,12.39334,4.237805
3.09112,-3.857884,4.801444,8.041744,3.721971,-5.490765,-4.900761,-5.634676,-9.064639,-18.25568,-1.10974,7.22484,14.21601,7.217006
2.477517,0.6461072,0.1987944,2.082894,1.216349,-8.797311,-1.693729,-5.870883,-2.589733,-9.054123,-0.6934807,5.782652,12.34726,3.947685
-7.621216,11.64616,-8.740892,-4.548834,-7.387197,-3.150455,5.703375,8.513276,6.52433,-8.440197,5.54222,-1.239686,6.621731,-3.422603
8.428876,-11.83494,7.634814,3.008332,-8.394483,-21.01284,-13.56601,-8.551566,1.036027,-10.50607,20.07097,16.88391,11.43359,5.369388
6.11592,-9.377856,9.424573,8.557029,-2.969215,-11.94612,-10.15619,-4.802201,-0.108048,-12.72602,-1.441657,15.31882,7.558637,6.552325
2.102665,-0.9852016,3.880861,7.286956,3.756761,-7.275946,-3.605281,-4.427315,-7.473953,-18.5263,-1.395756,9.961329,6.8575,9.843682
10.23223,4.017945,5.348529,4.666776,1.197769,-20.12561,3.920608,-11.55284,-4.441905,-13.29563,0.6264239,3.045165,11.18527,5.175275
0.7664894,8.071583,0.5567774,-2.881594,-4.199282,-1.129298,5.560605,0.329736,-0.2234424,-12.97598,7.165243,-0.9638078,0.3008609,-0.3778866
3.949703,5.137418,7.595765,-2.418325,-5.857027,0.8738846,5.310417,6.523726,-6.762901,-15.40574,5.964684,1.063196,-2.541975,-3.432824
-6.143945,13.71843,-2.030307,4.489965,-1.704549,-0.4525226,14.00166,10.00647,5.67495,-10.233,-3.027635,-8.849328,-3.939451,-11.51073
-12.71145,12.41793,-7.910572,1.051453,-0.70565,3.29549,8.111482,8.392891,9.097852,-7.75842,1.950418,-9.11982,-0.5609511,-5.550633
-7.808576,9.624563,-2.185167,1.336628,7.562759,-7.75041,6.475105,3.47287,2.200549,-8.60288,-1.136355,-2.975499,4.434345,-4.647923
-14.31431,14.33955,-5.589765,5.435671,2.708877,-0.02148349,10.39894,5.923379,6.729373,1.68845,-0.05889726,-8.936298,-1.758756,-16.54471
-6.220522,5.748967,1.172678,2.685596,-0.5393016,4.448531,4.895717,7.898057,0.3699861,-6.536374,0.2459301,-1.773997,-2.077935,-10.31733
0.3292346,-1.982667,7.998497,10.54542,1.745938,-6.846139,1.784552,-0.8735618,2.191791,-1.829237,3.23898,-2.695108,-3.744489,-9.863212
0.5786503,-0.1157585,0.5309561,10.37367,3.268858,-8.557005,0.4375053,-3.991731,-0.4801594,2.419483,-8.291003,1.544157,0.5701017,1.712272
-2.002673,7.541788,-5.478997,4.871979,3.294815,-6.578651,4.719333,-7.556911,-2.122888,8.734357,-6.081863,-4.269386,5.592564,-0.6634593
-0.4574182,0.225852,-4.669418,0.3446726,-6.484781,-13.90391,-1.177418,-8.198545,10.10027,19.34818,13.64961,-5.364079,2.478251,-5.891267
3.145973,-6.657857,-1.624823,1.818945,-3.324085,-3.653727,-6.220369,-4.175656,1.669624,2.558928,5.724809,9.408522,-1.857814,3.187526
-0.4519291,-6.145386,-3.946429,0.8508332,-4.278766,2.866413,-5.820066,-0.7379173,4.676807,7.157318,4.408689,5.173066,-6.30766,2.555023
7.625984,-8.749631,0.9331137,-0.3949583,-4.601891,-9.216991,-10.74657,-6.983487,3.504387,2.349205,-0.1906205,20.55128,-8.123641,14.04381
7.077601,-5.273765,1.548857,1.378592,-4.15729,-10.41661,-5.357606,-4.47581,3.069354,-1.542177,1.095932,13.40363,-5.020054,8.669348
-7.375222,3.028273,-13.44477,6.934415,4.320172,0.8714527,7.563314,-0.5508278,7.403631,13.77562,5.535411,-6.551337,-4.769577,-16.74055
-6.241571,-0.5103775,-10.40874,1.232845,-1.218464,6.121045,1.822169,2.220841,5.576584,8.473749,12.57796,1.849474,-7.281137,-14.21439
1.753414,-6.041591,-10.49204,-4.839327,-2.078605,-3.840531,-5.2652,-5.049395,5.678636,13.06048,12.82448,12.07389,-9.113724,1.329506
-0.377846,-1.214168,-4.815396,-0.295486,0.1610417,5.081791,0.079794,0.562554,3.597759,6.662147,-1.901873,8.290378,-14.35973,-1.470962
5.748765,-9.766682,2.132118,-1.196666,-3.965959,-2.151461,-8.8272,-3.723601,-1.863832,0.8292806,10.98761,11.65274,-5.898708,6.043587
6.230923,-4.712381,1.56292,4.792516,0.6567935,-7.993721,-0.504055,-8.987108,-6.825227,9.031065,11.64417,-0.70468,1.380331,-5.571553
1.953413,9.145411,-0.358752,-0.008753622,-2.573455,3.397444,14.13734,1.599167,2.989323,3.624456,2.253537,-13.41075,-8.98436,-13.76402
12.22527,-4.91766,3.529112,-5.736646,-4.29907,-4.568184,-3.989824,-8.034185,-4.048947,-7.488844,8.77002,5.954453,-2.48806,15.09256
9.062174,-5.704189,6.721384,-4.785401,-3.026436,0.2125043,-4.723188,-3.651579,-3.354212,-4.095071,3.383337,4.980255,-6.732513,11.71293
-1.886018,-3.669503,3.186635,-0.7017375,0.3544292,6.09211,-5.239123,-7.249809,6.329093,-1.465939,10.6865,-2.839065,-7.861684,4.264109
2.766538,-7.957349,1.115528,-0.5202988,1.120106,2.318889,-7.267222,-5.643375,-1.750498,-2.977528,6.737682,0.7455595,1.544939,9.767022
-1.331311,-1.389846,-8.884696,-12.71737,2.970056,13.132,-0.4268962,3.994532,0.4456146,-0.5001053,4.383271,0.7752187,-7.256766,6.806302
-1.125866,-2.750746,-1.433879,-7.314285,-0.1174107,3.634028,-4.711203,-3.90564,2.244094,-1.3468,18.58907,-0.2900678,-8.935518,7.464225
2.627809,0.5263166,0.2136582,-1.958938,1.16999,1.900161,0.9091949,1.429233,-5.88475,-1.370478,2.297912,6.747604,-13.8181,5.210386
-6.402514,8.294332,-1.495576,-5.492072,4.783207,8.835117,6.040543,1.409118,2.661556,4.721598,1.046728,-7.786947,-14.25762,-2.357466
-6.382964,7.180751,-5.036643,-4.275362,1.199107,7.010135,5.964017,1.093392,9.269726,3.765386,6.859752,-3.073582,-17.14567,-6.428037
-6.331546,5.760583,-6.204882,-8.648902,1.222738,7.038708,3.892342,5.398318,4.927355,4.247357,6.340185,-0.02009937,-13.45743,-4.16472
-0.5236989,1.186607,3.442475,-0.607591,0.05494317,-2.470848,-0.8168306,-6.794155,-4.110112,6.606708,17.6706,-5.737484,-8.184315,0.2836993
-1.565506,-4.848619,-2.788902,0.006105,0.4300875,2.206774,-4.548031,-2.168384,4.448839,8.861251,2.872752,-0.1269661,-6.845125,4.065719
-11.12293,-2.779829,-4.726567,-1.96785,2.070621,7.496439,-5.766424,1.367582,7.31818,4.707911,12.57399,-7.131179,-2.816475,0.7765307
-10.81146,3.381495,-1.215496,-2.374864,3.285013,4.61859,1.576076,4.476062,5.694301,1.920338,13.86712,-7.584605,-7.044616,-9.787956
-0.7746275,0.7297646,8.270658,-6.808045,-0.8414232,-5.535479,-0.4219205,6.296377,6.958808,-2.157448,3.671105,-0.1316386,-7.910638,-1.345491
6.992133,-7.350315,15.85432,-0.9933283,-1.938847,-5.64517,-8.360536,-4.800395,-5.71886,-12.94232,12.19869,5.403768,0.6234518,6.677394
-4.734466,0.2175725,-6.964723,-7.210722,-0.8316137,-1.623572,2.516443,7.151493,12.83627,3.276229,8.589138,-5.838515,0.7101505,-8.09368
-10.57036,3.831098,-13.61528,-0.1162685,-1.347762,3.73531,5.817462,7.797455,12.74763,2.744351,13.75236,-8.307783,-4.4203,-12.0479
-3.594319,-3.366809,-3.431485,-0.06486179,-0.7906926,7.997419,-3.41267,-0.6088323,2.219166,-0.4266569,9.354239,-0.6079079,-3.187125,-0.07946531
-0.009011832,0.7887309,-2.522808,-5.768298,-0.6778523,3.715584,-1.070509,-3.979822,2.909426,-6.945863,7.550072,2.079179,2.062675,1.868498
3.174966,-3.285871,3.182574,-3.393242,2.054328,2.863522,-0.4460364,-3.738847,3.920913,-1.835335,3.264083,-2.040781,-2.942601,-0.7776752
-2.667674,0.2187241,-9.304931,-5.208611,0.5319941,6.692293,2.761187,4.081736,4.158132,-8.599805,10.52687,-1.876894,1.055413,-2.368435
1.797238,-1.266956,-3.465524,-4.635727,-0.2714205,6.536188,0.9150597,1.500204,2.488553,-13.17806,5.831778,1.133229,-1.661991,4.277425
5.90787,-7.874879,-0.2141269,-1.647594,-3.671147,-3.579155,-4.611367,-3.642804,5.377343,-7.444661,14.93119,7.241447,-4.632381,3.860259
12.95028,-9.434886,12.72673,6.564016,5.519173,-2.947562,-5.643577,-7.42553,-13.68491,-26.39739,-0.7964755,10.96957,0.5387086,17.06184
0.2463635,-2.338279,1.698911,-0.4816654,2.311483,7.901416,0.6064424,3.200199,-1.589997,-13.71456,8.864563,-1.53943,-9.25357,4.088124
-6.594951,8.0208,-10.30963,-3.176614,-5.901153,9.088296,7.90453,8.344826,8.568599,-11.69916,16.2664,-6.802303,-12.58606,-1.123568
9.019143,-3.267242,4.391116,2.320954,-3.87376,-6.527723,-4.745056,-7.205555,-3.617662,-18.14317,2.747912,5.074377,2.869141,20.95752
7.587584,-3.763389,1.23522,1.148133,-6.303599,-1.496597,-0.4145082,-0.8948819,-2.677799,-19.30176,15.53098,3.754946,-0.07537109,5.671043
2.025033,-1.375703,-0.8116402,4.937595,-1.072917,2.040403,1.962333,2.227122,-3.439176,-15.66489,7.881354,-4.911947,-0.7634891,6.965923
-3.600147,3.147228,-6.388957,-2.596909,0.6519907,7.268068,0.9680105,3.820341,-4.245495,-22.90986,14.12921,-0.7929257,-1.735117,12.28456
-3.578232,3.314067,-5.001572,-8.070308,-8.045164,3.777752,-0.7272537,7.329535,8.113234,-13.2572,11.5624,3.513814,-5.751138,6.820063
3.997876,-1.42252,-2.427129,-4.202712,-8.705162,-1.028539,-3.126122,2.314798,0.7289916,-20.47456,16.8613,6.186234,-5.291338,16.58889
4.137931,0.9559047,3.572111,-1.694931,-4.91885,4.413657,-0.5389546,1.019464,-5.564483,-30.41629,15.23064,4.837793,-4.164978,13.13099
-0.06462859,5.408225,2.113245,4.248937,-3.100965,8.571922,6.043686,4.380207,2.075533,-23.48733,-0.9365168,-3.360993,-6.657458,4.766137
-2.040999,4.29312,2.121454,4.071522,-0.3276722,12.42171,3.794473,3.958133,-5.085693,-34.66071,12.72392,4.210908,-9.121402,3.641243
0.2022749,-2.873283,-0.3380962,-4.573107,-8.038807,11.14262,-2.600809,8.030036,8.568117,-22.37529,5.410131,5.596421,-4.528408,6.3782
2.746097,-2.685785,9.568556,-4.729143,-8.33452,4.086195,-0.7577481,9.548532,7.097147,-22.18465,8.080833,0.6558241,-1.541024,-1.550315
7.653245,-2.899115,13.67651,5.011435,-4.689832,6.529165,-2.810783,-0.1769411,-5.960678,-32.40287,-0.6952509,10.12085,-2.428416,9.072675
6.398667,-10.34151,9.834294,1.923875,-9.45844,6.315315,-11.31383,-0.1356008,0.1388829,-24.38805,3.974054,14.6294,1.452294,10.97063
10.29953,-12.85257,13.1326,-0.1540631,-11.12129,2.563133,-12.37122,2.273164,-8.247584,-28.99924,13.58561,18.59819,4.225448,9.068297
18.14717,-10.02888,17.05692,-7.181388,-12.50603,-0.9697394,-7.321753,-3.902887,0.4540003,-18.89088,2.887364,13.0257,2.00876,7.221624
16.0429,-15.10208,17.30799,-6.202517,-4.112639,-2.653729,-17.44464,-15.8158,-6.098908,-22.29643,8.411495,16.26885,10.94343,20.75207
11.10982,-8.124832,12.267,-2.421328,-3.235344,10.69355,-7.507362,-1.52957,-6.11917,-24.97149,-11.93144,8.164145,4.919638,18.68638
-1.00955,-8.246824,2.674339,-1.285129,-10.52191,16.1012,-8.104501,8.060596,0.819793,-16.40482,9.128279,5.358098,2.352365,1.07806
4.964427,-12.89469,8.557524,9.092986,-11.01915,6.141014,-12.01447,1.630021,-5.812949,-23.35966,9.16008,11.86861,7.382005,6.304244
5.259653,-5.465354,9.44132,13.50999,-6.242771,13.308,-1.331016,2.422455,1.067375,-20.27308,-18.77677,1.271506,1.482958,4.325726
-0.7888128,-1.819252,5.481904,11.06047,-5.97131,8.219773,-2.677514,1.618351,3.721299,-10.36643,-14.33784,1.32664,1.665216,2.867511
8.547376,-12.19976,8.348995,18.7132,-8.5988,1.018515,-4.614479,1.137893,-3.397307,-6.1149,-10.28828,1.777825,5.472299,0.1974123
8.702458,-11.64331,5.117374,15.75093,-12.93022,2.525503,-5.04723,-0.1444635,-4.184611,-1.010537,-4.722729,4.961246,8.457147,-5.831573
13.23448,-15.33555,13.72351,10.3529,-15.57977,-5.982926,-11.71422,1.406995,-8.526353,0.1203524,-5.617079,13.87407,9.451349,0.5922183
6.793255,-12.81568,6.419948,8.430614,-4.177834,-2.594014,-9.748104,1.399593,-2.752467,2.884294,-16.51598,3.301283,7.749396,11.62568
-3.223799,6.564507,-5.495355,0.4633544,-2.323106,7.776873,6.350004,8.796878,4.610538,14.37248,-34.02601,-11.10682,6.83903,0.4014346
5.527245,-8.655529,-1.849304,0.4082895,-2.671881,0.7322174,-7.733005,0.9166927,-5.295292,13.65522,-28.11401,3.13009,22.25711,7.692153
10.02626,-15.82953,3.234806,-5.272944,-8.757943,-3.872198,-14.49253,6.026083,-9.121398,11.69704,-15.46642,12.23248,19.5845,10.01179
18.54175,-18.06093,13.82976,-4.733987,-10.77572,-6.101634,-15.39059,6.054323,-9.978273,15.0242,-36.13802,16.44146,16.15006,15.13758
19.95173,-15.52811,12.91328,-6.183583,-7.299244,-7.109547,-16.0644,-0.3781444,-20.44145,9.964182,-34.87833,15.83107,26.6559,22.56663
1.125806,3.250974,-4.432708,-11.03157,-1.231871,6.402596,5.595861,18.32166,-5.763079,14.44593,-36.39753,-3.6096,19.75268,-6.429148
-6.859845,3.965306,-11.23147,-9.22982,8.852311,5.395537,5.643119,16.40907,-4.77454,25.82039,-37.23784,-12.32169,21.54873,-5.97925
-3.015951,-0.736736,-7.743984,-12.33321,1.921196,1.640545,-0.6656361,20.55196,-2.362977,26.74883,-43.05485,-2.349308,20.46749,0.9326191
0.6815504,3.943544,9.079691,-12.22282,0.7718183,-3.862462,2.649173,26.2288,-6.80823,18.19987,-49.84702,-1.021203,12.18257,0.02472837
-4.619874,5.536574,2.456551,-6.55793,5.153536,-8.136661,2.925501,17.25286,-8.986212,24.1096,-33.8068,-1.489919,14.95495,-8.792168
-3.276593,8.739188,-0.187758,-9.148181,6.801167,-9.250232,8.270133,12.65767,5.420089,29.96459,-44.1073,-9.628931,14.13702,-10.39085
-12.34402,11.89187,-6.452012,-11.31657,12.47327,3.195545,9.367369,17.13932,-0.2990761,30.51695,-42.21132,-19.19459,15.41707,-8.183809
-10.9479,12.82542,-1.236221,-7.42196,14.92855,5.944657,9.025981,22.22639,-13.41373,15.26798,-46.87448,-8.652602,9.6363,-1.308375
-11.82721,9.658815,-0.4174697,-13.05097,10.01153,-0.8737586,6.442913,22.91631,-0.865683,27.52874,-33.63636,-13.23363,2.654748,-5.307986
-15.2202,10.62998,-12.86998,-18.32055,7.786823,-9.692233,5.192045,16.77746,7.708395,43.87347,-23.81735,-12.50082,14.55517,-14.10219
-4.04814,7.773488,0.7687529,-10.34659,16.55578,-12.88169,2.244572,2.883795,-19.05677,32.77443,-25.49477,-6.945354,16.02736,-0.2548741
-9.718436,11.10204,0.1445059,-13.63711,17.30978,-12.58492,5.03491,10.82067,-14.44061,38.74271,-26.43881,-15.10413,12.18954,-3.420134
-17.79113,21.57892,-7.552866,-23.97736,17.95263,4.493772,20.00545,31.04372,-4.023127,44.1972,-38.08036,-22.29293,-1.388497,-24.16539
-21.19737,16.89909,-11.37649,-17.79895,25.84897,12.5311,16.71198,23.29441,-5.983896,35.98725,-28.30095,-25.26653,-2.700636,-18.64795
-18.82006,15.84015,-7.695427,-17.30985,18.70884,-3.70592,11.78577,15.48166,2.018397,42.01005,-20.28593,-20.36412,3.271879,-20.93542
-12.57358,15.39111,-4.423462,-13.66433,21.63345,-11.57233,11.60771,6.105662,-8.931309,40.78465,-12.81985,-19.22146,1.562941,-13.87918
-7.026627,13.08843,-2.386132,-8.089767,21.4273,-13.8694,11.84625,7.303859,-16.82397,24.60552,-13.87281,-11.31285,4.501915,-9.391712
-14.6195,14.56381,-8.621205,-11.04891,13.89003,-7.71244,13.45152,10.53758,1.120795,39.12355,-7.679005,-17.81677,1.162133,-26.35159
-16.4631,2.928528,-9.370571,-4.375407,15.12124,-13.19815,-0.03657027,5.90692,-1.343755,37.0321,3.744151,-9.406713,4.977718,-15.51638
-10.71582,11.99721,-6.422156,-0.9655064,17.27713,-9.276778,11.57539,2.120197,-3.050784,29.90319,-14.90011,-16.04918,5.123106,-16.61588
-17.02183,27.58337,-14.9975,1.221298,24.93153,2.132518,29.28701,0.08509148,-6.741722,34.65184,-14.52785,-37.58971,-1.545238,-27.46878
-18.47134,13.32621,-16.51764,9.680136,22.06594,-8.43942,15.56008,4.460748,-4.86627,33.75809,-9.883974,-19.49542,4.74909,-25.92622
-23.29438,13.04908,-15.99464,9.06188,15.77845,-5.576136,13.98853,4.625547,1.724762,34.22636,8.561996,-24.12021,3.299892,-35.33112
-13.67533,6.136238,-6.320441,13.40807,15.1223,-16.77214,4.356462,-4.172671,-9.792122,22.11461,14.61916,-4.701716,-0.9770144,-19.3454
-16.45738,9.203797,-5.142334,16.43449,16.65226,-5.205109,8.14623,-1.64143,-3.203207,27.46341,-7.432014,-11.15573,-7.631169,-20.03181
-22.80445,20.1963,-18.27067,8.710147,24.76847,3.503789,23.74552,1.571673,5.30299,30.27836,-6.211861,-28.67198,-7.840164,-34.2781
-23.00071,16.21902,-17.87739,6.957176,31.82524,-1.163915,16.75105,-3.103477,1.132415,25.24502,-3.386801,-22.12182,-6.444952,-21.03082
-20.5302,14.77297,-15.55322,6.253865,23.56022,-0.8428301,12.9896,-3.67382,-1.825186,24.10013,6.00306,-16.60443,-10.83644,-17.8137
-3.227444,7.376671,0.5832478,1.992345,13.34875,-11.08752,7.4232,-6.188138,-4.428255,14.60861,5.259304,3.53586,-14.18302,-15.0136
-4.460836,4.111256,0.2462343,6.150292,8.290277,0.4314702,2.693227,-7.962245,0.9380574,10.30666,-0.5081226,-1.017137,-16.48211,-2.73702
-11.92949,9.257427,-10.55109,5.168371,15.64993,4.328785,7.747675,-9.302093,6.232338,16.9542,-2.757695,-8.203439,-14.94355,-7.65135
-2.972362,5.94607,-3.333649,20.63382,20.14723,-8.223022,5.132374,-23.89395,-7.126704,6.097152,-6.150064,-4.995261,-5.813579,4.551948
-0.3926477,-8.836828,0.665073,24.61773,6.464479,-9.607358,-10.11017,-20.22606,-9.39726,-1.123128,12.75232,7.111803,-1.798162,9.880205
2.040965,0.1364685,-1.04135,12.54886,1.559934,0.05864135,-0.3170834,-15.08846,0.8707213,5.047205,0.5542693,6.370707,-16.116,3.375132
3.269799,-2.110814,-3.995135,7.19202,-3.27078,3.062366,-3.43232,-17.3047,9.970686,4.285061,2.403038,3.968523,-15.22227,11.18453
0.8020419,-0.003216861,-5.007189,8.711954,-6.859614,3.883057,-0.8358029,-13.17103,12.80935,7.636925,3.662359,2.264211,-16.893,2.99996
10.92296,4.445275,5.218029,21.13376,-9.512326,-4.254792,2.93375,-21.81417,3.215943,-8.58809,-5.241272,6.493342,-17.72575,12.77335
13.5646,4.373274,3.828471,19.9947,-21.56877,-3.733717,8.280793,-10.6924,4.288213,-7.895034,6.599053,2.378324,-18.98895,-0.4285454
8.658376,4.875029,-7.547328,13.20239,-25.04419,-2.038143,5.797195,-11.93638,17.87694,9.748101,1.631509,-0.5317025,-15.36465,0.6728547
12.92314,1.124951,0.7050416,16.56927,-26.3525,-14.12081,0.8801776,-18.48038,7.781258,1.479626,21.03629,3.831528,-7.01747,-0.3601166
13.02785,8.406172,3.058679,17.03231,-23.49987,-3.67949,9.459785,-11.01421,-0.9293748,-3.286911,2.360686,-0.979131,-7.050676,-2.905807
13.93372,-1.632397,2.272971,13.10042,-26.67496,-8.12312,-3.762271,-19.62806,5.16219,3.043656,16.32923,4.424223,-6.966445,8.52083
12.73337,-1.098357,-0.2063573,12.08151,-22.49803,-6.107831,-0.6172019,-18.88232,6.836801,3.460716,17.42436,3.593654,-8.764053,2.043733
11.35241,-4.07825,-4.462808,13.06831,-16.50301,-13.07694,-2.32283,-17.83501,0.4072222,2.715676,22.36463,6.860461,1.623154,-0.1130039
13.22995,-1.759623,0.3854008,16.79188,-18.49005,-16.74751,1.789846,-18.94088,1.328916,0.4816205,26.28185,1.021999,0.2772079,-5.650605
7.731116,11.68951,-1.47446,7.355044,-14.90806,5.123866,14.27805,-12.27382,10.31827,0.6073295,4.428635,-3.606553,-14.32531,-14.9436
21.10285,-6.653747,7.351744,9.826674,-14.47525,-13.8135,-3.63989,-24.63786,-1.552047,-0.3739406,14.34072,12.70497,-5.082958,4.902225
21.94011,-8.634409,1.327754,11.58836,-13.08144,-11.30193,-2.429484,-25.83597,-5.556095,-2.380942,18.36345,9.898395,2.701246,3.400948
13.93146,-3.208336,-3.870684,2.637105,-16.93962,-14.50687,-2.182303,-20.18485,-2.394213,7.161966,31.34953,8.212167,5.671286,-5.676629
16.32398,-5.733387,0.008955857,9.326089,-11.31947,-15.98071,-3.642055,-23.88105,-2.778298,-2.737631,20.61039,11.48734,6.22768,2.088165
19.30326,-6.673338,2.71353,6.786735,-7.635815,-8.460881,-5.030527,-23.75868,-7.866718,-12.61011,10.4904,13.16378,3.777091,15.80126
26.31471,-8.191032,3.9322,5.700275,-12.73398,-12.11898,-4.522744,-27.05429,-9.320839,-11.08496,16.54495,15.57921,-0.06044451,17.01592
17.32789,-8.149158,-4.604988,8.757989,-10.17659,-7.076365,-4.265829,-25.19621,0.1188837,-6.137945,16.05975,16.0583,1.705374,5.578884
8.811782,-3.376141,-7.796182,2.374344,-13.49236,-0.5820717,-3.509848,-23.07834,10.74591,-3.866455,22.65758,14.68465,4.399711,-7.97258
10.04715,-0.5316771,-3.222989,8.889659,-7.800335,3.606149,3.626316,-23.39927,1.887818,-10.54469,23.4256,6.378951,0.5058239,-12.8685
9.356758,-8.651409,0.7706674,2.904933,-5.222671,2.944623,-10.26106,-20.02878,0.6250243,-9.245138,7.668152,23.27527,3.49429,2.36933
6.305127,-5.263902,-0.8665932,-3.580683,-6.305124,0.5404267,-10.25061,-22.34622,5.766737,-2.7219,15.93517,20.83792,2.335341,-0.3856909
8.314686,-7.079229,0.1038424,2.446576,-3.017418,6.020818,-5.81003,-22.3794,4.388739,-3.811743,9.952884,11.94902,4.073783,-5.152536
-0.3760875,-7.617161,-3.808194,-2.889428,-5.996138,5.66871,-10.90455,-15.10183,13.18528,-1.017052,17.26873,12.05037,2.988334,-3.450983
6.545912,-17.08067,1.561805,-6.237221,-2.955967,-1.948452,-19.60968,-16.81839,5.892385,-6.699389,18.9498,21.05502,8.361883,8.982944
12.83167,-15.50296,6.149942,-6.601458,-3.702928,5.026264,-14.4095,-14.43834,1.62049,-16.31062,9.074094,19.22731,6.443277,10.59275
2.593649,-6.808468,-0.4295748,-4.186093,-2.011759,12.02946,-7.77408,-13.0117,7.389438,-6.423219,8.923453,7.151718,0.05361181,2.503562
-0.5101467,-8.151374,2.574796,-1.386146,4.641505,8.34096,-10.55405,-12.68114,9.144724,-5.078275,-1.527067,8.190022,1.048835,5.947357
1.588581,-9.551907,10.20197,1.3474,0.7797167,8.95848,-8.534539,-10.46527,4.594316,-7.50363,12.03718,2.977741,-2.266658,-4.163379
0.5682824,-7.782022,6.568238,-6.276803,-1.861911,18.8621,-6.131169,-7.060933,8.317468,-6.812981,14.13673,-1.404476,-5.580231,-5.542296
-1.460235,1.759033,7.143578,-4.592035,0.0710784,8.233166,0.09682652,-1.69094,3.818434,-1.355133,2.650141,-2.494159,-8.153198,-4.026555
-3.630198,-3.602262,9.702471,-0.2315173,4.095924,7.762594,-3.734849,-2.394648,5.691374,-2.09346,4.192069,1.838495,-7.837194,-9.758799
-12.98267,3.012716,4.856248,-1.133436,4.250134,15.15097,-0.08238871,3.672683,13.52607,1.511253,-4.485886,-10.7799,-7.101669,-9.414114
-15.01887,6.860471,-2.117388,2.27222,0.6022198,16.2695,6.108891,3.466944,11.7166,5.288893,10.10041,-21.34848,-6.939354,-17.26204
-14.1881,4.29837,4.960345,3.868122,-3.084359,4.068617,3.860322,8.705481,16.40381,3.192269,14.83858,-15.22699,-8.690998,-23.00547
-12.53871,12.86495,5.087828,-3.973044,-1.737406,10.88204,8.834602,5.560742,14.95525,0.9264853,2.523639,-14.82108,-8.201332,-20.36395
1.062539,3.976895,10.92371,-1.92033,-2.734714,9.771031,4.09518,-3.714602,4.931247,-14.56587,9.283724,-6.327405,-6.78008,-8.001315
-1.603342,-5.938651,13.35627,3.248556,-2.684397,1.250902,-11.69486,-4.903697,3.848011,-15.50187,6.90562,4.888846,-0.9649029,9.793504
-7.452374,-4.027421,4.332296,6.628147,3.554808,8.052563,-5.269131,-4.003583,3.918455,-17.86169,15.4888,-4.809269,3.175205,-1.726802
-12.51503,-8.519869,-7.541618,4.923587,3.732695,1.359503,-8.198099,1.628888,13.54533,-9.985825,21.24975,-6.055807,6.776384,-0.399894
-1.940808,-6.354337,4.112485,-0.995055,0.6162307,-2.631985,-7.885065,-4.640411,7.000971,-3.33031,10.10051,2.78496,4.566066,-1.403257
3.377157,-7.657606,6.122699,3.852095,-3.174595,-1.690099,-8.157887,-7.929122,-6.275997,-10.66175,22.29954,0.5745291,2.355357,6.96567
1.265727,-9.115223,4.226481,6.782159,-0.6504359,-9.449983,-12.92087,-8.587314,0.422331,-13.17188,13.97641,11.04409,-0.3066594,16.48517
0.4897294,-1.880602,1.348792,5.409284,1.663242,-0.3572639,0.2195333,-5.37039,4.251088,-14.65906,12.04149,-5.013197,-2.072363,3.929707
-10.21776,2.016927,-10.22378,0.4330333,-2.114482,5.003782,2.398454,2.904181,11.73228,-8.789959,25.02146,-16.69571,-0.3864994,-1.081916
-4.138244,8.439898,-4.542598,-11.86365,-1.042324,3.687909,7.28392,6.426907,11.11625,-4.611793,8.930137,-11.40408,-12.31458,4.03225
0.1257862,1.235205,1.275434,-10.7752,3.083044,2.969767,2.132946,6.626631,4.128055,-21.13733,11.41317,-6.954021,-7.562028,13.43853
10.32509,-8.39861,7.396665,-11.72416,-3.799076,-4.655014,-6.472438,-0.2473794,4.249206,-21.13905,14.68562,-0.05492429,-1.261601,21.09567
-0.2331237,-0.5631302,-4.901748,-17.23876,3.783343,-4.151217,1.61939,-0.7424639,16.15621,-10.34114,22.64106,-8.40449,-0.505306,2.881377
-9.222113,0.932233,-4.737713,-15.50744,6.634146,-2.099129,0.1428505,4.782499,17.15966,-14.64972,26.14495,-13.69327,1.662578,2.450464
-1.719226,-2.20705,3.793287,-12.75652,-3.721136,4.832253,-7.212928,6.421956,8.334977,-26.84743,10.45767,4.876739,-0.2281435,15.97555
10.62564,-9.809944,17.42223,-10.98958,-2.093523,-8.449921,-12.11246,-3.472713,3.696382,-43.20987,20.27588,16.31994,2.22983,19.56809
5.418318,-7.782076,13.82898,-9.608548,-0.2751174,0.2559809,-10.00788,2.638521,3.193772,-38.70186,10.93582,9.547355,-0.2347762,20.7915
-2.824176,1.792868,-5.030853,-11.40293,4.412703,-2.756951,-2.713872,7.02034,1.792397,-33.10249,10.69608,10.9036,4.254445,16.95883
-0.8495501,0.0257052,-2.221191,-8.921333,3.359683,-0.9678344,-0.0891852,4.964827,2.689921,-28.83587,16.86637,6.095461,2.555305,5.327692
-10.73557,1.523228,-9.260677,-7.654878,5.360168,1.771296,0.2522115,15.49464,9.909176,-24.21174,8.87742,2.841873,1.170117,4.662746
-1.267553,-7.042867,-2.403446,-10.6837,-2.600053,-8.193868,-8.54472,11.42131,1.713255,-26.96994,27.97369,11.32783,2.740403,12.52966
-3.335364,-4.153718,-2.525952,-13.86961,-0.643184,0.5963995,-10.46851,5.228268,3.438382,-23.60095,15.15704,14.57776,5.421718,14.17772
-12.15375,0.8450105,-17.36145,-8.830727,6.74733,4.830119,-2.11976,14.83972,6.403064,-20.35146,3.239181,5.84076,6.579142,11.49283
-8.959303,-0.3854136,-9.583906,-1.786537,4.349461,5.347183,0.0243388,13.65124,2.171452,-21.5346,9.371446,1.24728,0.1495228,5.937838
-14.74327,12.63415,-11.36898,-2.275945,2.33913,10.58927,14.31103,23.10076,8.403214,-12.57071,0.08017357,-10.22294,-7.195987,-13.07988
-6.617363,1.40797,-4.160091,-3.422559,0.210119,3.838932,0.4300307,15.37771,-1.478672,-18.75273,8.324576,7.585464,-2.677803,-0.06558565
-0.8859299,-3.389149,4.035049,1.344437,3.234651,2.801461,-3.510928,11.5424,-4.233263,-22.756,-8.044008,9.173689,-0.981634,11.66922
0.9447301,-2.998866,-0.1333951,-2.041458,2.861677,-3.420736,1.079071,15.80977,-1.473185,-15.66336,-5.517028,7.809896,-0.4926948,3.235573
-6.169551,4.203175,-5.993898,0.02856731,8.896987,6.378691,9.1578,18.16117,-7.371089,-11.91759,-8.042532,-4.41468,4.282218,-7.199262
-14.98152,4.163113,-8.284886,-0.2558707,6.485116,15.52516,5.191103,22.96626,-6.466794,-9.874285,-0.06552587,-3.606458,-1.567132,-9.228277
-7.164088,-1.373633,0.3443009,-5.501439,4.445585,2.297472,-1.967236,22.11317,-7.203329,-7.021721,-5.955036,7.125665,-0.1242113,-0.01550127
-6.583464,-2.770644,-4.865932,-3.789869,4.955811,3.618103,1.887704,19.6775,2.987545,2.132401,-6.971616,1.63519,-4.179525,-7.733202
-6.703205,5.962415,1.378287,4.488133,8.719985,1.196154,6.55621,17.99924,-12.71256,-7.599698,-13.7394,3.447431,-4.602441,-4.390536
-16.25259,14.91635,-5.207306,4.256434,8.391801,13.58397,15.97568,28.582,-7.453819,-6.92838,-19.37033,-11.01444,-5.829962,-13.64939
-16.44067,9.414401,-1.944171,-3.795161,-3.688891,16.62835,11.22339,30.31644,6.467822,7.599047,-4.453294,-17.45784,-11.67414,-22.19526
-14.70445,9.048122,-2.115654,-8.258086,-1.433558,13.72742,9.318482,32.58974,5.314225,8.750329,-18.89532,-5.148108,-5.762589,-22.43055
-9.742932,7.066198,2.627355,-6.357438,0.8664944,1.176049,6.410823,21.50731,0.6145458,6.123936,-9.248062,-5.220674,2.766338,-18.58993
-12.67303,4.645788,-1.011063,-7.098296,4.51609,8.289933,4.851474,22.97693,6.121065,14.73547,-22.79817,-4.214911,0.6162776,-18.95756
-11.28761,6.263698,6.449183,3.908545,7.683183,6.842918,8.443221,17.18307,-3.004087,8.853868,-17.08212,-12.99669,0.9450491,-22.20222
-6.903076,5.606992,6.77634,-1.964846,6.435902,6.716282,4.037095,8.859417,-4.906609,14.43135,-23.47775,-6.864042,6.616456,-15.3635
-5.738127,-2.250754,-2.958598,-8.569087,5.024049,3.955197,-3.495729,10.14458,-0.5131887,16.8858,-18.71897,-0.8011676,9.734033,-2.698034
43.02748,-17.64875,23.77147,-12.29,-13.35717,-13.27677,-15.0541,-10.53161,-19.90635,-7.926054,-39.16188,15.51497,4.873896,61.96484
104.7882,-46.27164,41.38296,-34.12667,-44.15959,-33.57254,-44.129,-36.66845,-44.15522,-29.49418,-50.90373,60.83448,5.79975,150.6756
120.0003,-59.02184,45.54978,-45.05133,-58.63196,-37.70057,-59.80463,-41.34315,-47.06814,-39.46528,-39.50209,81.82099,1.555574,178.6623
84.10825,-43.69889,28.5003,-32.13471,-40.87787,-30.1248,-46.47161,-29.51346,-34.02066,-17.00379,-38.27244,61.65568,5.91563,131.9383
41.38696,-26.27792,9.228254,-16.48794,-21.82289,-17.32513,-28.77361,-13.62893,-22.49166,5.657454,-20.91329,31.90563,8.30874,71.2343
20.81335,-11.38361,11.23029,-6.545868,-4.039721,-4.224047,-9.061381,-2.692328,-12.36007,15.2443,-32.41111,9.37855,-2.665892,28.71752
9.150982,-6.002238,5.319698,3.44447,4.317485,-4.863227,-4.957149,-2.408171,-19.3415,13.57932,-20.76443,9.459327,2.206239,10.85918
-13.7021,14.44699,-13.56385,-2.891286,3.380318,17.52319,12.41204,19.31006,-1.720707,14.60431,-28.6413,-9.773724,-3.583889,-7.80004
-13.21891,9.670093,-10.22042,3.318846,6.376493,12.37036,9.017641,11.36837,0.1412926,25.5392,-33.83645,-10.91704,7.269785,-16.87925
-4.795918,-4.064267,-8.968826,-0.7813079,6.773047,-4.322216,-5.290824,3.272647,-4.592755,23.6418,-20.21343,2.533657,17.7098,-0.9014091
-12.94389,11.87973,-8.510778,7.376027,15.29811,0.7084862,15.94683,13.17279,-5.318455,27.06199,-30.4257,-17.07127,8.627584,-25.80145
-17.98093,9.70811,-14.88384,4.240626,15.18181,8.213315,13.28487,13.2749,4.719616,18.99312,-20.2457,-12.91265,6.255177,-27.84842
-19.78676,14.0011,-19.01094,0.9596099,17.4467,16.04518,16.00528,12.38885,2.346105,19.86703,-24.52375,-21.89328,5.372611,-19.21772
-21.45464,13.94074,-8.899847,9.253324,12.63291,2.854073,12.78236,11.66849,-2.317259,28.36105,-13.40999,-23.02472,2.674362,-25.06085
-15.17851,8.693203,-7.679829,6.736821,10.71896,-0.1628841,7.160396,8.077128,-0.3644632,13.51177,-10.67288,-12.03228,3.182037,-11.98945
-11.5941,7.372303,2.55813,9.777855,10.71156,8.372113,9.66461,0.8558637,3.264657,13.32416,-10.60421,-21.67783,-1.833931,-20.19118
-17.8031,6.819181,-5.199405,9.402777,10.6705,5.729789,6.851418,1.804636,7.0055,11.47601,3.791026,-23.31696,-1.003673,-16.2277
-12.44124,13.77378,1.24766,13.20178,12.49917,9.083045,15.68803,0.5137154,2.854439,12.86036,-20.31513,-27.32969,-2.749802,-18.8861
-11.74181,2.773521,3.806723,12.83408,5.886702,-2.21934,3.339787,-1.670515,4.482159,9.371163,5.955546,-17.52151,5.08967,-20.38617
-9.820057,3.527791,4.18797,9.987419,6.523962,-2.34131,2.020026,-4.957505,3.56334,10.62981,0.4716147,-14.38316,5.524996,-14.9349
-5.021511,8.031665,6.037003,15.58705,5.00024,-4.053195,9.134006,-8.603029,-1.350935,12.01615,-2.88622,-18.94978,4.536266,-19.47769
-8.417363,1.846179,0.2174624,13.97991,1.006028,-12.256,0.4356028,-3.889794,-4.31139,8.717213,18.15078,-9.174715,9.861795,-16.16571
-9.500055,2.821053,1.807437,11.8823,1.495331,3.421609,2.02411,2.074991,0.8667819,9.827401,-4.488606,-7.825801,0.1341527,-14.5407
-11.61231,2.417158,-4.619627,18.88483,7.362361,-6.340324,4.050183,-1.365896,-7.514133,9.069358,12.64969,-10.48772,7.558622,-20.05219
-17.6458,10.4896,2.236783,14.52699,8.411755,-1.596838,10.16722,3.614971,-3.569901,21.33128,4.858003,-19.21594,3.737117,-37.34523
-15.09454,8.202317,5.868448,23.37094,5.713184,-1.838016,4.328919,-4.355746,-5.781129,14.62712,0.3581196,-9.994251,0.5109208,-25.91629
-17.0022,9.353736,-5.460147,21.15044,5.99021,0.8679783,8.568277,-2.123605,-4.026134,12.88038,12.56286,-9.331016,-1.67996,-31.7508
-14.97821,12.08259,-13.19179,12.3108,8.012201,2.84063,11.01166,-3.692226,-7.855097,18.71678,9.156262,-11.15149,4.53396,-27.79605
-14.03239,5.323383,-8.655353,15.05726,5.685823,-4.868804,3.086598,-8.825816,-4.069847,12.0231,23.61468,-3.993867,6.578475,-26.92324
-23.28697,11.35371,-19.82088,10.68179,3.989741,12.57485,12.26699,7.553998,14.96493,15.69814,5.518416,-7.036319,-4.727416,-39.73096
-9.465354,-1.37053,2.13522,18.88412,5.460521,-8.879128,-3.882297,-8.987152,-6.525927,9.860344,17.75484,8.191451,-2.390256,-20.78585
-13.1255,10.57083,-3.711203,9.227937,5.463128,4.445806,7.667655,-5.753728,3.494596,6.667398,10.2917,0.8657578,-6.363892,-29.74047
-16.5435,13.07907,-16.71392,-0.2699223,1.938022,13.77079,14.1316,6.819307,15.19224,7.051612,8.490295,-12.98014,-7.245124,-26.72032
-12.58073,1.689597,-6.569884,1.223369,-0.7190933,6.42321,-0.05414542,-0.1188021,5.676128,0.06900311,29.38269,0.5497124,-2.187443,-22.78361
-4.63582,9.909164,-11.05577,-6.671856,-9.870132,-4.797379,7.097167,-0.823611,16.35412,8.276773,18.11523,4.266445,-7.434689,-18.72962
-0.2197589,-1.590241,2.256807,4.646573,-0.3973957,-9.2456,-1.640665,-5.601216,2.398224,-7.925045,24.41893,9.103315,-9.540215,-6.663717
-5.161945,1.299722,-7.096743,9.331242,1.260877,6.050953,0.5767478,-8.646209,-1.871387,-8.545706,19.5746,4.564278,-3.76481,-7.571615
-7.420043,2.153946,-14.83586,0.8232282,-12.30746,-0.8578657,1.049543,-1.121398,9.961239,2.636724,37.84795,-1.522672,-2.34501,-14.06232
-6.881283,8.193889,-7.064,-0.5007756,-5.212843,2.078179,9.11139,7.244791,11.47935,-10.60506,18.70606,-0.7319228,-9.102708,-16.71506
0.4552944,9.33285,-3.098966,1.852131,-2.130466,-2.004439,11.44499,-0.8302897,6.418456,-16.01729,15.94811,-1.23842,-12.77392,-7.358025
4.977372,5.115803,9.084775,2.555345,-6.74375,-2.242296,1.669962,-8.763239,-4.717011,-23.44199,22.3016,5.243577,-6.138406,1.098264
4.43227,-0.9528195,11.85073,4.249187,-1.369771,-3.071366,-1.020409,-6.528909,0.004175304,-24.77901,15.82606,6.924703,-3.418782,-2.146052
1.562527,-1.02907,-4.342207,-4.752591,-7.222215,3.520524,1.433335,-1.872613,10.87548,-14.49779,27.30463,2.363842,-9.17886,-4.164992
0.6382588,4.469316,-6.484813,-3.844028,-7.960773,2.625446,5.689827,2.161077,14.16558,-15.94382,15.17474,0.7582485,-12.73858,1.289531
5.13364,-7.17172,7.618963,5.790607,-4.687635,-3.196821,-5.775622,-0.5367037,-3.272013,-31.44516,23.69434,12.88686,-5.625842,6.587102
11.68833,-6.892757,9.958282,3.733493,-8.21757,-12.54136,-4.867645,-3.431262,-6.291294,-28.58498,25.25275,7.957949,0.4168302,11.81922
14.21469,-14.84716,13.18104,-1.565943,-10.77474,-8.532849,-8.073296,-2.894466,11.77196,-20.58338,19.21253,10.85629,-3.741203,1.776503
11.69021,-11.83789,9.586864,-0.6312534,-7.514734,1.587667,-9.830998,-4.991478,0.03364183,-31.94449,19.4027,17.26674,-7.023039,14.20605
23.09863,-10.61474,17.85596,8.077394,-5.900614,-9.063819,-8.189835,-17.83445,-14.99807,-36.71204,11.09764,13.58902,4.297449,25.29746
16.4396,-14.31894,8.324657,-3.066218,-7.982778,-7.449533,-9.714785,-10.94511,6.297236,-26.52683,17.39621,10.48921,8.288699,12.76857
9.238442,-0.983991,4.07494,-5.752878,-3.729483,4.486628,1.969772,-1.342796,2.390026,-23.2516,4.707238,-0.1043164,-2.946619,11.24463
14.66324,-10.62011,13.00585,-2.522047,-0.334753,3.620656,-9.777042,-7.769246,-3.997271,-25.55482,-5.817531,10.86196,-5.437788,29.67889
10.87209,-5.387637,3.60265,-11.38795,-3.376818,4.856156,-3.742979,-2.817979,10.64802,-15.29616,-5.819618,2.396655,-8.512876,23.96645
13.33222,-7.29452,5.199465,-16.89771,-1.233558,5.835736,-5.971413,-2.872122,6.149592,-17.4011,-9.940947,1.474168,0.3953042,29.22488
17.89115,-8.878655,10.73508,-14.96972,-5.134232,-4.211335,-8.389466,-0.9183553,-4.130672,-19.24993,-4.470457,7.61075,2.458811,31.65701
24.32396,-11.24891,13.58327,-15.02726,-6.150804,3.623003,-5.81412,-2.37207,-5.744048,-22.40244,-7.657792,11.00697,-2.880733,26.76095
15.12355,-12.59265,6.175895,-15.75892,-4.168426,1.348372,-9.216936,-3.207867,5.483294,-19.07067,1.095664,3.241062,7.522472,24.02515
5.9993,7.093037,-1.611471,-19.05261,-4.428688,12.21665,8.341578,9.904399,5.131991,-13.76276,-14.4164,-7.684969,2.304401,9.965546
8.981765,-4.269544,-0.8704166,-13.27114,4.08644,16.56337,-0.6106425,-2.451176,-1.751988,-10.32513,-17.04643,-3.676861,9.510707,15.13104
8.511316,-8.242764,-2.638858,-14.18842,-8.064544,10.84648,-4.153195,4.018177,3.915347,0.02892992,-4.309906,-1.704801,7.444234,8.537996
15.14259,-15.69897,4.747713,-10.55745,-6.957209,-0.119162,-14.56458,-2.271433,-7.39059,-9.17044,-2.703229,13.89712,12.91102,22.73461
8.125829,-10.23351,0.9418722,-9.559917,-0.0272908,11.67813,-7.351596,-0.43955,-2.959289,-1.351957,-15.65112,-3.028618,13.19899,16.65802
2.524455,-3.4511,-8.177673,-17.91609,0.0203453,9.119878,-5.328159,7.349494,0.4862617,-2.339699,-18.37802,-0.1458913,14.14022,22.09597
-2.560323,-4.326772,-5.491003,-16.8098,3.713018,11.29617,-3.490705,12.56989,3.910603,-1.534032,-13.12224,-4.760974,11.35307,9.253095
-9.131729,5.955444,-15.52563,-21.80903,3.359733,18.85315,6.760708,22.20476,9.318666,8.7211,-23.65886,-7.503495,5.753483,-3.298283
-5.512375,4.41657,-11.66126,-9.662612,2.887312,11.19526,3.219595,8.593459,2.237605,9.151322,-20.55927,-5.046946,9.282021,1.459315
-11.85693,10.27348,-15.81054,-10.7043,8.040801,19.39915,12.07475,18.17487,-2.799207,1.642519,-13.93215,-13.07874,9.24098,-10.66467
-12.36053,10.25653,-14.7679,-2.055243,5.737116,18.04774,9.025774,16.25046,-9.528129,4.492942,-20.5805,-7.012125,9.754296,-7.260424
-5.898961,-8.36353,-5.450688,-3.576333,-5.208724,-0.4577114,-7.597302,14.01544,3.143353,15.43387,-1.177379,2.998582,10.22244,-8.083058
-6.116351,-12.25691,-2.173916,-7.312481,-1.915228,4.929641,-14.35761,13.65136,-1.71259,9.324121,-5.444964,3.309981,13.98701,6.087927
-8.495249,1.028417,1.956526,3.144381,3.164231,22.57644,-0.7709372,10.18378,-7.310887,4.831154,-26.37782,-10.00042,4.596101,1.474283
-22.5213,8.089463,-11.25829,1.408547,9.821781,11.10812,6.079067,21.62409,6.035875,19.04645,-19.94937,-12.28661,-3.753784,-13.44403
-15.97892,2.950284,-3.454846,2.961489,8.90652,15.49567,2.040241,18.18095,0.7517953,17.74163,-24.93388,-7.375269,-11.92196,-5.363696
-4.778986,-3.134789,7.392267,-1.813632,2.902396,13.20198,-3.074673,13.32918,-4.23303,8.611729,-17.02227,3.018431,-10.9994,-3.39921
-0.428057,-4.095113,8.020777,0.5266874,-1.232621,4.000928,-2.029731,14.84792,-2.032428,13.09345,-21.76884,-0.9391729,-8.870681,0.9068746
-1.172837,-2.560032,5.895728,4.703918,1.704887,3.597112,-1.356137,9.632697,-6.021848,11.0574,-16.64161,-1.122395,-12.34138,4.624487
-12.23387,4.380454,-6.105653,9.267851,7.498057,6.476443,1.091886,7.012445,-6.119016,16.83783,-18.35686,-3.99014,-6.719915,0.9604937
-15.70695,9.483925,-9.152368,2.925843,3.064638,6.151918,9.393221,20.47073,4.028362,25.44888,-17.67114,-15.73032,-13.62129,-9.085444
-8.294982,6.014704,-2.503628,1.650782,1.924212,-2.98894,7.861495,14.5405,-0.4863316,21.19158,-1.533756,-7.492801,-15.99282,-13.89
-4.701124,-1.141834,-0.05463482,6.922897,-0.6020794,-6.878068,-3.120677,4.625092,-4.386603,24.64974,-5.561283,1.400923,-9.872688,-1.279659
-2.691707,-4.431837,-0.1530257,5.63484,0.06490897,-4.52004,-4.874583,1.411842,-8.584913,17.8937,7.648879,5.91959,-9.152811,-4.164849
-9.153058,6.679183,-5.073414,6.168696,7.168575,-4.245099,6.241478,4.139105,2.34304,19.70079,-10.8696,-9.01734,-6.753873,-7.328472
-9.258142,7.232182,-13.77262,-2.542924,3.792137,-9.600082,6.787632,8.727542,7.043465,28.55412,-7.866868,-7.063178,-3.559553,-8.473707
-10.60438,14.62962,-9.728057,0.01425621,3.491968,4.946581,12.36544,10.11937,-0.788167,12.75329,-9.231873,-6.537285,-11.90466,-9.526084
-5.317987,3.533317,-6.303321,-0.8742896,-0.9298902,-6.03511,2.212182,6.356913,4.99946,20.12088,-6.268459,-0.8987561,-5.367932,-5.227005
6.83015,-7.071588,-4.616704,1.168011,-1.249662,-15.77533,-2.620212,-5.352066,1.345989,18.39696,5.678122,5.003086,-0.2081186,-1.528642
-4.160143,4.781823,-8.200993,5.348721,4.774747,-9.126196,4.161867,-1.664471,-3.791867,15.72344,-1.656537,-3.215466,1.05024,-4.025157
-10.42384,3.68688,-13.08104,7.318582,4.049712,-18.22589,4.998346,2.593897,7.838794,29.04305,7.03948,-10.05837,-0.009261937,-14.77033
-5.592531,3.933583,-12.29578,10.64822,2.534833,-15.5221,4.800674,-7.390267,2.013261,21.39849,12.0108,-7.803564,2.448378,-11.18399
-2.581702,1.725673,-2.087823,17.64036,4.575448,-14.39033,2.019165,-7.391781,-6.700091,16.76253,1.440492,-1.7181,-4.614474,-4.679362
-4.615775,3.015937,1.652213,15.41055,3.739071,-23.8792,2.206171,-9.406643,4.552552,24.12903,6.239422,-5.918972,-4.382291,-12.74206
-3.74432,8.105889,-1.927845,10.61052,7.23646,-24.9037,5.349359,-12.13311,-2.080842,18.5826,6.708862,-7.010708,4.620145,-9.413305
-7.485336,16.92299,-4.484468,9.203114,11.32259,-6.531459,18.88812,-4.776638,6.194461,18.4084,-10.3576,-19.02074,-9.329929,-18.95348
-5.535935,10.92791,-1.996668,6.450027,6.333364,-14.99091,10.85006,-10.15876,11.49168,18.25074,3.592052,-11.41485,-3.633179,-20.16551
8.19957,3.276228,11.60698,15.80142,3.833645,-25.56614,4.038063,-19.96957,-10.91348,7.499304,7.963112,-0.04746816,6.979442,-12.70111
-0.3237409,7.119513,0.808302,5.099995,-0.06813402,-17.6284,8.267775,-11.27159,6.096329,19.97328,13.29705,-11.88944,1.128199,-20.60913
1.288897,2.535439,-1.060285,8.542764,2.104514,-16.00504,3.854813,-14.64542,7.714357,16.26475,5.42388,-5.003783,0.01866371,-11.03354
-1.981966,7.837013,0.1119693,15.51705,6.773046,-15.0383,5.643207,-16.39661,-5.873297,4.984655,8.402266,-1.877551,1.695308,-9.796782
0.2003915,0.2323582,-1.448981,13.21674,1.185342,-17.29253,0.9419727,-11.15264,2.64889,8.729537,6.868994,-4.901092,4.374284,-3.603273
11.41707,-6.698346,7.05934,5.666316,-4.399273,-19.58901,-8.496424,-20.77543,-0.2095383,11.59433,1.634715,11.4747,10.06061,1.260942
9.950154,-5.120206,9.679669,3.19505,-2.277922,-21.62543,-5.813559,-17.51433,0.9502235,16.74084,6.761779,3.095428,0.8981865,1.080109
0.6860258,5.797358,-1.074915,0.9463329,5.795057,-13.17245,3.685336,-14.96933,2.125758,18.30229,2.290419,-1.659839,-1.341061,-7.410983
-2.144585,9.932007,-3.728233,6.886954,12.79382,-2.920068,9.856992,-15.22757,-3.117174,8.536412,-4.428756,-4.551315,-0.2102693,-11.6782
0.8733639,1.883874,0.1007438,6.013779,4.50915,-12.34762,2.112872,-9.064214,-0.2384767,5.615489,4.223687,2.57831,1.029641,-7.290599
5.520063,1.940032,6.313236,10.49374,4.126009,-14.50451,-0.1354177,-15.95685,-12.18953,9.017544,-2.097056,16.25622,4.198004,-12.98149
3.73345,-5.883949,15.70131,15.43579,1.540832,-7.15066,-5.702773,-11.23751,-10.5965,3.667704,4.739188,11.49253,-2.966492,-12.77293
-10.56428,1.131726,-4.805352,2.610751,5.629083,3.809423,-0.6329702,-2.321554,1.719544,20.21083,4.454604,-1.039927,-3.063108,-17.13876
-4.092661,11.13341,-2.085069,6.129665,12.88793,0.9268653,8.204667,-12.16363,-8.940621,12.11621,-12.54316,-1.899378,0.9843475,-10.65857
1.301999,-3.207524,11.31872,5.981406,9.647653,2.146579,-4.825222,-13.59452,-8.836604,-2.014223,-1.063296,5.49893,0.6314219,-2.985317
-1.049581,6.73332,4.711753,3.920459,1.179481,3.446392,4.33426,-4.085742,-7.288681,1.555073,-0.6558297,-0.5065687,-5.80255,-6.491778
13.64763,1.848648,12.32166,4.255579,0.1355011,-1.279978,-3.16948,-22.31977,-18.27885,-5.671512,-3.613456,16.55663,-5.621825,11.18923
12.25125,-6.023721,5.886156,2.064314,0.6843737,-8.237068,-10.80542,-24.85223,-11.32442,0.4959162,2.327398,14.27857,5.647444,17.60744
4.685033,-0.720166,10.09829,5.18043,-7.673712,-2.176211,-6.430617,-14.61282,-2.904119,8.392236,-1.315451,-2.520183,2.585692,7.411599
7.076035,-3.062166,8.287039,8.925472,-1.050585,-0.4206196,-6.56613,-17.57455,-7.737978,-0.6667385,-4.925824,6.646571,0.3182541,10.75122
5.59751,1.744066,2.916466,5.477773,0.9653388,-1.540268,-4.261541,-17.97215,-11.77733,-0.4653387,-3.602489,10.19189,1.265804,11.46028
5.335987,-1.743459,6.010264,6.314837,0.3638437,-6.833122,-5.893729,-16.24736,-10.56678,-4.606358,10.09737,10.37798,1.39488,5.995642
0.157105,2.746391,-0.0522782,7.333827,1.630312,4.482451,2.909389,-3.810679,-8.491533,-7.529714,1.26005,-2.496966,0.6477327,1.213915
2.113421,0.8558744,4.772327,8.627916,-2.800333,6.199543,-1.291957,-4.336327,-9.801104,-7.22618,-4.272168,5.78094,-1.603426,2.981472
7.116057,2.655752,13.67242,12.08995,-7.025704,-5.641135,0.8419729,-6.91841,-10.3596,-8.805269,1.996093,7.285628,-4.607595,-2.300161
-4.413716,0.8119007,8.130275,11.35388,1.112164,11.3038,-0.5380708,-0.831935,-9.089494,-5.948385,0.1334144,7.170653,-5.50944,-13.68505
-6.909651,0.4314638,2.189628,5.751171,1.269267,10.20316,-1.754163,-3.522811,-2.912916,2.53638,5.362637,3.538893,0.06129316,-16.24435
-6.07971,0.07872252,-3.915694,-3.770155,-3.031258,3.759245,-2.981753,1.963945,1.646289,5.747647,9.63784,4.314108,2.883555,-10.25278
-2.657088,-5.874456,2.509501,2.334785,1.05187,5.014573,-6.243279,3.19771,-7.536382,-4.819356,5.883478,15.00426,2.291911,-10.15754
-4.196519,-2.372298,2.850337,-0.4167618,-2.449456,5.634823,-5.174272,0.5996959,-1.311813,-5.86279,7.89724,10.60215,7.972134,-13.77247
-4.829227,-5.113665,-2.713299,-3.919247,-3.349619,3.211856,-6.842191,4.681833,4.822555,-2.352963,7.767747,7.159193,7.051301,-5.574279
3.204045,-5.158407,-2.805612,-8.983049,-10.58537,5.452141,-5.581994,1.741927,5.002324,-5.776135,10.0296,11.60791,5.442267,-3.589645
4.713712,0.14839,-0.8414608,-12.68938,-7.810922,4.334704,1.254179,2.907804,2.866661,-5.150039,8.878335,6.95208,4.024404,-9.58847
4.88231,-3.613847,2.369647,-6.212038,-7.643715,-4.337842,0.4874897,7.835073,-2.463082,-9.343872,21.26212,3.963279,1.732181,-8.917706
0.9567323,0.8543642,-0.5955293,-10.1397,-6.606129,-3.522657,1.32884,5.297773,6.781265,-0.0055527,12.67097,-1.234653,0.2129441,-5.998657
7.105078,1.416712,-1.861213,-13.77245,0.6664168,1.076036,3.222866,3.941869,-6.097925,-7.608629,1.209705,4.010892,0.8602343,5.83041
9.68594,-5.314617,-1.105199,-15.09284,-5.30669,-0.1524649,-2.994587,-0.02072991,3.553602,-11.61555,12.69676,8.338374,-1.441633,8.769632
13.70852,-5.88748,3.188806,-10.97801,-7.915277,-6.358912,-3.740423,-7.112205,5.280274,-3.01475,6.966782,7.090447,1.076715,7.695513
4.091646,-7.844663,-3.949356,-17.2214,-7.692312,0.7821691,-8.29357,3.337684,4.154444,-5.227634,19.39268,8.768761,3.189258,6.512287
0.1192243,-6.162086,-5.465493,-11.3782,-2.244805,-6.842378,-8.87851,0.7337263,6.410748,-5.654953,14.75993,10.77048,5.597261,8.235062
4.479781,0.3693324,-6.17124,-4.814336,-1.529201,7.533087,3.764554,-0.475392,3.3805,-13.25007,1.497567,1.39538,0.3895945,3.430447
1.531925,4.293406,-8.037642,-14.7642,-4.398674,8.149111,4.487196,6.104729,11.44042,-13.49435,2.508245,0.7291373,-6.884308,8.335018
11.84505,-4.151247,9.433626,-0.3971777,-4.283398,-6.526195,0.286469,-4.176425,3.017853,-7.436719,-1.553382,1.169888,-0.1354837,2.90714
7.61798,-8.150597,4.632245,0.07671449,-1.015499,0.6741378,-3.861921,-2.435975,-2.238921,-14.83766,8.682699,3.554877,0.8120782,6.489826
0.2474401,-9.424205,1.23842,-6.074915,3.785455,-4.343772,-11.96792,1.143213,4.678018,-9.793205,0.2864522,14.62707,0.6622201,14.93572
9.207635,-9.206449,8.986785,-6.580441,-9.440925,-5.906729,-9.981302,0.6973184,3.004164,-16.03119,9.184813,12.70746,1.184694,12.17417
14.24194,-12.11206,14.28244,-5.091506,-2.290591,-13.19452,-13.84544,-9.207213,-8.394773,-22.47721,14.15586,16.80779,6.228556,20.89672
7.716189,-7.496705,2.256644,-6.20786,-1.623853,-9.108432,-6.820643,-1.196663,4.752975,-15.591,5.283848,13.63004,2.40451,12.00094
-2.441164,-2.898145,1.026352,3.289754,-3.319397,-1.043651,1.856213,12.19428,7.314227,-17.26811,13.26903,-2.622456,-5.773318,-3.583611
-1.778059,0.7938781,4.561758,-1.043978,2.39514,1.449438,-0.7633279,1.914396,-3.484962,-13.44859,9.819792,3.370604,-5.088639,1.30255
-4.571088,7.777618,5.785794,-2.739873,1.519649,3.613657,7.375446,9.5978,5.780968,-12.12912,-1.967946,-5.069818,-8.906664,-6.066421
-3.123164,0.2609801,2.995964,-6.947181,1.026827,-0.9711533,0.3465238,9.302888,7.160131,-11.23476,5.739403,-7.525555,-2.58583,5.554928
-5.822781,3.879759,-3.790096,-7.177862,-2.661777,3.2748,1.743857,7.472861,8.453634,-5.578704,6.23607,-7.669056,-0.7466083,2.385907
-6.193167,4.384775,1.384547,-2.058715,3.387469,0.6057244,3.30082,6.993086,8.128079,-9.404889,-3.452872,-8.049228,1.079081,-0.1047074
-1.373426,1.618499,0.3059567,-6.587544,1.765127,-3.963477,0.3940312,3.122467,3.524986,-8.740091,6.825247,-5.330075,1.531764,6.906537
-2.713328,7.123718,0.000553208,-3.303155,-0.5811642,2.474964,8.999962,6.383477,10.52845,-0.0453233,-4.499163,-17.63683,-5.774303,-0.9578491
-1.946136,1.54234,1.070022,-4.353917,1.013562,2.763395,3.251373,4.212139,9.105301,-9.745005,1.566052,-10.94606,1.873522,0.5934147
1.622709,3.57448,1.296911,-5.11993,-3.054105,1.758725,0.7285594,-3.783967,3.945966,-8.868037,-0.3027313,-8.37527,7.354885,9.221807
-0.4148384,4.962584,1.616288,-0.5746427,0.710687,1.344458,4.447113,0.7071174,2.322523,-9.062819,-6.403358,-11.11452,7.298876,4.160531
-3.861341,7.716573,3.390093,-0.3421203,2.01931,4.903654,9.922798,4.563194,6.583712,-4.111906,-4.856081,-16.69661,2.128145,-11.35941
1.586087,3.134536,9.142486,-5.458987,-0.8524252,5.240625,2.766405,1.766011,9.774945,-10.33443,-11.76111,-12.3293,1.05436,6.270802
3.644222,-1.375791,7.086504,-1.353763,1.607423,-1.227344,0.7559014,0.5092323,2.89726,-19.7275,0.03621637,-7.925256,7.833695,7.2392
-1.441437,3.240702,8.516574,3.200283,7.492828,7.628835,3.549926,-4.993124,3.00187,-12.95094,-11.98533,-20.82792,8.67496,6.892775
-0.9025822,-1.366475,5.214675,9.399964,3.697017,2.17138,-2.007169,-2.938138,3.997098,-14.4594,-11.10255,-10.84403,0.04525762,19.09495
-2.256978,1.586676,-2.255279,-3.300024,-4.738507,8.406972,1.090495,4.929055,11.23196,-5.892216,-4.27951,-7.287175,-4.966327,7.730861
4.87688,-3.263731,4.006132,2.734625,-4.007258,6.654046,-2.517068,-3.0649,0.5531037,-10.65669,-4.676852,-6.962439,0.2346534,16.08949
2.604636,7.090762,5.978936,2.950604,-3.698719,15.7483,9.225048,8.31073,-3.12578,-12.10234,-16.55218,-13.15079,-13.45322,10.17402
-7.492575,4.002804,-7.012757,-4.961114,3.957231,15.78726,6.18207,10.46644,13.08903,-3.509338,-12.03862,-15.05024,-9.300629,5.880451
-4.984632,-6.235717,-8.067217,-3.336042,3.265245,3.415402,-9.382483,3.236818,5.499651,-4.185946,-8.05249,-0.4549958,7.035693,22.24671
-2.474293,1.043718,-6.427752,-11.35226,-7.509938,9.117927,-4.17615,10.66951,-0.2614684,-6.857052,-3.886873,3.743621,3.812647,14.55836
7.665793,-6.164052,2.818675,-6.022172,-8.253642,3.653265,-5.937478,2.444494,-0.9798449,-9.298532,-0.7548617,5.411664,1.242895,14.17379
3.159499,-1.843641,-8.797457,-8.135801,-4.475465,5.007357,-3.050103,0.1680391,4.133014,-4.758282,-5.380991,3.854266,5.774374,14.34519
-5.661451,-0.04165362,-9.794034,0.8509786,2.567436,9.984474,-1.170116,-1.715778,-1.544587,0.378533,2.78825,1.156803,3.25401,-1.052865
-6.350053,1.862471,-6.75117,9.481341,4.339545,15.46242,4.569562,2.027099,-1.478675,-2.190533,-7.87518,-6.772509,-2.421026,-3.90329
6.613873,-2.389436,4.468977,7.61582,0.8835068,2.817069,-1.079989,-4.507073,-11.02048,-4.493167,-12.58129,2.529302,1.60125,9.541632
9.483558,-2.733128,1.909311,1.635913,-2.885355,-3.641692,-1.837229,-7.473609,-13.23659,-3.320504,5.854688,7.295464,3.577985,5.371185
-3.403834,4.561793,-15.07836,-6.714545,-1.990888,8.851288,7.056132,4.086987,7.501961,6.742014,0.2137859,-0.7487107,0.979279,-12.05689
-16.03288,8.056393,-19.53203,-2.987052,3.858496,16.81569,8.506556,9.03511,12.68475,13.38159,-5.400798,-8.984796,-1.634763,-17.76626
-12.56926,-4.370233,-11.36108,2.808355,5.544831,11.78251,-2.179948,3.970938,7.980944,5.811868,10.17901,-3.373573,-3.979911,-10.24447
-3.363098,-13.76647,-0.4193634,1.879884,-0.9447824,4.508736,-13.2773,2.156352,0.03048205,3.529532,9.755168,8.850403,0.09167111,0.9687779
7.372803,-11.57576,1.121658,5.420411,-2.127854,-6.561372,-10.72377,-4.410166,-13.94187,-0.9069379,7.277569,16.6804,3.450162,8.924713
7.277189,-3.910862,-0.3491243,-4.21127,-5.560047,-1.89401,-4.676744,-5.456313,-2.190022,2.570263,2.768225,9.871582,-0.5250692,6.286201
-7.808992,2.118878,-13.79669,-6.254799,-0.2758319,6.153103,3.468992,9.98011,11.27049,9.794387,-0.1907247,0.2894207,-6.696768,-8.051565
-2.190122,-5.500145,-5.049354,0.1519405,-1.264628,3.383899,-2.128515,3.740277,5.260926,1.121355,8.611439,6.715265,-3.516426,-9.335916
8.975271,-12.10085,2.678316,0.7675471,-6.806732,-6.47239,-9.714613,-6.711965,-0.5954061,3.419264,10.85682,13.75767,0.4344064,1.512642
7.728851,-7.333057,1.091362,1.582931,-3.746451,-7.135927,-3.989784,-4.213809,-1.021852,3.538775,4.48352,8.486213,1.027709,-0.498489
8.172987,-3.45636,8.516117,4.720689,-6.465014,-4.82375,-1.270879,-3.468836,-0.2697746,-3.795829,-0.9764538,4.812696,-0.1307625,-1.564835
6.295906,-4.90397,-0.441327,1.329086,-7.038044,-6.760378,-2.736407,3.642638,-1.363087,1.954273,-1.507826,10.23566,-1.238205,2.531676
5.732362,-4.566411,-0.5751957,-4.018942,-7.67823,-0.3559225,-1.327045,5.726646,3.824048,0.3259919,-1.268455,5.006363,-2.371179,1.545967
0.8131196,-1.437042,-2.617463,1.079398,-1.199099,2.996011,0.4071477,3.311635,-2.012759,-1.960454,-1.403225,-2.024086,-0.1654625,4.212277
-1.570136,-3.609443,-7.78912,-2.031752,-0.9084622,0.2573385,-3.249287,-3.645932,5.322132,9.087965,3.773016,-4.245283,7.33161,1.277351
-0.1718554,-0.7076377,-5.845993,-2.778172,-0.624961,0.002794367,-2.403377,-3.622122,1.361791,1.608683,1.684528,-1.884637,5.412105,7.968853
-3.385017,9.641134,-5.905909,-4.319521,-2.959857,6.604074,2.809271,-1.320432,-2.619935,-4.646177,-0.4343154,1.357057,-1.780919,6.960555
4.808768,-1.512556,-2.758625,-8.998642,-6.628557,-5.138735,-4.722209,-3.347923,2.668628,6.684526,-1.008506,4.268887,6.732541,8.9524
9.865614,-12.55545,0.4421341,-2.649596,0.8801981,-11.46031,-13.86122,-6.77807,-9.535068,-9.146658,4.299469,15.29863,9.375997,25.82431
5.617613,-9.48447,3.09101,-4.399951,0.1608739,5.468011,-8.958977,-2.193924,-7.130568,-11.13982,6.807354,5.592596,0.4622052,16.10803
-2.763888,-1.050718,-4.917894,-4.542702,6.762081,0.844573,-0.3626334,8.042899,-0.275719,-6.648421,-6.352729,4.428379,1.330825,5.505946
3.892313,-1.347925,-8.767467,-7.102032,4.862481,-3.253917,0.3872227,-0.8682581,-2.167824,-7.676028,3.996982,3.342961,1.488271,13.21322
11.34386,-2.058559,4.973381,-6.040987,-3.764194,0.8866935,0.1493412,2.81591,-7.958334,-23.93927,2.150202,8.988103,-0.4791196,12.93297
6.97349,-2.58459,4.042225,0.7063725,3.46697,-2.097387,-1.999421,-2.289618,-4.56756,-15.7093,-10.98172,12.30121,2.968059,9.771265
-0.840836,6.234576,1.718653,-5.652913,6.489834,1.700307,2.453357,0.6923177,-7.501159,-1.394274,-6.937963,6.062081,-6.84899,3.825015
-0.8126862,2.137488,2.358487,-5.709618,5.506772,3.850514,1.159593,4.948987,-5.203635,-1.718434,-6.110718,9.763704,-7.307232,-2.86322
-2.914274,-4.636986,2.056388,-5.134331,2.828306,-0.1844641,-6.025112,3.259011,2.147599,4.901157,1.868351,5.022543,-4.045196,0.8570029
-6.446648,-4.528882,-1.029215,-7.489267,9.472276,-0.5828304,-7.843755,-1.353886,-3.263002,0.4339915,14.2017,6.941799,2.994581,-1.50687
1.336735,-4.583136,8.316523,-0.7376577,11.11957,-5.795812,-5.78379,-7.881427,-7.339975,0.8665505,-0.6702293,-1.714735,5.995619,6.871756
-0.2369465,0.9523749,8.654941,-2.130935,4.223114,-5.175415,-4.386135,-3.266524,-5.49981,2.873757,-7.507699,5.694479,3.048778,2.756022
-5.670975,2.865144,3.819005,1.514775,2.576713,-2.617682,-0.08963662,2.297239,-1.689438,1.501491,4.246584,-0.606387,-2.599023,-5.547809
-10.44846,3.235327,-0.01608107,-1.434242,-0.4157683,1.644889,-0.9179263,7.49517,7.165132,5.043494,3.123736,-4.919127,-5.98919,-3.566953
-9.054617,6.450913,3.218408,2.457368,3.11272,4.011374,2.377428,3.185159,-0.0001202242,5.286312,-2.596347,-5.427716,-6.167287,-6.853589
-7.149059,1.275337,5.605934,-1.267024,-1.054517,1.65892,-1.916203,8.416196,4.160198,-3.979563,3.026744,-4.674687,-3.409858,-0.6924163
-2.537241,2.123723,0.7659367,-3.802656,-3.9907,3.282796,2.159925,9.452594,6.693696,0.3482519,-5.734343,-2.979994,-2.576379,-3.20561
5.123158,-0.5035231,13.45834,-0.494765,0.8210481,-8.916305,-0.7840896,1.024657,-8.58946,-9.014242,5.041693,0.867888,-0.7505442,2.716141
1.009715,2.339677,3.218569,-1.877,-2.713128,2.580404,2.049448,5.451611,-5.7074,-9.053389,2.63272,1.605647,-0.1243299,-1.412544
-7.825743,9.218487,-0.3628411,4.028051,-1.760217,7.723128,8.988165,13.48389,4.042446,2.204918,-13.14709,-10.97293,-10.82494,-4.795317
-9.971626,4.0146,-0.3248014,5.886565,2.70812,-3.045251,1.507657,3.56365,4.930103,4.136967,3.910604,-9.603912,-4.785318,-2.927354
-4.978335,4.416543,-4.167998,0.4524255,4.043749,5.950796,3.847023,3.631613,-5.843751,2.186976,-4.757932,-9.594655,4.675684,0.1378661
-7.212093,-5.086754,-7.403466,0.92731,-2.791165,2.898254,-5.406875,8.126912,4.267547,-0.130737,5.597637,-2.349994,6.954767,1.608652
-8.885537,3.751983,-5.33417,9.220803,0.3267262,0.5118588,3.115222,6.418727,-0.6563995,-8.952022,5.420171,-8.19458,6.113639,-2.856421
-0.2013854,13.43556,-2.993617,2.663211,-6.006133,8.865403,13.84916,9.530408,-9.423156,-7.840907,-6.226887,-9.617357,-4.293872,-1.740418
-0.9068545,1.126201,-7.824335,5.394635,-5.613448,6.007639,5.0825,5.089134,1.092183,0.6000871,-0.154309,-9.052547,1.293251,-2.134136
-7.647435,4.22954,-7.902712,4.926447,2.34061,4.335902,5.517047,1.429143,7.881898,4.784579,-4.219104,-12.48139,4.373467,-7.567989
-6.448449,8.113392,-12.12996,3.738442,-3.547007,3.702494,7.134543,4.589541,3.060768,5.936762,-3.001176,-9.545969,-0.6491429,-0.9542262
-5.506319,6.405497,-9.533715,10.67178,-3.183877,5.254287,8.694379,2.55475,-3.865936,5.175378,1.940281,-12.56341,5.578476,-11.62156
-14.94147,7.484097,-19.81249,5.684052,-5.416052,8.353749,6.5765,12.22534,12.57534,9.310439,-3.981302,-10.66023,0.5676938,-7.96566
-0.540694,0.4139423,-3.458109,9.424011,-0.8117704,3.2293,2.348563,1.453277,-5.298853,-1.500462,-3.673772,0.1404285,-1.164501,-0.5613586
2.505912,5.303769,1.025953,9.321804,5.273104,-2.968465,8.113297,-2.453686,-1.526091,-5.287559,-15.25454,-2.511829,-0.8284886,-0.713172
-12.38397,11.04994,-11.986,3.406859,10.60355,9.903861,12.62212,9.612792,4.420471,-1.639685,-11.91976,-8.214845,-5.467894,-10.00742
-11.04083,8.000998,-8.837134,1.36237,7.077439,11.58802,10.08321,7.990079,-0.4580104,1.911489,-0.004598325,-5.326137,-1.438264,-20.90863
-5.629588,4.890857,0.5735422,1.084991,0.2175003,8.013594,8.660865,8.491189,8.518392,4.585666,-7.673314,-11.71971,-1.512404,-18.50158
0.241914,-3.867466,2.751886,-1.255603,1.344489,-3.405416,-1.348688,0.7219987,-0.6018582,2.819232,7.291824,2.040227,5.800676,-12.53322
0.386462,-2.58379,-4.515677,-8.381935,-5.646952,-1.241476,-2.151338,4.704496,3.907599,7.867508,4.491588,1.094387,6.053875,-3.98475
4.972865,-0.8277374,9.433829,-1.492671,-6.366225,5.55048,1.295018,3.391657,0.3502428,6.607409,-8.481812,-2.778352,-7.674042,-3.980666
1.646832,-2.132149,2.307653,-3.991528,-1.889456,2.919797,0.02409173,9.493133,0.8354245,-4.15264,-3.579024,5.142545,-6.960041,0.3353594
4.130066,-0.5231227,6.058257,-1.778109,1.099668,3.43662,3.531633,7.431707,-7.607055,-0.492938,-7.045356,-0.3864733,-4.345549,-3.509351
4.410786,-4.424763,6.736246,8.455255,-3.575675,-1.887621,0.1095054,-0.2620753,-3.978558,10.77095,-1.085176,-1.984718,-6.286175,-6.997987
-3.392121,-1.711857,-0.1061868,0.3544312,-3.414646,-0.07955795,-1.869504,6.448221,0.6795709,8.131598,0.9022042,-0.6938764,0.6051021,-5.85338
-6.835292,1.247124,-6.36208,-7.032342,-0.6687478,5.45214,1.933789,9.112688,9.192324,17.26354,-5.06204,-5.032995,-2.751008,-10.45709
-7.229339,11.47189,-1.580076,-0.01888168,-2.529984,3.65945,12.64647,10.61772,4.081248,16.45861,-5.996925,-21.69099,-6.004359,-13.88482
0.4174669,-0.6253358,1.870776,-2.985162,0.09229091,-1.86108,-0.5518494,-1.355526,-3.511878,7.273212,4.758224,1.761445,5.272994,-10.55558
-0.7042196,4.028869,-0.2411277,-1.127096,-0.1907234,-2.795657,4.753491,-4.742174,5.202899,13.96393,3.420233,-8.330507,-2.806096,-10.43181
10.12546,0.6155817,0.7134392,0.3763762,-3.733347,-6.766803,1.588315,-11.26863,-3.277597,10.36875,-3.139595,1.816205,-0.7283874,3.310234
13.53885,-4.023265,1.827171,-1.844434,-2.861031,-5.41596,-5.228312,-13.08573,-11.87793,5.77811,-4.30256,12.2374,-0.4431075,15.70079
-3.37775,13.15596,-2.734071,-0.5600002,-2.246566,9.276902,8.779184,-2.188158,-1.829098,3.119502,-4.983611,-3.823834,-8.260552,-4.327891
7.450148,1.27852,2.272627,1.554416,-2.861891,0.8876484,3.227844,-5.651845,-3.909608,7.655095,-8.774321,1.415237,-2.815349,-1.728523
5.379024,-3.84754,2.45536,1.657394,-0.7638375,-1.338442,0.04057512,-4.750913,1.146168,11.31536,-0.7770894,-2.113728,-7.2202,-1.182136
4.383665,-3.821017,-1.591229,0.4109649,-5.788231,-6.144792,-1.881484,-3.776998,8.076802,4.405762,7.861764,5.117943,-7.273489,0.02033855
7.508864,-5.884656,-0.9544187,3.022481,-4.196893,-3.923647,-4.232746,-6.587851,-3.673281,0.9420551,4.181465,6.418928,-0.2930014,7.672696
5.224033,-7.047313,3.342295,4.67575,-3.292466,-4.405294,-6.111446,-6.828675,-3.199942,2.169037,7.481693,2.105757,-0.6750873,6.561653
3.598326,-3.347973,0.5284402,1.669372,-7.041712,-5.967668,-7.035265,-5.980782,-3.733616,3.380244,5.622731,5.466522,3.197335,9.64404
4.74202,-6.299664,1.777323,6.580164,0.3255389,-10.8721,-5.36592,-6.176566,-4.911456,-4.771514,8.617548,5.224576,3.090309,8.039736
-4.085812,1.028602,-1.976671,5.035233,-2.838167,-4.196784,-1.066683,-1.53319,2.559837,1.046975,13.1264,-0.1247175,-5.736704,-1.238315
-1.368042,-1.180919,1.543923,3.613008,-0.5154945,1.084332,-4.658888,-5.225448,-1.52211,-2.11099,6.750361,8.424033,-8.784723,3.950955
4.078536,-4.146929,3.72774,2.859158,2.358269,-5.983343,-5.077521,-13.2256,1.987522,-9.063005,8.971419,3.057174,2.799251,7.657325
2.835188,5.015478,4.958103,-0.2527476,11.36047,2.238199,3.787512,-13.27392,-4.101811,-4.058506,-8.825642,-3.734312,-0.7610878,4.813083
1.717755,2.348969,5.327097,-1.34939,6.701032,2.880083,2.891583,-5.409746,-2.793556,0.4421361,-4.757444,-3.163994,-3.29522,-1.539303
-6.777982,2.882176,-4.445475,-1.334751,8.105137,-0.9473512,4.797012,-0.8361934,9.329796,5.573487,8.360977,-8.162746,-7.169179,-9.374901
5.217954,-1.939274,10.80334,5.004344,11.74956,-2.356498,2.400459,-4.221031,-5.20935,-12.96613,-7.912677,5.340087,-3.262384,-2.648407
-2.587961,-2.469796,0.1046286,3.735614,7.131814,-2.569589,-2.528535,-4.764229,-0.02550069,-13.21252,7.564019,3.720921,7.842359,-1.941224
-5.081047,-1.078905,0.6443931,1.351396,9.394311,1.583749,-0.7107956,-2.061429,8.842239,-4.870099,-7.414561,-3.209859,4.522819,-1.912212
3.868523,-0.612473,7.129208,2.49896,5.144033,-2.568732,-0.3165784,-5.816025,-1.82872,-9.32638,-8.313391,7.013813,5.431441,-2.303681
-1.677014,-1.6963,3.299466,6.347652,5.555223,-4.826618,-0.4459034,-2.614426,-1.884524,-5.54803,6.433587,-3.78375,1.820382,-0.9797464
3.194753,-1.111712,8.196223,7.14541,-1.591771,0.9770085,-1.790433,-7.569809,1.850181,-9.502506,-6.114172,1.294278,4.655708,0.3668413
-2.819277,5.875459,8.966557,9.170517,1.404964,5.984308,3.496076,-3.014107,-7.403473,-9.590087,-3.395358,-0.7827352,2.811876,-10.70471
-1.832539,-0.5064027,9.238272,7.825565,1.447864,3.798444,1.020715,4.483963,-6.262349,-11.34237,0.155104,-2.554279,1.700539,-7.172531
0.6805307,-6.562023,6.776248,4.230583,1.117097,1.047533,-4.642354,-1.485709,5.353695,-7.546205,-0.7510439,3.522773,0.7184197,-2.459552
6.23027,-8.548166,11.15435,5.188697,5.243161,-4.921991,-8.992915,-6.994486,-6.315482,-12.41102,-7.23419,5.484058,5.937777,16.17993
1.05719,-0.8863311,-0.2394181,5.065598,8.545733,-4.143645,-2.464847,-6.112334,-8.717319,-3.784591,-8.849894,2.710475,6.00912,11.81026
-15.81653,9.097606,-16.58346,-1.650358,8.371305,10.58096,10.6252,11.15645,11.3337,-0.2323243,-0.5034455,-17.90385,-0.5660024,-7.90924
1.183707,-7.974361,-0.5742218,1.655456,4.788803,-11.04299,-8.192129,-5.150462,-1.642148,-3.773585,4.922104,2.653824,14.70917,8.43682
10.66207,-14.35456,6.012402,6.406543,1.716054,-12.8884,-14.15942,-15.17465,-9.37921,-0.9346666,-0.5452755,10.06937,17.33015,15.23959
7.031718,-10.9263,1.229316,-2.661901,-2.735255,-2.734154,-8.100363,-1.750257,0.4079162,-2.950746,0.1326853,-0.09098338,10.97374,12.17457
9.078346,-4.953825,0.6473453,-2.165576,3.970443,-0.5496147,-3.910001,-8.409859,-7.999215,-0.4347608,-12.72963,2.95073,9.757963,14.74764
8.058306,-6.225785,-1.675955,-3.093728,1.558758,-8.848323,-8.661123,-10.77106,-9.019564,7.038795,-5.518335,6.646001,12.41402,18.09799
2.187928,1.203358,-10.37276,-15.43614,-5.58173,-5.056063,-2.135866,-3.878575,4.862368,12.80926,7.419857,-3.521495,9.718678,7.78118
1.488907,1.348535,-6.018918,-9.27885,0.2717984,4.246412,5.024905,2.261776,3.448852,12.05989,-2.989081,-6.306386,1.873644,-7.431484
2.485547,4.810755,-4.97409,-8.347425,-5.198613,3.778716,5.459562,0.1884459,-1.245974,14.71649,-0.660908,-5.491897,1.66956,-7.190164
4.233763,6.902253,-4.258767,-19.18049,-9.688566,-3.010661,2.064102,-0.4469324,6.173458,10.81251,0.5054083,1.101412,3.029652,1.762867
3.035591,4.819951,-5.346263,-15.67093,-10.45357,2.88425,8.523817,10.9379,6.226036,13.37064,3.282849,-5.024305,-0.6627218,-15.92325
-3.83094,3.767367,-6.499032,-14.38586,-7.830205,4.744792,1.193724,5.231508,6.933978,14.93938,6.514217,-4.00988,3.743529,-10.51258
1.171626,-0.7563254,-1.973881,-11.7373,-7.673962,-9.46007,-4.734396,3.365696,5.475641,10.60272,4.185601,3.735289,3.603713,4.195652
1.960708,2.000383,-1.873533,-10.41521,-6.076548,-3.600232,-0.1838666,2.57054,4.835691,11.54811,-1.645768,0.8964092,-1.384751,1.368062
1.649683,-3.119727,-1.375761,-12.10312,-5.740568,0.6512688,-5.953053,3.981883,3.75089,8.433664,-1.51454,6.288242,-1.856841,6.907975
1.14034,2.103041,-0.8350102,-8.082843,-3.79329,0.5570055,3.386876,7.128535,3.285274,11.5386,-3.523938,-0.6227911,-6.626071,-5.655726
-0.06147572,0.2004587,-3.23817,-10.18619,-3.825776,0.9861922,-0.6263128,7.269408,1.899003,12.65643,-5.828263,1.688354,0.5142282,-1.447886
2.202095,-4.593569,3.028847,-7.222198,-5.18265,-3.622949,-6.582255,0.2793037,3.60811,11.59048,-0.5260611,4.653242,1.857315,0.5102836
5.564873,-2.594513,0.9663823,-8.954823,-6.349896,0.1658311,-4.460886,-3.353323,0.2276617,8.1417,-0.06693194,5.174261,2.005266,3.534397
-1.154996,-0.6018614,2.625902,-4.996634,-1.335879,5.75198,-3.12988,-0.7396291,-4.476207,12.43474,0.5594984,-1.579959,-1.889183,-1.467889
0.8479934,0.524515,-0.4738356,-5.518861,-1.328641,2.451542,1.012458,4.39467,-2.21186,9.505025,-1.590004,3.82725,-7.501025,-3.939226
-5.182618,-3.213075,-7.349071,-8.911291,-3.894612,1.628344,-4.955901,9.600733,3.771187,8.973856,7.624257,5.614202,-2.637379,-1.068633
-7.304679,3.476514,-9.969465,-5.858308,0.196987,2.662867,-0.325372,6.882432,3.885256,-2.948447,2.841006,5.720078,-1.216705,1.957841
4.178852,-1.523437,-1.016104,3.496361,2.430523,0.2479208,-1.691904,-4.027786,-3.839357,-20.02675,-1.951988,11.16404,1.301052,11.25857
-5.186849,-3.047616,-4.696547,8.09268,-2.022299,4.551911,-1.556928,4.377085,7.279211,-14.29661,8.099301,4.633524,-4.973997,-1.252866
-12.78422,12.20783,-14.57343,-3.987687,-4.385564,17.253,9.221839,16.35373,9.401016,-14.49598,-1.053293,3.354623,-8.289739,-8.222121
-4.489358,0.1299663,2.012518,5.46532,0.2000332,0.832127,-0.6321403,1.975697,5.327684,-9.246099,3.918975,3.242891,-4.994099,-3.743515
-6.091278,-2.931397,-9.539161,5.135017,2.722668,3.086182,-1.108111,2.228974,8.460361,-8.773291,3.930885,2.667968,1.377807,-1.166625
-2.742778,6.123022,-6.468298,5.004181,3.895005,6.040941,8.927057,5.186828,-1.638578,-16.72402,-3.260247,0.5377023,0.02129801,-4.902103
-0.06234468,0.5537599,-0.5603815,2.872345,0.08562547,-2.553234,4.047541,6.251408,-2.168828,-17.03039,9.526925,-0.4942375,4.948048,-5.416235
-6.118337,3.989116,-0.4392751,1.02708,4.161204,2.454759,2.142236,5.18889,-3.9389,-11.82726,5.637311,-0.4133191,-0.1615509,-1.701953
-8.574563,-0.9687596,-2.545887,2.75493,5.609996,-1.379105,-1.026376,2.533301,2.004641,-5.458817,15.51556,6.46288,0.1820248,-15.10982
-7.007864,-1.222419,0.6867175,3.103045,4.060784,-6.695896,-2.15342,3.529761,5.592153,-4.775258,7.351911,4.169577,2.103941,-8.743033
-18.14098,14.854,-7.56203,2.072091,10.93781,5.135071,12.80856,11.31942,6.394155,-1.760573,-1.667505,-7.33959,-6.235709,-20.81471
-21.41116,7.902212,-8.062346,9.498514,11.29114,10.43135,7.898842,12.07307,5.701054,-5.672334,8.205585,-7.531047,-10.10259,-20.22229
-14.27678,3.79439,2.73961,8.571983,4.228218,9.298014,2.889204,11.97564,0.4385359,-2.068802,3.019235,0.02033369,-12.31073,-18.31885
-7.551301,2.273442,2.300534,4.405225,-3.54712,-2.936974,3.846723,12.94891,4.468838,8.264358,6.323719,-0.6958193,-9.321336,-20.77919
0.7983253,0.7513519,9.977633,9.263121,-1.253686,-6.116786,5.995663,5.017903,2.067612,7.8687,-3.988307,-3.529937,-6.781649,-20.06994
-6.845275,5.617807,1.546188,8.992395,7.705638,-0.9973282,8.485234,1.764916,-0.5401092,3.160213,-1.717231,-4.171356,2.138184,-25.13927
-13.61508,8.065759,-4.941415,13.08086,0.7213427,-0.3815976,9.172451,11.66687,-0.6993901,0.07399587,8.229142,-6.188146,0.2436374,-25.42842
-8.339907,4.647162,9.522429,23.22993,2.336035,1.385388,7.288824,4.926709,-4.812127,0.1956751,-3.920544,-6.347489,-5.484638,-24.62745
-0.3547102,-2.006386,15.25841,24.90879,2.177805,-6.373201,2.269459,-4.007349,-0.04731343,1.42398,-7.104142,-0.3436069,-8.289994,-17.51175
-0.5662525,-4.382153,11.86126,15.37047,1.784173,-5.883331,-3.653292,-5.889483,-7.375607,2.457346,6.558455,0.9324607,-1.497132,-9.716917
-4.244065,1.603058,5.922219,10.42693,2.336935,-1.033709,1.809868,-7.037308,-1.964131,14.68585,-1.537047,-13.34279,8.583403,-16.20921
-11.40207,0.3605983,2.568641,16.69948,4.507191,-2.705988,2.151447,2.747435,-5.05824,24.16076,1.425422,-13.39931,1.8359,-23.89126
-11.37733,2.499806,1.996367,14.60438,3.475467,5.775895,3.925767,2.572472,-7.586664,32.01192,-3.755145,-17.50995,-3.680549,-22.95243
-9.777408,10.30584,4.412499,10.71745,6.18764,9.61395,10.5715,2.613247,-3.679744,25.28326,-22.21944,-17.73997,-3.893151,-22.39565
-9.02894,5.949848,4.651719,8.877303,8.027208,0.6102833,3.623381,-1.288451,-3.927774,17.50439,-8.933681,-9.519099,-4.444738,-12.10145
-14.81065,15.50206,-1.379163,10.66586,8.346138,9.050564,16.93462,0.8328348,1.08536,18.75139,-5.522187,-27.29292,0.8745787,-33.03846
-11.81362,4.052141,0.8613774,14.61309,11.00306,10.9456,7.41662,-6.396569,-2.545306,14.12251,2.266143,-20.91331,3.866218,-27.47794
-15.80437,5.820436,-8.067739,11.67927,16.7973,12.33244,6.819228,-6.744398,2.50595,11.98622,-4.852278,-16.63934,2.741125,-18.57385
-16.92108,17.24338,-7.46854,7.037038,9.427668,17.76414,20.9152,7.490393,10.00864,5.387347,-10.50317,-27.23018,-1.80923,-31.34161
-7.241354,5.416127,-7.587247,2.133976,9.406734,3.186306,7.108666,-7.414707,9.091178,8.802439,-3.315497,-10.79031,8.486056,-17.28236
3.809557,-4.592462,6.076771,3.402534,12.08155,-2.414281,-6.086311,-15.85812,-7.395578,-3.660361,-6.438476,1.577349,7.741659,11.75617
61.1916,-36.20845,25.50565,-22.19154,-23.13873,-23.93097,-35.93663,-33.90369,-23.06501,-25.81935,-0.1841196,37.85367,9.020229,90.8073
122.5303,-66.52483,46.76221,-44.81805,-48.4,-58.5155,-65.39677,-62.41047,-44.3138,-44.12919,-4.927227,76.97925,18.91134,174.2526
139.0643,-73.55047,55.86833,-45.4344,-57.31474,-62.00701,-69.80152,-64.70953,-45.43548,-56.16085,-11.72365,89.78297,5.969781,195.4522
139.9276,-66.85562,47.71819,-50.84048,-60.24401,-65.52931,-67.60803,-65.48697,-52.98003,-65.81474,-0.9680394,90.80412,9.397457,208.4798
101.0859,-45.88392,36.61112,-33.81033,-48.64025,-49.98353,-49.08569,-43.9361,-37.00595,-51.57194,-8.562534,62.47032,8.664255,159.6486
45.7531,-17.60916,9.877191,-27.51537,-23.02513,-19.41363,-23.40285,-22.01734,-8.907536,-25.61681,-8.491919,28.20291,6.381031,85.78548
20.07758,-0.8146015,3.050639,-19.30989,-9.003755,-4.096796,-4.44651,-14.08258,0.5097825,-21.95842,1.599305,2.278207,7.693103,38.50393
2.248851,8.53345,1.406,-4.768102,-5.036558,3.330262,4.76229,-2.84217,0.3888005,-14.43444,1.91819,-5.146489,2.865136,6.774788
-8.296337,8.587777,-5.899945,-4.120004,1.870542,5.520946,6.369082,6.14551,6.598459,-7.746385,-1.830168,-6.971353,6.192874,-6.42099
-10.80665,7.920093,-3.143253,5.726165,6.671981,12.631,6.569269,-0.9797341,6.023124,-11.08636,-2.298617,-4.900085,1.62089,-13.94781
-25.21949,19.60543,-5.00624,0.8890624,11.37494,24.08313,15.21232,15.51661,5.69661,-3.381537,-3.847704,-12.58113,-16.88596,-25.45602
-35.5169,25.14477,-21.06997,-3.793202,13.57335,23.76811,23.15577,26.46713,18.97775,5.876698,-0.7816433,-23.80326,-16.63024,-35.36834
-38.06228,21.13583,-24.89469,-2.120891,13.79722,23.22486,19.97174,26.08673,23.19998,5.435122,4.076939,-15.23861,-11.78589,-44.82605
-32.14073,20.55851,-17.30305,3.645678,15.67778,16.22612,20.93494,17.35806,16.26866,3.437696,8.675467,-16.20246,-11.23699,-45.89967
-27.48359,21.44957,-17.74582,6.316452,15.7958,16.8773,20.5754,11.02583,6.372344,3.579182,2.387124,-14.43472,-7.5178,-37.19705
-27.13561,15.93645,-16.0829,-0.07034981,13.20288,14.09891,16.892,19.21312,9.865699,9.3108,4.572664,-13.61908,-6.810513,-39.37404
-24.65482,18.2617,-12.68498,5.005787,11.43489,9.690482,20.46623,18.52092,7.244731,8.992758,7.649433,-15.61654,-14.19817,-40.11242
-16.57943,12.36604,-10.62834,4.77104,8.718045,6.79974,16.40125,13.8333,7.604528,3.220397,5.433744,-9.434548,-10.81122,-31.69454
-15.65326,5.463469,-0.005971017,9.917568,9.997673,6.466389,8.172881,11.19215,5.662828,2.516979,-4.040041,-6.493264,-4.281528,-28.91587
-27.37716,14.19213,-7.874396,5.107082,10.12648,18.40678,15.46544,17.74968,10.88809,8.100707,5.203848,-16.84717,-7.786672,-45.35483
-25.57165,14.58893,-10.26173,5.13208,11.52408,18.16905,21.33749,21.6875,15.58301,10.43111,-1.208193,-24.4266,-7.89955,-49.08549
-21.77346,8.364411,-6.281744,8.190628,8.083641,5.091065,10.05664,18.5945,8.651104,2.890285,2.2292,-7.034151,-1.065089,-35.99702
-21.57352,13.51643,-4.718681,-0.8033254,0.1443932,11.993,12.60371,18.68154,11.8788,8.185478,8.325615,-15.44401,-5.238737,-37.55069
-13.47577,6.62392,3.850269,8.085329,6.271955,11.62662,9.456841,10.76182,6.81248,4.088462,-10.87883,-13.62836,-0.5565974,-29.03813
-23.68926,7.513258,-9.376353,5.596094,7.792485,8.089349,8.78536,19.71355,4.608171,4.269251,10.83952,-16.53911,1.791827,-29.39413
-23.5495,5.051006,-6.988813,1.903785,3.388235,10.52484,1.755521,15.44901,10.73034,8.84809,8.602971,-12.8085,-2.41859,-20.4884
-7.324514,-6.03843,7.034367,14.16051,8.590412,-10.05377,-8.065013,0.1498318,-1.611842,-5.611562,-2.237939,9.547023,6.81409,-5.353172
-11.31172,2.174944,-1.341783,8.290359,2.909465,2.421781,-0.3645593,3.538896,-3.180994,-3.977491,10.84705,-3.989476,3.079118,-9.095593
-16.51779,7.683499,-13.63948,6.673591,4.986896,14.94524,8.547433,10.36408,4.69337,1.790051,0.9218753,-13.32132,-5.494055,-11.63338
-17.66176,3.222268,-16.23748,2.955284,0.7142326,10.73008,4.834801,17.45922,15.3211,6.496243,-1.746809,-12.1179,-3.756217,-10.21307
-7.103127,7.699046,-2.735678,1.355109,-8.751463,-2.258973,4.220393,9.307003,2.911411,-1.640417,13.95646,-5.862958,-7.582199,-3.514595
-5.273062,8.303618,4.585218,3.287183,-2.293272,-3.490821,5.261333,7.001359,3.404481,2.116908,-2.97618,-1.577248,-12.31801,-6.031497
-6.250956,5.157184,-2.167104,-0.4218145,-0.9000491,-6.215958,-0.6858675,1.380594,1.62721,7.040413,1.66298,-5.065767,-0.5222222,5.361363
-12.44842,9.985407,-11.3699,-2.429728,1.844158,-2.611118,6.285361,8.328416,5.054061,8.152999,4.712367,-11.70261,-0.2853453,-3.515642
-7.875937,3.64522,-5.172724,-2.024046,-4.879886,0.02237682,-0.004537255,10.36129,8.324933,3.639102,-2.192393,0.5571424,-3.337672,-1.062867
-3.930084,0.4606978,-1.756538,-3.623513,-7.125998,-0.4841908,-1.51256,9.464209,7.040354,2.611836,6.815459,-2.904428,-10.88803,5.832785
1.591608,-2.599915,-0.211208,2.008235,-5.165083,-0.2363789,1.027528,7.114048,1.845922,7.39922,-1.56827,-3.29449,-7.683358,-0.2278592
2.425007,1.160127,-1.264464,9.662648,-3.809202,-4.235658,2.298694,-0.844375,-9.995388,14.48848,-6.326312,-5.544434,1.30267,0.682206
-4.029397,-3.560435,-4.592011,-1.068643,-3.688782,-2.715223,-2.596979,7.589777,5.243988,18.02903,-0.03353424,-6.122667,-1.170971,-1.284152
3.915645,-5.820783,9.597135,3.455724,-3.091949,-4.073796,-7.202044,-5.025179,-4.206961,9.64696,-3.774528,-1.645842,3.113815,5.111796
9.59126,-2.646546,10.83465,2.356114,-3.06477,-9.140252,-4.348186,-7.88157,-12.71461,3.681462,-4.945766,-0.6756096,9.212196,9.741625
16.35932,-9.877393,17.73667,6.195663,-0.8654673,-20.94264,-10.26474,-15.67578,-13.22584,-0.2004022,-3.350202,5.9074,12.27719,15.92622
0.9227662,-0.8860774,0.9731123,1.502663,0.1285805,-3.847336,-2.308975,-4.33518,-2.559089,11.64586,-6.512504,-4.329454,6.564088,3.041539
-8.679953,1.597469,-8.654166,-3.987242,0.3155845,8.908592,1.232186,8.267986,6.348612,11.82005,-2.890547,-4.696275,-4.00857,-5.573728
-1.192021,-2.295524,4.436054,4.676939,5.311711,-3.881376,-2.664587,-3.39421,-0.3962154,5.209881,-5.718535,0.04483602,0.13615,-0.2731047
1.875754,-2.54553,0.2266824,0.8116285,-0.5063369,-5.606189,-0.4170275,3.555853,-3.007584,4.928806,-1.698841,3.125793,3.507643,-4.250654
3.295585,-10.59341,-3.652965,2.137673,1.009319,-7.257452,-9.580108,-4.077147,-7.354107,8.693084,5.454233,10.18433,6.303447,5.437509
6.478806,-0.3235568,6.365697,-6.886328,-2.380343,-8.474044,-0.1574481,5.325301,-6.260131,-0.5205845,-3.662289,10.62497,3.411575,-3.541628
1.554153,2.094822,-8.429096,-13.14883,-5.032238,4.889595,5.840667,11.34048,5.908944,6.126045,-1.609464,5.88733,-3.251384,-12.17102
-0.04470235,-7.236809,-7.194256,-2.083131,-0.90508,-1.962158,-6.945149,2.455171,0.6386065,4.459014,-0.6194491,8.015533,5.699922,5.72248
11.71808,-8.140492,7.050801,-5.223753,-2.299277,-9.47618,-7.632033,-3.073862,-15.69034,-4.895431,6.251651,15.2488,11.49742,4.664599
1.720644,-9.547385,-7.637445,-9.250679,-7.326877,-2.077198,-8.837559,9.932241,-1.52711,-8.385159,15.85933,16.15642,7.796217,3.124549
4.723033,-5.980866,-0.6605051,-8.913277,-8.224214,-8.024122,-6.667051,12.70258,-0.02814198,-7.291996,0.637567,16.3723,2.246456,9.108238
11.67458,-7.667768,6.751518,1.151687,-1.101562,-8.025449,-3.792543,3.386979,-10.75774,-9.80321,-7.141747,11.26684,2.729639,11.32876
9.297767,-4.629892,5.012953,9.775625,-1.850741,-11.06837,-3.41314,-0.5020717,-14.91179,-14.70484,-3.685001,14.23637,6.084335,10.35879
-1.224819,-0.05539019,-5.648561,-3.439156,1.434723,-1.253639,-0.9509484,7.322932,-4.956136,-5.548544,-3.031311,10.30789,5.297974,1.744983
-3.711136,2.609215,-5.965522,-4.653392,-5.301126,6.510175,2.342994,16.60988,-3.918566,-14.06954,0.2118595,7.11646,7.558743,-5.340042
-7.941267,6.081555,-0.4699994,-5.371933,-0.81433,-1.939393,6.056533,21.9731,2.274364,-4.191372,-2.507287,-1.709748,-0.7042218,-10.73599
-6.422261,7.157308,-3.516462,-2.209128,4.470981,0.5260565,7.390247,13.77337,2.017017,-7.322006,-8.405955,-1.589283,-1.548494,-4.321386
2.290892,2.333944,2.110418,5.795124,5.41546,5.882947,5.365057,-3.418148,-10.0929,-10.2081,-4.00911,-5.678398,6.649216,-2.436406
2.882409,-8.336901,3.301537,10.28563,5.756882,-4.414617,-3.19418,-5.034381,-5.433309,-8.742818,4.082485,-0.6062201,11.39954,-1.946065
2.909295,-7.805412,4.488801,0.2409458,-5.155925,-6.945459,-5.749282,5.128954,6.605676,-15.37267,5.097165,5.790185,10.17658,0.5911473
1.159946,-4.382864,-0.7693518,-6.32597,-4.85932,2.584822,-2.554248,4.980265,10.56023,-8.137866,2.483581,1.986435,3.45647,-0.1821347
10.19142,-3.307681,9.306112,8.377611,10.08248,-4.825139,0.5265626,-15.91694,-7.428195,-11.94071,-8.207629,2.74879,6.239857,4.15346
6.238492,-6.654863,8.669004,7.648033,9.571434,2.789917,-1.883474,-15.06839,-2.663758,-7.986351,-5.177318,-8.397968,9.559498,3.355735
2.333669,-2.208206,-0.2371707,6.54826,10.90788,8.493812,-1.675611,-33.41908,5.420818,6.609623,-0.6824374,-13.71158,12.62343,-1.003416
-0.8972949,-1.02315,-4.221544,0.925135,10.9276,13.3859,-4.330399,-33.17473,8.875138,7.237365,-2.767131,-8.715508,10.32443,3.454206
-1.201411,-1.343013,-1.105374,6.26403,11.77571,13.80353,-1.755943,-27.6178,4.668351,3.866582,-3.180933,-10.25572,6.745845,-0.6638517
4.785535,-2.274848,6.680117,3.660617,6.501226,2.136028,-7.090004,-31.29735,0.7116799,2.649326,-0.9292601,-0.8883622,8.490785,6.864512
13.66663,-3.814912,4.520912,-1.511757,-4.272131,-1.637888,-5.728193,-22.18257,-4.439175,1.237905,-3.194363,3.857194,11.5611,11.93723
3.826211,4.08946,-3.366524,2.574337,6.23804,4.025731,4.082988,-18.97502,-1.675726,0.2638496,-5.498043,-10.13299,10.04473,4.502961
6.34585,-6.373803,6.325546,4.289788,6.78492,6.3943,-1.351301,-14.7003,-1.3808,-7.565025,2.327545,-6.164761,4.634837,0.433201
9.299332,-9.359813,5.047188,6.524352,4.663857,-0.08668305,-6.088396,-17.04723,-4.274458,-1.874839,-2.889971,-1.228829,6.066198,11.24928
7.291852,-3.54698,1.146679,2.698709,4.2301,-2.915495,-3.564388,-11.68444,-5.939034,-2.937547,-6.668995,2.355787,3.817586,15.71616
3.009936,2.414685,-2.562511,-2.584316,-1.304641,-4.634884,0.8792158,1.427163,-11.14759,-2.957455,5.89359,2.456189,0.3443337,8.766282
6.093362,-7.573773,-0.6961334,-2.964788,-3.753894,2.118602,-8.178011,-1.039931,-5.290394,0.7511176,-5.202427,6.884308,2.119531,16.73242
2.566474,-0.6841375,-0.8871985,-6.922431,-2.582694,-1.259857,-3.764784,3.145041,-12.25349,-4.989192,6.516825,11.3334,5.172497,4.609543
0.2248817,2.476771,-4.139957,-12.55166,-3.508018,2.597611,0.1889632,7.969792,-6.179517,-6.269639,11.658,7.998467,-2.567631,2.101939
1.628978,-3.608667,6.462549,-9.829087,-3.535865,5.509654,-4.28958,10.68767,-2.472029,-1.736163,-1.234998,7.519701,-8.088729,2.986566
-5.35771,0.7532162,-5.48643,-2.313668,-1.168485,3.884428,1.201028,17.12247,-12.46003,-3.656867,10.88756,7.108462,-5.877068,-4.63691
-2.029963,-2.641242,-9.014254,-7.750845,-5.172383,-3.728539,-1.515025,20.07199,-7.394262,7.797298,8.905278,3.710325,-9.107209,7.868827
-10.53913,11.62504,-12.00165,-9.270269,-0.03554461,5.196884,9.607838,26.0784,-2.5666,4.572464,-7.568364,-2.855295,-14.04015,1.796397
-7.797549,7.617794,-8.861979,-6.785573,1.145344,-1.225789,9.112578,29.47488,-5.722391,-3.911165,2.574753,4.289817,-18.72885,-1.181857
-9.019154,4.964649,-3.668141,-3.788141,0.6593947,2.428415,3.841249,21.9531,-3.404169,6.743874,-3.736297,1.86926,-16.99158,-1.852457
-7.050916,8.613277,-1.730589,-2.131501,0.2159043,7.432569,5.286495,6.08095,-6.827789,13.48743,0.5716534,-4.995617,-12.63293,-6.318934
0.1434469,-2.995364,-0.6137138,-1.477459,-9.277683,-6.3768,-4.443806,10.10578,-4.362841,13.67295,7.320831,8.83473,-12.26503,1.734964
2.895542,-5.321965,8.108977,1.016044,-8.21758,-1.094486,-4.313416,15.48087,-7.176758,2.938997,-5.382967,9.402846,-10.7918,2.455688
-3.875508,-1.541348,5.948418,2.274894,-4.782996,-0.9404964,-1.896591,18.14551,-12.79357,7.873013,-0.1284654,2.979339,-4.376145,-6.886059
-12.34554,-2.774157,-8.461125,-4.788455,-7.927994,8.042201,-3.068449,33.85429,-1.616642,3.110799,3.438252,8.347768,-12.25276,-3.558194
-6.319999,-5.280025,-4.783274,-2.572906,-9.833905,4.508025,-5.268589,31.99018,-7.120702,-0.9295969,-0.5398113,11.15068,-11.44238,6.442303
-10.08829,-3.990555,-4.620347,-0.3198654,-12.86575,-3.200195,-4.70186,41.28105,-4.091276,1.242104,-2.02074,12.10392,-10.39206,1.663858
-10.56544,-6.312426,-6.31998,-1.497831,-15.84418,1.103839,-4.26177,48.79503,-3.774241,-10.28063,6.858024,16.96792,-10.70698,-4.16134
-15.70871,-0.747297,-10.43091,-1.3038,-11.46168,6.20924,0.2465746,48.38669,-8.636491,-3.822022,4.991131,6.220628,-6.138426,-7.804935
-10.89751,-6.827848,-12.28076,-9.12121,-15.55272,-9.199439,-6.896513,52.31493,-7.049441,-9.453962,17.40461,18.43445,-6.025342,5.150737
-12.05187,1.367903,-11.60046,-11.65837,-19.53608,-3.807431,1.488349,62.63809,-4.597553,-9.870538,3.195288,13.17541,-9.194111,0.4513746
-16.32363,3.422214,-10.25246,-4.253588,-12.19944,-2.137235,1.861902,63.08387,-20.08741,-11.01774,2.091792,14.97908,-7.3574,-1.809964
-20.20043,-9.852565,-11.07599,-5.608691,-15.52323,-10.73064,-11.541,71.99174,-9.96996,-17.88951,15.52591,23.52341,-3.679145,5.03008
-15.08582,-12.43046,-6.418435,-6.024153,-15.67165,-20.99972,-10.06638,75.41026,-4.891548,-9.256329,4.915417,19.32138,-4.469194,5.666607
-12.55198,-12.77545,-10.36366,-7.171559,-19.08101,-35.59863,-13.19296,67.61952,-15.61378,-2.160095,27.23035,27.34778,6.659279,-0.347814
-17.86842,-9.84498,-16.93884,-13.02281,-18.42285,-28.29104,-14.20983,67.16942,-5.622363,-2.972222,18.83354,21.72564,11.35998,8.104757
-37.02385,10.90454,-25.47387,-12.32856,-9.687925,-10.57275,6.963972,101.2899,-1.840581,-10.72765,-8.783081,12.58672,-12.32216,-2.98465
-38.37767,6.889665,-29.65571,-14.27462,-13.73552,1.529699,5.98176,103.571,1.310248,-10.63088,1.771892,8.088129,-17.00743,-5.460607
-23.82126,-23.17978,-9.799494,-19.10385,-24.18583,-28.28303,-24.05491,103.6783,-9.106995,-11.2261,28.13065,31.16883,1.638935,8.144483
-8.262559,-22.28272,1.45872,-16.45577,-28.21087,-28.89509,-24.79427,75.32664,-4.358765,-12.55606,16.54434,36.59352,2.7224,13.17045
-24.0409,-16.73622,-19.61125,-27.75846,-27.86069,-33.43259,-16.53476,127.6816,-15.47664,-18.4372,17.10709,34.41802,7.098351,13.58359
-12.90984,4.64066,-14.65714,2.824236,9.115881,-2.678174,3.217304,-2.990934,14.66282,8.676838,-1.523753,-12.87407,8.476024,-3.97986
48.72055,24.67609,29.35924,51.52535,52.81857,49.51768,30.59295,-248.3573,48.85437,39.0612,-31.35623,-83.96606,12.11382,-23.56019
48.19284,14.15195,37.12017,40.02813,41.0657,30.05243,21.3514,-195.4811,30.60917,19.49417,-21.63032,-59.21566,10.50821,-16.24707
44.69535,13.8665,38.0367,29.80529,27.86723,19.14208,16.50208,-176.4411,39.28356,21.4928,-15.63128,-47.80548,7.42515,-18.23888
26.36611,26.85513,26.15574,30.09676,33.34618,23.7806,28.02346,-155.2524,43.08729,23.90965,-18.35696,-62.46248,1.673759,-27.22281
15.71943,34.8478,8.287149,29.91376,47.7119,29.94415,35.81599,-147.1683,38.72228,26.47595,-31.16401,-68.5274,-0.6600025,-19.91865
4.763813,28.87397,-3.500557,25.38252,38.2496,31.23948,28.46129,-126.2432,41.96183,29.06524,-13.97745,-60.4399,2.413093,-26.24972
20.68355,14.4808,18.41595,28.01821,29.77416,19.54221,17.56043,-120.7083,25.0418,21.94971,-13.43781,-34.60545,1.407694,-28.12292
32.53558,6.930202,27.69227,20.32779,21.72907,7.405582,11.90029,-115.1386,22.7581,18.03026,-13.88797,-23.97114,5.134187,-21.44565
25.18427,5.997219,23.35215,19.81104,19.65115,-0.2197681,2.526313,-110.2938,18.49014,14.02076,-4.02585,-18.25587,8.837881,-5.075612
18.17605,9.045977,15.56447,21.45792,26.38814,4.605403,7.751976,-96.87222,17.29406,16.9424,-19.55209,-18.18193,6.435019,-9.055147
1.141004,12.5152,2.350973,13.34358,24.76523,19.20603,15.15898,-70.72874,29.28889,24.55824,-9.645505,-35.43598,1.523443,-28.04133
4.544402,7.054007,10.7584,13.13791,25.83108,15.15934,8.894464,-65.20202,19.01389,13.47848,-9.48979,-22.07903,0.2387583,-21.33989
7.158484,2.115163,12.4408,10.80215,18.81829,10.45735,1.243507,-54.22173,12.906,5.08059,-10.44309,-10.12368,-1.451147,-4.782688
15.01208,-3.364355,24.33162,10.33737,9.137445,5.049942,0.3464578,-47.9154,9.921972,7.683997,-5.92517,-15.76613,1.160621,-10.01045
20.27185,-3.1754,18.08251,8.587232,12.05875,-1.386269,-0.9873065,-48.90454,-2.844509,-7.672365,-8.079941,0.5912927,12.73409,0.7245973
17.8493,1.865472,7.427927,0.2502812,4.441125,-4.392909,4.363112,-34.37878,3.612327,0.360572,-6.677783,-3.049257,4.975529,3.353082
46.30558,-16.18702,31.90919,-15.18336,-11.65391,-13.88991,-16.33079,-44.43381,-8.430079,-3.270085,-7.94401,19.09877,1.806121,38.20329
52.03188,-27.56037,19.46456,-31.54682,-21.81669,-14.76759,-33.30661,-42.58538,-14.03129,-9.828068,8.503839,33.56604,6.513501,75.36298
41.47482,-23.00104,14.12499,-24.9877,-20.1253,-16.6023,-21.66631,-29.5374,0.6043638,-3.097108,8.248798,15.69479,12.24285,46.62653
41.01198,-20.51993,19.59626,-12.33768,-15.0927,-28.17249,-23.07931,-32.51567,-20.45229,-11.3832,11.2886,31.04877,18.05931,42.54831
21.68074,-10.41576,1.585154,-13.20937,-8.353754,-6.278844,-14.7677,-18.37184,-19.19119,-9.342834,8.683098,23.19756,13.92499,30.85973
-0.8962893,6.6185,-15.96298,-19.42755,-7.407607,6.914913,8.311535,15.13703,8.143015,7.598579,-3.533272,-3.10875,2.069652,-4.456766
-10.63948,3.128776,-15.05322,-14.56084,-5.152001,1.322135,6.800215,32.06104,9.655969,7.506283,5.711082,-8.830161,-3.099936,-8.849849
-6.080464,-0.7542598,-14.78685,-14.17431,-8.183865,1.634258,-0.101638,22.86989,2.25296,-0.4267189,12.66013,-3.146862,5.580503,2.657224
0.3938695,-2.31852,-13.8315,-7.116902,-9.834905,2.971848,-0.9999164,9.411523,-0.4762375,-0.665033,10.01102,8.633055,6.142356,-2.320666
4.297244,-2.752265,-0.8424189,0.1701699,-1.015367,-19.10828,-5.329861,-5.261256,-7.043648,4.890489,8.856654,9.017365,8.497924,5.623249
-5.15963,0.8908744,-10.23597,-9.065965,-1.963134,-16.92731,-9.489877,0.430615,-6.19854,4.08835,17.0902,10.99063,11.87457,13.67519
-11.99614,6.362212,-9.802233,-3.610408,-2.109775,2.678626,1.501287,15.24718,-2.649659,5.537329,3.010377,2.452489,-1.171246,-5.450028
-12.59916,10.02061,-17.06436,-6.362896,-2.275232,3.382438,8.050492,14.82558,5.413407,12.74639,3.993541,-5.142537,-3.706526,-11.28174
-8.384724,5.301052,-7.473333,5.52685,-1.743956,1.560445,4.916395,8.519279,-0.1316785,5.202503,1.167405,1.923043,-1.324372,-15.0589
3.504847,3.277441,3.69931,6.84311,-3.105509,-2.535489,4.782075,1.063263,-7.808153,0.7712061,-3.58333,4.77854,-2.940621,-8.746688
-9.326699,2.700603,-7.304065,-1.458988,1.436296,5.633773,1.147601,7.000491,3.442232,9.89876,0.8127586,-0.00673355,-6.237125,-7.738901
-6.935257,7.884222,-0.9678764,2.719835,1.020449,2.823028,6.521332,5.829494,0.03251077,9.698063,-7.216412,-0.7448155,-4.896513,-15.76805
-3.835852,-2.432334,0.5307367,7.160507,1.190947,4.527912,-0.3925119,4.401196,-5.00211,4.605752,-0.2983654,1.513613,-1.594243,-10.37525
-11.80246,-3.047822,-11.55374,3.470396,0.7172002,0.3978128,-1.050695,18.06884,7.795617,3.294849,0.6825022,1.991794,-3.672622,-5.291663
-4.259237,-1.87547,-4.412495,7.862518,4.627147,-0.6516259,3.083677,10.38817,-1.124516,1.988187,-6.324635,-3.168306,-2.41958,-3.713832
-10.82312,0.6337878,-4.710542,3.875135,0.960108,1.133711,-1.73954,9.035925,1.514846,0.7099332,5.249076,-2.429564,-1.845965,-1.563788
1.738426,-3.197743,1.088615,0.7645215,-2.287006,-10.40306,-6.877211,1.034166,-3.621168,-1.516704,0.3400704,8.028999,0.2085359,14.69955
-2.94295,-6.243442,-1.483555,5.124081,-1.476328,-5.333996,-10.88383,0.9652404,-3.74043,1.046671,1.111063,12.22417,-0.06023039,11.69353
-6.372567,2.165705,-5.977524,2.56047,5.207524,-3.948257,-0.4168503,7.706687,-7.949871,1.144014,0.6067836,2.363194,-5.720755,8.631449
-9.192765,2.065523,-2.883916,6.88384,6.093244,-2.22095,-0.9936659,7.777364,-1.736421,2.454341,-6.236426,0.5047907,-10.43032,7.915367
-6.391493,-2.297303,1.547469,0.9761264,-6.71812,2.373863,-4.688567,16.27147,1.310791,0.5113215,2.581567,4.486104,-14.78809,4.824852
4.190201,2.060178,5.749594,0.3993598,-0.2302395,-2.412615,0.7542086,9.640262,-11.25561,-9.156413,-10.6519,6.087368,-13.27849,18.1041
-3.904806,0.1778684,2.951282,7.581227,-1.662379,-3.349701,-1.56751,10.53149,-2.904985,-6.603235,-0.2541544,7.228679,-14.18544,5.961668
-4.846751,-2.631903,4.813481,9.774033,-0.3928777,-3.922169,-1.925005,11.00581,-1.969294,-4.216028,4.563089,-1.331616,-13.4772,4.556436
-4.585349,-2.849054,-2.331129,-1.094816,-6.125238,4.866955,-3.2062,18.91861,-0.01332082,-4.865173,-1.738385,1.8686,-8.433798,9.588298
-0.7102004,3.869794,7.607373,3.961449,2.88712,-5.376308,3.115878,10.63568,-13.27657,-8.33982,-2.269128,-0.0289904,-7.138124,5.061842
-10.31929,12.87111,-4.215448,-1.812177,-0.8616271,10.19598,13.24222,23.75611,3.28171,-3.12087,-11.39837,-10.61456,-16.27114,-4.733617
-1.428359,-2.121756,5.092315,-3.231956,-0.7922356,5.676768,1.80751,17.26561,2.371551,-3.853882,-5.734017,-4.622177,-11.74781,1.318435
-3.074353,-6.090518,4.77095,0.08676931,2.243149,-0.4713498,-5.477434,10.36005,-1.764121,-7.007678,1.101384,-1.719184,-0.3960004,7.438328
-3.990171,1.954464,-3.986425,-2.329131,-0.2853169,-2.775746,1.083697,13.13146,1.184276,-6.298226,-3.960452,-0.5696483,-0.8265506,7.667768
-12.71352,6.630959,-11.02255,2.704047,6.061288,-3.306517,3.433881,12.45462,-1.387536,-9.167409,0.9998448,-2.223904,5.935797,1.601011
-12.67361,5.416504,-9.722864,5.406355,-2.193792,13.30838,3.845679,16.74923,1.165603,-10.90868,-3.632181,-5.968889,-2.326654,1.534922
-4.374528,5.990582,1.286249,6.464313,-2.579627,12.00645,8.114146,13.34008,-6.147706,-15.81475,-1.426556,-8.473566,-4.696054,-3.689029
-6.3667,0.6454397,-2.334588,1.382534,-5.270427,4.95183,3.809068,21.06176,1.795839,-8.868568,-0.4878706,-2.869769,3.139001,-10.58755
-5.645281,5.53737,-1.535054,4.356488,-0.888229,-3.410756,5.142688,10.33435,1.101586,-6.606616,-1.423328,-5.26663,1.184381,-2.880962
-14.25342,14.62245,-16.52344,2.387255,7.609376,3.887387,16.0637,15.07775,4.825218,-13.96399,1.637786,-10.33984,-0.2687914,-10.76143
-5.26828,10.23266,-5.474557,-2.60403,-2.975511,10.41037,11.23838,16.89186,4.94477,-6.778767,-17.08509,-3.451626,-1.790779,-8.289389
-1.339609,0.5441087,7.873575,-0.9309191,-3.970838,1.313412,-2.373927,7.883603,-2.872102,-3.146396,-5.16723,1.946969,-0.9183858,1.157738
-1.070654,-4.368796,3.612626,0.05470331,-6.499362,0.9454625,-1.881398,9.702928,3.572393,-5.018584,10.17376,4.21166,-3.587814,-9.846927
0.2712898,-2.644603,4.196145,-2.066619,-7.976981,-0.9338883,0.486496,12.29291,8.301685,3.435997,-4.532905,-4.047578,0.8276483,-7.609602
-0.009122175,-5.270269,4.029805,-1.684494,2.201527,-12.61352,-4.764643,0.5935802,2.880845,0.2829852,7.43847,-0.6830674,8.902554,-1.304659
-3.907466,0.7002031,-1.717131,1.027812,5.110817,-2.216872,0.6022687,2.535706,1.376651,-3.232018,-4.953832,-3.861596,9.171052,-0.6355947
-4.240563,2.723419,-1.371012,-7.271924,-2.336076,2.984757,1.133478,7.471274,-1.852713,3.096444,4.627627,-4.107593,6.963883,-7.821
6.936779,-4.777001,8.740514,-5.061388,-10.04312,-4.767797,-4.210371,2.950923,-6.266747,4.214124,8.849622,1.867235,5.073505,-3.506287
10.98534,-8.984445,12.38669,-1.909093,-1.39659,1.380936,-7.591796,-4.966854,-12.0197,-8.38394,-2.334973,3.164808,9.219156,10.45045
7.662113,-2.816022,11.75984,-2.243826,-0.04539742,-10.19461,-4.590455,-8.106195,-13.90554,1.18312,7.670011,2.582681,11.00782,0.03646647
-0.7016854,2.357758,1.000723,-4.884308,0.3952766,-7.81749,0.7423935,6.090382,-6.136146,4.909554,-0.7102599,0.1483022,7.750225,-3.144725
-15.80473,6.585103,-14.34115,-10.39167,-1.065245,13.51022,4.196106,19.41006,6.102144,1.103185,5.093642,-8.514306,3.08146,-8.964814
-8.120953,-2.8205,-6.680699,-7.692976,-0.7364761,7.147258,-6.601146,14.35573,-5.052501,-1.475021,1.627589,7.485345,5.294037,3.27031
6.726638,-9.450776,3.460153,-4.828692,2.682997,-2.620881,-10.51883,1.661405,-18.88843,-5.491532,0.2404225,15.51609,6.265478,15.24595
4.888996,-9.737615,6.106339,0.02865677,3.23473,-5.320571,-9.782041,-6.762422,-6.754932,3.056015,1.421178,7.414079,6.479636,5.727941
-6.163943,-0.9369567,-8.205745,-9.292729,8.039022,3.909346,-2.784255,3.886863,-0.0216365,10.64803,-5.686651,-1.316093,3.603565,4.321187
-15.98713,17.31792,-20.59913,-15.60698,2.372695,10.69083,14.80675,23.94175,5.289154,3.916949,-4.255179,-11.41702,-2.02469,-8.445903
-2.81868,-0.9638317,-6.670565,-8.734639,-0.5906421,4.438186,0.1263831,15.90728,-3.319463,-5.948154,-1.139364,5.603093,4.951604,-0.8412122
11.58328,-16.01068,15.12605,1.80705,1.721635,-8.331774,-16.52588,-5.793142,-18.34174,-13.46852,4.629898,20.95013,7.189162,15.46451
10.24242,-20.05263,12.08991,2.103339,1.464291,-10.25698,-21.4461,-10.69453,-11.5613,-14.48335,13.05771,20.75348,7.445811,21.33789
6.866477,-8.582864,0.6957165,-7.983864,2.483475,-0.9218364,-5.146619,-0.09194577,-1.76238,-3.077351,-1.156486,3.323881,6.897644,8.456146
0.01485731,5.232104,-6.305111,-11.12382,3.736635,-3.19381,3.848747,1.560038,-3.881018,1.981588,1.699969,-4.458031,6.954479,3.933381
-11.87779,4.305889,-9.295193,-4.203354,9.399256,1.661521,1.040855,4.936229,3.937651,4.035125,0.003416218,-7.599712,0.7793223,2.876787
-6.661537,3.327113,2.460661,-1.253468,3.555234,11.9294,4.126634,13.16147,-1.539061,-11.45739,-3.127138,-2.128861,-6.60956,-5.783495
7.636083,-2.876512,9.569574,-3.802514,-5.854471,-5.894646,0.5611484,6.185779,1.329486,-6.806758,5.805043,6.360324,-10.13083,-2.081712
10.89165,-2.100584,8.524998,-6.448939,-4.868479,-8.811913,0.429008,1.357202,1.38041,-5.297045,-1.042752,10.16865,-3.546666,-0.6355341
-0.9835399,-0.4643133,0.9984972,-4.930351,-0.141611,-10.23416,-3.499691,-0.04884094,4.422108,4.265362,3.542776,6.253827,2.025521,-1.20558
-3.038264,-2.094939,-2.125371,0.5957096,0.5258965,-0.8358344,-1.717178,0.5987071,8.397729,6.222071,-2.471152,-1.612808,-0.5494796,-1.895087
-6.028424,0.09020279,-6.667974,-2.796625,0.2520199,3.481397,0.9853038,10.37941,4.843234,3.141776,-1.717743,4.860954,-1.821789,-9.00174
-8.692108,2.037793,-2.13844,0.6523523,-0.1623349,-3.56351,0.4153194,12.7274,7.288961,0.4800166,2.291951,6.216668,-11.3768,-6.177261
-6.941104,2.481345,-1.301298,4.937261,-0.6274192,6.816407,2.800299,12.42993,0.4545155,-3.869907,-2.032186,5.768665,-13.78622,-7.13029
-9.318796,2.884604,-7.429455,1.927048,-1.8897,2.73545,1.552889,10.33963,0.9446199,1.449699,7.862583,8.26844,-5.700786,-13.62622
-2.410378,-2.51287,-3.75921,5.197543,-5.066945,-5.315569,-0.5308253,3.397578,4.608522,8.245841,8.690527,2.055945,-2.726449,-9.873711
-11.12364,-0.777723,-10.10791,5.306437,0.9408996,-4.083583,0.4507217,14.36302,8.326617,11.20481,-0.6857134,-0.8878508,-7.867097,-5.058985
-9.716443,-0.7465286,-5.514025,1.300772,0.7315289,2.808676,-0.4146123,8.890194,4.338071,15.02031,4.544157,3.956031,-9.700099,-15.49803
-3.769683,-6.963108,-2.744403,0.7044695,-4.944428,-8.483744,-4.35506,10.03399,5.773283,10.38877,15.04796,7.847656,-6.001047,-12.53465
-8.280105,1.507182,-2.231995,3.42241,-4.974398,4.19919,2.331427,13.57552,0.1351167,3.347613,8.064817,4.40472,-4.911136,-20.59036
-13.28374,6.938829,-3.990066,5.336486,-0.5795571,5.689468,4.147579,8.501581,-0.4051933,4.980901,5.768237,-6.690796,-0.5533092,-15.86042
-5.364891,-0.253149,-5.273828,3.102412,-4.09935,-0.588227,1.423348,12.07051,3.813054,6.962234,-4.591944,-1.907892,3.139889,-8.432166
-3.056052,-4.046343,3.774146,11.69891,-5.524577,2.008929,-2.310771,3.349586,-6.175329,9.923271,4.537281,4.294174,1.043243,-19.51647
-14.23956,5.14728,-8.417491,7.855345,-7.904871,7.117545,4.457643,16.11283,-0.5914537,11.20905,7.452952,-8.285858,0.06960601,-19.98301
-10.81122,2.997646,-8.141905,9.689329,-5.107872,4.670359,4.358273,7.789595,5.774285,14.28378,1.279977,-9.812164,2.13301,-19.10308
-11.8064,16.62194,-6.353364,10.47891,-2.969195,11.96744,18.12421,11.29195,3.283214,9.450857,-8.385794,-20.16916,-10.70547,-20.82912
-13.42154,8.392244,-13.57262,10.86543,1.053925,10.84835,11.15005,15.26374,0.5687858,7.771003,-8.202806,-8.874416,-6.038503,-15.80364
-18.90347,0.007694432,-16.9956,8.083011,5.015045,11.37584,2.478392,10.77589,3.178235,13.77405,9.315303,-16.62463,3.428911,-14.90868
-10.58058,0.4038937,-7.398311,9.186415,1.874754,6.555173,3.961092,10.40797,0.9470464,6.543223,3.264589,-13.52899,-3.24206,-8.394213
0.5521961,-4.552191,1.093552,9.290738,5.246196,-2.438067,-3.155944,-6.282372,-2.986407,10.01394,-9.663586,-0.2647283,1.078146,2.068521
-5.787823,3.986151,-4.993877,1.129777,6.286029,2.63011,5.175395,4.573933,-1.428135,8.744306,-4.815948,-6.018654,-3.731169,-5.750089
-19.48357,7.327694,-13.1987,1.219369,8.535701,4.599162,8.412894,15.01503,9.067945,12.92559,4.579808,-14.72719,-6.217685,-18.05604
-17.04694,8.386067,-9.911638,3.426848,13.446,7.920863,9.308434,9.594848,5.548522,12.61808,-10.18185,-17.91723,-2.572543,-12.61945
-8.196991,1.149333,0.5549505,3.349257,4.385239,-1.090655,1.183472,3.853727,-2.122536,4.513083,8.112855,-4.821301,4.753242,-15.62368
-5.272404,5.370954,2.503931,6.730049,4.308264,6.898551,9.503522,1.714005,-0.6191868,11.22755,-3.705493,-11.99336,-2.4385,-24.22787
-8.602023,14.43005,-1.33316,6.978671,11.58244,8.468604,15.96954,1.89979,-5.63721,2.600719,-13.77861,-10.19158,2.710565,-25.09778
-11.03842,11.02409,-8.95105,-1.723294,4.980628,7.29972,12.22529,6.855428,4.132099,2.004374,3.586836,-10.29383,2.943484,-23.04534
-12.09097,0.6003464,-7.903974,3.683491,5.710225,8.703665,3.455264,5.458052,7.638424,7.677299,4.973023,-5.399698,-2.29661,-20.20853
-5.241383,-4.446928,4.451624,3.496225,2.668122,0.3991316,-4.525906,-3.144484,5.617099,11.03433,1.02196,0.3674933,4.23049,-15.92778
1.135957,-5.204462,4.305445,-2.420875,-5.813021,1.216141,-3.718793,0.9663678,6.662582,3.874839,6.171708,-0.2579993,-0.06282794,-6.855067
-1.620397,3.159682,-0.08421534,-2.961295,3.070689,5.698533,2.405759,-2.856151,-0.608301,4.198123,0.5737554,0.7082983,-5.292633,-6.391843
-16.21888,3.821069,-6.843299,3.400551,11.41356,8.706416,1.674107,7.965409,-1.65142,2.572531,0.4646502,-1.149747,-1.771428,-12.38351
-16.41409,0.5718749,-6.045534,8.181701,7.166672,10.14795,1.909282,8.730045,3.411131,1.07119,9.729119,-7.141694,-3.910771,-17.40688
0.9413691,-2.36985,7.326259,4.275747,5.81702,4.149707,1.838307,-0.835457,-0.2411971,-3.187867,-4.984873,0.08163521,-2.568321,-10.24248
1.638229,-0.5806866,9.240072,7.671576,8.320843,-7.177991,2.760276,-3.384282,-6.539697,-1.765677,1.096986,5.682498,-1.339876,-15.62227
-5.859174,8.674919,3.879133,2.923815,1.293049,-2.932326,9.19439,7.140818,1.364042,4.010777,2.364359,0.1774439,-8.229692,-24.00155
-6.229972,9.541974,3.730526,1.831492,2.352509,-4.018333,11.01028,10.885,3.83084,1.165547,-1.828925,-2.317132,-6.881885,-23.07191
12.32303,-5.732813,11.76549,1.685002,3.310849,-2.965991,-1.537975,-7.542349,-9.03321,-13.51144,0.1353838,5.964097,-1.38556,6.525485
50.83778,-20.44034,28.65319,-9.860603,-15.32839,-14.1408,-17.59497,-23.39128,-25.0295,-30.46159,-14.44038,31.47766,-2.517959,62.23717
66.98819,-33.18853,25.43922,-25.08433,-36.01044,-27.88369,-35.51829,-26.83205,-19.51733,-36.4298,-3.863358,52.21429,-1.1609,100.847
87.88699,-49.97018,33.01739,-31.82324,-45.22765,-43.45592,-52.13734,-37.63713,-21.44451,-40.69689,-5.601929,65.80757,4.811457,136.4713
105.4316,-42.5554,48.34362,-26.08691,-45.53779,-48.80488,-42.96051,-44.29197,-43.32735,-58.06041,-22.19065,67.65634,5.002801,147.3815
96.91644,-35.95539,32.16145,-36.83324,-51.64836,-38.56407,-40.60918,-35.27504,-35.52681,-56.50412,-16.93159,60.84569,2.904875,155.0193
103.1759,-54.45614,32.33438,-37.7596,-53.60438,-44.69305,-55.44557,-42.34026,-28.16464,-53.94962,-8.412312,66.86855,12.00226,164.4444
104.3938,-55.66267,36.66521,-32.3474,-55.27653,-50.50485,-55.54269,-40.47718,-36.28732,-76.33329,10.13631,73.86886,20.49913,156.8686
86.35428,-37.6431,26.78725,-27.05315,-37.56861,-29.59802,-41.84225,-44.08798,-38.80264,-64.61427,-7.388223,60.35535,14.17191,140.9294
59.38477,-26.74367,35.70796,-14.99961,-22.67307,-31.18937,-31.89886,-36.65717,-17.19329,-46.06714,-10.27636,42.85276,12.01731,87.7357
23.66362,-10.82341,15.34394,-9.420797,-12.22257,-14.50237,-16.03747,-17.31841,-5.560854,-33.31679,7.463048,24.22781,16.02446,32.47976
-10.87873,7.915384,-9.394507,-1.287311,5.466676,16.66455,6.032389,1.643585,-1.253101,-17.17525,6.235889,-7.108351,13.78497,-10.64618
-22.00406,5.168586,-11.65539,5.128007,9.958859,10.28923,6.195828,5.062218,13.85128,5.727065,10.14129,-14.00864,9.501941,-33.35621
-27.36665,14.41266,-18.88807,6.819818,17.60937,12.55306,12.38293,2.045298,2.382586,17.55078,5.802785,-22.02209,9.104308,-32.38676
-31.92178,21.5072,-9.42239,12.30567,19.60215,12.34599,17.40349,6.040286,3.434004,15.98452,-5.045441,-22.84027,5.247405,-44.64082
-43.08032,23.90553,-30.09824,0.688566,10.97612,13.70552,21.90845,22.95988,30.45671,28.62832,3.559492,-27.24686,3.094321,-59.45747
-45.51321,27.39726,-29.53994,3.496443,11.60363,25.72178,23.74396,21.43671,17.70768,26.46031,8.472813,-32.5127,0.8538989,-59.32858
-45.07598,20.03225,-19.80605,7.405187,11.28962,18.18248,17.40298,24.05274,25.37695,23.1299,7.864115,-30.06116,-2.579419,-57.21358
-41.62157,20.15324,-19.86185,2.104936,16.71568,16.76976,18.44651,20.98799,21.93686,22.24579,6.079073,-30.10881,-0.955543,-52.89205
-37.77209,21.41075,-18.1826,2.564752,16.87947,20.47767,18.9544,16.6328,20.78335,18.31973,-3.480456,-22.9628,-3.893898,-49.73104
-38.55055,21.51765,-18.6512,3.501761,16.40934,12.61798,20.00462,21.38232,19.788,19.5327,-0.1270001,-26.30164,-0.1197476,-51.00421
-35.02875,17.96102,-19.00422,5.631953,13.7906,10.44298,16.24005,15.43949,13.35482,21.94574,8.374982,-22.42851,1.949587,-48.66972
-28.9055,10.63636,-11.67715,4.791717,10.27308,9.860892,8.344636,10.43983,18.04061,16.79261,4.024805,-14.28735,1.685886,-40.02041
-25.40775,13.27524,-6.975148,9.408609,15.40987,14.55429,13.7945,6.386602,10.4572,14.64198,-3.797835,-24.33995,-0.6259397,-36.78165
-26.00858,19.0364,-13.2392,3.151038,6.605269,11.5196,19.49155,14.7335,17.88534,19.65795,-1.278721,-25.13287,-3.736498,-42.68474
-27.52379,15.34767,-10.9318,12.01062,11.94605,9.58696,14.69075,17.57896,4.484729,-0.1118115,1.614186,-13.59385,0.865398,-35.96406
-23.26342,12.48349,-14.99816,4.011701,12.72791,10.43285,11.62288,8.4526,8.412774,7.212055,3.198464,-15.01014,1.756079,-27.03906
-16.51497,14.58365,-4.544874,-1.080001,2.068563,9.463814,14.48896,14.23713,11.45015,4.775948,0.1427233,-14.94369,-3.284152,-30.84323
-10.68183,10.2525,2.191071,10.23944,7.32467,-0.3736759,12.94828,6.744173,-0.6978508,4.007441,2.090472,-11.10087,-4.004527,-28.93928
-21.63696,13.51777,-12.71554,-4.961126,7.277483,9.297125,11.18956,14.91028,6.148674,6.767493,12.34886,-11.69788,-4.262339,-26.18337
-19.48927,15.03591,-10.53957,-2.20665,2.049816,4.246558,9.030369,13.28561,8.957161,5.761941,-0.02826715,-7.774116,0.2973327,-18.62681
1.18422,-3.694,4.728504,-3.289991,4.40904,-1.804625,-5.137159,-6.344028,-1.386414,6.880868,-2.865744,4.913171,5.511696,-3.105542
-11.6561,2.82722,-2.251838,-3.29851,8.774839,10.07278,2.431844,6.536636,-0.1366233,-2.018212,6.406443,-4.354727,2.604383,-15.93813
-7.887788,5.772256,-6.150644,-0.786616,7.885688,1.715434,3.472018,-2.279639,-3.190487,7.540405,2.004194,1.285213,5.662056,-15.04208
-7.918911,-2.448388,-7.882068,1.398391,5.443925,4.23101,-0.8711534,5.320533,-1.688836,2.815777,7.19798,2.070918,2.350431,-10.01961
-5.887539,-2.082062,3.163061,5.675701,0.0541661,2.629172,-1.721097,6.620162,2.253356,7.174376,-3.814116,2.835242,-5.863349,-11.03707
4.38148,-0.5292556,2.522345,1.422555,2.704414,0.3666512,-1.00174,-5.773727,-10.20695,7.331434,-7.329411,-0.2295022,-1.073551,7.415255
2.791741,5.922026,-0.5010099,2.476015,1.675808,-7.517142,7.52109,-3.935742,-5.909519,3.448462,6.420313,-12.81463,-2.232528,2.655123
-2.853773,10.9405,-2.155525,3.419716,0.7458773,0.4600544,9.767057,1.391053,-7.600846,4.609871,1.011556,-11.54694,-6.83777,-1.350817
-9.925547,2.653389,-11.24261,3.817156,-2.506826,15.94319,5.171436,11.88201,4.323132,-1.743387,6.988396,-9.942893,-12.86426,-2.553187
4.749854,-6.833342,11.12244,7.037297,-6.26283,-3.706742,-2.72471,0.7942655,2.666115,2.283188,5.691666,-4.716347,-9.421382,-0.6794795
16.01126,-9.120921,19.61522,2.400501,-8.319345,-16.05351,-10.18467,-9.997632,-11.67379,2.622245,6.263336,6.860333,-4.184471,15.76142
12.66265,-6.495173,6.813552,0.9782379,-7.840693,-13.63359,-6.461084,-9.950209,-7.620212,2.797629,11.22746,2.586533,0.4596164,14.47528
3.568323,-1.360406,3.378412,2.489922,-1.108819,-8.645115,-2.112743,-7.902241,-1.200482,2.522924,6.794674,-4.642024,2.001238,6.216334
1.675975,3.212033,1.455041,5.684481,-3.312721,5.842697,5.300174,2.088884,-2.415424,-4.537812,-1.396153,-3.367091,-10.87355,0.6434717
7.61238,-3.347955,8.785013,6.93198,-4.481106,-0.02693046,-1.093631,-1.873795,-5.42035,-11.3512,2.252284,6.482708,-9.341024,4.871624
10.91963,-4.286671,17.89124,6.134224,-5.621606,-6.656034,-2.77866,-1.857932,-6.764674,-13.8352,4.360828,7.115819,-12.38692,7.76595
0.3234351,1.771223,-3.611089,-1.650738,-1.283188,-4.884512,3.431891,3.625043,2.973759,1.230783,5.673448,-5.244421,-5.844847,3.489217
-3.347219,3.975083,4.725684,8.444007,9.978616,3.959669,6.877123,-0.2233972,2.627172,-5.134235,-12.64123,-10.66482,-6.124371,-2.452079
1.878837,0.8168585,12.57258,12.68684,11.51818,9.334266,5.996917,-6.479156,-7.238169,-11.90741,-7.843554,-9.072133,-8.69773,-3.566324
-0.3034109,-4.478442,1.802209,0.8738788,5.051255,7.342536,-0.5247737,-0.3753276,4.923252,-2.56361,-2.023952,-2.021069,-6.676627,-1.025923
4.045749,-5.874135,8.686248,0.775084,7.089015,-3.419003,-1.792198,-2.479879,3.084739,4.772437,-9.616242,1.157258,-4.643256,-1.785819
3.903093,-4.555838,1.267271,0.5649059,6.262732,-9.802693,-4.101379,-11.04402,-3.327331,5.49013,5.669027,4.469608,3.370153,1.834335
1.136896,0.8353901,1.701513,3.588776,3.910916,-2.215385,3.332361,-0.4815612,3.872379,2.120215,-11.31711,-1.997398,-3.201732,-1.285264
-2.270292,9.032335,-3.152145,4.060132,4.997557,6.555662,12.15372,5.556286,-3.593897,1.097476,-13.22992,-7.11213,-7.020141,-7.074627
-5.273242,10.00607,-5.214975,-4.568099,-5.572116,7.838095,7.901905,8.780128,0.7152922,-0.4179874,3.992303,-3.592795,-7.059304,-7.53526
-0.3322932,-1.224335,-1.529376,-5.291,-12.19046,-9.441998,-4.044646,7.278404,11.67339,6.551089,6.096449,8.166082,-5.900549,0.1892451
3.908118,-5.691188,1.89776,-1.740227,-3.083229,-3.119307,-7.980484,-7.822043,-1.062322,4.475889,6.806249,6.800236,-1.012896,7.623442
1.156396,-0.8790246,2.694827,-4.65946,6.428877,0.5915036,1.5041,0.754797,2.967187,0.1562374,-5.211798,-1.898778,-3.636965,0.03209949
-0.1024252,2.865345,3.79381,1.597136,8.454232,-0.5193321,4.548279,0.4273546,-3.828508,-1.601626,-7.304233,-2.037378,-4.069109,-2.223541
1.005793,-3.482691,1.819883,1.956355,2.747393,6.461394,-0.248008,4.559977,-8.694487,-5.260843,1.88259,0.5632116,-5.272869,1.962297
-5.20601,0.80495,-10.14352,-4.600698,0.7042909,9.859743,1.329085,9.988668,3.639779,1.814499,-7.386761,0.2059808,-4.242398,3.232386
-3.061553,-1.80008,0.112451,0.2857535,9.64276,0.7106861,-2.690848,-3.917108,-1.763699,0.9849431,-2.660334,2.811779,0.7792328,0.5660141
-3.114658,0.2611381,-6.554637,1.074138,4.640796,-2.591361,1.633725,0.2329787,4.78231,2.454126,-0.291231,-3.053983,-0.2959523,0.8226097
-6.683801,1.995572,-9.27958,1.622105,8.299828,6.006359,1.804967,-2.045353,-0.1307679,2.301891,-3.683716,-3.903144,5.857303,-2.16166
-4.742937,-4.544736,-2.091948,2.26903,8.058093,2.178087,-3.462165,-1.71445,-1.017679,-3.953575,3.807066,-1.801864,10.09559,-3.078521
-6.32264,-6.022069,-1.617766,5.523828,5.082897,1.313215,-5.828269,-6.578325,9.536135,6.02293,-2.452666,-3.100845,13.12945,-8.685884
-2.341473,-8.530566,2.945333,0.7809805,6.026942,-5.238381,-10.95002,-9.579668,1.992506,5.633024,2.107308,3.753131,14.64589,-1.245013
-1.213592,-3.358424,-3.28989,-1.979998,3.177948,-2.567459,-5.429945,-5.257955,-1.969282,-1.576431,1.605644,1.891434,18.95492,1.013032
3.460912,-8.204046,5.670129,-4.754848,-1.16949,-6.526343,-14.11185,-8.408685,-0.2553081,0.2021091,-2.648759,10.92491,13.17819,12.64307
1.279023,-7.054972,2.029211,-4.434478,-1.097419,-1.331347,-8.994558,-4.12802,4.670723,-2.852393,3.491377,6.600513,7.238945,4.583389
-0.6508667,-7.908854,-1.030118,7.434015,2.066966,1.524655,-4.786404,0.7863411,-4.199992,-2.509598,-3.030651,1.339766,14.05218,-3.087442
7.078509,-8.459482,7.6373,6.085954,-4.624094,-7.230501,-10.34217,-7.624145,-6.167326,-6.73163,-1.974959,13.89156,13.4425,5.018488
6.378474,-2.423183,2.177575,7.32121,-5.792839,0.3256426,-2.036414,-10.45071,-6.974993,-5.368039,3.468586,2.894923,12.40973,-1.929965
3.255952,-6.512564,-2.616965,8.136004,-1.741523,-0.1530016,-5.44381,-5.234847,-5.724785,-2.35858,-3.639575,-1.658015,13.23643,10.45528
-5.320543,-1.88301,-6.098968,7.901745,2.88222,6.81805,-1.191194,1.160533,-3.811591,3.497733,-6.844657,-3.895999,7.606764,-0.8210863
6.2621,-7.65696,2.870049,6.75824,-2.845488,-3.990457,-9.476137,-9.859312,-11.5008,5.352674,-0.618388,10.63662,5.357152,8.710702
8.663453,-3.7206,8.402281,4.297752,-4.099714,-0.1963135,-5.331335,-4.866807,-8.19127,-3.635619,-13.86374,11.77763,0.82951,9.934762
0.05520125,0.3438683,-9.5063,-0.3963154,-5.156605,5.62637,3.524694,0.8322541,1.338169,9.181164,-0.3542679,-10.09919,9.902283,-5.291322
3.441412,-0.4273083,-4.217725,0.4361034,-7.677043,0.1329393,-0.003227717,1.953188,-0.05683323,-1.517355,-3.046211,1.84502,5.024453,4.112586
5.527676,6.260872,-4.720142,6.588931,-3.642762,-0.3714159,8.347878,1.291119,-9.240919,-0.0133871,-10.53446,3.534776,-4.472142,1.443978
0.2624792,-1.517018,-7.544773,-8.520968,-3.336263,5.274819,-2.529794,-2.618831,7.536801,9.596829,-1.035363,-1.999429,1.047019,5.38449
-4.90753,0.5732647,-3.957801,-5.262709,-1.672756,8.993711,1.722636,10.56429,9.122141,4.061557,-9.629978,-5.160386,-0.9861425,-3.460298
-2.511657,-2.423022,-4.864292,-6.071185,-3.10325,6.347427,-0.9422999,5.255976,2.623586,5.48367,3.933586,-5.200267,7.168383,-5.696658
-1.981577,-2.788857,-5.937756,-8.10002,-5.664186,5.784745,-2.377244,8.133323,5.90459,2.398615,3.228051,0.6865622,0.7971629,-0.08341233
4.874624,-3.098234,-2.980299,6.804385,0.312919,-7.135972,-1.853694,-3.967161,-9.746614,-1.04053,5.533202,6.651567,-4.605472,10.25128
5.330652,-1.176835,-5.644575,1.393115,-1.133809,-5.878395,0.7537332,-3.570682,-6.508928,-1.739123,6.863523,7.420006,2.156103,1.735215
0.6477364,9.85326,-6.511804,0.5929841,2.245464,-2.390982,13.53537,4.161397,-5.223565,4.216496,-1.898247,-6.677999,-3.425005,-9.125095
-2.955979,7.9335,2.772538,7.547665,10.2941,-2.181169,11.4167,2.554096,-0.9800042,-7.305717,-3.64363,-12.09688,-11.05386,-2.301359
-5.824483,0.007811145,4.150002,8.991147,6.474358,11.20145,3.899891,7.455114,10.18632,0.6781373,-19.04633,-8.445333,-21.00216,1.274079
3.797405,1.037203,4.415318,6.197642,2.252542,-1.692208,2.306467,-1.890969,-8.928081,-3.708419,-1.252713,-2.078111,-8.497193,8.041117
-2.356329,6.509221,-5.068319,-0.2641428,-0.7585752,-9.363581,5.729344,-0.242887,0.9376773,10.75906,8.300081,-4.47211,-2.907807,-6.80162
-10.70695,6.3947,-16.02815,-4.012066,1.178914,-0.6368275,4.846251,4.041463,7.814806,10.5207,11.59988,-9.375344,0.1949576,-5.832318
-9.981973,5.403921,-16.38343,-1.113837,3.925995,10.40088,7.147735,10.42642,6.064756,0.7978451,-2.423938,-6.759919,-5.932162,-1.572282
-4.615093,0.8488538,1.210676,-6.390618,-2.892617,12.01861,1.4987,12.03717,10.37503,4.214337,-2.802805,-1.49129,-23.32536,-0.6855966
10.13898,-11.49275,14.09253,3.784138,-11.17244,-4.661595,-11.4319,-0.2092096,-3.174492,-11.90548,7.724825,11.32152,-8.172727,15.15857
18.52057,-13.21141,13.07551,9.104734,-10.32595,-22.85331,-12.57875,-12.22437,-9.622786,-5.14197,3.606637,13.53185,9.412411,18.70682
1.602536,1.410803,-1.518081,-2.416472,-1.670365,-7.841578,-1.703639,-5.217554,-0.2303255,7.662694,2.440242,-4.573422,1.69307,10.36209
-8.850381,7.298739,-5.297941,-9.61228,-0.5901116,10.76936,3.159574,13.47125,7.135011,1.779226,-7.401327,-1.688487,-14.70082,4.528198
0.7213688,14.12272,5.305631,-8.369483,-2.971921,16.45017,14.95769,13.32219,4.479125,-9.748695,-17.7254,-4.330061,-22.86226,-3.351057
3.051629,3.550077,9.791613,-2.994253,-2.761875,3.368001,2.611771,1.184851,-0.3499809,-3.831283,-2.299588,0.008369633,-10.729,-0.6003325
4.889431,-12.03867,7.684464,1.524606,-3.748833,-17.09865,-16.71953,-8.477456,-2.700907,-3.174211,14.08251,13.59568,7.567237,14.61432
11.06653,-12.99284,12.91652,4.445881,3.581008,-6.796689,-15.27209,-14.32944,-7.035374,-6.244107,-10.72521,13.48378,2.619004,25.28302
-3.096336,-3.37237,-3.841833,-2.120209,4.193442,1.173154,-8.771457,-2.937119,-0.0380112,-5.173226,0.8365543,12.71491,-6.045615,16.47811
-7.078866,2.149411,-14.6408,-11.27171,-0.8333566,10.74402,-0.1765299,10.8646,5.892114,-6.943313,-1.271017,4.724741,3.989904,3.850798
-0.1409227,13.60509,-0.1762836,-11.65849,-5.957937,6.350873,12.75984,12.73777,7.760218,-5.413035,-13.1748,-2.8188,-6.522577,-7.350929
9.472959,-10.62296,12.93737,-0.4105372,-1.776668,-11.76877,-11.13129,-8.181833,-2.849165,-11.17565,12.93216,9.526705,0.2699402,12.77774
26.00242,-20.66952,20.45092,-5.86693,-6.216009,-13.13398,-18.88465,-17.28449,-9.88792,-16.36577,4.429418,21.59379,12.2618,23.57089
18.15673,2.373837,9.483412,-12.84653,-10.77005,-12.38123,-0.3197494,-8.657311,-1.41857,-6.069104,-2.809265,10.31301,1.533648,13.41117
8.231042,4.323972,-2.313897,-19.02955,-10.56021,4.552447,3.151556,5.195225,-2.454579,-6.803135,5.541479,7.492125,0.3247564,2.348768
-12.75772,26.0227,-13.09996,-20.05078,-6.536335,7.767093,22.849,22.3701,13.57905,13.18202,-5.885794,-16.66055,-5.421305,-25.35749
-25.77541,28.51043,-20.56904,-19.95899,0.531117,21.42188,27.58698,30.49654,21.03461,23.50928,-2.783633,-29.61337,-19.16156,-35.22881
-4.139676,17.8725,-6.897343,-16.87866,-3.753334,3.479944,20.27931,12.84106,3.174729,15.93694,10.8587,-15.92515,-9.612721,-27.23628
13.34026,-0.12209,16.96049,-1.891589,0.1102212,-12.25237,1.57931,-9.814876,-11.61098,-2.503917,2.372157,2.368546,8.020491,-6.555655
6.745141,0.5198002,15.32125,4.258435,-2.040618,-11.51332,1.478151,-6.226355,-3.917885,-0.1105493,3.341226,2.027733,3.58087,-13.46388
0.9773369,4.259457,9.628729,2.0766,0.8457071,-8.253306,1.06498,-5.830135,-3.22771,1.152021,3.563678,-2.755743,-1.457959,-2.04365
-3.894217,5.033838,8.050676,5.716738,8.846076,6.149682,3.995976,1.775136,-3.583862,-2.350677,-16.95242,-2.135601,-8.991074,-1.660265
-1.57891,-1.756228,3.995426,7.288688,1.532899,-10.06546,-2.571295,-1.585305,1.265276,0.3535522,0.9917241,1.310441,2.209428,-1.390238
-5.760238,-3.722387,-9.353196,-3.462892,-1.590866,-1.949308,-6.006253,-1.559958,3.610688,5.179829,13.26102,-1.153276,15.6894,-3.182573
1.468098,3.660422,-0.1135058,-1.178681,1.067892,-2.218983,5.459654,-3.669637,0.7910308,5.726934,-3.407023,-8.562474,11.18583,-10.20955
8.07469,-1.518628,7.966998,3.517762,-6.691856,-14.0456,-4.408062,-6.136248,-3.345452,-2.504635,-1.622157,5.233981,5.187688,10.29152
6.030309,-6.31486,1.779031,3.535981,-9.606936,-14.16607,-4.582989,3.532293,0.107256,-4.39465,8.120545,10.12626,5.693093,0.1407343
7.442411,0.7020044,9.375326,2.616624,-2.17642,-13.90986,4.15024,5.187631,-8.384707,-8.972456,-1.143045,4.048863,10.61454,-9.55115
-5.591998,1.83818,2.390511,7.543237,7.439293,3.641141,2.225822,-1.043279,-1.733378,0.9710142,-6.289591,-6.012676,1.749778,-7.128054
-16.34269,-1.460784,-6.665183,9.240299,14.42142,11.5675,-0.1377763,-6.737535,18.04094,2.662292,3.423272,-10.27038,-3.804032,-13.93735
-9.722055,4.218023,-7.272986,5.52156,5.466722,-0.08570316,2.988686,-5.847926,9.16319,2.900711,3.413804,-5.216538,10.02174,-15.54922
-3.579741,5.303488,-10.40781,0.9711663,-0.08369385,0.9091254,6.215392,-4.043522,4.185605,3.872548,7.766302,-4.934276,5.653712,-11.82829
-2.84359,2.299554,-3.421522,8.612467,8.131095,1.079103,3.091753,-11.06997,0.6410296,0.8480692,-2.486643,-4.773583,5.744722,-5.852482
-1.041081,-4.561194,5.42053,12.15288,6.362295,8.99065,-4.776593,-8.49692,3.523087,-3.11972,-16.56818,4.21477,-9.502953,7.40242
-1.363722,-8.927999,3.705566,2.627734,4.863085,0.6697846,-7.835793,-4.933527,4.949119,3.491602,2.751454,2.453844,-3.512675,1.06152
-3.335457,0.08258882,-5.954975,4.034225,4.685089,-1.74629,0.7539813,-5.994696,1.195096,7.374835,-0.145798,-6.141191,10.39792,-5.205332
-7.409838,6.640026,-4.679251,8.072732,6.721249,8.127436,7.64167,0.2984841,-0.4951608,1.81754,-10.55486,-13.6042,3.793527,-6.369349
10.93085,-18.06098,14.21783,7.595396,7.30624,-9.621203,-16.66977,-19.99384,-6.347528,-3.892409,2.390018,1.428899,7.734621,22.98187
15.95912,-12.8648,17.83771,7.056801,2.026934,-5.020329,-11.72435,-16.16266,-9.482553,-3.204473,-10.51301,9.806458,-6.978512,23.26366
-4.610559,1.728982,-8.455861,1.082588,6.512317,2.281654,3.305369,1.61745,-0.2503942,4.761921,-1.161316,-4.671293,-1.902537,-0.2383178
-5.271443,0.4278344,-11.85153,-0.577839,8.475767,4.11644,4.799576,4.866207,2.60379,9.129698,-4.323604,-10.78347,-2.692204,1.080786
2.771035,-4.392261,4.653903,-4.86036,4.405217,3.973945,-4.780175,-2.18952,-5.836391,-4.674614,1.520009,3.762182,-2.958774,8.605801
-5.581281,-4.736971,-0.7304672,3.148108,5.460149,3.346568,-3.78669,5.376083,3.447906,-9.699193,4.393848,4.612871,-8.320278,3.069344
-4.890381,4.008519,-6.477299,2.832546,5.04629,5.832339,3.360671,-2.394449,0.3012254,2.209942,-1.217932,-1.716816,-5.995679,-0.8989686
-4.758506,7.498445,-9.344592,-5.085374,-0.3227895,8.14069,5.972893,2.008306,-7.562183,6.456059,10.7284,-1.392983,-2.737465,-9.600888
-7.182891,0.9606427,-6.091027,1.354082,1.445868,11.29179,0.378485,4.492525,-0.4128848,5.176426,-1.763275,1.307474,-4.943155,-6.014061
-5.309223,-4.266933,-0.5065747,-3.026371,-3.480488,11.30275,-5.671496,-0.5565281,10.33183,5.855466,3.664101,-0.3103136,-1.771092,-6.255134
1.373193,-2.273286,3.620517,-5.143114,-1.90869,0.1985536,-2.60326,-4.858065,1.359314,3.383668,9.024606,1.739777,6.780466,-10.69368
-0.08210462,-2.637391,-2.240198,-7.243868,1.774237,4.131001,-3.56606,-4.202906,5.227395,6.198701,-4.939311,0.8165188,7.275476,-0.511492
-2.032588,1.416715,-3.92521,-3.771018,-1.753193,6.711249,5.156338,1.706876,9.680135,8.548241,5.383626,-9.697672,-7.208176,-10.21532
11.03449,-5.525746,7.465101,-1.789327,-1.201971,-4.183767,-5.358922,-17.66042,-3.160067,3.734571,5.361771,1.50322,3.224303,6.556757
16.47975,-12.39403,12.45724,3.720143,-1.937066,-5.591449,-12.46371,-21.64708,-11.1678,3.001912,-3.687567,6.414021,8.996678,17.81895
18.34846,-1.829207,13.0018,2.834504,-0.7056959,-10.36073,3.342308,-9.856517,-12.18388,-5.166205,-5.789466,-4.186458,0.320073,12.231
12.40256,1.789455,4.195658,-10.15176,-9.424374,2.457342,5.880471,0.07158538,7.393072,4.534578,-10.99669,-3.966201,-6.244967,2.059268
-4.852432,2.158438,-10.96011,-0.1851671,-8.043531,10.68549,0.6139286,1.546453,3.89604,4.710168,8.161492,-2.88716,-4.253357,-0.5902498
5.13307,-4.133192,2.492487,17.36185,-4.503541,-13.17626,-6.834736,-8.844224,-14.83124,-6.390499,2.591089,6.720309,10.8156,13.59928
8.890334,-9.905561,4.944433,16.50043,-10.42193,-12.25867,-11.12339,-14.52224,-8.212651,5.145862,4.737712,4.423909,10.00661,11.79513
-3.45509,3.507796,-10.94751,4.308796,-10.93156,4.364104,1.670454,0.2482461,7.600608,8.309069,-1.3084,-11.2881,1.943954,5.977636
-2.492966,12.52219,-4.474301,-2.108182,-8.880863,15.57179,9.793415,3.983559,7.514148,6.135371,-16.33825,-8.139609,-13.02529,-0.06099513
5.737846,-0.9058148,7.848522,12.30995,1.577562,0.034743,-0.6102757,-14.13652,-11.45,0.03963498,-0.2236752,2.621373,-2.305969,-0.5373812
0.7834202,-3.63776,2.174097,17.72253,-4.159822,-14.50744,-5.815291,-2.644147,-6.576936,-7.416253,3.698996,7.224936,3.834785,9.318883
-11.61036,2.932284,-12.04219,5.694193,-3.400981,3.120453,1.12865,10.00376,10.42817,6.752625,-3.690147,-2.684507,-4.66978,-1.962169
-9.941794,5.251453,-13.76176,2.118471,-2.901228,8.142311,7.863264,11.19824,4.71909,11.56496,1.979215,-12.26036,-0.2491594,-13.7227
-4.102582,9.634467,-10.18915,-3.126382,-10.42503,2.423739,6.537653,8.277909,-2.629411,0.6068802,7.566,-3.306708,3.650305,-4.917685
-1.748995,-5.373106,1.653396,6.054235,-8.397075,-0.9024838,-8.580308,5.247993,-2.364024,-0.969287,1.252125,9.995606,-1.092064,5.223981
-0.5509097,-9.041533,6.459196,11.46561,-7.570362,-2.753126,-8.404618,8.945807,0.1722699,-2.885918,-0.01389826,6.699035,-9.693078,7.171517
-4.187139,1.882132,0.3045015,5.333591,-1.601204,6.37793,1.475626,7.457788,4.601213,2.697487,-13.60197,-4.19619,-12.06014,5.516378
-8.864904,4.002361,-12.34438,-3.504663,-7.676773,5.503207,6.389812,15.01823,12.48689,10.104,4.457669,-9.058311,-1.811644,-14.70148
-5.817564,3.652698,-5.505379,2.202395,-2.112079,-1.16019,4.290161,6.061549,-5.553492,-0.2259395,13.92753,-3.602906,10.62811,-16.78489
-3.731287,0.1693668,2.853515,9.830784,5.812427,8.338844,3.003542,0.419675,-0.9322078,1.933324,-12.55542,-6.324491,-1.353106,-7.464964
-2.566968,-5.342929,8.05827,2.153784,4.828282,2.112015,-4.550646,-2.038147,9.384398,1.812745,-4.078887,-2.753353,-6.239247,-0.7793202
2.786017,1.04604,8.25423,-3.611102,6.884424,-4.707092,2.509278,0.05000209,-5.884578,1.549888,-1.10404,-1.667283,-2.853345,-3.252439
3.682496,-0.3268162,3.873428,-6.748914,1.845428,-6.236845,1.673441,3.777308,-2.3792,-4.56191,2.510303,0.6348319,5.424041,-3.167591
1.66058,-1.486533,3.250067,-7.828273,-2.003246,-6.608768,-0.8682666,6.433854,-3.189687,-1.976063,10.08873,4.444615,5.970996,-7.88801
-6.732804,-0.8962812,0.08125822,-9.364633,0.06894743,4.114449,-0.1285834,14.80289,6.689994,11.90683,-1.130368,-0.7989101,-7.673976,-10.93881
-6.608212,-2.193118,0.6742005,-10.98741,-1.33312,-1.096978,-3.151396,13.23367,10.83349,10.30285,4.896336,2.800017,-10.02731,-7.343029
0.535538,-0.7148641,-2.203638,-5.156437,-2.191367,-2.555173,0.9630381,9.26465,-2.322584,2.725614,-1.17292,3.985676,5.42393,-6.581463
4.70725,-5.409243,6.396595,3.988978,1.778195,-6.607464,-2.443008,4.580291,-7.574786,-8.345555,-4.316187,8.457153,4.478567,0.3092089
7.266754,-1.838798,10.67535,-0.6152049,-4.49464,-16.91257,-2.184304,2.46606,-7.352398,2.546749,3.001084,12.93462,0.2830223,-5.775724
0.5115236,-1.043387,6.694263,-2.998414,2.918025,3.458261,1.449143,10.11012,-0.1120285,3.83383,-15.00967,-0.7582583,-8.309224,-0.7441839
-3.212341,-0.2136727,5.658684,-5.30432,5.020271,13.46598,0.7267044,10.58405,-1.05029,1.764061,-11.03184,1.082974,-17.29978,-0.1904745
-11.94773,8.56427,-4.223685,0.5083191,7.801723,5.298543,6.343249,3.443596,-1.425265,3.39259,3.374665,-11.2454,1.965775,-11.85064
-10.26952,6.12747,-2.483196,11.46349,5.489676,-8.890833,1.232175,0.2349928,-9.328121,-1.978252,3.210283,-6.92518,16.33662,-4.219602
-3.765721,-2.386316,-1.664271,6.408286,-1.900858,-7.321433,-8.33824,-0.3009726,-12.10627,2.144537,7.535973,9.262661,5.872904,6.559721
8.627087,-11.47765,9.569273,-2.521566,-2.380665,-3.047134,-12.84363,-5.380814,-7.749238,-8.262654,7.937171,15.88237,-2.124802,13.77223
2.12418,4.017998,0.4039795,-12.42947,-2.876621,-3.685018,-2.207746,-2.449236,-0.805975,5.391582,2.309623,12.17719,-4.885195,2.914712
-14.03663,14.96371,-14.10385,-1.919017,6.100735,4.586569,9.334582,1.688918,2.647015,8.803461,0.1758223,-5.444343,-2.759444,-10.03752
-10.2132,-1.485443,-10.0578,-0.3727915,4.691672,6.168472,-2.712311,1.571844,1.477729,3.386889,7.364645,-3.921371,9.622899,-5.521234
-9.932925,-0.5618531,-8.373175,-0.02311432,7.151894,4.864452,-0.664593,2.029719,7.111163,-3.485968,7.054556,-5.237986,1.781549,-1.713718
8.502089,-11.44377,4.164224,-7.871118,-6.041448,-1.018348,-9.57702,1.985845,6.711879,-27.66008,14.55887,19.26447,-2.952513,11.3769
31.04867,-6.228423,22.74307,-17.66979,-4.575294,-10.23885,-7.017839,-22.01719,-9.90854,-23.4982,-0.4487378,28.07895,2.621289,17.11088
15.73403,-3.324744,7.296878,-9.00077,1.695283,-17.42259,-3.510656,-14.23632,-8.574153,-9.052886,9.219016,16.88007,9.102695,5.194145
0.06074427,3.958573,-8.661842,-14.01953,5.71279,-5.229627,6.322465,-2.651117,4.502135,11.71315,10.53559,-6.328559,4.276166,-10.19093
-10.62216,10.59587,-11.55638,-15.64307,13.95403,14.89447,12.04266,5.591394,10.93063,9.682234,-7.226187,-13.38309,-7.355324,-11.90508
-1.366127,-2.061628,-7.064272,-9.85203,1.806385,8.93868,-0.8929347,3.779489,3.919799,-3.275582,5.826826,2.693178,-6.54771,4.095928
17.29897,-1.287727,11.92264,-3.816701,8.255855,-10.3309,-2.412261,-20.27791,-15.56522,-8.564351,-5.193701,11.70477,0.01718986,18.24935
2.740198,3.455755,-2.301857,-11.34826,9.385613,-1.308245,3.715408,-3.673551,2.16467,-2.248568,-8.682543,-1.144907,4.815592,4.430699
-8.322964,10.87762,-10.35551,-11.92237,7.638139,6.371973,11.1196,5.291512,8.962615,3.894186,1.589232,-13.00015,-4.477551,-7.666317
-3.49248,-2.280366,-5.811491,-1.427673,6.593678,6.018012,-2.573419,-0.7127934,-5.002337,-9.964901,7.931797,4.538275,3.391341,2.792355
7.30375,-3.79146,3.332523,2.303582,4.530674,-6.409633,-2.221138,-11.46556,-2.14598,-7.441969,-0.8810259,2.55915,7.364381,6.962701
7.263516,0.9158614,3.111445,-6.241104,3.209075,-3.95605,-2.882661,-12.55041,-5.214377,-4.678795,-3.599527,0.2609523,6.740465,17.62161
14.87871,1.87098,5.189284,-10.95283,-0.05081753,-10.68244,1.630909,-10.0171,-8.391706,-8.90731,-0.192882,1.991418,10.36915,13.26463
4.051043,7.204731,-0.9062352,-9.889348,-2.339506,-8.059345,8.696483,1.645019,6.894484,-0.5322581,-0.08863853,-7.441441,6.350649,-5.58563
-3.897038,4.171545,-8.575601,-1.98873,-0.4439737,4.66516,3.879574,0.2134835,4.994928,-6.268365,5.418189,-1.80815,4.442888,-4.803905
2.41433,4.235111,-5.875552,-9.270765,1.706637,9.606764,6.943703,0.2746848,3.721894,-5.258517,-2.46812,-0.9202828,-2.568165,-2.541716
2.725765,-4.655526,0.2493212,-4.830791,-0.5929514,8.636934,-1.42622,1.892265,5.194242,-6.635952,-3.79422,0.6984363,1.476654,1.062039
3.278509,-3.74039,1.735322,4.377275,1.22184,-1.616786,-0.6778567,-6.941129,0.115703,-7.606842,7.857167,-3.101109,6.012346,-0.9140553
6.546818,-1.429467,2.615348,-2.097809,2.627493,-2.941497,3.269177,-5.137671,2.069577,-0.9269843,-2.377608,-8.296599,6.236751,-0.1575289
1.254527,-9.175849,-2.2788,-2.572961,-1.632,2.084095,-9.742339,7.120791,3.515352,-9.252835,-7.689108,13.6245,-2.9403,17.68491
-12.35421,7.716629,-10.83716,-17.92572,-10.98582,16.13694,0.8763197,18.01369,17.61525,-1.35694,4.750269,4.048868,-13.06157,-2.636533
-6.848557,4.558741,-4.922182,2.432978,-1.791595,8.696941,4.878137,4.245336,6.770473,4.066735,-0.3261266,-5.017575,-6.681649,-10.06165
-6.823216,3.326499,-10.54703,9.396703,4.348346,3.46869,4.548137,1.72877,3.718742,-3.77118,-6.847434,-9.538549,3.005948,3.985578
-1.061282,3.307558,-5.313294,0.7953706,-3.898691,15.36108,4.50433,7.635663,1.042771,-10.8173,-8.32498,-5.610262,-7.935136,10.31418
3.499428,-2.913398,0.1480988,1.719568,-2.419007,9.31733,0.1031225,5.95477,-0.05875641,-1.844738,-12.27414,4.246836,-14.47991,9.000793
2.254778,0.8716989,-2.355311,-3.495689,-13.25905,-12.9006,-2.922196,3.637635,0.7086075,6.511467,9.51144,6.024883,4.12825,1.284085
-5.736683,0.977959,-10.3113,-3.911217,-4.761473,-7.720987,0.4564153,11.36338,3.003367,-2.231024,15.69444,1.341351,6.448299,-4.61253
-9.25538,3.84549,-15.40701,-0.9491562,3.100476,13.8255,3.357307,9.080682,1.174233,0.5779659,-9.137455,-2.613284,0.02044483,2.380191
-1.055582,-4.169983,-0.6463832,5.550237,3.001032,-3.16593,-5.648987,-1.039323,-4.591218,0.02686249,-3.096832,4.747427,0.2346185,9.854057
7.051397,-6.806799,4.299142,3.709391,0.9818707,-8.454388,-6.126849,-6.480327,-10.00744,-1.78326,2.642325,3.626762,6.562773,10.78539
-2.95221,-2.753226,-10.51206,2.584612,-3.406735,3.486559,-4.32023,2.083106,-10.4933,4.644585,5.639826,3.831668,9.594114,2.573289
-4.706327,1.071382,-10.38322,-3.646925,-2.492391,-4.013617,1.513944,8.337931,3.35443,10.23558,4.040566,-2.765626,3.61861,-4.164334
3.832701,-5.981371,5.505816,0.8716256,-5.600147,-8.673802,-7.757526,-2.587742,0.7068861,4.878813,2.529874,3.830646,1.333743,7.110477
3.630956,-3.622729,11.82716,8.945099,6.503237,-7.482721,-8.341242,-17.69345,-8.779801,0.6914412,-1.399252,1.096559,-0.3978238,15.02256
6.600193,-4.123149,13.40557,0.9286448,-1.092504,3.377032,-4.360762,-0.8186321,-10.66455,-5.264727,-6.935361,0.6022878,-0.8462852,9.192243
-2.751402,-3.863106,0.7946121,-5.783736,-6.034639,4.921062,-2.475153,10.79143,2.025516,2.258493,6.400074,-3.859816,5.384818,-7.808154
-7.568134,-3.633816,-4.69604,-2.07282,-0.4080031,-0.8697132,-5.126328,6.729769,4.867502,4.242974,6.677701,-4.66397,5.040645,1.480231
1.1445,-18.28289,9.370128,8.387863,-1.493274,-9.855936,-20.67577,-2.075923,-2.747297,-8.268468,6.542846,11.55507,9.791173,16.60796
3.533317,-5.563138,6.071977,12.55933,4.808845,3.159704,-1.844784,-6.608892,-10.22608,-7.924752,-3.200638,-8.545099,6.69023,7.089967
-10.69835,9.221238,-9.227776,1.663933,-0.2490481,12.10712,10.52454,15.19106,0.7446994,3.482237,-6.742419,-15.24419,-1.851005,-8.922041
-13.93114,6.791638,-6.128384,6.198838,-2.878698,3.38301,4.867592,11.26193,7.88804,8.238563,0.03922454,-5.73372,-2.552632,-17.44425
-8.052608,-3.35513,-4.399353,13.07103,-2.050427,-0.8346148,-4.349312,0.4963479,-1.022456,3.455529,10.42383,0.5471863,2.492786,-6.422811
-4.681112,-4.993622,0.2528585,9.204598,-2.471166,-5.473183,-5.731844,1.721333,-0.2188471,-2.741849,13.89191,1.432352,0.3943959,-0.5858313
-6.299107,-1.95885,1.413762,10.27451,2.435253,8.537108,1.740888,9.084694,5.204096,-4.570662,-7.119895,-2.154505,-10.76868,-5.818622
-0.183827,-2.823993,3.713507,9.80878,2.172529,-0.7022831,0.6324864,3.927781,-0.2566582,-10.38507,-1.102152,4.982816,-7.422007,-2.361909
4.85365,0.9690946,10.79896,5.191733,-2.796372,-3.327103,1.447548,-0.2535261,-2.401791,-7.676988,-2.733044,2.301517,-7.426784,1.053104
6.622901,0.2625038,9.607327,3.085014,-1.860941,-5.401373,0.6942936,-2.731826,1.928555,-0.1293435,-11.63491,4.131595,-7.95337,3.379574
13.38422,-13.29904,11.56054,4.870495,-3.610287,-12.31317,-10.52131,-9.500738,-5.853741,-9.267135,8.651598,11.45773,3.991714,10.4491
7.575849,0.3146231,7.585925,8.073634,1.441061,-4.490297,3.409686,-5.90045,-8.306499,-3.897749,-3.892207,-3.596331,-1.822441,3.505196
6.363761,7.740574,2.199031,1.447123,-2.421129,-12.79176,8.013425,-10.03878,2.411749,4.687379,0.743091,-8.549344,2.694429,-2.499542
8.90355,-7.931057,2.275681,-1.436415,-6.821459,-1.795241,-5.303092,-5.259926,1.428927,1.882605,1.269926,1.034111,5.567138,6.185245
17.39746,-6.234359,17.26877,3.277897,-2.718625,-14.20874,-4.846814,-14.95585,-9.967397,-1.961957,-0.3802364,6.600904,1.58135,9.147589
19.15623,-11.01127,15.61337,-0.9383222,-5.18021,-18.94879,-9.482499,-13.21937,-1.889419,-4.461161,1.544402,10.79003,0.6408486,17.38614
10.63339,-5.965777,4.866741,-3.239881,-2.216611,-6.051474,-6.119076,-9.921268,2.777731,-0.3326572,-7.95524,6.718098,3.149858,13.65616
2.647278,3.664746,-9.574612,-1.060047,-3.95909,-4.770051,5.797167,-3.492158,0.4802528,2.930825,9.459023,-3.062055,6.688925,-5.750201
4.810806,2.548624,-0.6537555,1.441416,-0.5760858,-10.64257,2.339434,-3.144539,-4.829217,-8.305678,3.286752,1.65881,6.846887,5.219115
14.59868,1.303964,12.91792,5.372926,0.658514,-23.92454,-3.964717,-20.18603,-14.96854,-9.941011,-1.209632,10.47029,12.44113,16.43104
6.235461,7.890508,7.743877,-3.153753,-1.098611,-6.833254,7.773638,-4.820307,1.510341,-6.031378,1.033749,-3.536819,-4.714556,-1.998889
-1.718235,9.694874,0.8196923,-1.45982,-1.706562,8.833457,9.922922,3.055863,10.13198,-3.4076,-9.768663,-6.21308,-13.82194,-4.362885
-0.3371847,6.575533,2.743828,-2.171868,2.994814,2.350633,2.864695,-6.088962,0.4163227,-1.787828,-4.213751,-2.952717,-5.446285,5.052778
-1.452067,10.96945,5.678568,-0.5215374,1.75177,-1.749197,4.205863,-13.37949,6.017364,-1.855685,-0.391784,-9.208759,-4.995914,4.931436
-5.628051,10.48517,-1.43172,2.466141,5.921394,12.22615,8.680899,-7.363582,15.43532,-3.773658,-15.77357,-7.229226,-10.3551,-3.660162
-4.650941,4.416093,8.092122,4.148332,11.83477,6.868756,2.691347,-8.156293,0.05097845,-3.393546,-5.686068,-2.564824,-6.667802,-6.982919
-3.307614,2.164566,5.125881,2.891947,4.131363,3.706376,0.6423474,-7.607728,5.834007,1.574528,0.2853898,0.4218434,-6.472879,-9.390025
1.124947,0.8930829,6.352585,-5.421209,3.7862,-0.6916101,-3.145648,-8.260059,5.756361,-4.57948,-1.991225,12.30855,-4.693521,-1.438965
-1.558521,-2.240968,3.142382,1.992179,3.413495,2.227584,-1.357803,-1.385696,5.454175,-2.760911,-1.335093,6.554896,-5.220553,-6.925166
-3.41391,-2.639819,-3.172502,0.561133,4.773755,1.882687,0.1755196,0.8681526,5.872686,-4.046551,5.88448,2.683534,-1.151087,-8.27808
-10.87659,1.216104,-9.352582,0.03358825,5.920207,6.180939,-0.4365498,0.02074504,6.599829,-1.717873,8.115782,-2.529687,2.573596,-5.747501
-9.129796,-2.173636,-12.19999,-0.04015436,4.113637,1.262174,-3.318619,0.04825669,6.203812,1.383883,9.344378,-1.593121,7.290957,-1.191779
-2.071323,-0.7858278,-0.9644404,2.127434,7.767241,-0.2107327,-3.546474,-8.945606,-4.862486,-0.1215363,-0.9383677,0.699205,7.462539,4.390377
-11.70271,6.334923,-15.34687,-6.752906,-3.008527,21.12023,9.715752,19.28312,13.1806,1.077772,-3.007997,-6.250159,-9.515114,-15.12811
0.7332114,-0.2973367,-1.33196,-4.066441,-9.88,2.295519,3.620568,13.54883,1.715199,-6.170142,13.21792,1.178791,-4.062925,-10.50123
0.1813633,-4.7558,-1.276727,3.886781,-3.412371,-0.1336954,-3.606155,1.943509,1.44599,5.637918,-2.970639,0.8183051,0.1134156,2.1281
-3.113842,-5.095068,-10.32255,4.545035,-0.2797497,3.637869,-5.657759,-7.484846,1.513053,2.072656,8.540026,-2.524791,7.77883,6.391134
-0.4889662,12.51945,-5.441341,-1.466253,1.988194,4.349146,9.839216,-7.226133,-3.622812,-5.535849,-5.378589,-9.699926,11.70098,-1.537106
-13.07699,18.09712,-20.50585,-3.573621,0.0907381,15.80276,18.23307,14.06707,10.73516,6.180812,-19.4805,-16.68396,3.582932,-13.46872
-8.291357,0.3218595,-10.56645,-0.1796166,1.030791,11.33929,1.417942,5.836586,3.703211,0.06381649,3.605746,-2.752957,2.146438,-7.675297
2.79863,-1.651944,-0.9716617,-2.555489,-0.8473212,9.161306,0.6429865,4.953283,-4.047026,-5.287014,-7.582487,6.852706,-0.8014889,-0.6644816
2.09852,8.576646,-4.576079,-5.717491,-0.282114,4.79114,10.86615,4.095554,-5.667609,1.461524,-2.433747,-2.611837,-1.661736,-8.93891
-5.905087,10.16319,-8.929386,-9.959351,1.141028,2.405221,7.311486,4.68238,2.739162,7.123629,-1.216452,-1.379686,2.259236,-10.43536
-4.707273,-0.3468166,-4.320381,2.136247,8.096587,5.85709,-0.6371733,0.251908,-2.98011,3.626507,-11.65498,2.867608,4.274988,-2.464196
-1.743341,-0.4920192,-3.475975,-0.2147048,7.280159,3.748673,0.88662,1.960396,-8.030726,-0.01302195,-3.003425,2.275631,2.513402,-1.69167
3.947531,0.6071109,10.09494,3.06464,1.619516,-0.07312908,2.289547,-0.5672102,-7.854838,0.0385887,-4.057632,0.1358943,-4.162066,-5.082899
4.345234,4.302611,10.00308,0.7968922,-0.1222783,0.6713561,5.183419,1.539058,-7.097051,0.8534294,-9.2762,1.985713,-5.269143,-7.916119
-8.444964,13.87901,-9.398024,-7.323461,-2.081218,11.1185,13.86907,11.13879,4.730686,2.108846,-0.1336354,-4.582572,-1.332039,-23.54899
-2.217238,4.903526,6.636657,8.681862,4.146853,1.733043,6.072461,1.478241,-7.18311,-6.649436,-1.444335,-1.170955,-2.941153,-12.04641
3.775712,-14.39264,15.17767,19.68232,9.638802,-8.534239,-10.56918,-6.367481,-14.48204,-9.878661,2.311351,5.891035,1.173872,6.573466
3.872232,-9.605009,4.070523,10.95078,3.798562,-7.426227,-8.375665,-9.348368,-9.885937,-9.296047,9.616522,5.97708,8.581696,7.069843
0.7795366,-4.555282,1.610644,-4.047916,0.2739623,2.074311,-1.631517,5.8769,4.476051,-8.359146,1.610016,7.133272,0.537519,-5.778356
3.607016,-9.051839,4.62894,-3.915877,-0.7443945,-4.647631,-8.43311,2.006651,1.559984,-9.738892,7.91692,12.40153,-1.410004,5.820695
10.25016,-11.33012,16.07067,2.649402,2.818564,-9.150373,-14.11342,-7.49485,-13.72716,-19.95508,3.576446,21.20141,-0.8912516,20.09558
-2.675622,-5.956959,1.566082,-2.898148,-0.8018348,5.385798,-3.428648,13.69927,3.612951,-5.42506,0.1837371,10.85171,-8.849437,-5.263845
-1.478347,-2.132754,-5.790362,-3.799453,-7.474762,-2.515724,-2.110302,8.156434,2.305626,4.088876,9.021773,4.220031,0.001735555,-2.492773
-2.247303,5.967837,-1.502545,-2.146345,0.04626697,0.8736301,4.676857,6.106436,-9.818997,4.704029,2.682524,0.8463166,-4.669799,-5.518903
-9.752546,3.092534,-4.634055,-2.822666,-4.840671,7.060865,2.643593,15.25553,7.161616,8.681291,2.942299,-3.321115,-10.82543,-10.64124
0.8805335,-11.48379,10.27135,11.60564,-7.125961,-7.38938,-13.82436,0.5709676,-3.108583,-4.793314,7.649953,5.01233,-1.965756,13.70035
-1.755487,-7.134032,1.656227,10.15032,-4.280371,-3.758725,-7.336689,-0.848899,-1.108625,9.829066,4.919953,1.484564,-2.796206,0.978892
-8.756886,0.5508012,-8.63229,-3.325491,-7.898939,0.08307654,1.356963,13.08482,13.12515,17.43308,6.883659,-8.6692,-4.989485,-10.24526
0.4456201,-1.635833,8.521452,-2.455847,-3.479316,-1.612528,-1.157199,10.05374,3.055447,2.528895,-6.562935,-1.752695,-6.91355,0.9647447
-13.91001,15.21429,-9.328581,3.057064,-3.61769,14.64935,15.14335,16.78754,2.260313,5.163382,-1.021614,-14.91435,-11.21302,-18.27002
-15.18053,11.82964,-11.58047,6.197308,1.519853,13.16967,12.37029,12.41558,2.055422,1.286576,0.9542487,-20.33711,-3.195235,-11.50524
-2.736837,-9.193995,-4.625029,3.384286,0.01348884,-7.666015,-8.928091,-3.082355,1.016595,11.27446,7.378069,-4.873377,16.19818,1.840613
-4.748114,-2.308809,-5.150476,-1.339714,-3.819749,0.2176018,-2.244388,2.402457,3.666739,10.18883,11.45018,-7.641578,4.028388,-4.70137
-0.2684892,-0.009507251,-0.8218262,-0.3451391,0.07348924,-2.712955,-1.493756,2.347732,-3.538842,-1.068793,-0.902931,-3.215137,1.376634,10.57952
0.8993357,-6.962852,-0.9904561,1.816225,1.134687,-8.026741,-8.288434,0.728377,-5.681944,0.9107556,0.04344116,4.778318,6.83992,12.79936
-1.026825,-4.125165,-0.5683056,6.032079,5.509272,-4.528275,-5.741617,-5.724102,-7.83712,10.79622,-5.508761,-2.232519,6.010005,8.945108
-1.666805,3.011325,-5.428962,3.222872,2.36364,-4.8757,-0.5301254,-5.609344,-5.594263,14.34072,-8.962809,-6.959053,7.41986,9.268645
-7.246104,9.269896,-13.27989,-4.120252,4.027973,0.109209,6.375631,1.196631,-2.423382,9.210021,2.456264,-9.194329,3.598046,0.02029628
-3.625702,10.58264,-8.310746,-0.2692042,2.529678,6.223938,9.762552,1.764928,-2.917256,12.89427,-12.78485,-12.42958,-5.319326,1.898677
3.025774,-1.084553,2.776886,3.048686,1.911525,-1.558926,-1.48806,-4.314404,-1.647479,6.670431,-8.631582,0.0007740714,-9.198619,10.48955
5.810086,-2.908769,11.64881,-1.850067,1.467622,-1.943664,-3.886302,-7.456856,-5.24735,2.071698,2.922741,-0.4316827,-7.362835,7.166565
3.040499,-5.109326,3.57851,-3.415171,-3.607257,2.2131,-2.693774,0.6984029,4.174789,14.88656,-2.764235,-3.612939,-6.634874,-0.7542885
-3.694503,1.462231,-4.851824,-7.987229,-2.93417,-1.465065,-0.5251493,1.701068,5.447285,14.59402,5.005337,-7.70553,3.703704,-2.750176
-1.932762,-2.864825,4.982124,0.7076936,-2.178095,-0.01260172,-4.294096,-1.954459,-2.10337,11.85356,3.856355,-8.969645,5.671868,-2.761752
-1.099598,-10.08464,-2.782339,2.136916,2.948414,-7.541496,-11.69323,-5.978668,-4.112418,15.06392,2.282091,0.07224751,12.21655,8.572236
12.06115,-11.6777,9.758684,-3.290547,-0.7599041,-18.24709,-16.50077,-12.53186,-13.56237,1.776048,3.801019,13.65466,11.15725,24.36142
1.055883,-6.006365,-0.7583719,-6.525544,-3.091913,-7.203602,-8.128896,-2.500416,3.311767,13.27224,8.728768,1.084914,-0.5551226,7.316657
1.326255,-6.055982,2.43759,-0.9411637,-2.190032,-4.855543,-8.386188,-6.923394,0.2759504,10.7068,5.364729,-2.139091,4.547109,6.832956
-1.489603,-7.190201,6.416095,9.146079,5.195833,-5.975502,-8.545585,-7.872706,-3.900372,-1.675926,3.789441,-1.497013,8.757309,4.842144
-8.52492,4.924377,-4.931231,1.349251,10.73442,11.04644,7.503064,0.08683265,7.739998,1.237862,-6.448369,-15.33116,-1.745195,-7.641368
4.074799,2.74296,0.7497826,-4.931977,2.241528,4.470216,2.25658,-5.018486,2.858383,-1.860893,-11.42322,-0.2062254,-3.418853,7.465407
-0.7081193,3.776804,2.388945,-5.478643,1.533154,2.267239,4.065176,-0.3099986,9.760181,4.977962,-8.341651,-4.532782,-2.47076,-6.927504
-1.982143,4.052668,-0.5343305,2.742718,3.792333,-1.07246,6.669877,-4.459787,10.31136,3.666582,-1.666556,-6.266776,-2.263356,-12.99013
0.5323011,0.9056702,0.5742231,4.19426,1.013476,-0.2586758,2.922312,-0.8739848,3.83985,-0.4402578,-7.008847,-0.7170711,-0.07024614,-4.613009
-2.420871,-1.696607,-2.500757,-7.099083,2.002813,16.41357,3.458316,2.53314,10.75262,8.824647,-2.190339,-12.80633,-7.60965,-7.661463
6.250984,11.37728,3.302244,-6.293803,-2.051785,9.824798,14.37027,-0.1681977,3.397599,-1.560149,-10.84405,-0.7273099,-15.68637,-11.19149
7.59344,8.126672,1.509394,-5.368038,-3.585148,2.289134,9.036484,-3.31285,-6.200527,-0.6158068,-0.4700277,4.036564,-5.031113,-8.008168
5.072909,-6.150433,-1.80628,-0.4462318,-4.277133,-4.237335,-6.59976,-13.77007,-2.34384,7.99343,15.38395,2.971103,9.060294,-0.8506115
9.054494,-4.336938,14.3078,11.3087,-0.8205458,-3.448244,-3.12944,-12.83109,-6.242628,-2.395424,-5.842975,2.6235,0.266126,1.486656
5.585139,-5.658968,2.899995,0.3404988,-1.886464,3.995998,-5.141198,-7.873526,-2.273743,-3.927097,4.379697,8.039277,-2.246033,3.76642
7.528119,-3.105588,-0.5427158,-4.856398,-4.564679,1.153913,-3.229379,-5.607698,-1.752796,-2.120236,1.34795,11.99334,0.6924801,3.063685
13.58895,-2.891472,9.797884,-0.9530193,-3.024462,4.529825,0.8325695,-7.124302,-5.794348,-3.254978,-9.897442,3.791635,-3.715913,4.115073
0.1704791,7.196521,-4.96892,-4.878172,-1.650699,9.735796,8.999103,1.600032,-0.4387606,-2.326366,3.937909,-0.9937427,-5.91311,-10.47006
-8.96483,13.32527,-9.439517,0.7563839,-0.6001673,18.24891,16.40409,11.44392,6.434467,3.054809,-8.476646,-11.4733,-11.48913,-19.22424
-6.829062,10.59274,-7.917494,3.881822,3.387621,14.81585,15.37212,8.492265,3.775965,1.731816,-5.436477,-8.753237,-17.66331,-15.45061
-3.148811,8.731171,-2.480705,-2.309483,-0.06705101,14.81552,10.69179,5.678974,4.277681,5.304249,-8.43698,-0.8764515,-18.20137,-13.97853
-6.003431,16.2268,-4.342627,-6.159269,-2.419387,9.222091,18.77673,10.49545,14.55071,11.11414,-10.26065,-13.25268,-14.40244,-23.54543
-6.69871,13.3042,-8.21794,-5.569101,-2.845201,11.28704,16.42283,11.83525,8.988914,-0.9860327,3.257041,-10.70482,-9.313512,-20.75994
-9.608142,16.61028,-10.98394,-0.7411776,0.543546,11.11123,18.94634,10.93689,6.234093,2.883573,-3.796427,-14.66705,-6.768536,-20.70067
0.3820701,4.767832,6.150634,7.916555,8.155497,0.4689978,5.662575,-1.295174,-9.744382,-10.98424,-5.949367,1.610028,-4.650642,-2.490374
13.30389,-2.452795,12.92436,2.281439,-2.712748,-7.14293,-1.607644,-5.525299,-14.43951,-16.08821,1.075343,11.00377,2.705324,6.675014
4.4826,2.567888,3.911666,-11.39913,-11.08514,-10.9363,-2.031374,-0.7635081,5.195525,7.615115,10.31253,6.476612,-3.019355,-1.327137
10.56994,-3.653219,7.911093,-4.510252,-7.485023,-11.00952,-4.587964,-1.817714,2.15,0.2366438,-5.685412,12.52303,-2.226036,7.584424
7.90047,2.141546,2.198458,-3.307141,-5.094169,-13.72744,-0.02502491,-0.3199472,-6.337096,-9.08081,4.616342,14.07764,1.597541,5.35964
14.36503,-1.9529,14.53279,-3.063979,-8.041963,-14.50401,-4.82843,-10.52483,-10.67849,-3.362988,9.154115,11.16361,1.10148,6.640573
6.565929,2.786603,2.085345,-0.4976426,-1.807644,-2.520903,5.183983,-3.115947,0.8787107,-2.066724,-9.318422,-1.791328,7.018733,-3.400692
2.700556,4.43197,0.908904,0.02557595,-0.9953572,-6.046323,4.699629,-0.9733105,-0.82235,-8.82657,4.596624,1.146921,1.782104,-2.62837
9.471767,2.340619,8.600078,-0.6234187,-4.9759,-6.529786,1.435149,-2.748216,-4.906155,-11.84493,-3.887477,9.409977,1.441904,2.816392
-6.069151,11.88235,-5.865814,-3.938009,1.056296,3.519774,9.989826,6.982534,2.351674,-0.7761833,-10.05235,-4.138336,7.265755,-12.20835
3.347525,9.328518,1.840997,-1.944713,-3.095371,-7.769134,7.98418,-1.275522,-3.50291,-6.27032,3.993562,-2.660991,4.489988,-4.465802
4.147057,0.1055106,1.682106,-0.03067941,3.53864,-11.95732,-1.046301,-6.395795,-2.576417,-6.281683,-0.06826179,5.04997,9.757528,4.075648
-12.71385,19.78436,-13.63746,-6.577862,-2.411515,4.790369,17.48942,18.44295,10.9172,0.251677,-9.562985,-11.30545,-0.7245784,-14.74225
-5.773485,23.23271,-15.28329,-8.736932,-2.91105,7.709501,22.24959,16.94885,-2.99685,-7.890275,-8.65773,-9.53206,1.166386,-9.525339
6.030974,8.429678,-4.662137,1.09868,2.101206,-10.57723,8.346496,-1.053633,-10.7871,-9.682274,-8.509167,3.447985,10.84185,4.974678
-1.761102,8.479828,-9.332596,-6.763934,-0.7565807,-1.906716,7.719666,7.236069,3.303304,-0.4447874,-5.462766,-0.5594189,0.3869271,-0.1378841
-4.683124,6.878648,-9.335947,-8.078479,1.826654,0.4138255,6.195064,13.40183,-1.808849,-6.825177,-0.0095763,-0.7653311,0.8224419,1.968029
-0.208151,8.05098,2.725751,0.8478843,3.211692,-5.125083,7.186216,8.117596,-10.30739,-7.685583,-6.81415,2.476746,-0.404192,-2.072313
1.891086,2.779469,-2.72969,-4.44455,5.832266,-5.712832,0.4581123,-1.106155,-9.388768,-3.802094,-3.590478,4.758202,6.31991,8.735525
-6.628981,9.353977,-9.609344,1.532343,3.352594,1.320066,9.567112,10.97135,-3.524809,-3.83096,-5.488062,-9.605439,1.235305,1.354851
-14.21675,12.60958,-15.96518,3.972905,3.789712,-2.034215,9.207378,11.21926,2.054762,4.478492,-5.678923,-6.584898,2.10993,-4.962037
-6.865344,12.37938,-16.80132,3.289463,1.288255,-5.426556,9.368791,0.7977284,0.9769897,0.587737,-0.3900966,2.165343,4.39151,-5.761865
-6.851221,-0.0757812,-6.783811,11.92983,5.269583,-0.4253743,3.913988,4.824311,5.546153,1.570553,-3.742461,-2.095606,-6.188795,-6.891369
-3.300732,0.9849591,-3.5641,10.63223,4.355458,-4.001714,0.8836465,-2.363378,1.820941,-3.59428,-5.096674,-0.6887781,-0.4354671,4.36789
-8.846941,5.668849,-6.819191,5.766848,5.713608,4.285235,8.569667,8.957613,3.662462,-5.138745,-0.6971751,-9.994748,-4.352336,-6.775143
-11.93541,4.001494,-6.373768,10.6554,5.163363,1.39296,5.214565,8.307586,8.973295,5.929877,-10.21686,-10.79193,-4.089624,-6.230943
-7.265455,-2.849191,-2.819889,17.25236,1.140163,0.5994529,-2.268291,0.7387336,-1.612846,-0.7378307,1.211936,-4.405566,2.011308,-0.9948814
-5.676134,-5.927967,4.56056,17.91372,-0.4752991,-1.385357,-4.160352,5.316718,-1.324484,-3.223018,0.4274958,-0.6344447,-1.649063,-3.762376
-8.253373,-6.367697,4.325014,21.31003,-0.384143,-0.3980108,-10.01965,-2.351677,3.486112,0.8315463,-9.628432,5.462467,-0.07718801,2.064994
-1.649844,-20.71845,5.900535,25.86259,0.2612558,-6.043805,-21.44805,-13.48735,-4.254931,1.543147,7.504577,6.361465,7.02708,13.14175
-2.273945,-22.32064,0.3134419,15.60866,-4.455337,-7.566116,-24.02271,-6.619916,2.155277,0.9352738,11.29675,8.965794,11.45864,16.52481
-6.893343,-22.04811,2.155969,11.48376,-4.765376,0.2888696,-26.975,-6.460983,4.955008,9.746266,7.43897,11.49311,10.8836,8.697246
1.445808,-30.37613,11.25704,14.09164,5.973025,-10.77246,-30.93175,-12.99861,-2.260176,0.5307455,6.509238,17.23705,15.13035,15.16421
3.50877,-30.94453,4.686217,9.063396,-0.3265002,-4.170201,-29.5014,-10.92526,0.2029244,6.03302,8.12989,14.05497,14.80743,15.38125
-1.510691,-34.30936,-0.5008739,7.239763,-3.135557,2.025457,-38.03122,-18.17996,1.611284,12.71513,19.96713,16.91791,17.45889,17.73207
0.6961229,-40.84673,11.77506,5.478128,-1.209262,-6.377703,-43.63844,-13.56795,4.994793,7.538197,20.94548,18.90912,12.46491,22.83824
5.720352,-45.87846,18.79475,4.483921,-7.292376,-5.899883,-48.38946,-15.04434,3.660731,17.7736,13.49205,22.21259,17.98556,18.38091
-0.8679751,-49.99044,15.37138,7.242366,-4.103854,0.2846349,-51.15602,-10.77807,3.674395,10.052,25.7149,24.69881,17.30351,12.55432
-0.2585297,-58.27055,12.94549,-1.387472,-4.709127,-3.193158,-59.16306,-13.0945,10.87372,24.15962,32.74125,22.11099,19.12743,18.11785
1.30672,-55.23582,16.18111,-0.1479898,-1.268434,3.044157,-56.74138,-16.57512,5.78373,21.83335,23.1359,22.53258,16.59698,19.55417
-5.005779,-55.70631,14.71374,-0.02397176,-1.520596,10.33067,-56.69171,-13.74225,11.506,24.39629,33.30762,20.53167,7.590364,10.31421
5.538335,-80.45716,17.5018,-2.049983,-5.764504,2.989352,-80.17296,-18.9661,10.96655,23.22576,34.51659,41.59351,19.77073,31.30802
11.92968,-93.50048,30.20846,-2.397423,-5.364061,5.52778,-93.94007,-28.80921,6.731088,24.95588,32.97548,47.68675,24.96168,39.03436
18.73902,-102.7372,32.2588,-5.654866,-12.31719,-0.9611059,-98.52028,-30.53078,10.71366,36.60806,43.48593,48.376,27.52574,33.01406
10.16453,-108.6018,28.11019,-8.159488,-7.126716,3.912138,-103.9234,-21.59001,15.89388,32.47356,46.77131,47.9803,30.89729,33.19806
6.26774,-116.6272,27.42562,-1.594305,-4.125552,9.113356,-114.3387,-30.93354,14.17645,34.14842,53.50504,49.72783,34.13633,39.11844
15.26387,-128.6962,26.73529,-3.330578,-5.875413,-2.920077,-124.4215,-37.46138,17.31838,37.30659,54.03114,61.6777,40.05613,50.31588
6.1705,-135.3837,34.81751,-10.43097,-8.864687,14.93132,-131.2608,-23.70111,26.22514,40.52993,51.68324,58.55442,41.05118,35.67789
11.99423,-149.7082,36.87772,2.139391,-7.595893,-0.7750261,-143.7617,-36.9359,17.17315,45.31971,70.19279,66.44905,43.35312,45.27738
11.39385,-159.9471,38.67464,-1.80313,-8.243878,4.331028,-153.9471,-37.33285,21.80541,54.47155,68.95274,72.28889,44.01102,45.34485
10.34963,-173.7451,42.14701,-2.128922,-9.047997,5.080179,-167.1678,-39.62824,21.69102,59.31764,80.76125,78.67613,53.18817,40.50682
24.42756,-202.3278,51.28409,-3.704453,-21.02941,-7.831179,-196.7345,-53.95974,23.23395,53.37886,100.9316,98.1834,70.65784,63.48958
58.20771,-223.2114,69.49696,-18.10524,-33.70033,-20.81206,-215.8323,-67.77378,16.81195,40.63967,95.53883,120.8638,69.06677,108.8092
107.1337,-270.6452,95.53294,-28.64265,-40.44383,-41.76926,-258.1065,-99.25226,0.3076047,22.29512,96.67278,162.8476,70.93694,183.1328
132.6259,-287.6894,111.8153,-50.71867,-53.53851,-28.16429,-271.5828,-110.4307,-4.141402,16.75323,100.0606,172.9045,69.35384,202.7521
146.2163,-318.4033,124.9208,-57.83286,-56.27587,-34.2548,-302.5577,-127.0868,-7.612277,16.26925,118.7782,202.7031,80.19787,214.9378
154.0209,-304.7128,135.4281,-57.37901,-55.0206,-47.22574,-292.0021,-125.8871,-30.43024,4.558131,116.8059,204.7647,77.61908,219.4606
158.8979,-281.5427,138.4375,-45.61197,-49.61232,-46.71589,-267.0097,-128.6446,-45.18493,-23.1941,105.5378,194.124,73.95415,216.5646
137.4309,-196.8099,137.5095,-48.5121,-46.19078,-31.27698,-187.9545,-95.606,-61.53876,-34.52069,79.44454,144.0762,53.37248,150.576
80.02043,-48.18008,97.25259,-45.86771,-18.67657,-22.61103,-44.34324,-47.48361,-56.78387,-9.8839,35.18626,28.92443,16.8404,35.60585
19.15543,68.36884,46.96933,-22.36036,7.336191,3.105382,71.88771,0.2996065,-4.37262,-109.1724,2.027896,-45.69098,4.193925,-41.74791
-31.76313,204.0967,14.56189,-9.005692,30.2837,16.13197,197.6232,41.0256,1.795662,-169.6742,-24.17982,-125.8169,-21.42443,-123.6543
-46.69031,303.4372,-15.90755,-2.673211,45.82507,13.74997,310.9644,67.42122,12.14507,-120.3462,-91.15505,-206.1107,-62.93242,-207.7271
-53.95814,369.6048,-42.02337,27.48217,43.73891,21.10379,392.0814,86.80804,14.55783,-118.2999,-123.2326,-265.0503,-101.4684,-251.3439
-64.60971,378.0107,-73.91895,36.24548,44.96762,1.525337,399.9748,93.85126,-0.263484,-25.60315,-136.9858,-281.2822,-119.4947,-252.4168
-68.92229,383.9494,-90.54974,36.73027,38.99699,9.21106,415.579,117.4365,6.831015,-10.08942,-144.9727,-286.4123,-137.2406,-270.5468
-83.85342,403.4968,-120.9034,40.98084,63.09173,38.01517,427.4925,103.9392,4.003855,-69.27432,-149.367,-279.3139,-128.9795,-249.328
-84.35099,401.8405,-124.0541,11.55024,54.12769,32.14201,413.0577,107.4517,-6.273617,24.48161,-170.9097,-281.7564,-142.1687,-235.1377
-73.05489,361.6655,-109.9016,25.27474,45.66009,23.97522,366.0905,71.51684,-3.737532,37.28521,-158.8483,-253.2236,-130.3262,-202.3758
-85.08475,316.9327,-111.7519,35.71043,40.46777,2.597852,323.6283,124.6314,-5.876002,-31.19564,-121.723,-199.9094,-121.505,-166.9224
-99.12243,297.365,-118.4364,12.09905,20.5615,5.296463,299.2812,201.2318,0.903115,-123.9505,-101.9979,-151.4405,-103.8807,-137.9095
-77.42361,262.4977,-115.1877,25.91317,11.92059,-1.596983,261.8267,152.746,-27.05981,-15.04786,-121.5303,-137.6354,-101.9917,-117.4306
-87.08387,220.7409,-112.0461,54.31357,0.3237931,-7.235778,218.6382,138.5861,-10.73795,4.758619,-88.82189,-122.9812,-96.5162,-111.938
-75.79137,204.1668,-114.3212,45.93249,9.234019,28.24842,203.2691,101.0465,14.17408,-47.89251,-94.27826,-114.1376,-78.7803,-80.86999
-46.64286,184.1794,-97.57982,47.98104,11.51917,23.00945,190.1518,67.02989,5.01213,-68.93221,-86.96714,-100.6177,-70.00887,-58.134
-48.2361,168.1532,-85.41702,41.44585,23.15897,35.15313,165.3723,53.3142,22.58821,-157.4168,-73.33942,-69.23344,-47.95372,-27.58931
-49.88884,145.6735,-98.11903,24.20038,27.26737,43.528,138.6328,36.91885,25.04773,-124.1409,-59.21168,-54.33709,-39.70986,-15.86111
-55.66925,129.5933,-98.13161,12.27982,19.25941,30.00063,121.1526,56.54662,5.011763,-12.83208,-66.30768,-57.99289,-51.91118,-30.99935
-58.9817,108.7176,-92.37367,10.04921,9.648839,17.24034,87.05595,58.38712,-11.34467,33.7446,-69.31233,-36.80951,-45.44209,-10.57962
-52.16666,104.6022,-85.85528,10.96475,6.60112,12.27858,80.40421,45.1256,-18.89195,15.53133,-50.1166,-33.71701,-32.94698,-1.813174
-49.12574,89.3949,-78.13352,8.019753,6.592156,11.42432,69.53103,49.36137,-19.24001,22.64045,-49.11255,-27.33457,-25.76331,-8.254186
-45.66195,78.76216,-70.32581,6.866394,7.131949,24.76343,61.05004,40.51112,-5.644866,-12.9709,-40.53194,-12.59722,-19.66797,-11.68436
-37.81518,69.53625,-67.54729,5.647723,15.97139,23.40525,50.52186,20.95887,-2.355718,-52.57872,-31.8201,-0.009639248,-5.017607,11.10299
-26.56653,38.6869,-54.28522,2.292437,16.87165,12.9161,26.09618,21.62812,6.696833,-66.75022,-31.02399,17.35545,8.797071,27.28526
-19.81453,37.20065,-45.51963,-7.529137,19.84171,8.3062,25.95203,11.39006,-0.9676371,-52.69873,-20.90092,7.378137,17.605,19.75682
-24.33065,53.66051,-49.52282,-9.712812,16.09896,23.76497,39.5395,0.9052843,2.806731,-27.58884,-27.81905,-8.737152,14.79282,-3.857396
-23.86321,52.53336,-39.8318,-10.74408,23.25917,30.58136,41.04932,6.952801,-2.016352,-31.56336,-35.28188,-13.29494,2.162635,0.05701565
-20.76539,31.18372,-30.25123,-13.36856,19.61644,12.76198,14.2131,-7.027148,-7.621534,23.77392,-27.39864,-2.481809,4.038013,3.327183
-4.66116,22.00583,-18.039,-17.32942,7.29023,7.226562,2.868569,-26.00553,-16.27618,55.46569,-30.27526,6.445483,7.664575,3.619622
-6.222093,6.43656,-18.81224,-33.93651,-5.837523,-10.84201,-14.4422,16.06375,-21.82498,34.65973,-14.12661,32.44637,15.27901,21.15876
-5.730754,-2.225126,-10.29397,-35.05936,-6.31314,-6.750651,-23.39302,12.34084,-13.68589,31.98873,-14.17923,34.35231,16.33615,22.61311
-10.84479,-10.87356,0.1309199,-29.16157,-1.902076,6.517447,-31.77923,13.13206,-18.469,23.19178,-4.360628,38.47153,7.367216,18.5799
-13.5125,-26.74888,4.183517,-21.73808,0.3880432,2.222268,-46.72307,11.91033,-14.94499,12.29844,7.91296,46.44219,15.41728,22.89247
-2.215905,-34.54665,6.948712,-26.70854,-8.525417,-11.63423,-53.00563,27.19987,-26.19589,-16.46297,8.371028,58.42875,32.99131,45.35553
-8.832307,-50.98149,-2.251197,-41.68011,-16.90139,-18.78815,-68.53301,55.41877,-15.08172,-18.42068,25.37502,77.61566,35.42025,47.64029
-0.9574512,-47.53105,12.08813,-39.70762,-4.105075,-5.371486,-65.39665,24.56178,-14.03852,-26.67246,18.00899,77.42319,27.91648,43.7817
-5.704055,-28.88014,4.156822,-42.56666,-25.36311,-11.43812,-48.84094,40.03863,0.283076,-23.81461,26.73847,66.5257,22.87724,25.98767
0.8121911,-29.52361,16.22501,-27.60475,-8.876095,-7.811882,-48.79371,8.167317,-8.940604,-42.19751,25.40207,57.34151,31.59346,34.20657
-2.473744,-48.5245,18.12614,-37.36558,-12.71529,-14.76523,-65.13216,29.78376,6.004725,-37.25572,28.8763,74.36037,24.36985,36.71104
7.371493,-35.5206,22.95163,-34.7445,0.2361531,-0.1485082,-52.50082,3.870543,20.10174,-139.8424,35.63197,80.25982,32.38989,59.94357
6.600933,-43.17835,40.29253,-33.68209,-3.312338,3.893715,-53.96425,31.23902,48.70958,-241.2382,52.30973,98.86063,26.85346,66.61558
14.16986,-55.14882,30.598,-17.62823,-4.389943,5.347464,-62.26178,-23.06063,24.8768,-88.38689,44.5155,59.37612,30.10509,41.88741
30.43534,-62.59566,47.44056,9.411588,7.234252,-8.455753,-73.33683,-97.51413,-0.8279248,-3.096091,33.87047,38.0961,42.38295,36.95507
20.54691,-123.7563,51.76282,-2.027929,-18.75072,-30.91567,-121.0514,-32.44575,51.41096,14.42074,56.24895,74.40934,23.67565,36.47232
