62.77466,38.18591,68.25235,28.18866,-128.3683,107.8937,51.36263,123.0188,39.05399,-712.355,103.7464,113.4863,28.51012,76.24979
79.65774,41.83047,96.72844,55.32416,-135.2865,105.365,54.99685,103.1194,13.34726,-730.1129,89.33464,108.9779,40.20534,76.51213
95.68568,46.27912,107.1309,61.56964,-127.6427,101.4963,55.9496,102.0709,14.47396,-769.288,88.27274,106.0176,51.86658,66.11765
80.03816,52.8896,87.33464,44.75872,-106.2813,90.30671,60.95708,114.2732,28.87116,-763.1331,86.84203,96.95504,62.23743,63.95059
74.43912,73.73604,78.04913,42.04657,-110.6925,104.2974,84.28252,123.6833,36.08336,-753.0173,70.55118,69.14518,51.18388,56.21223
73.13954,84.63448,74.03915,49.10546,-101.1592,98.28556,96.37339,127.1351,36.16454,-733.4342,63.00696,50.91223,44.5242,37.27288
74.63268,87.70743,73.65102,65.00683,-44.0512,61.62571,94.60133,94.56381,16.80284,-767.4131,67.63485,52.6436,71.76785,50.82647
78.80775,73.29561,67.06738,53.37779,69.91479,31.92888,87.9789,73.76054,-2.549309,-766.3209,56.82105,47.97355,72.74696,55.19709
68.78778,47.97179,67.88242,40.58127,186.0298,3.84039,65.36816,77.91944,-15.04313,-771.5573,53.41188,53.20492,72.72818,48.87442
60.35429,57.71182,53.40607,35.75927,307.2223,3.22175,65.17467,55.80457,-20.53403,-792.7354,33.51318,29.4603,62.82049,48.82084
65.12963,49.41639,66.97736,41.3514,332.9791,-6.346143,52.74349,54.74807,-31.07765,-808.0924,31.43021,34.79567,63.89008,52.05492
82.24895,17.94804,79.60477,46.97156,296.1046,-21.38075,48.22586,61.06628,-44.1624,-835.4607,49.16889,65.7211,88.83153,65.11221
98.53633,9.032558,78.71716,43.2053,311.6212,-36.00148,38.52994,2.714375,-54.21025,-780.4728,49.13859,52.93085,107.5593,78.69897
84.21981,14.26564,73.187,36.61909,381.4062,-25.14859,36.9005,43.75708,-49.89179,-865.7308,33.81274,60.69831,92.37688,83.52785
66.80746,18.38918,48.4561,25.71283,408.5474,-16.31701,36.51299,1.565611,-44.92307,-757.6349,14.45183,36.361,98.67206,63.39859
81.44644,51.32899,69.08921,80.43503,408.3661,26.85756,78.05595,-23.03096,-39.71192,-1022.615,50.11167,27.73438,156.4903,55.44278
-99.78089,-89.97478,-112.1855,-55.01352,321.1505,-149.3103,-52.60232,-226.15,-79.88821,1115.08,-166.5466,-208.0617,-33.37293,-163.3439
-201.1986,-179.4772,-217.8839,-160.2275,214.5946,-267.4704,-156.1286,-364.8001,-98.53579,2495.428,-297.0378,-344.1315,-153.702,-269.4291
-148.19,-149.6627,-170.5917,-133.6368,214.4476,-218.0451,-123.8724,-279.9545,-86.7217,1889.097,-249.0644,-263.6013,-100.9887,-179.216
-141.6798,-160.3162,-159.8484,-142.1057,171.9496,-219.0084,-141.8,-272.9995,-86.28836,1923.741,-242.9055,-248.4332,-115.9237,-164.3819
-106.7804,-142.1344,-140.24,-130.6922,102.2568,-189.2116,-122.4968,-226.132,-60.77804,1677.88,-202.5294,-221.4694,-103.7631,-133.9096
-98.21254,-158.1279,-138.8196,-120.754,97.06291,-201.2022,-146.8386,-246.3948,-63.02706,1625.873,-191.3686,-201.2433,-66.52087,-90.42702
-89.29964,-141.6244,-127.8505,-115.0185,105.8821,-187.7004,-154.4566,-211.4082,-38.05427,1414.222,-162.9346,-172.0659,-47.63944,-72.05145
-96.70204,-113.1252,-132.185,-118.2303,108.5989,-162.7323,-123.3033,-167.969,-23.26627,1337.736,-171.4659,-183.0994,-63.87978,-90.37643
-79.26917,-103.0123,-109.0219,-109.1325,103.2008,-158.4852,-115.027,-159.5066,-30.4269,1198.146,-158.614,-167.1735,-50.87991,-60.79777
-69.29442,-105.4154,-96.28198,-110.1189,84.63579,-153.282,-115.7948,-121.1745,-26.08505,1078.875,-142.1508,-134.4043,-49.02422,-40.48388
-73.63865,-104.5717,-95.79005,-96.54681,99.12938,-148.1053,-131.6427,-118.9575,-22.1543,969.0567,-130.1563,-111.1571,-29.58616,-5.879609
-77.78664,-84.17308,-103.6897,-93.123,113.8671,-138.5156,-121.0836,-120.4589,-16.51755,881.0962,-129.9647,-103.2448,-14.2774,7.871643
-80.60777,-75.79538,-101.8227,-81.10065,116.471,-121.1744,-111.9878,-82.79742,-10.97359,789.3287,-127.7883,-86.1986,-23.99296,-1.560213
-68.88711,-76.82382,-89.92187,-60.80738,122.966,-109.1392,-124.0489,-69.27744,-3.628219,709.5394,-117.2996,-79.23499,-28.81036,-4.626651
-66.30695,-66.1507,-85.36707,-41.99052,136.3994,-100.0185,-117.8676,-58.95938,-1.338071,623.3424,-110.7616,-74.24325,-26.62809,-10.11026
-78.35101,-47.97793,-101.9935,-37.42919,168.6276,-81.01756,-107.1931,-71.94405,10.64744,549.3352,-102.715,-74.49375,-14.15382,-11.34141
-27.15204,-27.64365,-70.9892,-17.65868,118.7907,-60.33474,-81.52425,-37.5107,12.02156,477.2707,-125.1432,-88.42337,-30.47208,-41.23107
17.05595,-1.130625,-29.32339,13.79073,23.96652,-40.12905,-50.23446,-9.808144,-0.6179671,425.3289,-139.6169,-88.90908,-54.00991,-66.36263
-7.356758,5.935515,-43.39296,23.55576,47.20932,-15.3175,-37.53173,-3.604323,16.53489,371.2366,-114.7198,-94.75109,-54.9557,-92.8422
-19.68843,4.053565,-50.10438,29.53243,50.80817,-7.69066,-27.48236,13.78589,20.99511,300.392,-97.78121,-80.60573,-44.5045,-91.70987
-21.24342,26.89483,-58.00319,46.39258,-61.62759,4.108275,-2.532316,26.70287,32.13974,248.838,-86.85495,-60.54323,-16.28333,-77.98825
-29.0154,58.19706,-41.77319,57.65455,-99.28339,30.21527,28.24471,28.82965,28.91594,180.7251,-85.28234,-64.49585,-8.623898,-84.30812
-49.54619,63.0103,-5.700371,56.88868,-91.26614,34.80771,32.13197,24.60965,4.69414,124.0365,-62.50105,-39.36592,-9.871572,-81.92766
-68.71156,61.30877,-13.25014,64.77364,-102.1175,35.39178,35.86024,48.87897,13.77126,85.18227,-31.30432,-28.56715,-19.77079,-81.44543
-79.19601,76.09682,-18.80913,65.5052,-71.17932,41.2546,52.47459,59.42787,18.81752,54.26037,-26.63847,-43.40123,-33.17715,-95.43559
-80.53729,77.90474,-15.45903,56.18035,-47.82977,45.31714,52.79253,55.63639,24.00821,25.31168,-11.57832,-40.65564,-35.21422,-105.8767
-72.87746,82.48885,-15.04435,47.32287,-20.29159,37.63484,59.69489,66.3511,26.09977,-8.021708,-7.498096,-41.16708,-42.84994,-111.842
-85.33616,83.28404,-22.68429,18.53776,56.79438,22.51377,64.33187,58.05006,24.48927,-44.09643,4.271417,-42.29048,-37.49588,-100.3693
-92.66152,85.91991,-26.33036,30.46013,124.7379,21.92412,60.50064,42.69398,18.58352,-88.37672,11.74687,-41.4542,-42.5895,-105.1547
-73.36829,84.38878,-13.71538,33.05294,159.5027,14.90024,66.99861,31.43875,10.45488,-125.2667,13.77193,-52.61228,-37.74142,-111.8047
-82.39054,112.8993,-23.53181,12.22852,219.2602,10.13522,92.46806,45.98251,14.08504,-157.7602,0.4787151,-66.30059,-48.73878,-128.8155
-99.79897,120.9678,-31.88231,5.395921,254.6946,22.34605,100.7787,52.39353,22.03934,-177.0603,2.171639,-74.11863,-53.26867,-144.6585
-104.6384,108.6085,-26.05184,1.451747,275.5749,22.31956,96.23008,14.84889,6.193842,-190.3752,18.72527,-59.31638,-37.19687,-126.374
-100.3988,97.23482,-27.39273,9.268925,287.9456,16.47526,89.22804,19.98236,4.487187,-212.9663,27.59777,-52.82861,-40.05886,-118.5746
-95.88686,85.61388,-32.76403,11.71246,334.0278,14.65455,81.99821,7.423176,-1.595622,-202.1604,19.11425,-60.6305,-44.0809,-117.426
-112.4944,93.66286,-45.64529,3.273327,275.015,22.40785,86.24769,-15.4998,1.249977,-184.3781,31.57338,-44.67059,-26.83266,-83.90915
-122.617,63.45207,-52.57263,-6.844194,159.6469,52.44505,71.00501,-5.688796,12.09672,-213.5014,57.18727,9.957998,4.083238,-28.6502
-93.34991,42.04478,-29.74808,-6.272244,119.4626,70.35811,44.8533,-58.351,8.340288,-150.992,66.55874,9.424332,5.669097,-27.99803
-71.4043,21.08562,-13.50839,-8.433426,22.18524,80.91717,23.73003,-64.65539,18.30632,-88.91778,80.05334,17.84507,7.831661,-25.03513
-69.41396,-34.20686,-4.278777,-17.18734,-63.20064,125.8543,-16.64689,-16.53709,42.51822,-88.99734,101.2291,59.55004,-0.02844409,-18.65434
-41.71972,-40.48687,20.41215,-27.14789,-123.0335,126.8411,-32.81316,-56.05388,35.98589,-43.07822,114.7564,74.31468,0.6746276,-8.651578
-22.19747,-60.43433,28.74743,0.003947314,-276.5998,85.84447,-29.92484,-51.38249,21.14703,-29.30722,149.9318,115.1712,35.71428,33.28587
0.6650723,-84.72518,40.3078,39.53813,-456.7837,99.80166,-29.03328,-48.85968,14.93777,-3.967693,159.6707,140.0024,66.20812,62.23777
15.04905,-78.09427,55.53197,40.92399,-650.5897,112.5032,-26.55756,-6.388654,30.25095,28.83731,157.6318,163.647,74.48482,82.76998
47.28469,-52.94654,72.23212,40.39961,-768.7765,127.4732,-19.96716,-16.25167,44.46724,49.67839,158.9549,153.0063,68.8833,95.56208
100.3167,-46.45469,78.40203,33.11084,-764.5742,108.927,-22.31726,-38.54677,33.04489,38.97895,136.6416,149.7515,59.79508,132.9242
125.0462,-67.13824,84.40597,37.918,-795.9183,91.69159,-40.96032,13.49881,28.26718,9.249452,128.8149,173.671,33.76236,177.6913
153.8469,-74.14226,90.69279,56.06448,-781.1891,88.60527,-43.74103,-24.09526,2.7031,41.65554,110.2423,167.313,19.15449,192.8898
164.8897,-72.51461,87.28965,53.3924,-813.4958,78.20023,-42.45042,-56.80684,-4.447223,60.2722,110.4685,174.6572,41.54623,218.9989
183.3172,-84.87396,100.539,48.01469,-851.2933,64.18131,-53.62683,-34.25547,-14.4269,65.39646,108.5633,197.9207,24.37058,246.1732
189.7571,-85.76383,109.9297,43.61414,-821.4261,44.00935,-59.16066,-41.83051,-24.77754,103.2495,96.7617,186.9212,20.71033,238.0055
184.2364,-76.77972,113.0235,34.21753,-783.4373,38.87262,-58.14655,-50.53477,-24.91263,124.404,82.79742,164.1981,24.85992,227.2014
162.4212,-78.01061,93.01353,18.7152,-724.1418,37.8838,-63.65357,-60.28968,-12.75334,141.0277,81.955,145.8491,33.31289,224.6705
169.8765,-79.37076,104.508,-12.00152,-690.3083,14.8329,-81.40889,-78.25951,-0.2580311,147.0943,101.3424,136.9918,48.44234,218.5186
201.1609,-73.73048,112.1245,-19.17035,-646.6974,17.7082,-81.28698,-72.20696,1.140337,168.8828,82.96561,119.501,5.326258,184.2825
209.5289,-83.56556,118.6082,31.74818,-606.0637,-24.37653,-88.34235,-67.46108,-28.1919,193.858,63.78119,106.1458,-0.2536307,174.5845
202.7099,-84.7922,137.5556,72.80925,-470.9937,-62.1557,-90.67664,-97.90976,-68.48766,226.3029,46.23275,66.05339,-11.79659,135.1483
131.8178,-50.43299,89.11295,60.07417,-327.4293,-53.95156,-57.58931,-102.8228,-54.79047,237.2872,37.15803,27.109,-15.34546,79.80267
122.1365,-40.46478,80.62998,59.55682,-247.2202,-70.35547,-51.26871,-111.0982,-68.72941,278.754,8.010915,8.712374,-25.80436,57.14052
121.8308,-40.5545,75.18423,61.84357,-180.5099,-77.60898,-46.97028,-119.2155,-79.14781,258.3517,-1.55118,-2.991876,-30.7951,62.1349
58.71497,-26.71449,12.57335,15.40649,-80.54343,-107.7134,-34.65229,-144.0413,-76.9668,628.473,-58.79754,-84.37485,-92.55531,-8.808471
77.31288,17.90433,21.46865,24.62317,-51.86884,-78.14211,23.04462,-73.59193,-67.88168,374.7677,-64.18256,-77.07024,-100.1441,-26.23988
160.7737,101.523,93.64904,73.50357,110.4678,-53.34186,105.0172,-15.87292,-68.51803,-647.3313,24.87761,20.80239,32.6456,61.80434
120.0632,107.4175,62.69204,43.81631,392.0294,-71.31797,105.7976,-1.5079,-64.32709,-738.4637,7.354724,-7.869838,22.16254,22.15336
55.43527,101.9738,22.0957,46.35451,687.4593,-40.52198,107.788,12.77052,-68.66483,-720.3889,-42.69615,-65.32947,-35.08769,-61.18798
6.844741,91.50944,-10.18219,32.76068,961.0507,-58.92567,98.14432,-13.79865,-82.96383,-695.4504,-71.74298,-101.9328,-43.56348,-111.7497
-33.41506,71.25642,-39.92104,-11.05621,981.4655,-69.42996,76.18618,22.27846,-56.21706,-672.1083,-64.97414,-80.9386,-22.48598,-100.64
-69.43993,55.55715,-65.30812,-18.11254,907.4982,-62.46803,59.41385,36.54935,-37.47654,-601.2208,-57.05557,-64.94725,-4.856561,-78.13322
-102.9856,27.77157,-82.21664,-21.78731,835.1181,-48.90604,37.6695,89.4117,-18.58368,-551.1818,-47.69162,-40.43438,-14.04104,-62.14269
-77.19046,41.76794,-63.27181,-7.792407,807.5091,-25.09041,37.73794,32.62064,-35.40565,-529.2231,-59.39758,-45.9615,-24.15359,-52.14899
-72.38063,24.57306,-62.07584,-28.59601,684.701,-48.97247,6.47638,90.35201,-9.034213,-465.021,-37.17426,-12.71407,-38.61491,-31.51904
-106.5858,33.63088,-78.38398,-36.72589,468.6656,-30.60015,16.69819,205.4505,39.2412,-446.6387,-16.77994,17.63922,-45.81295,-19.79825
-126.1987,70.57433,-85.80573,-10.77344,261.5291,18.53745,54.81873,221.0785,64.80329,-378.5825,-27.57741,-3.132446,-24.43796,-34.83308
-145.8661,55.90087,-68.8846,-2.785573,204.0749,9.568664,49.45486,218.1828,52.81227,-345.8538,-10.6168,15.99238,3.889868,-35.86965
-176.1455,74.08844,-88.95305,-17.90107,142.5853,33.11884,69.45574,204.0698,74.78056,-302.8652,5.766809,10.23092,21.94554,-50.17694
-191.1516,102.7182,-113.2937,-48.43999,62.17692,63.19645,97.17175,203.4271,113.0093,-197.3363,-2.947551,-30.00656,23.93346,-82.45736
-168.8825,71.62928,-96.60658,-52.2202,-39.39746,51.75957,83.15734,189.015,102.8217,-74.65516,-0.5749248,-20.32422,32.78447,-78.50628
-130.85,63.6302,-78.72937,-48.85991,-71.33354,61.05474,65.22794,160.699,91.7392,-66.00377,-15.83079,-4.587008,32.68843,-58.84509
-115.3346,43.16305,-71.07182,-51.90515,-111.1552,67.5895,27.00481,167.6707,108.5927,-23.64895,-22.58787,-0.4170413,36.0746,-53.97476
-105.4488,29.19709,-76.57051,-41.93415,-119.2931,44.7743,27.4973,156.8752,99.59316,-8.118764,-21.36358,5.466012,59.93291,-50.607
-98.60393,13.44873,-85.25736,-65.98551,-181.0091,32.58784,11.6586,148.411,112.8979,-8.220491,4.747797,37.54864,89.69524,-11.91933
-83.93476,-12.92977,-78.44707,-91.62991,-252.6882,29.10821,-25.61056,187.5504,143.6992,2.712622,22.45858,58.30426,94.2636,7.14335
-61.59105,-17.76334,-67.33771,-103.1375,-355.8943,75.48052,-40.67329,182.3523,168.1898,53.52521,10.68388,56.26472,98.0536,1.847039
-12.6916,-27.6974,-22.79349,-59.33461,-134.7083,23.37879,-33.31837,121.4706,74.30364,-63.92778,1.874229,59.63125,50.66038,23.15267
22.4324,18.16424,-1.555511,30.53656,285.3063,-38.94118,26.78132,20.36,-43.34931,-266.5262,-31.40101,-6.651852,-19.48896,4.333277
0.9331947,21.03214,-33.93027,3.351795,218.057,-8.206793,25.83063,25.37638,4.714508,-212.0451,-16.28733,-16.10855,-2.834257,-9.88324
0.3793924,15.45438,-22.07319,-10.50932,182.2662,-21.03784,13.41073,20.32409,6.104887,-191.2737,-0.2376004,-4.478225,8.122746,3.547541
30.08621,-8.494861,15.66119,-1.086078,94.72694,-29.20876,-11.40448,6.857418,-15.01678,-155.4187,3.736853,24.40173,15.4475,29.71184
46.87931,-13.20097,38.61135,0.000238319,56.27559,-13.80401,-10.95587,-1.313099,-25.32924,-130.7545,1.522396,26.13178,0.9731691,24.96383
24.69356,-7.775585,19.90463,-9.401471,44.21641,-7.839572,-2.498887,-8.841214,-13.4957,-88.26622,12.38836,18.62817,3.023074,15.26444
21.22447,-20.48146,17.52368,3.049648,19.31586,-22.80605,-12.8667,-7.651588,-10.45039,-55.92215,30.20798,18.4394,6.023979,14.39331
33.02558,-5.146658,32.42781,15.68137,15.5773,-17.59568,-3.665623,-16.48425,-18.94852,-34.07747,13.10901,-5.037889,-8.189955,-0.675034
23.25164,7.044295,28.33114,6.881667,-13.79218,0.5462041,12.72626,-3.415287,-22.40514,-5.319526,-2.97798,-2.752753,-29.18088,1.062557
31.93175,9.840846,40.42813,30.83709,-34.36209,-1.817243,18.94323,-14.10497,-40.36595,7.540367,-3.879344,-0.1032018,-40.06455,-4.824056
21.12343,-5.340588,28.63422,30.26014,-37.03909,-35.72995,-2.018051,-32.0462,-32.36504,30.76097,27.22897,8.841976,-10.15394,7.843153
6.428581,-2.504203,11.46172,17.15298,-31.29095,-29.35645,2.766977,-38.8508,-21.49908,53.04665,28.70664,3.336824,-2.186656,2.787767
20.76978,7.615105,13.89151,20.22828,-38.16847,-24.09354,13.46659,-50.02072,-25.91734,64.86504,10.88235,-5.711542,-0.998935,-6.808086
5.334348,15.88972,5.016103,3.138511,-50.27993,-17.55018,23.71592,-35.68887,-13.58542,82.65783,13.06629,-12.84944,-4.810423,-14.05443
15.86812,12.4425,22.80215,21.70687,-75.12157,-3.006436,25.86885,-28.97949,-24.55793,89.18096,-2.784009,-16.65197,-12.14944,-24.61861
23.43038,7.056993,28.98793,35.05164,-76.79572,-18.02937,20.74997,-33.27657,-33.77935,93.9748,-4.391279,-18.31014,-6.805568,-17.86372
22.84495,-1.764879,28.54302,22.67122,-65.2087,-10.84165,18.37621,-70.03328,-33.70625,97.98354,1.405258,-20.04668,24.79062,-15.01337
50.85402,-0.3390601,47.60011,13.75754,-55.4958,-13.43858,18.22321,-119.861,-52.34005,91.09732,-3.226757,-18.29755,39.08521,2.381409
52.27453,-11.50773,48.57656,-3.444876,-112.1356,0.4500112,11.9554,-76.92057,-39.1491,106.3586,-6.857712,-1.419654,24.63309,7.187036
58.50375,-6.816539,51.14985,4.372104,-105.5037,-2.261284,13.80207,-86.2852,-47.64472,133.5256,-20.27142,-13.62367,14.48405,6.569151
54.6991,2.420703,46.02453,17.63245,-73.8848,3.688492,12.80585,-84.13454,-40.21404,107.576,-23.54434,-31.19916,8.469163,-0.339365
58.95779,-16.62504,57.19346,34.08336,-1.174367,-9.557339,-16.49169,-91.70778,-47.07706,78.26647,-13.25289,-29.37882,2.68143,-5.91755
56.08323,-31.5838,48.78642,22.89472,68.7097,-38.88732,-31.60942,-81.8405,-53.96433,89.18992,-17.11123,-23.69179,-7.89668,0.9210639
18.32599,-28.5234,11.09042,-8.9335,73.73252,-10.04255,-24.61839,-50.10526,-15.89363,101.1782,-6.539159,-25.11796,-16.86019,-17.69315
15.7078,-13.01376,15.0404,-14.52959,108.1768,-16.67352,-16.2746,-68.36564,-31.01431,102.629,-19.99275,-27.02082,-20.12303,-14.54605
28.1976,-36.11059,33.07578,-9.179622,98.76095,-36.47479,-35.96118,-51.58972,-45.72602,35.32143,-3.623739,16.43156,-10.72588,17.60419
24.46618,-36.40783,30.86337,-7.036917,94.59132,-42.39952,-41.01832,-40.99924,-36.09095,10.92036,10.7133,20.35935,-5.908027,17.94689
-9.058257,-19.48958,-4.424731,-18.00811,71.9954,-14.13534,-21.88316,1.704173,5.271348,49.82288,1.380865,-16.68421,-14.08088,-12.41043
-1.548533,-4.217335,1.063922,-17.48154,65.60254,10.84287,-10.89516,-13.61812,2.323618,40.0913,-9.561338,-21.1334,-24.87906,-16.58977
14.005,-11.47465,14.02824,-22.26574,43.75634,-4.502139,-22.14023,-34.07254,-10.21341,37.91927,1.662445,3.38982,-16.79131,6.698894
-4.791635,-23.01587,1.711817,-27.19324,6.534839,-9.455026,-30.18752,-5.833621,3.571533,47.58895,22.01458,20.71135,-16.1138,14.45763
-8.217308,-4.844694,2.267987,-8.928628,-2.029979,9.340725,-14.88277,-12.16517,0.3195083,62.0985,5.757038,2.720526,-26.60814,-4.827595
-8.876636,2.52373,3.170011,-7.179636,-5.578916,17.27115,-4.938823,-4.684272,5.668819,49.67992,6.645261,-6.511867,-29.40227,-17.78648
6.307509,-0.1222319,20.57785,-5.112729,-19.7293,17.28742,-7.851063,-14.21489,-8.81033,37.12508,3.777327,8.741299,-29.81547,-8.160462
-8.21776,-5.939736,10.81303,-12.25844,-62.85536,8.667832,-17.21475,-9.733793,4.242507,58.60432,19.68794,20.8033,-8.749462,2.150382
-23.0409,2.11262,-8.322235,-12.63608,-82.99886,24.00233,-14.55352,-0.3716584,28.41346,77.99255,18.70625,2.78654,-4.154867,-7.935617
-12.05008,2.114398,0.8655952,3.166512,-84.0215,33.15554,-11.23576,0.08092012,20.59262,68.40965,7.388816,-3.756569,-11.11049,-13.59966
-0.3832207,1.74874,10.75582,4.936722,-109.3112,39.84589,-13.63717,-2.08612,16.39265,48.9558,5.201253,8.42461,-8.636864,-2.206949
10.31615,-5.228148,16.4621,-2.905772,-130.9604,35.40568,-23.73477,7.927907,25.50423,59.73972,13.62959,10.94112,-13.08699,-4.01047
20.04265,-8.212127,12.60746,-6.412307,-143.1548,39.52668,-23.09421,-9.050269,28.20856,73.45551,12.85277,8.142514,-3.123379,-1.789119
15.65215,5.74029,3.532798,-3.706144,-131.2922,46.67615,-7.010603,-10.76263,31.23256,66.02544,3.486375,-7.569184,-1.861027,-10.14393
20.12766,1.158423,3.934675,-10.05117,-134.7269,42.07573,-5.387053,23.76516,39.26908,52.46355,4.477686,-8.056367,-13.12431,-15.92615
26.09875,0.3489313,6.763402,-3.494018,-123.2835,23.78907,-11.52619,12.46828,33.94722,41.23019,19.1281,-1.586954,-14.04644,-9.836861
12.79388,-2.970833,-1.33785,-15.47929,-123.9445,-4.112412,-10.43853,14.66137,33.08895,40.19376,38.90485,10.42534,1.189754,7.025455
11.83899,-8.74261,-17.04828,-32.64343,-64.2354,20.97472,-4.901427,20.61036,39.50657,18.57347,20.07709,-2.416248,-10.53236,8.938561
34.95144,-8.341215,4.32614,-13.89814,36.32788,-10.8166,-2.914702,-13.82564,-3.054376,-17.5736,2.351627,-3.667075,-11.244,7.378257
23.28306,-14.93567,8.039212,-25.53954,184.055,-41.81607,-3.661757,-18.55059,-33.03845,-23.24014,-11.61164,-9.6905,-31.87637,-1.416593
-15.42395,-27.6356,-30.28254,-50.13023,453.9717,-51.47683,-12.34265,-40.85615,-40.32379,-16.46473,-32.61202,-46.04426,-58.37469,-32.00427
-35.57687,-33.48053,-52.38035,-58.0708,546.1669,-62.94991,-11.79529,-36.24601,-41.07883,-10.54208,-43.72622,-58.81724,-60.36404,-41.13877
-31.67982,-38.92244,-39.58797,-53.21855,587.6747,-93.81528,-19.01602,-36.13319,-57.37741,-21.59314,-45.89,-55.55423,-53.13176,-41.755
-28.88673,-41.66383,-36.57704,-46.94478,587.7543,-92.0405,-16.57087,-15.98862,-60.78677,-52.00666,-47.73557,-47.18617,-61.81298,-39.55376
-24.42016,-34.34135,-34.37244,-48.17133,525.0092,-79.89191,-23.98539,-56.30877,-56.41151,5.924037,-47.89629,-48.76443,-46.20902,-30.16069
-21.15375,-42.72511,-25.6974,-53.64112,483.4843,-84.7535,-31.48653,-47.54452,-50.13485,8.588307,-38.71213,-39.32911,-28.73098,-28.16368
-15.77138,-50.79445,-15.95772,-41.98353,381.5571,-70.49621,-35.33103,-17.45247,-35.82512,-15.5929,-17.87593,-22.6126,-23.4894,-18.37438
-7.780768,-34.90368,-7.090966,-16.00227,232.3487,-48.48239,-30.49057,-20.06157,-14.70983,-29.73702,5.322631,-19.57615,1.476857,-10.313
-18.45592,-26.16301,-15.59401,-10.67934,165.621,-33.10921,-24.29704,10.96999,3.913464,-30.33694,7.009524,-17.37548,0.938841,-12.44183
-11.43841,-32.12029,-11.26069,-2.790406,164.1862,-35.56387,-33.15823,-9.08407,-4.040346,-28.97901,8.79196,-9.106793,8.245045,-3.681088
-15.96714,-26.77434,-12.51908,0.590561,156.3703,-27.84721,-25.44233,-4.677864,-8.784755,-60.1497,6.42836,4.108997,10.56719,4.096948
-21.13609,-31.33423,-17.83397,-5.019023,147.6799,-29.50536,-38.25711,-5.255046,-4.583215,-41.70348,4.235795,14.65236,15.71473,12.34473
-17.45516,-22.29433,-8.552266,-0.2127976,87.38317,-7.461973,-24.93763,1.420443,-0.5831212,-23.77456,-1.996031,2.294034,11.03236,5.137826
-9.069392,7.968407,5.520182,18.71774,-81.32875,19.86126,-0.9400724,45.47034,21.5988,-32.96435,1.378638,2.12003,8.31828,-6.651107
-9.771874,5.926239,-2.185735,22.28487,-166.4753,33.81548,-4.267461,44.4025,39.63605,-11.21049,21.83789,13.49426,15.92883,-3.415274
-11.50084,0.8183638,-2.845823,16.88677,-176.2908,25.62481,-8.089457,24.57946,34.17971,12.4588,28.43088,19.62402,27.04096,9.083118
-4.377815,8.092838,3.031324,22.13458,-203.6642,21.96546,-7.43633,19.74194,29.59263,38.07216,19.09777,21.40978,27.04303,5.296823
-9.507111,31.59591,2.730469,19.30109,-223.6444,48.48478,19.60711,54.02059,30.95778,33.7162,-7.76435,11.96239,-2.134984,-9.325451
-7.256603,29.61737,6.694221,20.51558,-218.2977,47.42447,23.50999,58.54694,26.54736,14.02003,-4.360435,14.18747,-4.755804,-6.392918
2.964961,13.98779,8.544147,18.34131,-194.9034,19.18591,4.236258,13.79304,18.6445,1.203082,24.71874,29.36101,21.50805,18.41466
-12.99667,28.0906,-7.063738,15.63331,-173.9749,50.78298,27.21652,72.23007,41.22876,-93.26048,14.57142,18.85262,11.16375,7.52582
-5.193004,51.68322,-0.3260833,33.24818,-136.3978,80.36534,37.26156,28.39942,32.03137,-65.43916,-19.15934,-21.8697,-0.7679056,-13.83603
7.677155,34.58455,14.86837,37.87415,-131.2304,54.85089,16.94932,29.37622,20.31238,-54.45282,-11.73758,-7.150332,-3.843137,-8.078732
12.74021,15.88413,16.47717,31.34589,-138.0826,43.60228,2.69834,43.21889,26.88703,-59.77853,7.490218,3.925895,-5.188973,-1.219924
1.998338,11.78267,2.329912,13.66207,-169.3631,61.89192,4.727566,60.27089,41.27164,-59.78701,2.581375,16.49585,5.954813,6.183094
8.587917,25.89237,11.99407,27.3556,-143.4878,75.01771,12.68963,22.24405,24.88657,-66.02862,-9.53403,5.403364,2.565899,2.41334
17.18235,19.89107,25.82416,25.57935,-127.9832,42.9809,-6.222733,-15.28713,16.18551,-43.10986,9.808568,4.51147,18.26785,12.37168
6.570898,1.229028,16.38336,13.40147,-140.3845,34.12198,-14.38789,33.99315,30.05938,-49.15681,16.09582,21.7296,20.55816,9.786344
0.5037009,16.42531,9.752422,17.63088,-112.8307,53.21714,-0.9284455,31.97528,33.07674,-45.94675,-0.7089857,-3.527529,6.428262,-5.067327
-2.184966,24.53481,7.431343,13.21766,-106.1312,54.83521,3.235314,34.26435,31.48717,-45.02152,-13.04821,-3.41377,5.480456,-4.686601
4.749971,20.77516,11.71871,23.53318,-77.34151,41.30545,-16.77463,15.98746,25.5887,-59.42134,-11.59799,4.661418,11.71896,5.096479
13.43235,5.18778,19.60917,15.15241,-86.69326,32.11476,-12.82317,9.472051,11.40708,-55.61016,-3.766004,17.99449,18.03995,16.48257
0.8627329,-2.2918,15.48786,-14.4282,-147.4809,36.48032,26.66623,30.5238,0.3695152,-5.159151,4.133466,31.38925,11.23294,12.21396
1.419379,10.80139,14.33562,-2.828727,-113.3871,34.59986,32.72936,3.593936,0.5959347,7.817697,8.975757,2.111048,3.944574,-4.708677
2.356787,13.47579,8.795535,5.674932,-70.42509,40.70852,35.34467,-5.667649,4.136067,-15.88247,4.650287,-15.25698,8.355702,-16.26608
-0.6986238,6.999435,-0.3573734,-7.09742,-63.38722,34.45126,33.85074,12.98504,11.01231,-40.56171,11.7966,-2.153337,10.29541,-7.135103
13.86518,-0.2621211,8.869581,-8.200032,-78.12962,6.890477,14.10437,-14.25122,1.851552,-15.71672,17.03026,10.08023,28.30947,15.55858
11.38412,0.7304279,11.78548,-7.844422,-73.40587,6.039081,17.1663,-36.04663,-10.51578,2.434207,18.06566,10.46341,26.08117,23.66285
2.602279,0.7785319,8.126841,-6.4555,-63.01094,31.51122,28.74091,-12.28016,-5.921901,10.49723,11.31179,-3.040421,-4.829672,1.969791
5.401472,-8.502886,10.26111,-9.29425,-62.86437,21.00483,17.16466,-11.55564,-0.2573986,14.84159,21.97651,-0.4850601,3.152717,-0.8432944
18.82917,-13.31802,16.85715,-5.334089,-37.09001,-1.19357,4.549662,-35.57039,-11.56942,5.259518,22.64725,5.334772,17.47227,13.1257
8.97521,-7.799772,8.405729,-6.830232,-29.97292,12.39209,9.221471,-29.44696,-6.219033,21.47542,14.41629,-2.145261,5.450235,2.077717
-14.62912,-4.934192,-13.84002,-17.11862,-38.57565,25.65711,16.33064,-1.571273,15.77612,48.25953,20.47448,-10.32918,-9.869081,-15.63075
-11.3557,-3.332222,-4.436583,-19.5823,-23.16438,16.86324,11.76019,-2.1923,10.10604,47.82426,19.94504,-11.79337,-17.35241,-13.28948
1.434546,-4.324548,11.10404,-16.92413,-8.150924,11.22933,9.479892,-15.94485,-6.414505,26.67932,17.16835,-8.97259,-20.74169,4.377752
-11.17184,-9.484365,-5.628786,-27.7922,-19.61,14.62633,8.405535,-9.003256,2.06571,37.01523,21.11457,1.687209,-16.20021,13.97607
-7.230492,-10.91922,-2.717965,-26.22528,-17.73419,10.03544,5.160214,-2.256327,0.09072219,29.62161,13.41861,5.656256,-11.41095,14.51156
15.23229,-10.21899,12.74859,-5.016181,18.30017,1.567638,3.635112,3.143535,-15.42185,-5.223879,-2.842126,2.217065,-23.67591,5.554524
4.811562,-12.99166,-6.881426,-9.353043,22.01614,0.9898808,0.9894141,-7.326325,-1.573817,11.00637,6.992695,-2.964401,-10.24843,4.533029
-3.404698,-10.83487,-19.5168,-11.10613,25.45786,-0.02317954,6.97366,-13.06391,4.580795,15.70763,11.10901,-8.334105,0.7783197,1.67641
8.531628,-0.6558064,-9.488249,-3.590326,52.37423,15.54225,15.25196,-34.99459,-10.30316,4.997156,-11.91066,-21.07561,-6.558118,1.879309
3.590968,2.568502,-6.010472,1.124273,49.34778,13.21204,13.91899,-43.83234,-17.83326,8.630207,-13.66424,-14.92843,-2.384488,6.260485
-3.50003,-4.926298,-8.508422,-7.899549,24.93305,7.187773,6.098486,-17.621,-12.2005,20.09386,-5.609688,6.856428,-10.46371,5.559596
11.32748,-7.460286,2.870263,1.8804,19.32924,19.79339,10.64597,-7.778043,-19.45922,18.6906,-27.30042,-3.928278,-19.13672,0.5256172
20.30291,3.943201,12.91204,15.02643,46.75957,21.13318,16.83778,-30.13239,-29.22027,14.23985,-41.16336,-26.15832,-16.11968,-8.36094
-3.639849,-3.061373,-5.627672,-0.5018641,43.75455,18.00407,7.070276,-9.029658,-10.99858,21.51282,-30.05286,-17.04232,-8.658186,-1.729355
-4.279405,-4.384294,-5.991958,3.294794,33.19407,22.75405,2.414376,-50.08661,-19.85522,48.1381,-28.18058,-13.33644,4.82346,11.49565
-10.90032,3.694806,-3.450633,2.980967,66.897,7.018724,4.452085,20.8113,-14.39171,-8.272448,-44.65642,-12.80935,-14.92481,3.550806
-26.19647,-10.31156,-13.61134,-0.1806887,85.30075,-21.98799,-15.88417,125.9994,7.873731,-63.75994,-42.38895,7.603919,-35.12135,2.664643
-15.017,-12.52034,-4.391766,2.921354,73.40833,-11.53196,-21.20225,71.91586,-8.576854,-28.17791,-54.24304,10.25443,-16.46133,13.62244
-9.352854,-3.627597,-3.140192,13.96148,-53.04161,1.679909,-10.07564,91.08533,7.272121,-31.52367,-42.76555,23.15354,-0.3645505,16.73927
-2.871646,-6.083995,6.502668,29.8758,-119.6442,-7.978169,-16.86202,79.02293,5.406179,-19.12467,-28.78456,32.98793,20.00136,27.55243
-6.927408,-6.262347,7.968379,33.48444,-98.553,-7.566061,-14.2388,79.03096,-1.579367,-13.41675,-42.70239,26.10992,22.80741,21.84502
-27.06156,0.02799833,-14.74162,25.1611,-95.52484,3.223723,-4.703898,94.91588,16.96225,-2.829791,-35.45988,16.41273,12.25094,11.36696
-19.00431,8.965261,-3.565732,30.44757,-66.71215,4.048025,-0.1923004,57.83775,1.245291,-1.239498,-44.08973,6.124973,17.24689,8.887967
-14.18219,3.439522,-7.789891,21.65401,-74.54459,2.283943,0.02166437,53.46619,6.053493,3.318496,-31.52028,11.21922,17.47952,9.100898
-4.133319,-3.038964,-1.220811,20.48776,-70.25314,0.8347384,-6.320632,38.76041,-0.3289643,15.72927,-32.71647,12.8325,17.18033,12.18728
16.51873,-3.461427,18.5364,29.03193,-60.75157,-5.540306,-14.17691,25.22064,-9.806404,23.10321,-39.71559,3.581502,12.36368,5.096103
-4.790311,-10.34538,-4.382722,27.38156,-54.14969,-4.467727,-11.69425,45.85236,-1.75496,19.31774,-40.39651,6.997406,18.0317,14.40077
-9.285357,-8.956392,-13.73187,14.70446,-42.77956,-0.5131378,-12.35863,30.33308,2.42461,25.93793,-35.15976,10.12108,20.06267,19.20088
3.823738,-3.137544,-9.372247,39.14909,-41.49187,-5.584444,-15.48864,-14.41163,-8.059648,41.97429,-28.3658,-1.473977,20.29919,22.1395
7.504749,-16.52814,-3.357192,25.19227,-74.36863,-9.653084,-15.92573,25.35989,-3.12596,31.89321,-25.34018,13.51173,19.62919,25.20786
26.82957,-3.096698,14.96022,-49.66796,-46.19142,-1.147995,-4.74163,17.01069,3.613586,19.03848,-33.41908,15.06653,19.31085,22.43485
19.85236,5.613593,8.122501,-57.1972,-31.34189,-6.646328,3.040268,7.239078,7.898199,19.644,-29.62763,6.67084,30.01616,16.71606
5.131267,8.955221,-8.260286,-52.01051,-16.07464,-8.171022,4.837454,-3.587733,16.10042,16.94118,-14.52779,1.844581,35.53439,13.28747
-0.37743,4.523443,-11.94487,-51.07089,-4.469494,-8.442165,3.24063,-5.254142,12.00832,2.170217,-7.45309,11.58998,32.32941,23.15009
5.842407,-1.364128,-11.5884,-43.55902,-10.50652,-14.79094,-0.9711196,4.599751,9.216965,8.192284,-9.377519,14.68778,23.63349,25.98497
25.89667,3.027688,-2.691947,-27.44884,-18.15747,-16.94987,-2.166845,-2.323145,5.900856,14.60305,-16.90471,4.080586,16.38156,16.75241
25.47047,1.892267,4.57623,-24.23182,-34.39288,-21.61665,0.04122461,30.42686,12.65119,2.78491,-8.405704,1.465378,5.781703,3.556818
14.99851,23.61432,-5.782578,-27.13202,-18.71082,0.7671813,15.79776,9.828876,16.77812,11.2115,-18.19373,-16.74921,-0.6855628,-5.74231
22.70586,19.40871,1.179118,-12.13071,-20.30539,5.098296,10.76512,-15.98599,11.35952,37.91801,-14.9001,-28.54785,-2.67852,-13.88606
41.97756,3.488542,18.19724,8.219889,-2.213636,-13.3651,-0.4796565,-48.2186,-13.7721,15.52483,-8.79455,-20.51212,12.095,7.852709
31.06289,-4.573813,-1.324271,-0.09536795,8.409481,-20.65332,-11.62467,-66.64618,-3.965788,16.95057,7.480072,-7.979155,33.72678,19.23276
17.28625,0.8808185,-16.2926,-15.70229,13.63978,0.5688021,-4.973363,-54.38058,16.67647,38.11479,3.03705,-24.78085,26.47742,-0.5517024
23.89206,4.610193,-7.702058,-6.336996,27.71518,-15.85245,-4.261837,-58.24183,3.456658,48.45007,-6.808204,-29.4951,23.96169,-3.387359
28.47845,-1.984929,3.629003,6.909122,50.71189,-46.11512,-2.08875,-60.03048,-21.57551,38.10222,3.759916,-15.50724,15.98559,-0.2741503
19.69038,-5.077881,0.2941516,0.704646,65.91212,-44.22322,-5.370161,-48.70168,-16.63338,27.41491,11.45533,-11.44989,7.745813,-1.761159
5.356428,-8.686326,-13.88623,-13.45212,70.20089,-45.27295,-15.59753,-78.69244,-9.626114,63.17573,20.60315,-7.400994,26.95716,6.321334
-10.31803,-2.613215,-24.31164,-17.65966,98.47794,-31.30845,0.1434445,-50.75793,-6.552548,42.78122,8.719602,-11.6344,13.35588,-8.32218
-8.662389,5.256558,-19.34461,-9.534705,133.1827,-21.88379,4.500374,-33.69228,-7.907111,27.79255,-10.49261,-29.29287,-6.324687,-23.59713
-4.367926,2.877529,-14.49354,-7.278928,151.1217,-30.64337,-1.094293,-53.74979,-16.34386,30.46632,-4.149078,-23.54502,-4.500911,-24.29882
-8.067869,-18.8425,-15.94245,-21.92389,154.3164,-41.79381,-15.03396,-30.10957,-6.393101,18.86735,13.59835,-4.53775,4.392265,-28.52948
-12.87965,-18.64593,-19.70416,-25.02206,159.5962,-35.09614,-20.7199,-59.79987,-9.469219,46.84732,10.26219,-5.738784,11.65595,-21.28593
-18.1251,-9.525469,-18.34234,-6.519253,204.9646,-35.53731,-11.63126,-73.9018,-22.96094,25.55442,6.807636,-18.59111,3.600402,-25.79246
-13.15118,-11.94464,-7.498679,1.381402,233.4782,-34.69302,-10.08589,-65.81359,-36.71847,8.130749,-7.023451,-18.71511,-6.856244,-30.49011
-37.92916,-13.02691,-32.30293,-15.64036,215.5913,-15.96208,-8.935249,-25.53999,-7.848444,30.6602,-1.973846,-17.40049,-23.00491,-46.68711
-46.38963,-11.9874,-42.29285,-19.56939,242.2778,-22.16721,-14.63768,-55.5044,-2.965566,37.60088,15.31995,-25.62185,-14.62476,-39.43791
-35.61819,-18.57793,-32.9602,-13.50576,287.9526,-40.38133,-21.63372,-79.36563,-21.71985,1.616035,12.79332,-18.94354,3.090968,-22.74678
-26.37076,-27.56886,-19.17793,-3.498841,297.0116,-35.15391,-23.64375,-55.83226,-29.29477,-18.5483,5.093424,-17.42222,-14.80898,-30.78442
-30.89486,-22.37298,-23.55123,-6.604439,305.0713,-19.435,-22.5437,-65.96965,-25.67131,2.300116,-2.291658,-30.08605,-24.26116,-33.68938
-39.44437,-17.27591,-37.52753,-11.98072,327.2095,-6.62216,-17.94692,-63.98537,-18.74165,13.17941,-5.271396,-36.75467,-42.74613,-42.09203
-33.80808,-25.38252,-29.8628,-7.243706,327.3643,-15.44264,-22.46374,-66.07907,-31.02813,-6.053307,2.291938,-19.73387,-44.64906,-27.90938
-49.96354,-29.06428,-39.44736,-19.90401,340.8095,-19.01262,-20.44173,-51.05272,-24.11186,-27.85273,11.06441,-12.33876,-34.97936,-23.70501
-59.00397,-26.86658,-51.50735,-23.29405,347.586,-8.402584,-25.76556,-58.48705,-8.285623,-6.519588,11.17667,-29.08049,-31.80339,-29.74644
-45.56338,-31.53454,-38.99307,-28.31911,375.0157,-19.36816,-30.23711,-60.65845,-19.4965,-4.38532,3.115827,-32.95557,-40.74511,-25.87528
-20.84613,-26.27325,-16.012,-7.602804,324.3672,-31.43401,-19.88449,-46.47779,-38.08535,-21.36652,-2.052239,-22.99777,-50.26497,-21.06985
-15.50236,-21.99247,-9.016676,-1.03973,194.408,-30.18478,-12.99677,-14.69302,-28.80517,-20.71082,9.812245,1.91591,-39.97013,-11.22427
-20.29176,-20.45917,-11.88521,-4.442213,167.9904,-44.70835,-12.40487,-8.301208,-24.33863,7.129457,17.70796,1.75851,-35.934,-11.82091
-27.2905,-10.32206,-17.82466,3.280781,228.3065,-40.91404,-10.90426,-27.01647,-25.62117,7.429777,7.485984,-20.00228,-39.74613,-26.86155
-20.30694,-0.2522076,-12.36917,4.96279,25.03214,-14.1782,12.5209,23.79961,-2.655368,2.136865,24.60391,5.548088,-32.29758,-16.54485
1.542581,23.77333,11.25217,29.84077,-211.6621,12.69199,33.89956,34.61355,8.631923,-7.918002,44.92205,25.53615,-14.42879,7.304822
1.50286,26.89635,13.3265,29.60883,-241.8338,9.848902,26.28201,20.26345,15.97928,9.992558,47.90361,23.39134,7.554357,9.283794
8.213035,20.37798,23.08803,31.66832,-303.6592,8.672134,24.96638,41.55182,21.94586,10.83002,52.30853,29.51181,19.0799,11.44542
18.62447,21.93529,31.94396,43.09242,-332.9921,5.747913,38.80632,48.23343,7.500449,0.10277,40.38484,31.59406,24.19285,20.83336
28.96,23.15426,34.96534,44.20658,-343.6182,-6.489401,20.61047,31.5644,12.02446,10.91355,44.21298,34.364,32.92327,32.20829
13.22679,27.49164,23.26161,39.53139,-349.9445,8.263926,11.61237,44.71971,33.06132,17.72493,47.11727,33.73469,29.04466,21.15415
16.58201,29.7672,26.11249,45.98143,-359.4889,15.52882,23.55492,35.62565,25.16961,6.551873,45.55217,32.23413,33.11463,23.71394
29.39464,20.52138,41.73204,53.00085,-387.9724,14.02444,15.75892,42.44343,15.90821,-8.668057,43.35084,48.90722,36.42619,35.17237
22.98921,28.1925,36.49792,43.11899,-412.6166,32.81908,21.85196,55.55365,27.9756,9.273209,35.63276,41.50866,27.50267,29.70043
29.07794,35.13875,41.77129,51.93042,-370.823,35.93166,25.68292,14.05994,14.21448,21.04748,24.11032,19.93761,31.07467,26.84551
24.04444,29.81987,38.72148,53.36516,-358.3008,27.60788,27.24641,37.23739,11.41813,1.838279,27.50169,28.27651,21.12744,30.09616
24.62208,31.6527,41.35098,45.68007,-368.8366,30.42713,22.28085,39.70988,14.68575,1.152563,27.66866,32.91916,18.35795,38.3289
13.88921,17.4253,34.74096,30.44113,-382.8377,30.98476,11.23047,53.93338,24.02415,3.332456,37.13343,50.47643,27.44411,47.78195
18.7301,25.67842,30.0741,31.48349,-343.7702,39.42268,16.12277,22.20581,20.79779,10.45967,26.21737,31.79468,28.2635,42.51982
26.08322,22.18639,43.75892,36.7836,-326.1306,28.80515,17.65133,12.34996,6.401865,6.47801,26.5235,32.54723,31.67154,34.88986
21.4438,35.97916,38.94418,31.29154,-367.5527,26.9098,29.3702,36.35398,19.32541,3.228742,31.08458,31.32441,30.35352,31.94335
26.61,37.37702,38.92094,32.02485,-354.9559,34.17008,32.09076,27.83035,14.13518,12.5146,18.80761,25.74503,24.28598,30.44357
31.56524,24.81411,41.3441,38.26331,-313.2716,23.96293,15.82443,6.047163,8.297214,11.3285,24.80274,25.34215,29.97651,31.70326
23.47954,19.49605,31.51364,32.33226,-278.4271,15.59193,12.32945,1.044245,8.888585,23.69304,24.80211,23.79764,34.59595,26.8627
14.31496,19.91157,21.46432,25.29535,-253.8216,21.21042,16.60603,23.38195,13.56614,29.94833,13.77495,20.84328,19.24262,14.26167
21.29618,16.09415,27.70351,29.46218,-211.5761,12.42819,5.833293,5.705236,4.32121,21.18646,13.05737,15.50701,14.91884,24.06251
26.12896,12.92839,33.14803,35.16776,-167.9666,1.796221,-2.834438,-3.87712,-1.433407,-11.18155,19.27617,16.4814,15.9341,26.43202
19.52952,9.1118,16.13245,24.52703,-147.8785,-0.9476851,0.2088614,10.10724,11.89933,-17.47285,26.0927,17.44223,17.48966,13.75821
10.32825,12.93596,8.874877,16.67815,-119.2133,4.192828,8.078536,17.02068,18.1094,-1.535076,20.35579,-1.904976,8.397082,-2.318159
23.4771,28.99378,15.30018,22.02339,-73.2419,13.75089,20.64493,2.072294,10.83662,-16.25559,-0.0162992,-24.90111,-2.909698,-19.77457
13.93098,12.89021,6.454423,11.34075,-60.55165,3.435913,12.66653,16.98967,12.42782,-18.3162,9.761431,-7.14449,-0.9541781,-12.9312
-1.394503,3.765614,-12.96469,-5.931212,-52.61254,-5.283176,3.801299,10.78242,21.97958,10.72399,21.38356,-3.00813,6.685341,2.072454
1.58728,8.466145,-14.83121,-8.606755,-20.45074,6.723282,9.032379,13.60634,17.6821,-4.857807,-4.752063,-8.13727,4.968057,-0.429736
20.66183,-3.226148,16.76291,2.158726,2.063759,-7.360836,0.957008,4.660618,-12.16503,-27.49748,-11.45574,3.475389,3.972537,6.992454
19.60139,-6.320857,14.35901,-4.992371,4.797511,-16.14511,-7.094033,17.43275,-10.31486,-13.08645,-14.22343,14.6482,-2.675822,4.014055
-5.210049,0.7234452,-8.951511,-12.63774,22.59006,-2.231546,2.474639,30.4796,10.68115,-3.258454,-12.62524,-5.713083,-4.031318,-12.28995
-37.25555,3.948175,-35.74319,-23.90071,29.67749,1.583642,11.72464,58.80863,28.92969,-5.99201,-3.830781,-6.296535,-4.718568,-16.93492
-5.399368,-3.028249,-7.017754,-3.515313,52.33736,-16.96643,-2.665001,25.28359,3.009778,-21.26069,-4.137722,-3.131105,-5.11586,-8.393241
7.779532,-24.49053,9.102561,-4.725029,40.61008,-28.61869,-14.86332,20.52521,-13.12692,-31.05417,3.526948,20.07591,2.583643,12.67475
-8.110337,-1.569886,-7.040766,-26.4915,38.74549,3.076648,-0.7540077,15.41902,4.659006,-4.226305,-10.7775,5.537069,-5.773649,-2.693281
-9.76494,10.30535,-13.70941,-22.30714,68.6135,2.040962,8.029099,-6.927609,5.240829,3.160906,-10.93144,-15.989,-5.778465,-11.98262
-12.11461,-2.125581,-19.85002,-21.29845,68.20206,-10.8578,9.520574,36.50451,7.979059,-23.86619,-7.775157,-3.865747,-10.14636,-10.30629
9.639354,-10.07745,8.446508,-8.581541,71.77002,-28.68272,-2.695145,11.31938,-18.14665,-41.83802,-1.402585,12.12168,-8.112449,6.239605
7.154126,-11.0681,0.2418109,-11.34535,52.83117,-19.6572,-5.110232,-4.188252,-15.92892,-14.80961,-4.793222,17.26758,-1.329863,10.73605
-18.31845,4.461429,-27.61137,-21.31907,56.45867,4.404086,10.55943,5.87713,8.690949,3.877954,-8.054996,-5.053854,-6.680214,-7.291695
-28.73171,5.522521,-25.11603,-23.90738,57.79107,-2.993222,8.435041,28.36263,8.432098,-5.204169,-4.121442,7.531725,-14.36055,-11.64058
7.743282,-15.50959,13.49846,-16.78385,53.0443,-27.07239,-12.78986,15.38707,-22.01671,-35.5288,2.662444,42.30205,-13.48439,8.54798
0.3032306,-10.67523,-1.680921,-22.26509,47.64917,-9.925191,-8.084939,2.638842,-10.1858,-7.723434,3.085298,27.73695,-17.42028,6.54739
-23.57473,7.811631,-27.99018,-27.6305,58.99512,11.08623,7.668267,11.44628,16.01952,18.03506,-6.066299,-8.747496,-19.39973,-17.65318
-22.53218,8.880472,-17.46959,-17.19936,76.76201,16.76964,17.30981,25.18923,7.379903,-10.0677,-14.82527,-17.72811,-25.97528,-26.49356
-2.298619,1.064834,-1.90445,-4.207992,67.04891,10.18314,13.68049,2.911724,-11.15575,-14.70268,-12.99709,-7.740377,-22.85191,-17.03024
2.533687,-3.875607,4.028084,-9.764654,58.41515,13.09508,7.251474,-1.482685,-12.07083,-13.4424,-13.12112,-5.722851,-21.05304,-4.79029
-13.7653,7.321564,-12.41573,-12.17644,69.42391,28.35632,1.679806,0.3594898,13.01239,-0.2766964,-13.07011,-24.80955,-22.41657,-21.2231
-14.00653,4.944452,-11.33623,-9.488868,68.79266,13.36353,-13.41305,12.99375,21.55941,-9.709311,-3.531369,-18.56284,-19.69123,-21.91436
-2.063285,-7.903265,-1.398103,-6.983196,75.52986,-21.3059,-28.15862,-9.273843,4.461648,-20.68258,12.17197,1.23591,-2.184647,6.554042
-18.59948,-6.413383,-20.90591,-14.62263,72.94334,-9.559215,-18.4489,10.78466,17.27353,-13.4243,10.91943,-2.953441,-8.559507,1.56581
-9.154726,-0.4930979,-5.221672,-15.0993,54.705,9.777745,-15.05953,10.99099,17.32727,4.925426,-2.166816,-15.66122,-19.6986,-15.17147
0.1437675,-6.150837,1.300425,-10.14429,63.82738,-4.028709,-19.67591,8.025281,13.50521,-12.20567,11.28896,-7.166208,-18.29685,-20.42256
4.716869,-18.23529,6.152649,-11.44462,58.62109,-14.65354,-24.37291,8.771386,-4.376221,-37.87193,7.520852,19.43909,-8.767335,14.4999
-2.72347,-12.13691,1.54459,-20.76349,60.69281,-20.60749,-24.78264,-1.307039,3.130742,-18.46852,13.24144,9.971856,-0.3384783,12.54657
-26.08884,2.028689,-22.57089,-28.08008,67.95039,-0.3854493,-6.041649,33.85883,30.77579,0.4577011,6.480703,-19.54226,-16.068,-22.77492
-1.093072,1.522897,2.385635,-8.590923,66.44698,9.890665,-0.1308823,30.4888,11.73851,-10.4863,-10.88708,-29.09088,-31.57446,-30.61989
15.55143,-5.630497,16.44618,6.935478,65.29942,6.003472,-8.202545,-28.75733,-7.96076,-9.120628,1.697771,-21.75451,-12.48406,-18.02341
-1.555896,-13.32338,1.228763,-15.98123,48.13985,-5.223639,-15.0458,-22.1529,4.160739,-3.883359,17.34728,-6.128749,7.591535,4.82678
-2.261411,-3.057476,-2.450595,-12.35931,46.46507,9.336954,-3.469844,-14.41043,8.382287,11.24823,-2.000368,-24.79632,0.7262107,-11.353
1.429988,-3.707099,0.9480131,-1.108549,55.04422,16.94933,2.22279,-12.0578,-0.5211107,-0.7833236,-9.104055,-21.50959,-7.918524,-19.88429
10.62444,0.602295,10.59493,2.811092,60.0234,11.30802,-4.866254,-23.15964,-0.4697504,-7.402234,-4.594188,-27.90627,-8.701321,-18.86452
15.50229,3.786341,12.66246,4.9363,56.03574,7.987789,-5.045047,-48.21544,-4.934429,17.355,-10.62676,-36.78959,4.586468,-17.2411
-9.79849,10.03029,-9.127789,-14.59488,49.87799,21.17256,11.23938,-11.15137,8.651121,10.51184,-16.76637,-34.41698,-2.272843,-13.35447
-3.556478,14.42548,-2.221345,-5.749713,50.72457,19.8631,15.23512,-28.6387,-6.730076,7.34491,-21.69019,-31.37299,-4.952577,-2.681092
9.294721,-9.064287,9.206002,8.499198,36.61718,-5.676652,1.163268,-40.53981,-23.16067,10.53507,-3.727459,-10.42398,7.755035,9.522356
4.063555,-11.5852,7.080494,7.302796,28.78459,-5.23114,-1.719778,-30.55596,-24.94567,18.53641,-10.93403,-3.192236,6.009356,16.3868
-23.14984,4.75408,-4.287042,-8.511526,21.25635,19.33325,20.22969,-6.068391,-14.3119,21.32969,-18.22143,-10.53778,-5.785691,3.970547
-41.15751,7.378526,-18.98755,-12.43154,23.83507,26.07882,18.40155,0.8840306,-1.65794,25.35415,-15.2368,-8.887418,-1.715877,-1.857499
-2.821188,-15.35361,14.31338,11.60278,24.94262,-12.77401,-8.013062,-30.31223,-30.83461,14.2998,-4.293439,8.205706,13.14002,17.89784
11.37329,-29.51431,21.97871,15.18586,40.57233,-29.7206,-22.04865,-35.29768,-40.51409,8.390014,-4.566945,18.83908,18.43488,26.88808
6.738413,-9.652815,3.506497,4.011328,93.50165,-2.153496,-5.602078,-14.37904,-28.25448,22.34796,-40.94965,-9.163712,-17.51656,-2.434021
-4.104596,10.43001,-8.265389,-12.33712,124.0543,14.78696,9.797082,-21.81004,-12.61087,24.21029,-38.96528,-33.45204,-29.28812,-22.44517
-14.55068,0.3003591,-13.24856,-12.14072,119.5253,8.573053,5.206464,-11.67368,-7.946522,8.981229,-23.16465,-21.68303,-18.19036,-19.98821
10.95753,-26.0453,5.963039,0.2253525,99.21577,-26.70083,-27.17155,-26.05691,-23.08479,11.65511,-9.877645,5.856178,-0.3236762,5.387704
14.18958,-14.05546,4.916987,0.6903995,99.33363,-15.40151,-17.82894,-13.84134,-16.54702,13.9083,-23.75088,-13.21181,-14.36997,-4.031984
3.271115,-6.087234,-4.483488,-11.43064,101.2748,-9.429501,-9.494654,5.803248,-10.04598,5.341866,-29.46931,-7.125611,-20.4219,-7.702744
4.266357,-16.74677,0.546609,-15.58968,115.3719,-29.49621,-23.33392,-19.21219,-17.75067,-17.28395,-7.797727,14.17079,2.861882,9.993583
-5.39997,-13.60545,-8.639093,-18.15966,104.4586,-24.30014,-28.42806,-25.56916,-0.8531593,1.679241,1.462646,5.064286,11.95425,0.3356381
-19.69918,-8.00238,-22.18221,-15.24112,103.6875,-7.585416,-17.49891,-6.675072,8.234682,12.06501,-12.23802,-7.718366,6.433695,-13.58027
-4.693533,-5.521863,-11.29767,-17.03332,100.3194,-17.30401,-11.80485,1.563136,-4.182513,-8.04668,-20.61626,2.750024,1.30577,-5.437622
2.166654,-11.5148,-4.970753,-25.93076,102.4041,-30.48166,-23.58957,-16.90336,-4.55776,-17.21559,-2.977475,16.75302,15.20446,1.613441
-23.84423,-7.322521,-21.14976,-22.36556,101.6713,-13.75923,-13.87918,9.336045,10.57407,-10.45916,-4.838436,2.475331,9.454629,-15.89332
-19.0911,-9.530118,-20.86933,-12.24835,92.10099,-17.67718,-17.39001,6.126056,10.80421,-1.727397,-8.37386,-5.463487,15.93383,-12.59426
11.36891,-13.08002,5.091999,2.791444,96.81084,-18.58298,-15.32811,1.605009,-14.16088,-19.93144,-29.07539,-9.471392,3.480491,-1.518483
8.750202,2.496906,1.882624,5.232672,94.96311,-3.381563,-2.270983,-4.387605,-15.48701,-24.17114,-36.44239,-12.01014,-6.663139,-8.511542
-17.98053,3.376907,-24.20891,-11.08067,69.40056,6.416756,4.861428,17.01974,15.2338,-6.864882,-16.20117,-17.62907,0.159784,-22.50374
-25.49135,10.20866,-22.63033,-11.16785,47.09882,8.589284,10.77189,41.26074,20.35062,-3.188363,-21.53831,-22.60748,-4.741624,-26.91469
-0.3693146,8.95467,-3.876704,10.53409,53.43436,2.495242,5.826272,17.76743,-2.935547,-23.44098,-31.46818,-17.07834,-6.326075,-13.51692
10.46104,-2.050463,4.591892,15.80752,43.29404,-13.48764,-4.821326,-13.08688,-19.04973,-17.14948,-19.47214,-1.311388,5.379722,10.89484
-4.391157,-4.817549,-5.314311,-9.23245,-1.642785,-8.52559,-4.286261,8.739247,-0.195055,-11.92434,0.23617,16.2976,9.115318,15.94116
-2.624374,-15.6229,-8.902233,-16.63671,-47.01004,-13.26934,-7.905852,21.05309,8.892938,1.285596,16.0279,26.1066,12.84884,25.75648
17.28959,-7.42836,3.279957,4.742865,-45.30222,-6.93041,-4.735371,-9.197714,-0.7353274,-10.01612,9.645576,11.43781,15.18336,22.76636
18.62832,13.51862,6.717031,3.314513,-47.79477,7.812906,7.823988,-13.99496,2.359081,3.794995,-3.500098,-8.274085,1.790199,7.804262
-7.965445,13.9135,-13.83997,-17.15006,-71.71019,23.25646,21.62507,27.38953,21.21996,12.48059,2.887636,-3.498825,-10.58962,1.981372
-4.176528,-1.792592,-7.62226,-4.370003,-69.68277,8.850386,0.9169669,13.77749,18.43343,-2.559356,19.65924,7.23194,7.530037,13.80402
23.63722,-14.89892,13.37965,13.19083,-55.05488,-16.05335,-12.61276,-27.05799,-8.94671,-9.829683,21.48797,17.1851,24.73124,30.84227
29.47704,-8.877982,21.66939,14.54407,-46.5107,7.432941,-0.3431738,-16.48049,-16.07153,-20.32208,0.3709808,9.167064,3.718733,22.22573
11.1183,6.478954,3.168411,2.180351,-55.92229,30.12177,12.35451,1.699163,5.086534,7.95631,-9.211458,-10.35958,-10.28857,5.617602
-3.963797,0.4185912,-6.922148,-13.23876,-67.4745,23.64874,11.59315,16.56775,12.43606,9.191215,5.42957,6.687625,-4.980484,10.60698
3.70246,-5.391206,0.5801141,1.785618,-53.61946,6.647814,3.066253,-1.76167,2.522977,-16.69175,22.02411,14.58506,3.234787,19.31488
14.18095,-2.680028,7.933032,15.53782,-44.52305,10.24196,8.334812,-13.82509,-6.891122,-22.24945,15.28485,3.692552,-1.159515,16.12228
3.238329,2.761671,-4.359859,3.990343,-57.71294,20.59749,8.218067,0.6399276,8.932112,3.991385,9.751589,-0.7975753,-7.691587,8.441048
-5.456892,1.063277,-12.33919,-10.88046,-71.00612,24.49305,10.27809,24.50963,19.50334,9.166285,10.1513,5.533247,-11.60583,6.590274
-7.337211,-0.275925,-4.743505,-7.758722,-58.8492,17.04914,9.924961,22.74455,10.29951,4.515443,12.2869,9.581602,-12.07991,4.642347
15.53955,-5.553562,14.49211,8.788289,-31.12536,-3.074383,-1.168986,-21.16209,-13.34692,-7.671657,17.74887,12.64422,-2.903648,16.79356
-3.446856,-0.9784048,-1.913953,-6.572512,-45.51208,5.306939,4.426971,12.594,6.146143,7.667249,16.9166,9.667591,-12.49508,8.193392
-6.736005,8.018276,-4.523178,-2.306612,-42.54422,24.02619,8.041026,27.5791,12.30614,11.92615,-3.096415,-0.06827167,-24.55404,-8.068129
6.646018,-1.865637,9.557988,4.256617,-34.78428,4.196959,-7.5928,-6.557099,-1.031656,-5.062309,8.641232,11.6336,1.386772,10.57458
10.17266,-10.40928,17.14722,15.04873,-33.82588,-14.28619,-11.70923,-11.01839,-11.74906,-17.19235,17.37482,17.34471,13.06638,20.03587
-5.946954,1.839294,3.74375,14.4449,-41.58007,6.048573,3.670483,3.768546,-0.8396658,4.114093,-3.096688,-0.3387886,14.14363,0.02890875
-18.75381,12.1884,-7.530192,-6.715534,-63.8005,19.1283,15.33946,38.95007,18.64907,20.91191,-8.071843,-6.40232,-1.003381,-12.8896
-3.907194,15.87723,8.929006,-11.96125,-79.4724,17.4314,14.81273,38.70789,4.617644,8.446063,-13.72627,15.21789,-12.01062,-2.962097
9.853028,1.025373,18.3641,6.167879,-55.39363,-11.25051,-7.705375,-18.80161,-9.797673,-12.21597,12.9366,24.57214,23.25838,18.98728
-2.892185,-4.912292,6.384605,6.376966,-51.39178,-3.205635,2.433188,14.87957,6.051927,-18.16102,18.04775,6.960934,17.8939,1.534069
-18.98803,10.71127,-10.24451,-2.231562,-52.36567,16.17755,11.32485,28.67025,24.11613,1.356457,2.461472,-9.021595,12.76803,-14.73465
-2.183643,3.900318,6.584125,9.020301,-40.1878,-0.3509116,-0.6432201,10.02594,4.688685,0.7791275,-0.2335195,2.444252,14.48001,-8.323668
7.684335,0.7944666,16.59129,6.144058,-35.49615,-6.962358,0.5787039,9.9463,-8.162324,-11.7229,1.714448,14.83415,3.890806,0.1651819
5.2734,-2.705953,10.55804,10.59449,-25.59312,-14.22264,-9.836056,-6.595747,-5.728586,-15.21562,12.35487,17.36611,13.88465,9.866154
-4.663371,10.88691,1.598884,16.97592,-6.794725,-3.308083,1.401761,4.504427,6.416451,-22.61384,3.560672,-7.602218,11.55441,-11.9172
-6.429796,15.93019,-5.869812,11.10986,-0.5911594,7.854289,8.00963,5.270162,15.7912,-9.098412,-2.28914,-21.71486,7.900089,-25.87223
2.280605,2.228638,4.367147,7.273283,-6.310755,-5.454142,-2.239223,-9.603832,-1.220261,0.6345625,4.566567,1.277909,8.925217,-6.725714
10.70145,-0.9563522,21.60279,12.6064,-7.46525,-1.934338,-4.865438,-12.05102,-15.20617,-3.869962,1.05814,6.985733,-3.492731,-3.113246
-4.163701,3.037321,1.705541,3.702441,-4.988025,3.352274,-4.734607,22.82354,8.332607,7.560843,-9.435257,-0.3196039,-4.241948,-22.63143
-14.9492,12.81835,-13.24681,10.45605,15.89352,1.408314,5.43611,25.9025,19.5259,-2.367868,-4.931651,-22.60073,-1.597339,-31.74714
8.873977,-4.874499,14.25029,21.09835,15.74532,-18.96417,-10.20149,-5.756175,-12.46331,-5.287852,-5.517455,-1.340953,11.85026,-7.412305
17.46527,-14.47134,25.67361,14.96121,9.865875,-19.96772,-17.20443,-20.60505,-25.2149,-12.92524,-0.4610075,17.93375,14.27706,10.67291
-13.87207,4.454519,-2.942983,7.924424,14.73083,5.317673,1.98064,7.916248,-1.229948,-4.830039,-5.778866,-0.8106443,-3.465839,-9.393947
-22.02809,0.07205553,-17.76798,-1.024033,8.841276,-0.2363806,2.548486,27.65274,7.82455,5.464069,-8.128162,2.508797,0.1378285,-5.865167
-11.13492,4.58344,-8.994663,14.01705,28.49936,-2.490433,2.736395,6.98381,4.871934,13.46657,-7.13918,-19.06463,-1.790427,-24.5443
0.6385049,0.8511907,3.310518,15.01245,25.00528,-3.43348,0.231179,1.105592,-3.086266,7.403097,-1.293489,-9.392876,-9.667578,-26.68412
12.05682,-8.722755,11.34541,9.995314,17.56742,-7.849714,-3.807219,-7.835673,-17.91099,-15.46238,1.869293,13.64403,-7.912545,3.022973
-2.153478,1.639185,0.9319379,2.975788,13.24479,3.814792,5.691542,7.711193,-9.40545,-1.481577,-7.633236,5.911748,-17.04329,-4.203945
-18.69774,2.710067,-15.16815,-10.72376,6.927177,19.04008,8.425815,-3.259334,5.560239,30.39216,3.565592,-0.5112505,-16.40785,-11.85305
-14.27874,6.429866,-8.537764,-0.1324683,13.90856,15.85401,7.905646,-23.99562,1.463736,34.91149,4.004238,-11.39295,-6.368126,-19.77187
-8.756466,-5.112096,-1.896233,11.14747,4.943604,-1.471319,-3.026984,-25.12963,-5.896796,31.39137,11.57329,-1.673207,3.423661,-9.516672
-7.031079,4.547983,3.204236,8.26133,2.336753,0.05422705,8.116002,1.994258,-9.233758,20.28337,-3.503656,-1.184322,-11.9836,-15.86174
-8.76969,11.76009,0.7472214,-1.080993,-3.53331,11.13871,13.7988,6.714594,-5.562,23.06303,-7.980751,-1.718809,-23.09402,-15.48287
-1.551398,3.219065,1.583761,1.139763,2.764445,1.145738,4.357806,-24.73231,-10.18253,24.35422,3.213749,2.090349,-3.946687,-3.455973
-10.05903,2.741536,-5.153551,3.560045,14.59313,-8.352814,2.654012,-16.73763,-1.492869,7.160076,13.91103,0.2429899,6.993268,-10.06018
-14.33391,-5.344488,-5.951738,-2.04335,-3.150609,-15.37978,-7.500476,0.9939966,7.191758,19.92348,16.2612,7.956627,15.42018,-14.0429
-17.67545,9.757746,-6.846859,7.133634,14.28912,1.086932,4.659146,-2.607224,5.630976,18.0165,0.108222,-13.80025,3.461049,-23.21353
-18.03645,5.849834,-10.69604,-1.04858,18.91931,7.478318,5.561563,1.173301,9.314877,2.753904,7.489899,-8.089815,-2.210207,-18.45991
-3.159119,1.563805,-2.871439,-3.698662,10.05775,1.067309,-4.526161,-15.15905,2.358024,8.518724,1.819466,1.902768,7.436962,-5.310373
-10.33759,-2.697248,-11.68513,1.364145,6.206759,-0.8657674,-8.457511,-10.09422,6.139059,10.78253,5.627545,6.111132,10.09902,-2.192729
5.641728,-14.59846,-2.671252,0.3581733,8.015639,-16.4142,-15.93126,-13.5439,-0.006485526,-0.8426274,15.46601,17.20576,14.4372,2.883661
11.75426,-6.024108,-1.805366,-0.8420025,19.32084,-7.178552,-8.168143,-13.01709,0.1207804,-0.5512162,-2.327167,2.966763,9.72576,-3.974762
8.832868,9.987825,-7.150542,7.485878,37.68096,11.7743,7.651814,-10.83554,5.148885,0.9458919,-19.24939,-24.02803,-1.830244,-26.41467
9.051908,8.488214,0.5449752,-0.99893,30.95688,11.70623,8.341244,-13.05498,-3.329233,0.9154287,-15.87558,-14.31367,-9.039179,-13.39329
-5.149169,-5.106213,-10.78718,-17.6857,13.67779,-4.90509,5.972816,0.4709119,6.396169,8.676699,13.12561,-0.2211676,-0.1630436,-4.302443
-1.674549,-12.68977,-8.148381,-16.46323,5.059983,-7.867353,-3.788911,-9.557662,9.239947,17.91424,19.85607,-1.21241,10.19146,-0.859455
19.43378,-9.127502,11.04878,-7.252663,14.49884,-1.426703,0.08977729,-20.66908,-10.70295,-5.342136,-4.284376,-2.938492,8.452009,8.22071
11.65147,3.059868,5.378233,-7.368701,21.26177,9.007938,11.66267,-15.5299,-5.475809,-11.30704,-8.404036,-13.2886,1.876906,-2.524761
0.6859995,-7.484928,4.882767,-16.35517,4.376434,-0.4687386,4.666554,2.923873,-1.749343,-5.212298,5.190204,2.970043,4.991869,0.5827262
-11.11436,2.173605,-7.337418,-14.28318,18.57074,15.91282,15.00076,12.63215,2.937447,-12.19214,-5.281551,-2.072303,-5.557703,-9.388852
2.21638,1.988347,8.308139,-7.182335,9.443681,21.00675,8.595757,4.083266,-5.09784,0.752767,-22.14337,-4.365192,-3.232332,-14.37402
14.09461,-10.7716,14.7086,-1.12322,12.02672,0.9315737,-0.1308947,6.811629,-12.65238,-23.57718,-10.06073,8.218226,0.6961161,0.8285198
-4.407571,-7.223874,-1.919372,-8.973996,18.36013,5.565894,0.1247049,13.81583,-0.5675042,-19.9578,-5.950085,5.602422,0.287064,5.244153
-6.118003,-6.620202,-1.120327,-14.79196,-1.808784,-1.822715,-10.39844,-2.095567,0.6835158,8.055933,1.181173,13.03806,6.746042,15.07127
-22.31531,1.617907,-17.55593,-13.90723,12.27158,11.34914,4.114573,2.592477,6.526514,9.301906,-0.1894203,-1.549869,-3.924227,11.6679
-6.802866,-3.764894,-0.7707991,1.934151,14.59161,2.708541,5.100112,21.8042,-2.42858,-14.78641,-6.468547,-6.928501,-9.038964,4.850953
4.062578,-10.40623,4.815922,0.3420254,6.613647,-1.950989,-5.020063,3.817788,-5.709023,-8.411113,-1.945836,3.075025,0.2303702,10.48589
-5.494154,0.5565358,-3.811205,-12.35608,-12.82535,12.35154,6.973434,13.35679,2.679675,8.958255,-10.70314,-3.410068,-5.537363,9.261125
-4.723691,13.68728,-0.6107166,4.667427,5.220224,8.491578,8.881421,-2.056795,-5.314319,-11.33849,-13.43058,-6.663474,-5.400613,8.590754
2.432086,0.338662,2.189956,14.19127,14.67979,4.003285,4.223985,4.522439,-10.8226,-28.83676,-11.94609,-0.3774521,-4.028899,9.430336
14.02049,-9.678917,-0.640704,7.302357,0.3924547,-8.299321,-2.798605,16.05391,0.3458468,-20.22818,0.8103818,2.787094,-4.38071,4.313891
36.65004,-7.566769,7.052022,6.209661,-10.9102,-7.854892,-10.08484,-5.771638,-1.03919,-4.67403,-6.092263,-2.392411,-5.147274,11.62177
34.63882,-2.77447,10.00345,5.959408,-10.74915,-4.028371,-7.644236,-3.060993,-5.651777,-7.031547,-16.72645,-3.648583,-7.765068,18.47897
11.35124,4.649977,-4.712968,12.81267,7.057032,-0.8692385,-2.570888,-8.829784,-3.278435,-8.532838,-10.29915,-8.016677,-7.334131,18.57319
17.90667,-4.747386,-1.359687,15.9224,0.1676972,-6.95391,-4.550947,-6.475583,-11.96264,-20.43991,-5.115976,4.383312,-10.28574,33.51169
17.2041,-5.160069,-3.815621,9.175126,5.838105,-10.87037,-2.06021,8.206595,-2.712466,-17.16202,-4.108061,-8.633181,-11.57696,25.67502
11.61966,0.2056048,-11.50315,-2.486172,2.10269,7.356069,1.463746,8.355704,10.09536,-11.70806,-6.036545,-14.82202,-13.34484,18.70193
20.64205,-3.287193,-10.52445,0.7858226,14.55844,-8.194679,-5.668633,-14.69063,3.682681,-11.48406,-1.01336,-7.41593,0.6505486,21.9594
20.01807,-2.883182,-5.723738,4.134778,16.27331,-15.08021,-7.122359,-7.204245,-1.311502,-22.22564,-3.129579,-3.918404,0.126762,28.04593
19.28143,-11.48335,-0.3487294,-0.5036895,-3.22383,-23.80339,-15.87726,9.500436,-1.511745,-17.35768,3.714443,14.32815,-1.972086,29.25728
12.09205,-0.2510782,-6.236379,-6.764168,-2.930824,-12.09783,-1.249005,16.04282,3.714838,-12.51255,-5.563173,2.928196,-4.856156,17.68326
12.7497,8.698989,-3.672949,-3.563639,20.92595,-2.07133,3.304646,-0.9465655,1.207934,-26.51637,-9.740274,-7.450243,-5.640746,12.7149
19.52948,3.389311,3.984655,7.295823,31.61825,-17.35101,-2.37759,-17.46586,-3.750662,-24.5656,-0.3338163,-12.48434,7.548149,4.963209
1.631983,-1.602212,-7.48988,-4.554647,-0.8441668,-14.35769,3.764312,21.63644,9.43816,-11.57331,5.74047,-4.222076,3.158742,-0.7261355
-5.766717,-0.9590062,-12.66406,-5.778862,-3.181089,-10.73289,-0.6638172,20.60533,15.01095,-1.048697,6.950797,-5.017642,3.599261,-0.3535692
-2.655087,2.814567,-9.935665,0.3004712,10.05186,-8.702665,-1.157087,-6.115891,3.580168,-1.533808,3.67595,-2.489601,5.025125,7.14167
11.84233,-7.140483,5.994594,8.217924,6.900084,-19.60193,-6.507988,-3.129002,-10.73079,-15.14271,4.653225,9.04878,1.973512,13.62244
4.507529,-3.808628,0.5119925,1.319622,-4.352255,-14.60733,-3.308232,5.385822,2.41244,-3.477517,10.66642,-0.933216,1.075481,4.607862
-3.850899,3.863041,-6.062273,-3.91596,-9.201989,-2.080623,2.982462,4.091502,9.915169,11.04671,9.711239,-8.820703,-4.214162,-3.463516
10.36413,3.594163,11.034,8.045323,-0.7871404,0.5834981,7.090669,-11.85488,-8.863389,-4.441936,2.46673,-7.926451,-6.038805,-3.265909
5.734296,-1.467056,10.75799,11.04684,-4.293108,-8.185882,2.817235,-18.0298,-13.76539,-8.611453,13.68046,2.29588,-0.5944862,8.61447
3.66149,-7.21698,7.313478,3.459454,-13.65912,-11.32377,-5.579009,-12.38634,-7.607914,-0.6762856,19.77467,10.01757,-0.2334749,14.45623
4.467083,14.14365,8.27127,6.342118,-3.295718,3.970361,9.785275,-14.86472,-6.155544,5.431325,0.4919057,-13.1175,-12.22335,-3.246139
1.998423,9.763533,9.784768,0.5253298,-9.196079,1.893585,12.42569,0.5765914,-5.02136,-1.708898,7.490099,-5.86527,-16.28952,-6.376883
16.66353,-9.43499,21.68412,-2.08239,-7.056853,-13.6042,-1.09693,-1.959316,-17.20661,-22.34288,18.39838,19.1641,-11.82601,10.70004
5.703529,-1.717288,6.891138,-7.036514,-4.921991,-6.186184,3.442127,-5.023097,-5.750557,0.819328,15.41379,6.413228,-11.76065,3.713137
-8.648557,-2.528519,-3.118223,-8.878572,-15.90578,-4.104178,1.758242,12.59654,8.423856,24.90779,24.46573,0.284356,-21.06502,-8.187672
-5.290444,5.042309,3.028078,-0.7459171,-4.381258,11.01505,9.899279,3.174424,0.6067676,16.14384,11.16041,-9.167049,-27.11425,-13.37123
-1.142302,-3.656869,6.338721,-3.389007,-1.116885,-1.918492,3.721069,-1.003254,-7.449136,3.857115,19.22722,6.236986,-22.34531,2.64014
2.772496,-10.38711,8.870945,-9.170093,-14.93243,-12.93955,-11.3891,1.109671,-3.437784,1.806387,27.63583,20.19732,-15.29704,15.16045
-0.1301424,-0.9151796,7.21274,-11.69325,-5.518411,4.670517,1.385052,5.88302,-2.21102,8.567186,7.749021,5.351418,-20.59076,0.2398125
0.7677117,-0.4122887,5.610927,-10.86578,-11.7454,12.01461,5.641379,10.80888,1.240998,9.639952,6.245724,0.191823,-24.43826,-4.700278
-6.483851,10.40817,-1.233275,-11.82297,-2.166318,11.28878,9.187359,7.602051,9.37698,4.899685,8.545079,-7.319945,-19.10487,-13.17688
-10.30803,2.783438,-7.379102,-11.84091,3.757787,4.535902,6.987487,-0.6549023,7.589512,5.191288,16.97336,-0.2075477,-8.9387,-8.489573
-10.27489,-4.496176,-8.590427,-16.04005,-19.14342,12.39328,0.1229824,0.9381841,14.92767,18.91054,17.97476,2.499002,-2.73724,-6.484216
-17.37561,1.815004,-10.63626,-11.5074,-11.88801,18.90175,5.887376,8.271959,17.14425,10.56027,9.301162,-5.800417,-0.2880151,-14.38605
-4.018527,-2.387254,0.150866,-9.159173,-6.982125,12.20077,4.502799,-5.503191,2.633074,0.5415893,6.722856,3.00061,3.035098,-4.737389
6.094594,-4.14496,7.164311,-5.431998,-5.961043,0.5319959,2.921784,-19.44855,-5.191605,11.56943,4.949231,1.292243,11.48093,-5.826354
0.5355483,-0.8715674,2.624124,-0.6348802,-6.238408,8.58579,5.00177,-19.2629,-2.076334,11.30022,3.399527,-3.683269,9.116416,-7.796041
-6.766154,-0.6091799,3.849736,-0.5200731,-2.165064,12.88823,5.281105,-4.831856,1.301033,0.7424658,4.73577,-6.969505,2.865767,-9.802275
-1.122106,0.2522463,1.648363,-2.682903,2.508678,8.396741,-4.242704,-8.0928,5.090893,2.56604,-3.208097,-6.038162,9.196359,-4.272548
-11.0642,1.145439,-6.158613,-13.17591,-1.547217,12.04655,-3.204679,3.734508,9.017303,-3.522297,-1.933586,6.758284,5.971495,1.932932
-4.786257,-0.8592505,-3.053401,-8.781993,-6.267699,5.834447,-1.084296,-12.83343,-0.01673243,10.76952,-2.484239,5.930323,12.04685,5.586152
-2.369222,-0.2281805,-2.929567,-13.03217,-9.267665,-1.462458,-5.713902,-14.10731,3.160092,2.875602,-1.638003,8.143275,23.10714,13.46237
-3.797265,-3.991199,-0.9665421,-16.65373,-10.13272,-7.122284,-9.464295,2.80928,10.44976,-13.99721,5.36623,7.21321,26.14481,14.14196
3.612796,-3.990035,8.443377,-3.366691,-6.923016,-4.150071,-12.26793,-1.335965,-0.3465969,-12.7141,-6.58073,4.237961,18.6182,16.76279
3.113206,-8.178288,5.409407,2.823629,-5.943661,-7.371037,-17.70782,-22.0981,-8.46958,-5.158722,-6.237005,13.7643,28.21398,27.83969
-4.600183,-2.847875,-8.863019,-1.862645,-8.659689,-0.9419295,-6.755748,-6.904876,1.892004,-4.644993,-10.49739,6.431159,26.44078,21.8144
-5.209489,8.032513,-8.070076,-1.218528,-8.338648,10.6548,0.5214919,8.631507,7.937574,-14.6039,-19.86263,-1.390326,15.15626,7.75945
5.60467,0.3822096,5.130667,8.619249,-5.655033,0.5666479,-9.394934,-8.330265,-2.839952,-13.79287,-16.64279,1.236319,23.00208,12.11399
6.237286,1.416129,6.887921,6.826862,-12.86249,-3.088641,-10.78616,0.7153654,-2.758044,-6.072694,-20.21089,5.368035,19.4128,8.914527
2.29215,0.5212427,-1.1206,6.857234,-12.64423,4.525832,-8.737198,8.066685,3.245699,-5.492967,-26.25427,2.459123,21.8573,4.423995
-4.475326,1.972856,-8.132997,9.642832,-2.576298,1.779142,-9.122869,6.640436,7.085971,-6.763483,-23.90228,-1.469392,26.89614,2.425271
10.04725,-0.2330946,8.983476,18.23549,3.68006,-10.78966,-16.30408,-18.48692,-12.40405,-19.76757,-19.40054,8.618246,28.0325,19.7889
5.120506,-0.4199421,6.779026,13.49882,10.00303,-9.628541,-10.17454,-16.90026,-16.75885,-13.62007,-22.01871,9.97963,24.32267,19.81724
-12.20335,8.833747,-14.35689,-5.016419,7.859013,6.689822,-0.1802617,18.66461,12.92975,0.121572,-25.20643,-10.08284,11.41764,0.5300298
-0.4668123,3.655599,-3.852764,-1.171784,4.369398,-3.164963,-10.5333,3.662586,3.929858,-3.55408,-21.56063,-0.005746321,16.84178,11.85086
3.337398,4.631336,-1.108684,4.415516,24.81586,-9.542156,-2.010434,-10.49855,-7.447124,-13.81991,-22.69433,-3.499394,23.44584,9.974635
7.64242,4.097827,3.375127,12.42054,31.02309,-9.181938,0.1711086,-2.76943,-8.206626,-17.58365,-26.19557,-13.11333,18.01172,0.3087107
7.533357,-6.572738,3.240634,0.9846509,-0.5828439,-11.1057,-14.26101,1.340517,-2.440021,10.18217,-18.41488,3.720679,17.80787,8.567318
0.3199934,4.054941,-6.345697,-7.587313,-1.866926,6.121047,-1.335622,9.203702,2.825614,17.04165,-29.50453,-0.7862608,6.294649,1.564747
13.88534,0.2359736,10.48137,8.188851,20.55248,-2.306374,1.64097,4.516748,-19.05632,-13.97701,-32.32683,3.325053,-0.553577,5.393318
24.98862,-7.347345,29.59847,17.17311,23.18027,-19.59913,-13.80866,-19.22903,-28.72478,-26.41651,-15.47455,9.869536,13.43862,12.35139
7.950585,-0.8659804,8.947004,3.433222,7.619374,-13.89628,-9.450071,-12.06875,-6.086578,9.334572,-12.51113,-2.394359,20.17134,-0.1829474
-13.59041,10.33087,-17.41097,-8.757864,3.84638,10.1465,14.02997,28.54238,10.28804,17.51566,-28.88558,-11.94295,-0.1553985,-13.95663
-3.124544,8.895832,-0.6648065,-0.8899109,1.907404,5.836566,11.75097,20.83033,-4.641226,2.580311,-29.49888,0.7650914,-0.1710491,-13.57608
11.50005,-6.096622,16.58224,9.900523,9.077238,-8.775083,-0.8336614,-5.863526,-24.98219,-1.341177,-22.26746,15.41295,11.19205,-3.505339
15.22709,-5.053167,20.23526,14.71013,10.83336,-10.89809,-7.652603,-28.31387,-29.6372,9.536976,-18.8124,17.12421,13.333,-0.6327077
2.433162,7.069517,5.878743,3.506989,6.225393,9.38389,8.541759,-5.909194,-10.65783,22.62329,-28.82914,-7.087787,2.795177,-15.97396
-17.4472,7.35711,-9.986679,-9.041814,-2.59323,24.30001,14.313,22.05216,4.464161,31.83138,-28.22665,-9.636541,-9.610854,-17.77485
-13.43023,10.97156,-0.2576775,-1.001578,6.564113,16.13124,8.128629,-7.034997,-8.08159,32.24332,-18.14817,-5.870624,-12.98266,-7.231318
-6.792162,-10.87082,-0.6072916,-0.82057,-7.228969,-12.98897,-15.23401,-10.54197,-6.078403,43.26148,0.4021991,11.31421,8.360423,7.824826
-13.34064,-0.5553089,-4.60918,4.583806,-9.951324,2.984414,-1.127575,-6.224987,-4.434285,50.63,-5.700254,-2.385594,-5.94428,-3.924801
-33.08724,23.52649,-21.78798,-1.53194,-5.882442,37.65346,26.17094,27.04588,14.94569,38.96638,-18.73998,-21.08961,-31.03872,-35.1509
-15.86733,9.761505,-9.300644,9.906122,11.66954,16.59789,6.164937,-10.27668,2.806008,22.72858,-2.630826,-10.6755,-10.10934,-20.77425
-1.436058,-1.053398,6.130952,11.99679,-0.8278099,3.615716,0.8505,-11.04966,-9.505336,19.93763,-4.964927,-2.781879,-0.7387028,-10.17382
-7.67477,-1.072461,-5.101135,0.7104631,-22.96861,12.42375,-0.344889,8.711304,5.6665,34.9159,-5.026483,1.419041,-8.086586,-13.57202
-15.7874,16.81504,-11.76452,-1.573493,-6.9119,24.14551,13.26175,3.143689,8.866703,37.66059,-11.37524,-13.42132,-19.2951,-23.7643
-14.53823,15.92383,-13.42892,-2.447802,10.97025,24.46774,25.16283,23.59891,4.618686,8.290888,-20.22916,-11.64392,-22.65469,-28.09041
-1.373879,-0.7916598,-2.244893,5.616691,12.52605,-4.740088,-1.617646,-2.751291,-1.686634,5.174605,3.720298,2.620455,-4.084523,-10.36749
-15.03966,-7.499352,-17.57293,-12.43806,-11.81836,-9.075121,-13.21233,-0.9577832,21.3606,39.34944,26.05626,3.443618,4.843184,-7.439512
-15.90761,2.774174,-21.28259,-12.35593,-3.698083,13.77689,5.458501,9.189618,23.98474,29.96152,10.54568,-11.71782,-7.771938,-22.95716
-4.69264,13.21736,-7.007871,-2.107198,13.18246,16.42068,15.81848,0.3650474,5.918804,7.099752,-7.131851,-13.55332,-11.27919,-26.25051
9.720826,-4.861504,6.388385,8.753786,16.50008,-2.108439,-2.380995,-4.832806,-9.604663,-17.12622,0.06356282,8.631938,-4.819155,-4.324798
10.59191,-22.34123,3.688614,-1.633551,-22.97389,-27.41974,-27.58578,-4.624735,9.876538,38.12094,26.36354,11.67592,13.26053,-6.999089
-11.96566,2.997528,-19.79268,-8.507012,-14.87143,2.817138,0.5707673,10.57038,27.70368,29.64258,15.47486,-10.62821,0.6815484,-24.69349
-21.78244,11.83341,-26.84123,-8.202971,10.56538,18.43084,12.10529,12.88895,26.34246,-16.22572,2.333886,-11.63219,8.97731,-18.79296
-7.637471,9.65468,-11.62038,4.497864,30.04083,7.182415,10.87398,-2.428893,6.421802,-36.46219,-7.479055,-10.11731,17.93957,-10.86584
3.156164,-13.5972,4.266416,-1.695005,-12.76424,-20.14808,-13.89954,-8.371041,-2.893464,-8.555161,12.33518,21.68983,30.16079,10.31534
-5.560857,-16.61314,1.641135,-5.483559,-29.06513,-13.43173,-13.27187,1.075989,11.06362,19.65095,23.60205,8.273463,25.89557,-7.776507
-13.92009,-4.016706,-8.759428,-3.261493,-14.11214,6.805993,6.199559,23.25631,20.92562,6.787801,7.860322,-15.30041,13.79814,-26.26347
-5.757291,2.726709,-1.786469,5.28453,13.33488,4.304445,6.837274,-13.6064,3.743685,-12.04712,9.299348,-11.88709,13.60894,-14.05543
-1.579154,-8.058675,3.98592,8.880494,14.67429,-9.104281,-4.340654,-20.03213,-4.110129,-14.44839,19.93454,0.4279357,15.29848,-1.528251
-9.124803,-18.36629,-0.6353518,-2.150445,-28.90706,-17.77557,-19.60896,-1.32762,11.55731,26.90839,32.84617,10.74782,17.75258,-1.916185
-15.86369,-1.909873,-8.857346,-5.219382,-15.52212,7.765447,3.475344,17.59043,18.63779,10.55203,18.28811,-8.516907,-3.468938,-16.9509
-1.812924,1.875914,2.99436,4.918056,-8.746598,6.725866,7.570235,4.79482,3.197102,-4.827828,9.491053,-6.263745,-5.839912,-14.0764
13.51669,-2.784261,22.53946,24.90237,4.075833,-11.39439,-2.216024,-24.81496,-21.00191,-8.450534,7.221892,-1.551278,3.655578,-3.698473
13.60594,-16.16176,24.3238,15.42423,-27.88895,-23.77773,-17.45917,-9.155381,-9.021413,3.447604,20.60169,8.803502,16.98285,0.2747687
-15.31969,9.896988,-2.650357,-1.074401,-17.85608,3.880195,7.381271,5.983871,12.5527,4.98939,13.74891,-9.840243,3.661066,-15.35361
-17.20754,7.881472,-12.45567,-4.177302,-8.252584,2.105549,10.26719,10.30659,13.58675,-8.482656,14.45672,-2.738138,5.014213,-10.30459
-2.673008,-3.791332,-0.2537966,9.040392,-12.10948,-2.043579,-3.99893,-8.328051,0.7398651,-0.3812547,14.70888,1.454102,3.201149,4.435035
18.65129,-17.16045,24.28552,15.85429,-20.66669,-22.67406,-18.19784,-12.94759,-22.5352,-13.40325,18.61993,25.24928,-1.741837,26.6666
12.14647,-12.06489,15.98317,8.114292,-33.60619,-15.34047,-10.89757,5.394102,-14.56108,-16.68537,18.65511,29.38183,-11.13852,24.6191
-8.244558,15.4821,-4.416074,17.27147,23.72441,7.500723,14.75883,-8.021762,-10.81206,-24.15512,0.639726,-4.513934,-20.75378,1.540044
-16.06488,19.27109,-8.119266,22.48265,46.34471,1.422884,20.06866,-8.311357,-12.04135,-33.00476,3.117758,-10.11859,-17.43809,-7.609447
-15.94999,7.840929,-4.931942,10.97364,30.35881,-11.10529,6.851937,-5.074924,-12.43236,-29.44649,10.56602,9.281944,-5.594011,8.661733
-11.21626,-0.4267018,-0.9866258,0.03512325,12.40899,-6.323238,3.142233,2.683573,-8.621987,-28.24639,16.02507,15.30721,-8.92802,15.14703
-18.12828,11.62782,-7.943606,4.031312,32.06689,4.303272,11.61304,-0.1885009,1.42686,-21.74847,10.2789,-13.66941,-12.68124,-0.988573
4.337801,3.241657,6.260704,18.39765,33.55456,-9.059704,4.273201,-25.06568,-19.52589,-26.44247,6.462621,-3.999876,-5.919279,13.48471
-15.23795,1.667893,-9.438385,5.302361,17.27271,-1.956966,9.70241,7.702591,0.214491,-28.88438,21.51875,2.936848,-12.04151,1.241139
-7.405381,1.921695,-10.14823,0.7123232,17.67963,-0.6155967,-0.4731719,-7.940019,1.147407,-1.653748,12.30443,2.336317,-12.63646,4.770802
3.125244,3.691053,-3.59063,5.380261,16.62489,3.616257,4.655247,-4.586734,-9.344248,-13.27681,1.812959,2.738333,-26.67383,15.828
-7.459385,6.717097,-12.87709,-2.434096,18.0418,3.704668,7.136878,-7.538232,1.062398,-13.99517,13.28556,-1.814524,-18.8189,14.989
-4.825599,6.640486,-10.6096,-3.599829,4.29246,9.847189,9.707187,-7.766644,0.8589392,3.086742,9.433084,-2.974491,-22.06168,7.971766
14.2544,-5.292057,2.70097,-0.6265386,-3.153888,-2.224098,-1.902785,-6.121083,-6.093625,4.78159,10.49844,6.664391,-23.91325,10.42752
36.92435,-12.72062,28.54519,13.16549,3.450639,-10.23346,-11.95544,-34.72539,-31.37383,-1.315947,2.810376,11.02503,-19.28142,25.68502
11.71986,2.566088,8.325663,-0.6652178,10.64551,3.82319,4.658662,-1.232975,-14.03403,-9.871065,-8.163487,2.832751,-24.29723,13.69227
-3.117481,-0.3977276,-6.406831,-17.06576,3.074022,11.65275,1.190209,1.52657,9.059062,20.26782,6.285229,-6.497955,-20.09254,0.5226256
3.145315,-2.441018,-0.8826494,-8.755053,1.349501,4.441014,0.6914606,-3.079656,1.30496,14.23523,9.122846,-0.4360671,-19.01019,0.3142998
27.51479,-11.31295,22.15886,-1.810937,2.123702,-18.05964,-13.5503,-21.7134,-20.81297,0.4147447,10.79685,19.95642,-13.4467,17.74151
29.44825,-15.04104,28.78877,-4.600708,-6.921489,-15.60237,-11.5357,-4.462786,-23.4591,-6.193861,2.091948,23.81258,-13.21241,16.88791
6.147039,4.53574,6.527842,-19.35214,-13.76966,16.45852,6.800124,6.882405,-4.744086,22.59374,-15.69506,4.946614,-23.49485,2.16377
-1.309642,4.852231,1.651063,-19.2165,-10.03311,11.68995,2.74635,-2.574279,5.412601,38.30358,1.326647,-5.866183,-19.99043,-6.992269
-7.753589,1.16948,-3.835959,-8.838813,3.967871,1.498847,7.722804,16.22046,7.774821,4.388678,8.540904,-6.599916,-11.4008,-12.85478
4.120385,0.2512699,3.924349,-5.74997,-3.200269,-7.630777,-1.988238,-9.594667,0.7637919,7.391431,8.392975,-3.564755,2.964954,3.91952
0.4809254,5.30471,0.317229,-9.953868,2.460982,-10.13953,-0.3376481,-17.97896,-2.85676,5.619008,4.165774,4.119806,9.784325,9.014016
-14.14422,9.413877,-13.67866,-17.2877,-7.896729,10.12018,13.05151,14.44956,11.14028,11.66109,-3.090875,-3.65675,-5.690411,-4.391152
-1.341835,4.199279,-0.4284824,-11.90289,-14.8589,9.906855,10.65093,19.32532,5.633848,7.910925,-5.466313,-3.981658,-11.49821,-8.148884
4.368685,-4.220245,9.146036,-5.530835,-9.401824,-0.2805305,-2.754448,-17.5689,-4.032628,9.325602,12.34516,5.799078,3.247032,-0.4421782
-9.026819,-1.041565,-3.532315,-14.30368,-15.36662,-0.7603729,-2.63533,-3.417155,10.68292,21.94492,17.95722,1.852672,1.983509,-4.337377
-11.2125,1.851951,-7.251268,-16.1741,-15.61484,4.88962,2.622817,14.94738,14.83832,20.25985,4.009913,-3.561624,0.0822539,-9.687766
16.89071,4.766918,18.03912,11.08681,16.7284,3.75389,0.1935161,-16.19179,-15.56449,-13.48215,-15.74915,-5.599423,-3.191324,-1.681032
5.166252,3.516082,4.15094,1.789926,27.49957,-4.719791,0.640625,-3.577574,-2.664129,-26.86596,3.366313,-1.898657,-3.257964,-3.145633
-18.5562,-3.828278,-18.72259,-21.73082,-8.468692,-3.411925,-2.807926,31.31671,27.14543,2.776242,20.4568,1.879238,-0.9976991,-5.050285
-0.3581813,3.907794,-2.525091,-3.508059,21.0355,-0.7627817,-2.169445,-3.201769,4.425345,-10.32316,1.719305,-6.028472,-2.435921,0.2249412
4.524447,-4.011933,3.448978,-1.346436,25.51729,-4.142914,0.1734682,11.27671,-5.400125,-37.49083,-1.477846,6.044727,-4.281793,7.166245
2.732649,-8.113157,-0.008105434,-4.468558,10.06849,-4.482151,-9.90183,-5.572095,2.286684,-2.298841,7.504302,3.179824,3.171504,5.901276
-4.466374,-3.377202,-12.59189,0.05692154,14.16907,-0.3030124,-6.444007,-2.337608,9.957233,-8.060306,6.338914,-5.021441,4.011033,8.068666
-6.477463,-4.174135,-13.72843,5.396031,26.34047,-4.369366,-6.076952,-4.387895,4.599588,-18.26941,7.26825,-1.474977,3.908132,11.44615
-1.793927,-6.79077,-5.052347,5.759197,21.1648,-10.62041,0.368876,-2.36338,-2.900434,-22.89528,9.089996,-3.163657,6.846571,12.35076
-7.322554,-1.985174,-7.787683,7.634812,2.80574,9.466247,3.483328,5.029997,4.194712,-9.831336,-0.6427246,-10.20605,0.5298862,4.630799
-3.622676,-5.141644,-2.834108,6.825937,2.600596,-4.106911,-4.394235,8.297532,2.466511,-1.029125,2.735249,-4.987857,-0.8352558,4.02598
3.969569,-11.88098,4.225511,15.0937,8.333381,-16.30231,-9.326506,8.710238,-2.571355,-14.28482,5.94266,-1.576243,7.562554,2.104599
3.688596,0.3796947,-0.5983906,20.93751,32.24909,-1.635691,2.02242,-20.84605,-6.343858,-20.55014,0.6995995,-13.29239,8.90836,-5.618746
-8.933975,13.482,-9.918867,10.87035,29.80448,14.83248,11.97143,-6.877615,6.092668,-24.11649,-4.566438,-21.59122,0.354148,-11.40292
-4.983759,-0.9960636,-3.869025,-1.378904,-2.594362,8.601707,-3.14673,9.457484,8.118237,1.546593,-3.74108,-1.939636,0.1797083,-5.254173
0.7764609,-1.031555,2.996577,5.295784,3.473769,0.6183111,3.563724,8.292282,-4.17911,-12.97359,-5.16857,1.794207,0.7756546,-4.233947
7.595857,-0.7877151,12.00841,6.783376,-10.80738,-3.748006,-1.939005,6.92886,-4.998389,-18.79117,-2.761865,4.701612,4.765801,1.049611
13.47669,5.087467,10.74398,12.57139,-6.532593,2.72263,6.01954,0.04766247,-9.399733,-16.81519,-15.12001,-4.411672,1.480157,0.1296721
-5.780228,16.40635,-6.940957,2.051092,-16.25058,18.58103,17.69816,13.1936,9.877661,-2.590502,-10.81472,-14.22858,-5.385668,-15.81664
-13.39314,12.94988,-11.61947,-5.479098,-31.67163,19.28881,15.91093,39.00653,16.29092,6.494235,-13.09029,-7.773336,-12.68452,-14.22982
-2.653265,5.243156,-1.548738,2.978651,-24.62801,7.128432,8.931585,21.1263,4.115275,5.525681,-3.154967,-5.381404,-14.39686,-3.285832
13.30058,5.166467,16.12051,13.18639,-22.16116,11.23511,8.173055,8.454904,-11.97915,-16.92152,-12.78973,0.9428716,-13.85543,1.127123
0.3631015,3.659656,5.202226,12.16972,-35.25058,11.68098,3.079023,5.167377,-3.874479,4.341176,-4.19505,3.819116,-8.877396,2.715135
-4.277575,-0.8510947,3.45983,-2.159138,-46.19282,-0.1210224,1.139067,4.403077,-1.059842,21.55537,12.10119,15.4399,-5.047582,1.610644
-10.27413,-2.551929,0.7826167,-3.762041,-39.71666,3.407984,9.309525,23.1187,-1.525379,8.943765,8.322037,15.98845,-9.210585,-2.832351
-1.640023,-7.19944,9.191343,-6.231614,-39.21955,2.469352,1.719349,12.01252,-5.942797,13.96766,8.054173,17.98121,-8.568118,3.405914
1.016187,8.994698,2.372321,0.4640151,-8.136429,13.45743,13.3593,-7.363409,-4.522899,9.762364,-1.857514,-3.726361,-14.08051,-9.739178
-15.65349,9.179934,-10.35767,-10.68599,-8.967005,13.69402,13.09009,11.60616,12.82899,5.476598,12.76927,-2.713603,-14.42058,-15.84672
-4.529908,6.804711,4.943347,-4.001757,-15.36634,10.16502,10.0571,10.14486,-1.618694,3.989003,1.897279,4.809936,-15.90811,-11.38645
-1.208199,-0.3641347,2.861486,-5.996227,-12.44133,6.484262,4.316011,3.766083,0.3424137,4.147867,10.20422,6.64434,-13.03876,-5.718028
1.854389,-6.527075,9.451649,-11.05002,-24.18851,4.332382,-0.5823898,15.67483,1.92075,11.01801,8.424635,9.354614,-11.87302,-7.810245
-1.959136,-2.850359,0.5812674,-1.537095,-15.80828,0.9482843,5.391512,6.254405,1.594216,20.81193,3.139773,0.8966014,-0.06963846,-17.39348
-10.58362,0.2930607,-7.57881,-4.837415,-5.2447,-3.901337,10.66976,17.58216,6.333477,4.218348,12.28916,5.024877,-3.127304,-21.13764
-9.819197,-1.46517,-7.656552,0.2885533,5.511949,-5.313237,3.95645,4.473678,4.924336,4.322559,13.59665,4.188712,1.685471,-18.69421
-3.838411,-5.805053,-6.03575,-3.1963,-5.987544,-4.354163,-0.06999285,11.93905,7.43313,8.653989,7.064626,3.213133,3.066088,-12.08281
8.750758,-4.30497,4.939357,-0.6362377,-5.384175,1.269477,-1.283618,7.425229,-3.289419,9.205975,-12.55225,0.537725,-2.159585,-2.51827
12.35288,-3.203438,5.291245,2.198242,10.83474,-6.332726,-5.800743,-25.93624,-5.31721,13.17979,1.296868,-3.717675,7.097729,-1.943454
0.1027803,-3.057698,-6.113834,-5.463424,10.44949,-5.216053,5.313046,6.404556,3.193239,-6.416192,6.47801,1.591073,0.3856216,-7.650616
-4.026101,-2.223624,-7.750326,-7.253218,9.881034,-2.052539,1.50202,6.865662,5.908636,-4.345121,2.555103,3.2436,4.38909,-6.694215
7.808025,-6.959861,0.7668388,-4.870331,-1.504901,-11.20989,-12.76851,-1.380692,3.388817,4.285259,2.883929,7.402108,7.190094,4.969112
16.70918,-10.99483,5.392684,-0.434641,-6.507704,-13.79265,-14.25576,-17.91468,-10.51063,7.976802,-4.334419,18.10321,13.32223,17.2412
10.32261,-4.917119,3.074445,4.386466,3.45309,-5.20381,-10.51273,-16.1922,-4.640584,1.611901,-6.627181,4.864518,13.34996,7.030639
1.995606,-5.95622,-1.14214,-6.052047,4.683234,-9.449632,-11.4807,-1.152796,3.690359,-8.7465,3.198927,4.329107,11.08617,14.99663
6.633331,7.087451,1.901317,-7.120223,0.4672415,-5.477885,-5.693449,-4.175883,5.67449,-3.914092,-1.348371,-3.530417,2.34191,7.154585
4.546153,2.515638,-6.219856,-3.182706,-0.6200286,-4.163908,-9.159735,-20.29864,10.59888,11.13916,7.800739,-9.239368,8.960187,7.323488
6.560829,-7.402446,1.63687,-5.839356,-10.06715,-9.724074,-15.02411,-11.86981,4.163337,11.99115,8.292062,3.761547,10.13893,13.38221
11.81698,-7.316826,7.856033,7.692791,-4.938374,-3.023602,-9.961508,1.786799,-2.192461,-11.25339,0.09247009,4.470759,0.01231748,4.957999
12.49585,-1.453525,4.155758,11.45937,12.30455,-0.6849979,-11.05162,-33.6118,-4.203591,-7.444395,1.216775,-3.511633,12.08112,8.248152
17.07486,-3.687709,10.2022,7.27198,1.172672,-9.068144,-14.80423,-30.84583,-4.751347,0.662118,4.473551,-0.5785525,12.88897,9.989476
7.514553,-8.562122,6.527374,-0.9558036,-10.82773,-12.25774,-13.71554,1.672164,1.329041,-11.57875,8.421446,8.404678,9.246444,14.78197
2.532748,-1.360258,1.157929,-7.430078,2.510964,0.6426334,-8.7155,1.534266,9.558761,-14.75381,4.56776,-0.2737468,6.430395,3.597937
26.19293,13.14506,19.14204,8.234716,30.8243,1.305408,-2.34033,-41.61139,-14.90994,-23.45382,-12.59089,-12.58133,0.6063195,8.036961
11.5384,4.51638,3.245322,0.007187964,19.77514,-3.990351,-2.662613,-5.12573,-5.444417,-29.83774,-6.442306,6.0806,-2.418186,10.75832
-8.904398,-5.72337,-15.55419,-18.88713,-9.316141,-1.138224,-8.796154,25.11042,25.13001,2.603184,8.552932,3.134658,6.125987,-2.337595
-0.6961782,4.905853,-8.312063,-9.807452,3.04748,0.5672568,-2.918754,4.101027,23.2924,4.077916,2.117482,-23.29873,12.33979,-9.416028
14.30846,6.538479,6.911644,4.2299,16.41098,3.802938,-0.9875391,-18.09034,2.894074,-14.35635,-10.03109,-21.17789,13.30085,-3.754128
18.13433,-3.237138,19.36566,3.414533,10.28157,2.052353,-1.112391,3.764097,-7.736298,-38.81174,-11.9615,-5.008739,7.024236,3.831019
2.19956,4.361944,-1.548697,-7.291342,-4.897031,16.41014,-2.81675,7.748287,15.4122,-8.236174,-3.693199,-10.51443,-3.751308,-3.383201
-2.782823,6.532707,-7.689282,-8.110085,-8.447981,11.84935,2.629267,5.584716,16.37687,7.740298,0.9574614,-13.01762,-4.238087,-7.384797
3.099478,1.901572,3.417472,1.336197,4.723476,10.55592,7.653324,10.83459,-0.7783613,-16.95043,-4.342966,-6.625336,-12.29794,-2.527
14.05379,3.671725,17.70065,5.049996,8.735181,8.221759,2.85351,-0.6586348,-13.98446,-15.87028,-16.03052,-2.385306,-13.51476,2.157355
3.992517,3.006075,8.666009,-5.387312,-3.560433,7.06321,4.315194,15.4167,-3.390378,-8.592615,-10.80525,1.780787,-11.23786,-1.266642
-8.574327,8.120349,-4.801728,-14.02062,-5.609153,16.51707,5.866878,31.23109,14.86971,0.7380134,-10.51785,-6.571438,-14.98516,-12.26284
-2.67028,8.244873,3.893025,-5.691514,1.650915,15.23804,8.486444,24.20279,4.267873,-14.06122,-12.30844,-4.718059,-14.52189,-12.01254
0.3490968,2.953371,6.180063,0.06771572,3.448823,6.41981,-0.194935,2.862669,-4.488822,-12.34554,-6.573725,4.984712,-5.000296,1.337058
-6.594522,2.360281,-5.038102,-7.281042,2.181381,-5.677755,0.6784796,12.32409,4.639236,-11.46164,-3.987736,5.038618,11.04727,1.771446
-2.936654,-1.254227,-0.1895873,-10.3479,-11.40928,-6.409933,-4.823648,7.923717,3.082535,0.3777146,-4.431524,7.403288,13.33,9.685502
6.138795,-2.362058,9.754064,0.009637434,3.121827,-7.336091,-2.873809,5.48756,-10.67245,-17.14312,-10.32468,9.647479,4.986115,11.56672
4.036464,10.36591,8.46349,-2.249979,7.626937,4.20343,11.31939,4.81476,-5.780849,-19.30318,-15.23118,-4.738787,2.401499,-5.927883
-3.603892,-7.89856,3.950772,-10.64107,-17.1965,-14.28132,-10.497,17.37466,6.199268,1.041785,4.128199,10.89761,17.13229,3.393743
-8.817387,-3.773081,-5.832842,0.1691063,-2.233114,-5.039429,-3.534012,12.21796,6.390188,-7.616114,-0.7417763,-0.0595384,14.91296,3.95707
1.74272,2.592294,0.2473969,7.64138,7.330405,0.4845019,-2.964672,-14.24736,-2.277654,6.193974,-15.92975,-12.84098,17.30704,4.720702
4.143446,-3.142626,5.709242,6.576347,-4.336407,-2.371859,-2.510692,-8.077807,-8.512738,0.8021084,-13.67301,-0.4201295,17.45565,8.35848
4.109438,-5.54932,6.935129,-0.9025092,-5.131137,-7.550795,-6.288031,-2.489989,-0.7015405,-6.010262,-2.070755,-0.1435998,20.19312,5.600245
3.566012,-4.021947,5.62464,-0.6206485,-1.169708,-11.12716,-5.686073,-2.959733,-1.91543,-3.530534,-2.198839,-1.090472,17.76104,7.368845
3.569799,0.5193481,1.507478,1.046083,1.567492,1.874608,-0.2100821,-1.258694,-2.112589,-6.536409,-13.53603,-5.017941,10.22339,8.363547
1.220172,4.109884,-0.18061,2.715344,12.2904,1.564205,1.515031,-9.386157,-0.2013191,-6.386048,-10.59743,-12.60138,13.06259,2.875324
4.586455,0.1517043,-5.193193,-2.948961,8.342389,-0.1968888,2.802967,-7.405383,-0.1437829,-3.499921,-10.20225,-3.755675,13.07392,4.388621
11.35509,-2.225997,-1.056217,-4.918392,11.73414,-4.215842,-5.754758,-17.88036,-2.213291,0.7026091,-16.72322,-0.1156367,24.23506,7.076805
5.173954,-6.503871,2.82235,-8.361362,6.802866,-8.217349,-2.666854,2.370204,-1.953066,-11.16354,-9.035974,3.852959,21.05667,5.823007
2.716511,-7.569641,-1.394526,-11.05781,12.26477,-0.145566,-3.852373,7.161206,5.598993,-15.29322,-5.899565,-0.5364031,14.92764,3.079979
7.463297,-3.444054,1.810059,-11.25475,7.202096,-5.871251,-4.535442,-17.24308,-0.6043233,9.738928,-9.915674,-4.508115,24.35258,6.809723
-2.691633,-7.974546,-0.3440797,-16.4573,-3.535572,-6.773423,3.496955,16.90899,-0.6426585,-3.74057,-5.318943,9.946852,14.10566,3.020259
-2.826711,0.0869033,0.3465407,-8.543325,10.06451,-0.1381049,4.19686,7.650616,1.363255,0.5661497,-5.777138,-4.292351,3.769032,-6.466239
12.35596,-7.756753,12.10458,-10.97864,0.7867383,-8.389329,-8.027133,-8.717666,-7.007154,10.94907,-2.954964,7.444542,6.24226,3.948485
11.24309,-3.40723,7.933139,-9.684734,10.57522,-2.791011,-1.885748,7.014316,0.3798852,5.432947,-10.90868,-4.605668,1.183836,-10.47937
-2.036553,3.720065,-8.316109,-13.47539,14.2844,-0.3461988,1.34017,19.0506,14.91747,15.33828,-10.7331,-14.0909,-2.213394,-17.43933
-2.617974,-1.285614,-0.7537158,-14.03926,19.55334,-0.7147846,0.6776347,10.92578,2.514095,-8.174088,-0.5119469,3.507731,-4.805196,-4.276011
-0.1664625,-2.11392,3.033617,-10.48331,19.29509,-9.464182,-5.428059,-9.589634,-2.462943,5.842091,8.61728,5.331529,-1.700451,-0.7106493
0.2324358,-9.502272,3.000148,-17.63911,-6.060582,-15.35447,-10.74441,7.675406,2.254097,20.87668,8.055068,15.25465,2.765187,-0.8128528
1.311485,0.5805104,-0.4920902,-11.81136,1.009919,-8.141314,0.4207911,12.20863,4.524878,18.04681,-4.234038,-0.8345311,-1.468884,-11.1208
-2.949783,8.490701,-1.611088,12.25906,13.29216,-5.24963,4.157848,0.4013653,-6.78061,11.71347,-13.11519,-5.272825,-4.791868,-10.54361
4.832681,4.816482,7.681832,28.26763,8.080399,-8.629555,2.69205,-8.869252,-20.60913,-5.812749,-9.562998,6.640481,-4.533996,-4.993872
-11.8352,2.971409,-12.5166,12.15281,-20.02687,-10.79704,-5.685748,8.47883,3.120376,17.56055,6.375948,16.03875,-3.191597,-2.645604
-24.63134,-5.11333,-13.64126,11.127,-30.47275,-1.651996,-6.292135,19.25309,8.261935,27.31904,13.09821,9.930982,-4.943627,-2.243826
-9.174253,2.399518,-4.465655,22.29646,-2.2679,-2.837773,-0.2695185,-3.277724,-3.461527,19.4303,1.294316,-5.525602,-4.892635,-9.248003
16.16136,1.994071,17.589,28.69683,8.547218,-14.86833,-2.871349,-28.08819,-26.91899,0.7340853,-9.402316,-0.7238823,1.913285,7.237217
9.492389,-7.171856,17.62086,25.76089,-6.953521,-9.817969,-10.92629,-34.30508,-23.76991,5.467978,4.382603,8.229939,7.905023,14.08494
-18.41975,5.335072,-15.58803,10.21292,-9.450808,15.35958,3.03049,-9.731531,7.382991,27.76127,0.55013,-10.29,-0.8863562,-5.265969
-25.55333,14.89539,-20.38101,1.410644,-9.518374,24.55873,13.9343,7.152905,13.99204,36.37943,-9.271368,-19.48148,-11.49394,-16.62393
-18.53304,7.573645,-11.37719,7.262337,-3.245779,17.77057,8.259431,2.909614,4.492535,21.31166,-3.952636,-8.622512,-11.39501,-12.45362
4.626787,-1.763769,7.505976,25.20723,1.38348,3.347361,-3.911941,-23.54618,-15.76963,15.19915,-6.095747,-2.588464,-3.149562,-0.4446929
-1.343952,-1.884549,-4.271614,15.25606,-3.699941,7.886229,-2.231711,-8.126363,1.205849,23.80763,-2.559122,-7.031938,-3.030937,-13.97564
-20.05873,9.192029,-24.41548,8.535093,-8.521634,24.42999,13.32589,-2.913187,13.58065,33.44415,-6.041713,-16.1641,-2.563818,-21.82913
-20.04401,6.834484,-24.31917,8.449921,5.622836,17.07625,10.15182,-12.83209,8.175195,19.28606,1.39892,-5.84833,1.556805,-15.50869
0.3348563,-18.02339,-1.544734,4.010204,-10.1423,-18.70037,-17.11399,-10.63432,-6.19582,5.052403,17.50844,32.80215,16.3878,6.259056
-11.09922,-14.96459,-11.73273,2.579308,-21.80877,-9.350311,-15.29167,-4.118671,3.30769,14.83666,17.18608,30.23413,16.59083,3.631238
-17.96824,7.735895,-22.50406,2.639443,4.305246,21.31192,10.26184,10.43126,14.02758,3.381001,-8.885201,-4.472056,-0.2369411,-20.02769
-11.07186,17.15957,-20.35568,10.28271,22.13168,19.66472,14.18098,-2.932517,9.225286,5.573498,-22.37195,-18.87615,2.098604,-24.70886
-8.66169,-3.982447,-9.97229,5.313332,4.293879,-3.471679,-3.253701,1.534965,5.077864,1.466374,7.580536,7.470586,7.325307,-10.72104
7.185583,-28.08333,7.951459,4.119966,-28.80255,-28.45456,-26.03002,-1.180283,-7.835308,8.667742,23.42292,36.50938,15.82992,16.69906
-8.482509,-9.285048,-14.76608,-4.825674,-11.52713,1.674233,-2.454583,4.609882,7.881049,6.152331,12.56503,17.07633,4.148115,-2.765952
-25.83615,13.41846,-28.12267,-12.75605,3.09741,23.82158,17.46561,16.00382,19.78331,3.99943,0.8615698,-1.378583,-10.15198,-20.20574
-10.40581,12.41183,-14.79237,4.686222,15.93811,12.59264,15.65306,14.31435,5.7837,-15.51877,-2.819138,-2.062716,-17.0883,-18.69279
3.675374,-8.08815,6.276949,2.225714,-7.586036,-13.73145,-4.725776,13.8533,0.40198,-5.752245,20.21345,13.07847,-8.855068,-10.98653
-14.26319,-1.543828,-11.18031,-2.941672,-17.35764,5.026009,2.257921,20.79596,15.67238,9.182324,17.5735,3.136315,-9.822349,-16.53543
-10.30268,5.460699,-10.98505,-2.461658,2.536154,14.05093,13.53107,14.82015,4.26234,-12.70351,-1.856217,1.608743,-10.73294,-7.228035
2.006583,0.8976367,3.585129,5.130017,6.420294,-2.929571,3.783481,-11.18703,-11.69894,-3.514813,-0.7147611,3.153086,-1.844478,6.91337
-3.448096,3.82601,-0.1652009,3.748035,-9.670513,-7.567652,4.412265,12.29735,1.400022,1.845949,7.224547,-1.404548,-8.10604,-4.39213
-8.604027,8.17631,-2.377577,2.718173,-2.487371,4.099648,6.3269,3.719046,10.49254,9.719165,11.46476,-15.07032,-7.654811,-20.52242
-16.67048,11.40989,-10.97956,5.251791,3.670623,15.61965,17.02477,19.38918,11.55225,0.2611144,2.322485,-14.38489,-14.87915,-29.58766
-3.491397,5.110926,3.53855,13.67602,15.24352,6.593575,11.45253,7.057806,-10.4108,-27.14865,-3.877018,1.966061,-11.07121,-8.639915
15.48252,-13.59198,18.16364,20.83168,10.81037,-26.92708,-21.71404,-34.37512,-20.62891,-20.96351,17.51372,19.89579,17.67424,17.82868
11.4767,-11.69982,8.093244,15.41514,-3.512214,-28.47546,-17.64679,-29.23566,-10.2512,9.709105,18.56945,7.673492,16.90824,12.97577
-16.47506,6.990167,-14.32784,-0.006066711,3.97788,6.349437,14.4411,16.8714,11.01278,0.7129202,1.180174,-15.83963,-2.934421,-11.95283
-10.93557,15.48242,-11.58475,-0.6150884,13.57376,16.64671,16.8164,16.65488,10.93344,-14.215,-8.579077,-18.36158,-12.19182,-13.62472
-0.09756599,2.307808,-2.83301,6.690277,11.97125,-8.374105,2.434043,-2.620689,-2.878875,-10.10612,4.081896,-3.155671,-1.452029,4.032798
22.47745,-10.58657,15.92032,10.89237,2.473711,-25.60123,-8.944833,-17.93523,-20.80561,-17.21579,5.348446,11.24465,7.59586,25.13645
24.69804,0.9101185,18.26645,19.04816,25.49855,-16.74379,3.735929,-22.20373,-30.35213,-35.02658,-2.521315,4.232958,-10.59197,21.04932
-6.550891,-6.392826,-9.984407,-9.466787,-1.749956,-11.59068,-1.241198,11.45587,2.524328,-3.836158,20.00339,15.49949,-11.94132,13.27114
-16.71572,2.040452,-15.25585,-16.30933,-15.51833,9.965131,8.11504,35.46325,19.03672,25.75117,6.398852,-5.158136,-23.95206,-13.86119
0.6525753,-0.5642637,1.12791,-0.8681108,-10.54312,2.701907,1.782659,8.381885,0.1368918,10.3603,5.797994,4.597366,-17.53976,-6.02424
5.918344,6.906028,0.8004819,3.50766,4.574097,0.3099369,5.69102,-8.2293,-1.54234,3.426484,-1.378134,-11.40313,-7.257147,-1.323993
-11.70621,7.229235,-11.53974,-7.661461,4.068906,1.050458,9.353631,16.7985,15.14242,-0.193355,5.392019,-15.44327,-2.807483,-9.683648
-10.33607,-3.264838,-10.57866,-13.58253,-12.3766,-2.64129,-2.475451,8.702188,14.67967,2.623624,20.24617,4.206656,0.5146788,4.282448
12.34738,-7.027247,12.5266,2.593318,-5.651639,-7.552419,-7.974676,-2.611968,-4.940098,0.4299268,7.621501,1.481321,-6.592851,5.350844
33.34805,-17.62476,32.09516,6.579766,-10.30703,-27.42991,-26.19645,-20.70476,-14.88359,-5.388483,14.98614,12.63784,7.120555,15.76745
9.171066,3.722412,1.480971,-1.21635,6.854193,0.6234677,1.884203,-3.388255,4.516093,-8.582216,-3.299184,-16.5288,1.298305,3.464103
-16.32391,25.64277,-17.56003,-3.317542,14.06567,28.1375,26.17989,19.13168,21.77718,4.122314,-21.35767,-50.09114,-11.44093,-18.96576
-12.13893,26.89977,-13.22815,-4.428238,13.00015,26.58298,24.12917,10.21599,18.20872,3.846411,-18.91355,-45.94845,-12.73466,-15.49117
8.450433,-14.11351,8.529759,-4.473101,-10.98576,-14.84878,-11.03054,-8.58673,-12.48832,-8.031286,10.31371,21.35566,5.95477,29.9537
16.41685,-22.76283,12.01848,-5.004956,-21.80961,-22.35579,-26.15244,-20.11576,-13.35653,0.007894821,15.20301,29.81863,13.21028,44.88277
9.363641,-0.1324302,1.996068,-2.455485,0.2190523,-5.07869,-4.471981,-16.19383,-4.655255,-5.398555,-4.534441,-3.217862,8.275706,26.28406
5.405286,16.657,-1.482442,-5.144864,14.12523,12.42673,20.60583,11.85177,-3.593955,-16.69293,-27.58086,-21.6412,-14.56952,9.633944
15.69692,14.74578,7.868705,9.684573,3.118487,21.88828,19.88967,-0.4763543,-14.4788,-3.19949,-18.18024,-21.83443,-47.20566,12.48259
14.1642,-9.379041,9.576139,2.131169,-32.19353,-9.821979,-8.349118,-0.6807472,-11.22917,19.95822,18.81765,14.16944,-34.65511,27.49186
7.502823,-17.44102,8.320531,-15.1223,-49.62603,-13.17231,-15.48346,12.81194,-4.199317,26.8121,18.64738,27.28917,-18.51218,32.17263
11.41014,-3.404179,10.71313,-5.288989,-31.61263,2.906072,-2.531588,5.771031,-10.27714,1.624141,-1.168372,15.88493,-19.71398,25.68742
27.28219,-3.244671,20.29397,1.640799,-17.54447,-6.840008,-5.713678,-33.37873,-23.77688,2.527582,0.172843,12.13455,-7.608621,34.05513
8.697404,-0.3517749,7.854406,2.166668,-18.42344,-3.765068,-5.601238,-24.54841,-11.909,28.45832,-0.8724163,-1.189395,-5.50204,24.98598
-4.47518,7.149233,0.5914139,1.27852,-3.513879,11.47885,11.34257,6.12764,-1.770078,8.038824,-3.746033,-15.22811,-20.28167,3.007894
2.0514,-0.4503344,5.812171,2.174705,-10.63157,4.041836,2.310831,-3.034771,-5.036306,6.466735,4.754318,-3.547579,-13.06445,8.153011
29.98915,-9.130628,29.2523,18.11445,3.908796,-16.19047,-7.696366,-38.91076,-33.84184,-17.22439,5.347723,14.18991,0.01858337,22.17353
38.20409,-20.75253,33.44741,13.60304,-5.472087,-29.86317,-24.26652,-58.45769,-34.56595,-1.635253,19.01112,25.96856,13.08974,31.68923
-8.343995,1.498926,-8.508856,-8.840614,-12.60312,11.31493,3.091765,6.043723,13.28616,24.83411,3.139581,-13.47056,-7.131965,-4.310089
-14.27894,9.737316,-10.78543,-9.278833,-4.493005,26.7071,15.2159,15.64643,14.41868,13.91545,-9.381673,-25.97396,-14.25827,-7.190762
6.164836,5.307839,4.205641,5.555314,14.81055,11.19208,4.032776,-31.68724,-10.7158,2.831646,-9.327829,-14.81137,-0.9431106,13.38468
29.64396,-10.95164,26.24724,8.506172,1.035514,-13.60321,-14.53142,-29.55437,-26.67406,-9.152163,-5.796,9.925423,2.827632,32.07691
25.78358,-26.81919,26.0029,3.586965,-15.95281,-28.00205,-30.3107,-28.30852,-24.79306,10.88427,4.22188,24.65198,19.02058,40.03415
-1.522614,-2.284637,0.2250503,-0.2169845,19.17463,5.464989,-3.08105,-22.99063,-3.295281,-5.633028,-1.385425,-7.059075,12.30164,10.30242
-19.46676,5.309724,-11.30637,-8.323466,4.885056,18.84248,2.819805,3.439813,15.95532,8.681543,-2.087847,-15.36067,4.946099,-8.33473
-1.485475,-4.733443,7.370931,2.009033,-5.351891,2.506111,-12.02595,-5.254138,-1.167947,18.13832,-6.817181,-2.761629,6.152592,3.420665
1.977602,-16.05412,19.38454,7.165643,-11.86607,-3.295612,-14.88827,-5.463896,-20.41924,9.074144,-5.508931,17.04217,3.533177,19.31884
-22.06723,-7.024564,-0.7574281,-3.245345,-22.78407,15.30499,-5.172404,10.6326,-1.447497,23.28088,-5.663939,11.06547,0.8235141,7.055018
-23.53929,-1.068609,-6.668836,1.73826,-6.31038,13.27848,-1.274546,-1.311884,7.112017,14.29771,7.471609,-2.454079,5.804142,-7.0746
-23.25771,-2.670742,-8.698131,-0.6401567,-10.10549,4.337344,0.9712521,4.146831,6.715555,15.8222,12.21251,-0.227473,5.388517,-3.994508
-7.563478,-6.684304,9.297516,7.834573,-1.180427,-2.751167,-8.147234,-21.76669,-14.92191,13.53509,1.964272,9.095606,11.6947,9.593448
-20.57037,0.7236364,-6.169293,-6.182661,-15.78142,9.496024,0.6550767,4.440888,2.378258,19.24019,-1.904701,6.977912,4.544687,2.151764
-29.4552,18.52112,-21.07268,-5.942517,-9.839869,21.56633,15.26957,16.98667,12.82773,21.63579,-14.9003,-7.179405,-6.341391,-12.07583
-27.86901,5.599203,-13.46501,2.888161,5.572411,17.43521,8.266788,9.462567,9.582631,10.77706,-3.928537,-8.803194,4.31509,-19.83336
-21.18194,3.194788,-12.15788,-0.7185059,1.080921,12.48272,5.109647,3.93509,8.242159,7.834039,4.167842,0.3699241,1.782388,-14.14119
-9.029952,0.217355,-2.114513,1.787172,-7.409882,8.935387,3.293445,0.1987623,-3.271429,9.976367,0.2624419,8.765755,-5.61189,-5.999017
-9.459376,-5.466721,-2.989473,-6.727516,-22.17961,10.38014,2.802846,10.40453,-0.4405484,9.833349,1.179088,18.4548,-1.592402,-4.199116
1.889968,-4.285317,0.6272423,-3.169905,-12.05003,-4.507558,-8.67213,-21.78544,-3.651396,9.692386,7.060353,19.16327,15.17562,4.512934
2.326123,8.808273,0.2032896,2.064949,9.265988,1.844,9.323508,-1.723059,3.863488,-8.75028,1.188222,-9.887051,0.5480188,-19.07546
3.165123,12.58514,-1.103607,0.6237115,7.181076,3.716065,8.014158,0.3928283,7.805246,-3.430771,-1.088685,-12.78512,-4.498332,-20.57683
0.453334,1.395562,-6.069138,-2.680411,-2.857875,-6.710556,0.07402735,-3.149952,6.68056,7.569479,8.270705,0.4360395,4.426876,-7.838652
1.578045,-1.32197,-3.898073,-3.327226,1.01216,-9.059105,0.7707962,7.153733,2.501142,-11.18509,9.161489,10.3602,-0.3779165,-3.36819
6.598275,-0.3033975,-0.3234509,-1.200624,3.533101,-5.529828,0.8950066,14.75661,4.243194,-21.44761,5.189797,8.260743,-4.365013,-10.30681
-0.6139976,14.70747,-8.01857,2.33158,17.40492,7.738811,9.940619,1.063849,13.36212,-24.08816,7.380735,-14.58406,-8.087507,-18.5378
-0.1303425,2.899914,-6.630501,7.126664,14.50249,-16.35005,-3.556206,-8.232517,5.931386,-21.53178,20.57552,0.03799619,5.682343,-0.3249044
0.7581972,-12.80118,-4.300544,-0.07042848,1.047093,-26.72113,-9.858238,11.84446,4.830298,-20.20651,29.74115,14.56059,2.263446,8.912774
17.15343,-1.858379,11.43198,-2.500476,-9.869669,-1.872936,-7.890348,-11.60938,-3.241863,-8.286266,15.31381,7.077914,-17.58726,13.73945
9.54252,8.278722,8.325216,-6.779669,4.957884,10.99174,6.379174,3.253073,2.314099,-15.7429,2.171824,-9.980125,-22.05789,-1.653659
-10.03292,5.547588,-7.8369,-13.33195,6.3087,2.55991,8.662625,27.91956,7.960359,-28.56736,4.916093,0.4720545,-15.3038,10.72604
5.205931,5.080326,1.765731,7.881923,20.04191,-2.220779,0.8992071,1.157901,-2.538043,-37.80876,5.328345,-3.319635,-12.48831,11.01426
2.007855,5.056072,-3.594184,-1.669995,10.04573,5.267381,3.17818,3.188657,7.375768,-31.37897,12.40167,-3.729553,-12.61551,4.466905
2.64778,5.733379,-2.87012,-6.371587,9.314173,1.326729,3.249423,2.706055,11.41011,-26.07143,16.42025,-9.721899,-9.904089,2.131229
1.643991,6.990244,-2.776694,-8.096232,13.19061,6.492858,7.833897,15.44593,16.11409,-21.6055,14.69827,-18.52328,-20.30795,-11.10021
-3.421867,2.029353,-4.873519,-6.219403,12.89087,12.7241,9.751603,22.45812,8.242189,-39.89564,-0.3301239,-5.242339,-7.817585,-0.2957588
1.439938,10.03467,-1.355994,11.1188,29.60674,16.55399,6.170339,1.635797,5.168711,-34.82265,-12.38402,-21.19449,-2.979889,-8.991947
9.791403,-0.5404835,0.7263739,0.9255161,7.54603,4.992566,-6.079239,-5.904229,5.917951,-13.54645,-0.1123903,-5.29576,0.5161099,1.062603
4.914434,-2.342396,-6.158641,-10.94362,7.870432,5.902962,6.694755,27.7001,17.46173,-39.62703,7.822279,-8.765304,-4.971614,-5.558109
2.297587,14.96406,-7.640619,-4.222802,27.14517,24.09465,18.32533,16.54608,16.03773,-47.1352,-7.17006,-25.7158,-13.13347,-14.39265
13.43721,2.409194,2.885769,1.918485,16.09878,14.32807,-1.419784,-12.03946,4.940642,-21.11086,-6.430061,-15.60943,-0.1913655,0.7828107
8.555862,-6.157994,-2.162739,-8.924911,-2.156398,6.423693,-6.546566,6.70927,10.32321,-14.07795,-2.106788,-0.3761568,4.546266,5.951197
13.72073,2.536918,5.27499,5.604306,4.232461,13.83837,6.987997,8.217637,-3.262164,-30.95892,-15.93389,-4.746907,-6.461599,0.9500803
14.56908,10.29588,12.57762,8.32034,16.30151,31.76761,15.34653,21.12901,2.177573,-43.68169,-23.83446,-23.25568,-19.87829,-21.83504
18.95309,3.031888,16.16119,1.737737,21.1834,12.63967,-4.585009,-23.41094,-4.432985,-38.60177,-8.903234,-5.029503,10.72017,0.5363091
1.176095,1.175027,1.103512,-4.579176,7.922253,9.371148,-0.2906788,-0.9769658,2.543277,-22.66866,-9.388949,1.396985,13.13184,0.0842948
5.05644,-0.211912,5.043772,-17.6626,-6.864889,15.13897,-2.280832,-1.369412,1.460126,-10.9944,-12.64944,12.75846,9.200652,3.375067
10.71557,1.18165,9.435863,-13.51975,10.47428,15.01166,2.789056,-0.1944766,-2.818525,-26.6425,-12.90586,7.223868,1.321803,-2.07262
7.633627,7.680009,6.800055,-11.4332,23.36878,16.01168,10.88889,2.730705,-1.061443,-28.70227,-17.09577,-5.247566,-0.06295846,-11.51054
9.109549,-8.425289,6.513887,-24.51587,-9.445731,-6.249073,-9.398536,-13.05456,0.5449625,-5.984421,6.559589,21.92319,21.95204,10.47026
0.2925054,2.570429,-4.436659,-23.55238,-13.28469,27.87459,4.827083,19.90664,16.54967,-0.05919304,-11.28799,1.665264,-8.140563,-12.92471
29.77974,2.983469,27.70462,1.872624,0.1080674,23.28797,-1.03119,-1.978243,-9.381319,-3.61972,-26.36415,-5.548736,-18.92776,-18.88537
37.71541,-7.563684,33.36626,10.64277,18.06095,-8.686335,-9.693359,-23.80113,-29.69504,-40.76946,-13.90438,17.83003,5.729789,10.76819
28.37652,2.480723,20.13657,-0.6996426,18.32052,-18.91426,-3.140414,-14.60675,-19.90421,-29.70955,-13.00716,14.57984,8.500488,7.587336
-2.709098,-0.6898307,-7.912627,-25.43083,-14.58103,-34.31594,-2.086123,14.93235,6.76937,29.74746,5.662309,17.39811,16.60643,-3.390543
-13.35559,2.278114,-14.64146,-26.93599,-19.26951,-26.04391,10.29486,52.60411,9.302,25.51841,-9.300933,15.22305,3.04683,-8.719973
9.470198,-0.2876017,9.89314,-2.270243,-8.280858,-21.2706,0.1235551,47.55757,-5.83272,8.679336,-26.16572,8.029839,-8.186001,-11.4599
19.32309,0.7103401,10.68816,2.243299,9.33736,-38.1818,-10.08497,10.90718,-11.72749,2.12875,-22.44566,10.26027,15.16669,1.67477
-7.524549,-5.053211,-12.27742,-17.82013,-1.807859,-38.09967,-3.450494,34.91822,4.643023,2.705306,-11.1592,20.42405,30.64447,3.85745
-19.99167,-5.176886,-26.20194,-24.6754,2.96667,-21.7443,-3.538325,32.54,16.10544,17.42431,-9.701622,13.47796,26.34646,2.169308
-7.773721,1.733408,-11.8081,-11.41134,4.752395,-24.9572,-0.9878572,18.48768,1.970774,9.790144,-14.92057,10.91013,21.25232,2.961939
-4.817025,-7.128351,-1.693487,-1.851902,-11.07311,-23.96327,-0.4871722,30.79413,-5.19115,21.27172,-19.78616,10.30101,17.86239,-4.237623
-0.6028221,-0.4341765,-5.545127,-5.256259,-0.4979956,-11.09974,1.967303,15.40468,1.045906,18.67101,-22.99409,-1.27963,17.79362,-7.172676
-7.611047,-14.14217,-15.04792,-14.50775,-13.49671,-22.695,-8.503633,10.38183,5.356009,27.76487,-5.545331,16.72849,33.86789,7.45045
-5.386288,-9.868927,-10.60025,1.093965,-2.103793,-19.63395,-11.51662,11.82313,5.36867,32.16709,-15.38142,2.540346,28.1035,-6.605468
-10.20789,-1.583398,-16.92575,3.580491,-4.728374,-8.191022,1.231593,19.79283,9.117843,26.94093,-17.78441,-5.767937,17.78093,-13.25583
-7.744792,-13.0995,-12.73924,-3.548302,-4.284213,-6.243828,-11.00455,-2.326335,6.277641,23.82493,-13.30807,1.667285,36.74525,5.783718
0.1772339,-19.28286,-5.221249,-4.19626,-8.951605,-21.06808,-23.52304,-21.89456,-3.801715,21.91167,-8.00493,20.13893,50.76456,22.95189
-0.6423775,-11.17099,-5.294846,-1.592027,-15.43853,-20.55716,-12.96809,-3.459621,-4.882881,22.49883,-22.41063,14.88522,45.96439,15.06871
2.251355,0.9053624,-7.679509,15.72997,6.347338,-4.915568,-1.036719,-13.29535,-4.554967,21.93803,-36.55206,-15.3846,37.23985,-0.9931335
-17.2175,2.702548,-21.35858,6.333364,-7.818211,5.032457,2.825203,8.248579,15.29753,21.25396,-22.01073,-14.39844,34.93555,-13.82573
-1.915229,-3.337466,-7.13883,7.831699,0.07559704,-1.22841,-1.405874,-21.49266,-0.1021786,17.62379,-14.27829,-10.01508,36.68188,-1.298943
0.1473158,-23.38221,-3.522154,-4.354403,-21.70128,-23.35409,-16.18788,-4.774785,-2.730326,25.28527,6.93483,16.24483,30.66166,20.73319
17.31441,-28.04425,19.32128,14.93617,-30.75344,-35.76556,-34.63256,-26.94775,-20.82527,31.10089,5.206501,28.05634,33.33972,27.6935
4.404004,-8.198209,2.046032,22.01004,-6.730113,-16.1787,-9.221737,-20.62811,-11.60256,25.41623,-0.9846091,4.039424,16.88398,-1.255667
-23.95328,13.78082,-28.93167,6.569249,5.817072,10.47217,17.81157,24.35242,19.54546,17.02975,-12.63556,-21.95246,1.173061,-29.07859
-17.17569,1.422106,-16.63081,1.623926,-2.536089,0.3450519,9.479784,9.906087,7.938245,19.39295,-2.50313,-10.26998,8.777274,-9.769708
-15.89504,-9.530182,-12.7978,-7.288505,-13.81112,-9.140456,-4.388124,3.382961,6.26303,25.67627,14.073,8.814445,9.643344,4.998178
4.06592,-19.27212,5.908472,12.62847,-17.7619,-23.48582,-16.66554,-21.32753,-15.44528,19.70962,13.68381,19.53467,17.93593,20.49127
7.619026,-7.263978,9.906277,24.35149,0.8053398,-15.17731,-4.029516,-29.86896,-17.67034,16.4219,-0.5198518,-6.227181,19.76429,1.888803
-18.13342,9.569447,-15.44009,4.248541,9.778444,11.4156,18.76745,9.721799,9.275301,18.81905,-9.548669,-27.3751,0.7818756,-21.88021
-17.19645,5.732914,-9.287021,1.044022,-0.8809364,3.519374,12.81805,1.817117,3.106202,14.5597,1.279478,-12.67625,3.98893,-7.825127
-6.07811,-11.79187,7.158242,6.157198,-19.02794,-11.26185,-6.305106,-4.23331,-7.442294,17.73082,14.86735,7.720186,7.18501,5.321658
-11.80175,-7.975714,0.6371658,3.588978,-14.47959,-2.181763,-1.543453,-6.57656,-5.230861,16.01773,12.45068,6.374052,5.437368,5.28371
-22.34309,9.173943,-14.5125,6.801355,16.64752,9.076205,16.11647,-11.6534,-2.171035,3.103498,1.764297,-9.48721,2.77575,-5.291794
-19.59497,3.631765,-6.676757,3.565963,6.386254,12.81392,12.64576,-2.728961,-2.016808,6.828355,4.002835,-5.758132,-4.143054,-8.956163
-12.61602,-6.98861,-0.7361243,-6.486654,-19.38516,-2.609065,-3.553884,-8.77636,-0.5488894,23.89311,16.79964,10.22482,6.42622,4.356975
-13.47497,-11.56577,-3.67202,6.032863,-10.57257,0.2330226,-1.251431,-6.722778,-1.430816,11.07365,20.8898,5.604307,4.063075,0.793637
-5.279363,-1.55668,2.095045,10.13899,4.824991,10.16471,-1.257722,-21.91026,-2.275852,-1.050587,10.4122,-7.452349,2.463634,0.6832445
0.08316021,12.22257,1.264926,11.21399,13.03237,15.39326,10.69786,-33.26526,-7.765136,4.834421,-2.651681,-18.72088,-5.914561,-0.4250249
0.5400881,2.892502,4.709137,7.312629,9.777041,13.05546,6.881797,-4.440778,-5.511192,-8.269645,0.1306946,-11.13334,-16.92143,0.9770514
10.01201,-0.02566647,9.762836,1.71788,-4.796823,-1.582747,-5.397317,-1.59679,-0.3330163,-8.148772,8.716598,-2.102614,-12.25734,6.031753
24.06122,6.872749,24.34329,24.00412,19.06492,5.762475,3.281,-36.28679,-21.49585,-20.52791,-4.87017,-15.98178,-9.414601,1.187328
16.97256,-0.3126399,18.08518,19.78082,18.45191,5.757849,-5.192411,-44.01695,-19.34484,-11.12594,0.683278,-13.32754,-4.401486,17.99022
-4.966291,16.36596,-4.859978,11.79473,12.3836,19.95976,0.5327668,-28.67795,8.150553,10.18955,1.273736,-30.07703,-11.30215,-0.767253
-14.26138,7.363559,-11.71662,4.163197,3.055629,9.768695,-2.768603,16.10975,18.37349,-8.842538,12.99185,-12.7434,-20.04179,-1.451843
3.526366,-6.294724,7.414215,14.05253,-6.735166,-12.68115,-12.20224,3.001454,-3.877553,-19.98276,20.64478,7.593304,-12.05007,17.591
23.0169,5.738638,28.14588,33.8044,18.09334,-10.51928,-5.382504,-26.30839,-26.26072,-41.20493,-0.8236006,-1.795113,-6.377999,9.873393
2.114017,7.018553,1.535851,13.8875,11.56226,-2.959495,-2.812175,-7.0088,-0.4998191,-22.1822,12.42029,0.3488742,-11.67189,-1.752961
-2.939389,16.75964,-2.966662,14.39744,12.12499,13.39664,11.07685,4.402764,7.153706,-7.627077,5.004233,-21.57747,-28.99931,-20.20634
0.7470232,16.28703,3.392926,14.60664,15.4166,1.839734,7.592825,-2.085827,0.4666215,-11.25399,12.16197,-11.4263,-28.62169,-19.12354
1.862605,7.95893,3.581102,14.52451,9.598223,-0.8422759,2.385274,-7.966904,-1.313355,-14.10996,22.35371,0.7840657,-23.69158,-15.12434
16.14274,1.85319,14.88847,21.46067,9.231933,-3.10736,-1.168625,-10.07228,-7.101207,-15.23718,20.40921,-4.020456,-27.45083,-15.82827
9.851242,2.293962,7.406289,17.35717,2.305604,-1.582,-0.4162698,-13.49515,-3.663692,6.140594,30.76493,1.682726,-37.37005,-21.27536
-9.083843,13.70741,-8.453951,11.24079,6.586281,13.11854,12.16655,2.496421,6.781971,16.78043,17.57069,-11.35025,-42.34118,-29.21986
-11.35876,17.83898,-13.18383,9.872796,10.92344,19.00889,16.38829,2.888019,12.77751,12.68053,20.45165,-14.78532,-44.73595,-38.76623
3.048297,8.187168,3.785137,18.06129,10.23925,17.8646,11.86123,-9.038261,-2.192941,8.647344,18.51085,-9.946282,-43.56991,-35.45778
14.98547,0.2826468,19.11765,18.06994,-2.813632,2.17982,-0.1390975,-25.5584,-16.66095,23.13435,13.72312,-0.5055001,-29.2006,-16.61482
-5.711005,14.80022,-1.862783,6.093125,1.744286,13.44857,13.90495,0.1296445,-1.005649,33.33355,3.121727,-5.998626,-38.043,-33.95499
-23.71436,14.355,-18.22734,-27.22927,14.48387,21.49098,17.21362,13.79031,20.21301,33.72938,10.47141,-6.825071,-30.23689,-39.51463
-15.13513,18.31579,-12.42243,-24.45748,39.66843,17.57401,18.74292,-20.40817,13.59296,30.84913,11.66909,-20.15322,-17.37503,-40.46085
-9.36829,5.425208,-4.008229,-25.75304,20.59208,1.787515,8.77948,0.4765625,5.846579,23.59396,8.520782,-0.7144337,-13.03282,-22.14535
-1.702784,-9.445913,3.629031,-35.50174,-3.86194,-3.193875,-8.366498,14.49944,7.310836,25.64109,11.89463,19.27621,-13.11836,-7.060138
7.975761,2.815924,9.434584,-20.39032,7.266051,5.063699,-2.529172,-5.035556,1.524785,41.11538,-6.939867,-7.610436,-17.67174,-15.01909
7.000986,4.017304,8.441717,-9.174122,28.45755,5.700174,3.251405,-19.7405,-6.112469,24.82944,-6.476054,-15.96435,-13.30333,-10.92775
5.78497,-2.404994,8.364266,-10.66228,24.21483,-2.410625,-7.374466,-20.90133,-5.673362,14.34492,6.376561,2.097802,-8.823073,-2.933219
-16.50057,-2.392184,-9.177317,-24.63046,-9.003794,4.820458,-0.3676021,12.0906,11.50283,23.60248,11.97687,8.84006,-8.508148,-2.253234
-7.327579,2.614404,-2.57937,-23.1282,-12.20258,11.88774,1.923582,2.116996,6.433942,15.68689,5.754846,6.421762,-12.2792,4.676774
12.66284,-10.49131,16.61285,-16.09234,-10.36866,-8.66821,-14.04508,-11.45965,-11.39878,2.302986,7.273953,22.83131,-2.242047,23.08212
2.147866,-3.782901,9.52445,-7.467786,8.699232,-4.548425,-8.060879,-4.192968,-8.766583,-12.09481,4.262502,10.80425,-6.9731,20.44915
-6.051819,3.733405,-4.4837,-3.478442,14.27329,-4.611949,-7.887239,3.049978,5.610037,-3.755762,1.404364,-4.631343,-5.345998,12.17518
-18.29978,-0.1461753,-9.63251,-9.875859,-4.251078,-10.58938,-1.957991,39.38696,6.6211,-7.723881,-0.9329881,12.29027,-5.549043,10.66035
0.3842509,-5.623948,11.92368,-2.348267,7.037479,-13.23046,-8.290961,17.42767,-14.82783,-36.21209,0.2048082,24.87091,-8.362214,27.04697
6.856977,-6.879284,12.57977,6.549343,14.04802,-18.11032,-14.91991,-0.854974,-18.65629,-38.96469,-0.1741906,24.98882,0.9658443,32.57087
-28.44377,-8.837813,-14.39545,-15.09632,-12.55497,-5.204106,-6.544827,49.49855,13.67142,-16.32618,8.767918,19.35491,-1.298621,17.40924
-34.24483,8.609458,-25.08177,-14.09495,21.14987,9.111208,6.585801,35.56346,19.83831,-21.97864,-3.051114,-4.945859,-1.443661,3.982731
-10.08364,3.168153,-4.487313,1.31266,16.42992,-6.782621,3.355685,31.0257,-2.590815,-37.97358,-8.800815,6.72824,-5.326131,14.02455
17.70654,-22.22911,21.97229,4.377982,-3.700477,-32.13094,-18.76917,0.5256755,-24.80393,-30.068,11.20389,28.02924,3.838263,44.04772
8.491718,-12.53855,9.961488,-3.216953,9.157793,-14.55876,-9.608907,7.344892,-15.14834,-43.4338,2.326611,23.93513,1.587776,35.69989
-4.085459,2.646464,-5.456325,-3.454126,5.423464,2.926506,8.46629,22.94224,0.217512,-32.28189,-3.518536,1.587022,-11.12729,15.71413
0.3981664,-4.127175,-2.311538,-7.030275,-10.70994,4.974163,5.025144,33.99514,4.032904,-26.89137,-6.179556,4.794341,-7.731503,11.76149
15.66614,-4.989387,12.00357,-1.506274,-10.8313,-2.811048,-6.97938,-1.76271,-4.615297,-14.70484,-5.857791,2.787971,6.765473,16.83487
14.13448,-8.244963,5.389749,4.244348,2.44207,-19.35242,-9.079925,-18.13953,-7.866287,-18.47742,7.193755,5.803885,18.78518,23.16707
-4.792073,-18.01241,-13.69266,-18.74778,-30.66175,-6.526568,-5.786387,37.12146,15.27166,-15.5308,11.74261,19.88439,8.582577,21.14771
18.88042,-5.357408,6.471783,0.8617805,-18.97122,0.5553218,-8.057968,-25.37836,-1.126657,7.531983,-1.350023,-7.330092,13.64609,19.62436
14.47327,-15.75398,6.712439,-5.687789,-23.17459,-10.28865,-17.58393,-10.34155,1.819479,0.5825916,5.437788,8.172734,23.04086,22.59132
3.455855,-6.814522,-6.584746,-9.881662,-23.85837,-0.8207651,-4.946879,-14.47271,7.976005,8.3731,3.085597,0.4425249,26.99326,17.0533
-1.427062,1.135481,-12.56808,-4.869268,-12.82179,1.239055,2.308126,-0.3041113,12.24109,-5.882413,-0.730387,-4.157468,20.09237,5.744473
13.54009,-2.283098,-1.065134,4.120279,-10.7017,-1.949685,-4.824358,-19.10427,6.629064,5.07548,-2.141817,-13.81656,22.23859,4.283119
16.34592,-5.922975,5.187511,-1.520305,-22.32055,-4.394013,-3.623762,-7.949251,-4.784389,3.198309,-12.10297,5.47604,19.27801,13.13243
0.1533274,-3.657133,-7.64157,-13.22845,-36.54044,0.8697881,-4.923734,3.187775,7.731758,10.12404,-5.933013,13.02704,19.7285,17.10211
3.814823,1.29049,-4.272204,-0.9078887,-1.162746,2.024127,-1.145273,-26.01844,2.693183,2.386896,-1.653722,-7.483708,22.4509,7.983566
8.826057,8.452374,3.820002,3.394239,-3.481693,6.417001,11.64586,2.640209,1.677371,-8.912739,-8.226563,-16.12783,-1.399311,-8.724964
6.197503,3.885258,3.464841,-1.915582,-29.81362,7.117001,2.177561,0.4094242,9.124427,14.96849,3.041085,-12.35313,-2.383017,-3.920234
12.55979,-6.984609,14.21807,-1.601779,-33.566,-3.560602,-15.07533,-25.50497,-7.516537,26.79901,2.11856,10.07897,10.89782,17.13761
12.04932,-2.855196,14.47862,4.08913,-19.86857,-0.1541777,-1.673252,-11.69638,-16.77493,-1.856087,-6.072204,12.36283,0.1486338,17.82226
7.888197,3.337718,4.941165,14.44988,-4.512886,7.875161,3.321011,-18.0506,-8.988785,-11.99907,-2.347893,1.418121,0.772126,1.895865
-18.80084,12.72124,-15.13619,-0.7905655,-5.321677,22.30533,15.52831,16.52882,21.09549,-2.854352,5.020936,-20.38834,-7.403745,-22.50442
-15.69867,12.89587,-9.583764,-15.67484,-14.57762,24.18186,12.20045,13.8794,22.16322,8.497331,6.735466,-16.79993,-12.2332,-15.98556
-8.848221,17.19599,0.9750406,2.053035,-6.8976,27.92276,15.89437,8.225591,-0.9879158,-2.254145,-12.82936,-9.481682,-25.00279,-5.965052
-4.606199,12.41012,-0.01020883,10.87102,10.70457,17.46612,16.48038,11.89768,-1.421697,-25.94596,-4.377528,-10.09905,-20.93424,-12.435
11.42937,2.004751,11.27697,12.18861,4.88992,0.6899788,-0.8258992,-11.26392,-6.389012,-15.55548,3.462,-3.363221,-4.642938,-3.901118
-1.208015,10.26933,2.755845,-3.283926,-4.178803,10.18947,10.53954,16.22614,11.03913,-6.915584,-3.231505,-17.21411,-4.846384,-20.14113
-3.067738,24.32259,0.1625568,0.4391355,5.52092,25.25601,19.82473,3.479776,11.25527,-6.774508,-11.31718,-27.43859,-11.5464,-30.11655
-11.65691,10.36994,-11.59953,-1.311955,4.506203,14.05436,16.27757,11.12351,8.441267,-1.230756,-4.001187,-13.01453,-7.349134,-14.60884
-5.739463,-9.518289,-3.631304,-1.494228,-10.22957,-3.706755,-4.260867,9.154087,6.573626,2.962806,12.15176,6.380117,6.615413,-5.25734
1.299064,-2.77152,2.911505,0.7203419,-8.376041,-5.303842,-7.223789,-3.698563,7.328025,6.789274,10.57984,-1.816514,9.321282,-9.75907
-7.538581,10.81178,-7.59573,-5.483495,6.696393,9.620761,12.45649,9.834419,9.5258,3.768776,-8.865094,-17.10562,-1.733306,-14.39259
-1.521672,7.884594,-0.7264785,7.246834,20.52074,10.33293,6.34178,12.24631,3.609007,-15.53881,-11.47335,-13.51247,-9.151515,-16.25789
-5.015965,-1.641775,0.2790183,5.941936,6.974969,-4.19561,-2.906624,16.51946,1.625276,-23.89938,1.966116,7.106215,2.110485,-4.864123
-17.92629,-4.411929,-12.17083,-3.519507,-6.887062,-9.552335,-4.933133,9.746388,5.4868,-2.497803,13.65932,15.87687,8.412261,8.717257
-8.465154,-5.209592,-4.084893,5.33355,-2.224891,-10.31777,-2.556184,7.759379,0.2730133,13.11086,2.993267,2.024652,6.377023,-5.013259
-11.79573,0.5708811,-4.800511,4.564899,8.566883,-9.469928,6.12749,15.50377,-0.310778,-1.175601,-0.5905262,-0.4624908,5.595166,-12.32353
-9.89319,-1.452848,-8.642174,2.041441,4.641582,-17.80037,1.730806,17.33941,4.140463,-0.8829479,6.26111,4.395717,7.957274,-9.836275
0.5638407,-3.031379,-1.803784,9.607831,-0.3346111,-11.49536,-2.216528,13.02439,-1.450264,-13.24113,-0.09943595,8.59983,4.768831,-2.892245
-5.807939,5.013484,-5.056372,7.785465,10.80367,7.020434,5.522822,5.848611,-0.8766994,-29.87357,-7.587811,3.498967,5.085322,-1.376376
-4.307666,7.146933,-8.690966,8.548902,16.96143,7.526886,7.737917,6.147406,2.813622,-25.67565,-10.8833,-4.297046,5.244356,-8.272814
-1.371093,-1.114084,-7.733699,4.602148,8.928504,-4.996285,0.7594171,7.338931,3.478695,-25.48088,-0.7613022,4.442208,12.45336,-0.5459154
-3.265813,-0.4905986,-6.593759,-0.5286412,8.531573,-2.536283,1.185247,14.10956,5.401596,-32.33644,2.307477,7.714584,6.962053,-0.460547
-13.51918,13.0112,-11.44406,-4.179399,4.089477,18.70812,11.01586,16.02547,10.51682,-15.77991,-6.029175,-1.629312,-9.647172,-11.13874
-14.82712,8.406301,-17.62643,-3.341737,-1.901136,24.34439,10.49662,2.369851,11.47104,1.935027,-7.945661,-6.417521,-0.480836,-6.482791
-14.23144,3.375663,-17.48013,-1.323885,4.609114,19.32448,10.40939,-0.6184571,11.04487,-12.75466,2.00216,-4.042984,6.747973,-7.062081
-4.183674,-2.191801,-3.657827,3.144829,1.150302,10.1055,1.760627,-16.75583,-1.21831,-15.98946,2.693681,6.828591,17.61338,0.6999937
1.383484,-4.116911,3.603584,1.235561,-10.47355,10.07904,2.049953,-3.247185,0.10493,-5.942902,2.413037,5.544388,7.367961,-10.00139
-2.05175,4.733478,1.528976,-4.251002,-8.32069,24.57323,15.80666,9.722281,1.112833,3.682199,-13.6768,-4.203744,-5.917536,-22.73813
2.868211,11.295,3.163966,1.892696,10.71385,21.79428,10.50941,-22.17453,-7.62527,-6.944201,-17.33651,-3.99527,2.857143,-7.018767
-7.886052,1.48514,-5.302854,-5.855482,3.695927,4.835544,0.6389537,-11.50259,-0.4308647,-9.396258,0.4574734,9.619687,13.52552,6.11585
-6.858195,-4.132099,-5.982411,-13.43176,-18.19998,5.236479,-1.140917,1.933544,1.439387,7.731492,-5.134952,14.91284,12.13552,11.49104
7.502829,2.970338,3.119757,-5.091999,-7.795055,4.809299,0.7185547,-8.279511,-1.583049,0.06470502,-9.24694,0.9584907,6.388917,5.463666
22.71774,-3.647745,14.04579,2.857678,10.08343,5.696964,-6.012225,-24.46996,-11.31937,-17.37286,-11.31261,4.833492,8.645189,5.254481
23.55115,-4.250744,17.13705,4.512242,15.57081,-0.9015332,-4.808344,-28.72959,-19.23378,-16.97637,-9.322163,8.431584,5.636839,9.382851
2.300965,-2.674105,1.504605,-11.54642,-3.772546,3.174198,1.977022,10.91354,1.313513,-10.29943,0.881788,11.82567,-2.944345,-2.654452
-9.627073,5.616859,-4.024466,-12.70349,-13.46773,21.98358,4.071612,5.328971,9.774989,30.26831,-7.85865,-4.089385,-9.317116,-15.95642
4.960833,-4.844438,8.349515,-2.105965,3.853163,-6.362335,-8.033907,-20.16161,-9.432371,9.820439,3.253087,6.623515,4.712183,9.367883
22.87499,-15.07926,24.60183,2.415544,12.75878,-11.30886,-12.45399,-26.26623,-25.14127,-27.9226,2.26265,21.27686,10.27352,21.70803
-0.3634909,-0.4995356,3.430531,-6.496683,6.170265,8.069232,6.036239,1.563432,0.1268515,3.400812,-2.901642,-8.422775,-3.041203,-7.072032
-11.92964,-1.211056,-9.81559,-24.21014,-20.98067,5.436646,2.127392,21.1509,16.43951,29.79951,3.593056,2.113275,-3.762215,-8.750988
6.287228,0.5856172,5.031399,-14.00226,-5.195274,8.198442,2.460058,13.77719,3.321629,17.65838,-10.58115,-3.022227,-13.6525,-10.86654
6.121727,-8.504776,6.382383,-6.957139,15.05536,-17.43501,-8.599375,0.7940001,-0.04745427,0.8288426,9.498983,1.740945,4.164527,-3.04302
11.06742,-8.890405,10.8579,-0.7010517,20.62261,-17.44978,-8.620651,-27.89876,-14.7213,-16.00246,6.86174,7.754618,18.05752,19.0626
-10.48268,0.5485877,-11.11937,-14.32704,10.81093,11.41711,8.314076,14.70709,11.31438,-9.869145,-0.5723096,-9.072244,-2.151119,0.4817341
-9.391365,-1.150901,-7.24021,-12.52594,-7.601366,5.349095,4.585257,25.14144,12.00887,17.48004,-3.022924,-8.376908,-6.966676,-8.288424
8.129209,-7.399603,9.657933,0.5611061,7.072851,-12.07224,-4.86191,3.503631,-8.816154,5.91404,-9.836626,-2.904611,4.872039,6.180323
30.90707,-14.40335,29.87252,15.04605,11.37905,-16.44718,-11.17256,-16.02338,-26.60913,-13.33932,-12.50591,4.543785,9.303899,9.448445
19.07573,-15.25666,20.33722,3.199164,-12.66679,-10.16359,-14.79881,-5.911257,-12.68677,7.843724,-8.591915,9.23041,12.7098,7.679736
-14.66193,8.823508,-10.61094,-6.412869,-9.220082,12.68691,11.95942,34.74763,14.69806,23.92876,-16.85391,-18.01041,-10.5596,-20.51455
-12.11416,19.59508,-13.30884,-0.4625435,-0.9901376,29.76827,24.50943,40.61365,15.95578,17.90436,-29.02977,-30.11881,-28.10388,-34.21841
0.900282,-1.79406,1.502527,10.01959,6.8284,-2.661873,-1.393505,-0.8739247,-3.519911,-1.474058,-7.993546,-6.560517,7.463704,-0.44311
4.745957,-16.64801,8.374918,7.827598,-0.833447,-17.06417,-9.001803,-1.193186,-12.01815,-14.71802,2.689339,12.33257,20.66089,14.8455
-1.155605,-9.735773,-0.05700138,-1.670622,-14.35124,-2.548072,-5.193425,11.02599,-0.8216506,4.824558,-5.953718,6.323449,9.113839,10.19925
-0.3900856,-6.395834,5.083987,4.182106,-14.95596,-4.711215,-9.123284,3.707532,-1.641997,25.29319,-2.172713,0.2760065,-0.2037508,1.052016
-3.894707,-12.13552,-3.201584,4.425576,-1.071351,-14.28128,-8.686834,1.536726,3.631204,9.323661,13.91141,-0.1274607,10.44629,0.1238589
-10.36303,-13.32902,-8.092979,3.845059,-7.145582,-12.28732,-12.74918,-1.326792,4.861711,12.13067,21.00055,5.569606,5.827719,12.05857
0.03007214,-2.362691,3.329905,1.831019,-5.459407,-0.6230025,-6.535673,-14.26351,-5.114015,17.74077,4.285091,-0.04159314,-5.409151,12.59218
4.711909,9.506145,8.067293,-0.6846924,4.015323,11.91297,9.276224,9.856736,-5.046447,7.305292,-13.35388,-14.2827,-29.11213,-2.17205
0.2607136,6.367598,2.967383,-4.575255,-7.787717,8.346084,1.296837,2.926806,-0.9038393,23.25325,-4.590394,-6.316572,-25.16851,3.923623
5.122509,1.485621,-0.8592938,3.791609,6.248305,-9.446196,-4.72543,-16.82869,-0.6048627,23.74088,6.288659,-8.845225,-5.698085,0.3301922
-0.7191753,0.487271,-0.2226999,13.56177,9.282413,-3.574626,4.269667,11.93016,-1.5015,15.01814,-1.143169,-14.4549,-18.10859,-14.82476
16.58065,10.74801,11.05454,19.64115,21.3599,1.549953,1.128564,-26.44523,-13.42053,10.56152,-9.857224,-16.3415,-18.59877,-7.961022
12.55986,12.23336,9.660483,13.50434,-0.3294559,7.049713,5.02907,-22.04188,-12.42922,29.03559,-8.643365,-11.14964,-25.84046,-8.63839
-0.8372449,3.475675,3.344616,4.059063,-15.35754,5.16403,7.834429,2.274497,-8.603255,27.08273,-2.782532,1.466157,-21.51724,-5.603376
12.23779,-15.86513,9.04362,1.132282,-13.1468,-26.04149,-13.84663,-4.798921,-9.427873,3.802046,18.24005,23.70697,4.959463,10.00461
23.20749,-24.72078,22.16776,10.23866,-10.3625,-45.29934,-27.095,-35.10711,-25.07759,-0.2028078,16.67573,30.35116,36.30794,28.91636
8.533653,-3.176372,6.196259,14.21348,4.675797,-15.692,-7.757299,-36.40498,-16.0848,7.673937,-7.351229,2.211498,29.64561,13.31645
-18.46985,5.109154,-20.18851,-2.281119,-1.110097,2.615128,5.097163,-0.8983995,5.748749,1.353678,-5.052292,5.13427,16.71275,6.229375
-16.04263,-0.4569429,-11.12916,-4.611036,-2.298376,-12.49102,0.3931553,4.564689,1.178899,-13.63422,4.748011,14.64672,22.53004,12.60187
6.33167,-8.787876,10.93472,13.75014,-8.456659,-22.55148,-10.4458,-8.395612,-17.00927,-9.418836,0.03550385,18.10942,19.32522,16.57885
7.230172,-11.99049,7.956142,11.64441,-23.11942,-20.11982,-12.64489,-4.515341,-8.559342,12.38873,-2.941967,10.5333,25.18091,8.957592
2.652838,-0.190399,2.813639,18.6326,-7.707435,-2.493763,-1.031172,-0.8121557,-3.342414,1.003265,-10.99741,-7.380784,13.64828,-4.795086
5.592649,8.298018,10.53356,25.41022,10.50604,3.96929,7.126613,9.174379,-14.9113,-27.49077,-25.52608,-5.962588,-2.37922,-4.340818
9.976401,2.999174,11.49558,12.15437,9.596886,-3.253015,2.220848,-2.02698,-13.48006,-15.26186,-13.88232,-2.005565,-0.4900475,1.956578
4.013403,-3.798924,5.17547,-4.994788,-22.13429,-4.672276,-11.18302,-14.79336,-2.291379,16.03025,6.481451,13.2037,6.420572,12.54318
-8.806243,5.811306,-8.521097,-9.765401,-12.95204,1.203216,-2.550023,-11.67411,7.792634,11.80056,3.168864,3.04903,12.90625,8.537064
-2.744152,-5.23144,-3.90331,0.9715426,-4.668858,-7.58936,-3.486654,8.761006,5.231276,-12.03032,6.057071,2.917891,11.49014,4.225155
16.08495,-0.8160027,14.92168,11.08535,-0.2399594,-6.558643,-4.142435,-2.264408,-8.139425,-19.41065,-2.506923,-1.822702,-0.8226922,4.631867
27.42994,-6.264261,26.95236,12.0311,-5.074385,-8.557105,-12.17563,-11.02944,-15.64061,-6.198621,-0.7798997,3.653719,-9.688297,5.34112
7.778307,-9.803664,8.075103,-6.327527,-22.06456,-13.20454,-13.59317,2.708574,5.821887,8.251665,23.82255,9.41223,-4.222563,3.345698
-12.64279,1.610978,-19.54756,-9.7436,-0.0642221,1.661517,-1.703303,2.491817,24.53628,14.38973,17.38616,-14.06736,2.661254,-6.968898
-5.657976,1.593716,-7.652629,-3.732178,2.695578,4.612064,4.706498,4.773848,10.05486,6.495063,6.545874,-11.91305,-4.849333,-7.672342
7.709903,7.465461,2.83748,-1.438965,4.476609,5.124299,7.743963,0.955428,-1.890034,2.115752,-2.931348,-5.419072,-19.23643,-7.513037
7.282279,-1.354564,0.179635,-10.1057,-11.09304,-6.140389,-4.39849,7.431698,10.13809,6.878212,16.63128,1.907685,-13.94117,-3.41553
7.157235,-4.437872,-7.479602,-15.63876,-10.45074,-19.00066,-6.907437,-1.177389,14.91805,4.840924,25.50582,3.696821,4.369035,4.604575
10.79694,4.876299,3.442634,2.108529,16.89898,-5.36248,3.25444,-12.13503,-0.4042889,-11.36187,6.557713,-6.695516,-2.013576,-9.96277
-5.199697,11.49163,-6.669386,3.302353,14.35642,1.342371,11.33555,9.779209,8.12183,-2.304051,6.681208,-12.36461,-16.02049,-23.85233
-7.820702,4.201626,-11.93407,-8.620506,-18.31378,0.4161541,4.136564,28.30147,17.48262,18.85672,13.41601,-0.5719067,-24.08702,-15.46317
0.8773277,-4.760293,-2.024103,-4.094633,-5.722322,-12.88511,-5.808773,-3.662769,3.547278,9.185843,17.7995,6.071631,-0.2129383,1.68936
11.59245,-5.816606,0.81934,2.366112,7.468743,-17.26711,-5.412584,-20.26048,-5.573009,0.6403306,9.983304,4.488652,9.745752,7.225094
11.9201,4.578578,6.064875,7.2482,15.73108,-2.566979,6.118187,-6.15744,-6.742201,-18.07631,0.9150169,-4.487226,-9.250821,-5.295049
-19.83874,14.14879,-19.10962,-8.123318,7.226025,14.75194,16.127,19.98454,20.93152,14.86728,2.859921,-19.21763,-15.49661,-29.11109
-4.52163,4.534191,-2.913255,-7.366042,-5.169861,-0.737156,4.28143,14.12467,5.284619,21.46273,-1.259405,-5.122967,-13.23372,-9.363606
-0.03621697,-5.028002,1.025072,-9.268638,-2.633705,-14.91263,-2.546038,-1.603209,-5.355075,2.425508,11.88687,15.61999,0.1427841,10.28328
-4.628008,2.739043,-2.910463,-5.6892,5.472633,1.801649,1.605629,-7.507072,-3.807385,-0.5833011,0.7396478,9.37186,-1.606507,5.00148
-15.3031,9.841992,-20.55743,-15.90593,2.811627,2.20201,7.474849,10.96991,13.90701,15.54786,-2.62647,-3.711122,-3.205053,-1.446128
-18.74709,6.822532,-16.9651,-17.65317,-18.89476,4.246362,11.39442,30.98171,10.20597,19.88691,-2.126071,7.980747,-15.04272,-2.089729
9.557042,7.806852,9.333005,6.997477,-3.835115,7.84077,5.698968,10.36684,-8.680228,6.324053,-19.23385,-3.542734,-22.02033,-6.612745
-3.165892,2.811285,-9.860496,1.611593,7.425411,-3.267555,0.1617656,-24.45773,-3.051793,8.79349,1.976005,0.9401676,8.860207,11.22354
-11.28029,1.705501,-16.16623,-5.86753,1.709219,-4.229366,6.633304,0.7417149,-0.3546737,-1.878788,-1.561905,7.722177,7.842893,14.98398
-23.02718,20.3449,-28.37468,-14.92706,1.79077,16.42853,19.25379,15.84251,20.45018,3.98174,-8.221249,-11.38711,-3.02528,-9.129846
-4.665674,7.363335,-1.199225,2.656275,-3.699279,2.316565,1.42996,-21.09584,-10.10709,9.363589,-5.939653,9.181718,4.27465,10.12068
17.63016,-4.466383,20.2072,16.63404,-3.403699,-3.709996,-4.099612,-23.4692,-27.42562,-1.200389,-8.710526,11.82041,-3.906541,14.10016
-2.613935,-1.577815,-9.883965,-0.1214827,-5.046604,0.7825711,-3.144353,-17.89286,1.407844,9.9457,2.078147,3.781321,11.52473,10.7607
-2.137094,-9.326499,-11.30502,1.005031,1.241474,-10.5013,-10.98076,-29.19246,-0.2503681,10.79838,6.999254,5.908291,27.70116,20.03991
-2.935107,-2.838928,-5.321577,11.74733,7.55267,5.34874,-4.666607,-22.49437,-3.646741,7.595788,-7.974893,-5.37033,16.25992,6.744105
-0.9510491,-3.735319,9.568476,13.23833,-3.789237,6.9677,-7.090844,-25.94076,-15.59942,11.81705,-6.075248,5.161651,5.959853,10.46881
-13.74768,-3.207697,3.219699,2.086587,-7.910468,10.04757,-0.3721047,-11.03087,-7.754143,-3.030651,6.619969,10.81051,4.884271,9.385001
-32.4207,-1.892756,-22.82669,-10.06358,3.134356,9.519479,0.9967442,1.957079,14.4903,-11.90042,12.81712,6.028149,20.60061,9.560309
-23.62522,2.204081,-18.58234,-9.153871,6.733947,6.423137,-2.162671,-15.81435,9.734252,8.924639,3.244027,-2.72815,21.46754,13.33499
-25.21716,7.165243,-13.74394,-4.044457,-2.78773,16.02018,1.558998,-15.98021,4.274936,19.81371,-4.532516,-3.059448,11.50984,9.022562
-32.1996,-3.33532,-10.75451,-5.026372,-9.858925,16.72407,2.296049,9.233171,2.129183,-2.906669,7.387237,13.11176,1.874942,11.32498
-25.3064,-13.65833,-10.40423,-8.466784,-6.476302,-4.89349,-10.41915,11.72344,3.794843,-9.574274,19.83586,21.9498,8.733939,23.16106
-12.7965,-11.57493,-1.42441,1.059107,12.76274,-19.68138,-16.918,-14.72497,-8.052535,-15.90482,12.29441,19.52016,26.2137,29.22742
-39.04885,-2.794272,-23.75246,-14.44766,-2.166168,-6.079992,-6.236395,0.5448146,16.08969,17.84553,15.44846,5.798491,28.57691,10.22191
-62.35907,0.2812119,-40.74304,-21.60023,-2.096852,10.28845,-0.1855589,26.11154,32.53068,21.47087,15.1419,1.648921,21.14562,-1.63445
-53.16933,-0.06744646,-28.46655,-8.393497,2.886284,7.753254,3.22875,20.55798,12.32707,0.469729,13.25021,9.975069,7.60412,12.04436
-38.99061,-14.73275,-14.93412,-7.224481,-8.894889,-8.405222,-11.25592,-4.43342,-8.461718,8.135241,20.42711,33.37946,12.79756,42.59374
-25.80185,-12.7424,0.8552492,5.292893,2.368968,-18.75693,-13.324,-19.05316,-23.63538,0.5425271,11.51603,32.08577,20.04531,40.60696
-47.80474,17.10213,-22.27166,-1.150135,11.20346,20.54935,18.91124,7.350482,7.404842,14.14544,-1.072629,-13.18213,-3.941458,-7.244183
-73.02946,34.88098,-46.23535,-12.86859,17.14309,51.14721,36.99998,36.62299,35.062,24.42066,-7.197187,-37.65517,-25.02528,-34.26584
-79.41644,19.22495,-50.15316,-21.68032,13.26525,33.46312,26.56502,33.05339,33.03172,20.69418,16.31192,-12.42432,-12.76648,-19.1688
-57.91644,-11.78135,-26.91326,-22.88991,-0.1218068,-0.4563714,-5.227662,4.595953,12.05264,14.24268,38.86132,24.36735,12.86513,18.32174
-54.66157,-16.56077,-24.2284,-10.55684,-5.07266,-9.19149,-14.00219,-6.697974,-0.06962493,18.4931,35.91158,35.05656,16.04692,35.53334
-43.40712,-3.186474,-15.08965,3.339749,9.097387,9.777267,-2.751897,-24.52373,-6.941166,15.99449,17.86142,10.87034,6.632252,22.32712
-48.92179,8.316005,-17.80716,-6.673107,13.0362,21.59224,11.67815,-3.975495,1.429954,3.229444,12.02978,1.581557,-4.518922,9.003155
-84.25328,15.82202,-57.5768,-33.66238,10.84385,29.87564,25.8987,37.8387,33.60981,4.530497,18.84092,4.13133,-4.353442,-1.545554
-52.16809,1.632359,-36.96896,-18.36082,8.570137,19.71017,8.625679,2.0984,16.19133,5.957857,13.38043,7.134235,11.92481,12.27247
-23.03258,-8.568409,-18.34692,-4.698099,-2.373981,9.28976,-4.732612,-10.04041,1.803113,-1.25736,6.824671,13.29535,13.8567,27.98077
8.358457,-18.22251,-1.015036,-4.206383,-6.430827,-5.611753,-17.22317,-15.83407,-6.342864,-14.99252,10.49096,22.88897,9.072566,39.06815
37.02664,-33.34735,20.35913,-20.88295,-34.83872,-20.76561,-22.88562,-2.690183,-14.82671,-17.96983,16.07602,44.18633,3.688475,46.87036
90.62285,-24.78498,57.64795,-3.256703,-13.89933,-8.855358,-22.17953,-27.0092,-34.17963,-30.31996,-13.99685,19.08983,-19.94558,31.06648
132.1772,-12.44177,84.04904,-0.4626763,-21.78503,2.90484,-15.9074,-24.83982,-33.45761,-9.339866,-33.95612,-7.586355,-50.96414,-8.390342
159.4221,-10.75947,96.98196,18.24568,-24.36471,4.204541,-6.615095,10.65765,-22.51634,-5.239883,-43.23459,-42.83696,-75.76147,-58.18344
214.4882,1.899927,138.7112,70.59747,13.02315,-1.122361,-7.534473,-18.37899,-48.47424,-25.40678,-72.05008,-78.77142,-92.10743,-94.87414
218.4945,4.697081,150.9296,83.91817,16.02715,1.529125,2.98926,0.4479085,-60.79705,-46.44981,-80.19151,-75.60435,-107.0238,-108.9662
199.4317,7.303784,130.7004,68.82024,8.703482,19.80137,8.748604,11.03017,-36.06958,-25.40582,-67.81915,-87.09054,-113.9985,-124.1561
185.1879,11.4397,112.9326,49.95673,-5.590134,16.29868,-0.7872421,-3.641422,-14.41677,7.392194,-54.22522,-87.06448,-94.83093,-122.6515
180.9516,-5.253591,113.5556,49.61438,-12.59767,-4.603239,-7.7314,-1.898418,-29.85301,-11.18789,-46.32834,-54.95761,-75.36867,-94.34172
189.6336,-10.91223,128.4516,56.42846,-4.687726,-21.43123,-17.92117,-16.48171,-51.25725,-31.64465,-46.74184,-31.8293,-66.82911,-74.77739
185.9193,5.889629,121.0337,64.69753,23.26708,-2.693938,0.7463677,-15.4976,-47.75682,-47.87233,-65.05185,-60.25213,-73.67086,-88.75809
138.5368,3.40277,78.37139,41.2975,1.330145,5.182641,2.963914,15.2377,-7.555222,-14.90812,-43.02909,-64.70134,-60.75843,-95.37061
108.7163,-7.894677,53.15422,25.47373,-9.977618,-15.10798,-13.24061,13.70159,4.205919,-1.770609,-21.47541,-39.7174,-30.37744,-65.69002
107.9542,-2.348747,61.04012,35.6958,10.17782,-22.97769,-14.98876,-7.027269,-15.65099,-23.58511,-34.92857,-34.29137,-16.12635,-42.94313
91.26804,5.350913,64.06786,33.29873,19.13546,-10.98505,-4.527716,-5.076116,-33.14815,-56.3472,-45.48624,-16.65794,-19.93233,-20.96024
60.47338,1.672032,37.02596,8.55099,-0.8359896,-10.20049,-6.34039,-23.99422,-24.14144,-31.62331,-25.47316,6.937921,2.504471,5.444238
-6.893168,4.299713,-21.69993,-17.15904,-7.585202,-14.40149,0.5884326,16.01593,18.87782,-0.8536402,-1.40799,4.176592,21.6944,4.347579
-60.26752,12.20091,-59.90128,-20.7232,8.682587,-4.178347,17.92808,51.6284,37.21133,0.9987507,1.272924,-4.142753,21.26219,-1.972058
-67.67124,19.23728,-51.03148,-0.6158609,24.40854,-7.438413,9.655354,7.758375,18.78864,-0.8672227,0.4963473,-2.033259,37.05381,12.25915
-68.71912,16.29862,-44.49548,5.280936,39.04771,-6.018286,8.327102,-25.62929,-1.740244,-16.55296,0.8361034,10.89588,48.35091,34.11814
-77.52361,8.038693,-51.96556,-24.38153,-2.815048,0.8229235,7.643955,7.154867,12.49116,-9.524628,2.17409,32.62963,53.25617,41.9989
-94.82858,8.118817,-70.80853,-34.27847,-0.7543528,-3.070438,-1.818557,2.712824,31.64097,6.777034,14.36606,28.73679,67.51094,45.69551
-114.6318,15.14839,-87.08004,-35.04243,18.84149,2.317431,16.02539,1.185567,32.44799,-0.5785621,21.33857,21.19351,64.68259,44.15197
-110.3833,13.11221,-77.84819,-32.94569,16.08224,11.8717,15.61067,22.60479,33.23778,-18.21402,17.90204,21.12865,49.06301,38.77811
-90.84752,0.1229041,-66.67887,-20.19995,15.96467,-7.168329,-6.650072,-21.34817,18.03508,-1.544862,28.17162,32.77489,61.65553,57.71308
-101.9247,-7.779649,-73.27521,-35.25079,-6.250193,-12.09409,-3.399595,15.44454,28.34668,-4.57936,37.87389,45.58763,61.23436,56.06643
-103.8853,0.9673396,-75.21946,-33.92059,-0.303731,1.49362,4.956866,13.7172,31.09084,0.6155571,26.71182,32.43525,57.66149,43.67913
-85.59092,16.70228,-65.70785,-15.42367,22.56865,7.818448,16.94027,-13.40341,14.72019,-8.912606,11.16035,13.76768,43.23141,42.12919
-91.83717,7.353638,-66.84119,-30.10513,-2.132882,10.15468,15.96451,32.28349,29.86461,-7.381945,20.10935,19.58159,29.27375,33.71269
-82.35892,1.409346,-58.31579,-23.36821,-11.90172,2.767625,0.4338739,13.15389,30.66371,17.04049,31.28277,18.19071,31.38604,29.61619
-67.38089,7.225451,-46.56592,-11.14954,8.954714,-8.626907,5.106138,8.079295,19.242,0.4485161,23.18505,12.36209,31.01988,18.10013
-66.61328,10.07311,-44.80803,-9.79228,22.95526,3.998934,16.78418,9.090079,15.02311,-10.68297,15.55566,7.055341,25.3975,5.963403
-67.80357,4.326394,-50.16786,-17.96368,4.180176,10.83189,8.465712,14.56341,27.10031,8.633946,22.88398,7.472341,18.06419,9.41277
-46.90703,0.4153393,-34.40792,-11.81627,3.605859,-5.656013,-1.905633,-7.780142,12.47019,18.97637,19.27369,14.82863,24.75968,14.14326
-42.17714,-8.558244,-25.56831,-8.862096,2.030243,-14.79574,0.529725,16.99701,7.635621,-6.860913,25.78833,24.04649,19.95004,9.844972
-37.31995,-2.561341,-23.92742,-13.45637,-6.675307,-5.185952,-1.680084,1.609952,12.41428,3.436447,24.29928,19.81456,21.01947,8.212424
-33.40455,-1.549791,-20.67616,-9.857118,-0.3690571,2.492165,3.679702,-2.33268,13.42334,8.453362,20.34032,5.676416,20.43583,-6.311772
-45.40805,5.54342,-27.91813,-9.597484,9.669966,15.42981,15.30236,35.35454,22.20772,-7.983543,6.672573,-7.458593,4.872911,-16.6875
-10.41532,-1.485789,0.3796718,9.411926,20.19421,-5.013206,-5.926911,-28.59751,-5.112907,-9.298349,10.0415,1.0255,23.55553,1.241651
-15.12515,-14.40591,3.389194,1.588313,0.9690906,-17.8016,-5.428287,2.69336,-4.910193,-17.28353,25.72013,15.87958,18.60638,6.108622
-25.68763,-7.999819,-12.92821,-8.683388,-8.671543,-7.653169,-7.818624,-1.295424,7.004124,7.990191,22.632,13.64898,14.46243,15.00006
-25.96034,0.6697915,-15.43186,-10.86938,2.096262,5.205313,3.303955,7.242311,7.10995,3.699525,5.183599,4.987951,6.142694,6.620234
-10.73646,0.05443911,-1.997744,-3.386992,1.038323,7.099597,6.936231,21.73196,1.525604,-15.84278,-3.849773,2.332046,-2.901649,-2.002809
14.87095,-10.50727,14.48347,11.76578,7.561979,-27.56758,-18.69182,-38.81368,-12.62993,-3.38626,19.52678,8.871989,22.83194,11.68363
-3.909303,-7.768942,1.420236,-1.310144,-3.139231,-17.51831,-4.574844,1.625794,-2.786849,-8.834578,16.5082,13.6653,10.55245,6.070219
-12.95389,-2.766677,-4.275158,-6.040606,-6.914929,1.211046,5.837488,20.63079,4.407263,-10.02195,10.64383,6.090619,-4.582956,-1.264874
-2.810724,2.243095,6.471637,2.976111,9.873763,2.406015,3.108019,-8.707607,-1.979705,-10.02616,8.700526,-7.359727,0.4170396,-5.312284
14.43412,-10.09643,19.43393,12.93338,12.629,-14.92379,-8.802484,-29.07994,-18.30814,-4.09221,7.65198,0.5520263,11.87167,5.796885
5.520607,-4.695706,5.443872,-3.390586,-5.9809,-5.008709,-0.9334018,3.88879,-0.4467376,7.244973,4.215979,-2.469805,-3.253712,-0.1346678
-1.557721,6.625768,-4.639726,-22.39387,-13.94323,10.32697,2.039925,-0.1067481,14.24126,2.82513,6.844553,-0.5513729,-2.681149,2.970213
15.58316,-2.817574,8.539302,-9.039861,-4.302392,-0.290685,1.831779,-2.827163,-1.879296,-8.386601,-0.6824254,-0.7576481,0.7755161,4.253885
32.44377,-8.965663,21.70212,7.394473,-1.618776,-7.085221,-2.691642,8.647607,-9.700425,-19.99573,-5.992408,-3.536977,-9.910839,-0.6902868
39.03764,-4.548081,25.02189,18.61118,3.122556,-13.05803,-8.569165,-23.15999,-11.32255,-9.840054,1.763985,-12.11576,-1.079829,-3.863792
39.3923,2.63086,24.94538,17.0756,-1.185278,2.377063,2.97829,-11.14776,-9.427686,2.685505,-12.87478,-23.69598,-15.69426,-18.05926
36.20156,-0.7181568,22.9428,5.461597,-13.9635,3.100132,4.684361,18.18336,-4.000057,-0.2301281,-13.29802,-13.16528,-25.49025,-19.70844
56.53422,-3.566832,45.41471,24.19471,-11.65819,-5.939027,-1.530612,2.846771,-20.66779,-10.49604,-15.53795,-18.36351,-27.10083,-14.12965
55.90201,-1.233867,43.90369,26.13127,-7.196011,-1.034939,-1.649001,-9.61104,-22.65813,2.078704,-16.37552,-21.28875,-32.08948,-14.87894
42.29355,13.85887,21.16526,12.50021,9.564315,6.280786,6.747729,-17.30475,-6.01594,0.472722,-20.45555,-29.57569,-18.86513,-20.66638
16.05304,14.95256,8.696559,12.32842,15.34952,10.11788,17.50599,-2.375886,-2.354901,1.166149,-21.5792,-34.64445,-9.446199,-25.76947
4.974722,2.209331,4.777058,8.019425,-0.4097566,9.973255,11.016,21.44853,0.6903226,0.3541581,-13.57343,-17.15408,-13.44008,-18.88546
25.30912,-7.033397,25.52411,10.86562,3.170358,-12.61278,-14.57896,-34.03266,-21.18531,-6.302174,-1.977446,5.609635,9.921675,17.3222
12.16488,-9.795876,18.30266,1.689697,-11.85072,-9.685463,-12.74752,-14.65006,-17.072,15.1804,1.566591,11.36469,-4.535239,20.06794
-4.07009,7.193541,1.021524,-4.918963,-8.388074,17.65025,5.336189,1.10395,2.055263,24.01232,-4.221725,-8.094475,-22.27066,-6.409053
-18.60418,12.46272,-12.57517,-11.28757,8.209126,24.01891,12.12205,15.01816,12.81902,4.879963,-4.404608,-10.09112,-19.30806,-13.25923
-6.611851,8.070937,-0.539319,-3.598543,11.72093,15.48795,7.161643,2.413603,-2.916842,1.486354,-12.37527,-5.485129,-14.47021,-0.344257
3.481383,-5.71006,14.29781,0.1132179,-2.717767,0.008848145,-7.0171,-3.389096,-15.53516,-2.797432,-2.786294,15.09208,-8.660824,15.62039
12.58075,-15.91799,19.51187,-3.75493,-22.13309,1.551033,-20.89962,-20.02141,-15.6134,15.83342,2.243984,23.28916,-2.595857,25.92609
-15.02456,3.236805,-5.347197,-5.978116,-4.187607,12.73608,-0.9060607,-3.875206,-2.553557,14.53541,-3.697944,9.429073,-8.661208,10.2941
-41.13359,6.350135,-27.79168,-21.17146,-2.189088,17.88221,10.57801,22.59472,13.4631,14.62912,5.547202,7.955105,-14.62661,7.912842
-27.27884,8.63076,-12.81344,-15.37041,1.089474,25.28482,16.53248,30.89271,4.688251,0.5744978,-10.92705,1.177795,-23.33482,0.8537731
-15.99,5.042833,-4.549117,-12.30792,-7.697783,21.18344,-3.288397,-3.879162,-0.03214811,13.76731,-6.264161,13.80059,-11.46199,11.67652
-26.1203,-3.048291,-12.85931,-20.74917,-20.78201,6.869412,-6.259603,1.504061,3.702635,20.19283,9.514043,26.04902,-0.1248059,22.11149
-32.74869,-3.741599,-13.93751,-16.74327,-15.99797,4.837594,4.317256,33.05124,3.501038,-1.13197,7.537228,23.69119,-7.920558,15.28602
-6.905743,-2.557443,1.577682,-1.1458,1.914255,3.094951,-7.102633,-9.063704,-7.140436,-0.6511974,0.9327864,11.72178,-1.682849,17.00835
-5.25412,10.14137,0.8007088,-10.59655,-1.543812,6.481866,2.027991,-3.12072,-2.565828,4.975516,-6.101808,5.438292,-9.497289,8.81439
-22.35578,8.499265,-8.666344,-21.89375,-20.0471,19.94716,9.652397,12.29743,9.516695,24.93545,-1.947347,2.055804,-9.548148,-2.445728
-16.32314,2.317224,-6.699987,-3.373759,5.936625,5.22561,1.657127,6.724719,5.380373,6.116886,2.613729,-2.388421,-2.237284,-4.949702
-7.104097,5.209214,4.142367,4.73413,11.79571,-4.180989,-1.990207,1.305183,-2.407372,2.013025,-0.2409278,-2.826356,-3.701772,-6.747906
-8.613404,6.219521,1.337015,4.441594,6.979156,6.904987,5.0748,2.329705,-1.393826,10.78358,-8.806499,-12.05258,-4.343801,-8.860245
-5.005338,-0.4310277,3.30965,3.386252,-0.3507903,-1.483562,-5.404302,-13.51173,-8.479628,15.04097,-5.697309,4.102569,6.604441,7.919801
-20.37392,2.08951,-9.154372,-3.728209,-0.08623948,1.994753,4.242976,6.90795,0.7456456,15.48105,0.5325221,2.85371,-1.388381,-0.1169924
-26.11505,3.274465,-11.10932,-1.27559,5.323637,1.327605,4.855631,21.67675,2.964115,11.00762,-3.353623,-1.261127,-5.975219,-1.339896
-6.7128,3.081206,1.696703,2.139465,10.6335,-3.031803,-1.674395,-11.84989,-4.306413,19.23957,0.1262242,-5.436759,-1.158254,-2.746351
-8.307682,-0.3157496,-9.425349,-6.182666,3.780891,5.309545,6.222291,7.616501,6.413319,16.82158,2.852142,-7.793648,-9.911068,-7.080114
-10.3989,4.094607,-12.96966,-7.160776,-3.000145,7.828645,2.073626,-2.265562,4.42552,26.31431,-5.864945,-1.257498,-5.721192,3.901975
0.365386,-1.342133,-3.95538,-2.413884,-0.3702048,-9.155935,-2.035635,5.105277,-1.807422,10.79173,-1.560846,6.927993,-4.152916,3.603969
8.918578,-7.283192,6.522135,14.32453,7.747791,-13.29944,-10.83836,-15.45281,-13.29525,5.214951,2.721705,7.461651,-1.821229,9.078934
8.278537,0.4463687,2.851378,10.45447,5.902163,-2.809318,-8.471562,-36.43305,-6.98298,27.36202,1.558074,-4.507204,2.261986,0.08911429
-1.593536,-18.57407,-4.520041,-13.6359,-17.22615,-17.57121,-11.10453,9.929974,3.784333,15.15544,17.93523,19.93995,7.232056,10.24844
3.114768,-9.492705,-0.9019859,-3.070356,-10.12281,-15.25405,-4.619007,-2.533278,-9.362922,7.790216,1.453067,18.80622,8.326538,15.8663
7.066134,-4.899846,4.129614,3.040094,2.471292,-6.881931,-10.0776,-11.32939,-6.904877,3.094615,-3.183818,10.88056,6.203269,6.391882
-0.2261889,-0.7411071,-3.504499,9.782683,8.904621,-3.991168,-8.297435,-7.854617,2.652884,10.3161,-0.5644283,-4.342801,3.80644,-5.940483
0.8318666,-2.06269,-6.594254,5.145248,-1.492116,-13.69885,-1.059012,5.528823,1.123423,11.71141,-1.447067,-0.3397363,5.106043,-2.753092
4.072664,-13.20243,-1.478783,-3.8543,-8.194457,-14.56268,-8.935012,16.28768,2.124885,-8.512952,9.119967,18.43806,4.539218,4.158138
0.61861,-0.9169989,-4.614752,3.900565,3.326197,5.398111,-2.920839,-1.079028,3.624831,-7.662337,-1.866926,2.49038,2.52377,-2.821584
-6.303512,-3.692765,-8.382197,-1.823218,-0.5774251,-4.796576,-2.516971,6.871442,6.730888,4.97641,3.264905,3.845461,8.272402,-5.868847
-3.343897,-8.592538,-5.360253,0.7905546,-0.6927199,-8.084565,-4.497148,24.08685,9.242128,-2.678831,3.608417,0.8362507,3.543266,-8.857518
13.00028,1.713377,3.930855,10.72063,8.377117,-2.183912,-1.478581,-2.295159,-0.8642149,-20.10978,-5.76541,-6.206426,3.006424,-1.845202
-1.068682,-4.970118,-2.025519,4.084624,-10.44366,-7.373047,-6.802043,8.394042,4.080826,-3.016706,3.335835,4.239911,7.936047,3.628484
6.622545,-13.67271,7.409947,6.01368,-25.99103,-14.2681,-11.29847,11.85781,-5.00835,3.125586,2.514861,13.6973,6.928244,12.06867
11.73273,-3.304399,7.334378,0.6067996,-15.91954,-5.206467,4.658605,24.59064,-3.224809,-18.11265,-4.821889,3.800357,-7.047341,4.913577
7.441157,-0.277203,4.815486,-0.599641,-2.921454,7.587633,3.34552,3.68006,1.493909,-13.19389,-5.510572,-9.060031,0.8222963,2.376734
4.454521,-1.284479,2.557502,-4.130507,-6.062727,1.935261,-0.6690145,-8.611074,2.753374,-9.287369,4.377807,-5.870249,9.076661,10.76029
-7.218372,-6.351987,-3.14717,-7.121413,-27.84142,-3.388809,1.848282,36.6037,12.46923,-3.421613,6.149806,-2.306424,0.4511741,3.274995
-1.889832,0.296132,-0.4813411,13.48549,-3.196563,4.423913,9.589614,7.503156,-2.490942,-11.07496,-3.692158,-13.47533,-0.1751668,1.177978
-8.673182,3.295155,-9.28588,-0.1852062,4.336228,8.602871,7.9231,5.628896,6.157419,-18.19172,1.734622,-7.470257,1.355336,4.772615
3.0683,-2.016341,7.40109,-7.31481,-10.36033,3.201497,1.072977,-4.074236,-2.062872,-0.1007056,3.2694,1.56975,2.013227,4.333047
-3.492111,-6.655694,2.976921,-10.367,-18.90256,-1.578552,0.7378694,20.41487,3.271575,-2.949387,7.125646,7.419747,-1.840947,3.839626
-0.9957704,1.802274,-2.405626,-2.384077,5.308788,0.7780939,4.690341,11.26025,5.70061,-17.12638,4.323584,-6.014816,-4.10613,-0.8311432
23.70832,9.174643,20.76864,18.86329,27.67575,3.704668,4.516257,-47.05405,-19.99213,-15.71043,-6.070645,-19.42181,-0.3805967,0.2180929
4.802232,2.247427,2.466727,1.684503,5.495571,-4.073963,0.5923914,-11.57863,-2.91881,-2.091217,3.592216,-2.585816,0.9245072,1.442868
-14.06573,2.088879,-18.47445,-12.10839,-7.059533,5.299298,7.872159,22.08335,18.75408,9.903993,9.450822,-2.970671,-7.414153,-13.35965
3.980141,4.417122,-3.713657,-2.898539,-4.328341,6.53318,-3.314561,-12.71088,11.22997,21.44867,1.824244,-10.75294,0.6750496,-12.38945
17.9038,-6.745645,12.0461,11.16192,8.782745,-8.343735,-5.931404,-21.88807,-14.68117,-1.953898,-0.2792836,4.117456,2.829873,2.98132
24.62968,1.767985,17.42051,15.4177,18.73361,-2.283257,4.907561,-15.95016,-16.3781,-17.03005,-7.997509,-7.482624,-6.67908,-9.076274
21.94803,0.9066817,8.410894,4.97736,6.202211,5.469002,-0.3175534,-13.24954,-6.096416,-9.535118,-8.264422,2.115053,-4.764877,-7.8013
26.01218,-11.92171,13.00273,4.213523,-6.066646,-17.02226,-16.6458,-19.84241,-14.91765,-0.700694,1.996594,25.14601,4.355315,12.39081
3.564957,-1.848997,-5.58772,-5.497274,-8.461857,-5.763687,1.861747,0.3600215,2.954872,15.30127,3.704138,4.542848,0.2609878,-5.391307
-2.286459,9.015398,-16.59562,-2.041368,-3.978149,15.79911,12.39734,2.161189,13.52103,28.20991,-7.172902,-16.95279,-10.80934,-21.26735
11.44014,11.88769,-8.98745,5.820159,15.54211,13.42297,8.409039,-18.56277,4.246136,6.919335,-12.25488,-18.8947,-8.172318,-10.81546
2.823256,-3.206075,-12.89647,-15.00298,-13.30781,-0.7457663,1.064579,18.61827,13.68057,3.196745,2.318847,6.597483,-2.939348,-0.2013061
14.54852,6.369106,-3.55291,1.102813,2.018804,0.4080487,3.354215,-12.57835,3.528017,6.950068,-3.003284,-9.018148,-3.927482,-6.199416
17.97273,2.090431,5.220397,7.160987,10.81559,4.383815,4.01344,-8.321681,-3.699912,-3.806267,-7.200121,-10.27515,-9.172204,-9.182059
-2.926048,4.161849,-9.134191,-6.550886,0.997183,6.819189,2.442,15.79671,12.24425,6.199668,-1.5115,-8.036389,-14.32747,-6.174362
-0.04256165,4.499168,-11.15901,-2.869756,-0.5287299,2.815115,2.598416,1.321963,5.159508,4.429051,-1.805443,-0.1525561,-8.127639,3.862476
5.81395,-0.9749207,-5.250444,3.057037,7.349067,-10.34982,-5.168389,-12.42445,-1.749366,-4.504868,7.251982,6.15183,0.2023751,10.59601
-1.807904,7.648544,-7.51251,-3.889961,11.19105,-3.262661,4.703043,1.916378,1.59656,-17.1371,0.7976749,2.259132,-3.981553,7.479316
3.97372,0.06020824,-3.278625,-11.09834,-9.205873,-6.560123,-1.156377,11.89051,7.96763,-3.201068,5.366066,5.288467,-2.130451,2.084259
6.172067,2.128144,-2.443667,-4.048017,0.9308034,3.061092,3.156112,3.882358,7.155855,6.219743,-0.7301443,-10.25289,-7.156936,-8.074518
17.68333,-3.427849,7.320566,5.006064,10.48123,-4.639673,-0.00666897,3.12171,-7.130425,-14.74967,-8.279262,0.9569623,-4.754779,-1.581542
27.89753,-5.480682,17.82045,11.45606,9.649782,-11.60408,-4.637281,-18.53639,-17.16498,-10.92561,-7.086581,3.863457,4.488541,0.2597881
7.711919,-1.029628,2.297287,-5.069913,3.434106,0.7285339,-1.220148,-5.479574,1.399003,1.064618,-2.695285,-2.928301,3.541689,-1.754305
-1.174119,0.5489537,-8.114349,-8.959775,1.045113,1.750235,-0.912253,4.044664,12.30694,1.570182,-0.6016713,-5.098568,8.127327,-4.532684
14.79496,-9.422917,5.147492,7.821607,7.521611,-14.13784,-6.786494,-3.44362,-6.5561,-11.73109,-0.8739966,3.881786,8.761238,5.023359
15.01908,-6.562498,6.393592,11.43724,21.96149,-17.93266,-6.517002,-5.069576,-10.63338,-29.30673,-1.621381,6.882806,9.272609,6.676405
22.51511,4.340685,11.40587,6.411134,14.23256,-4.15294,0.5282167,-11.78978,-7.682676,-17.51192,-12.07194,-4.34398,3.566636,-5.446962
6.000004,5.755194,-9.935821,-5.656879,22.2848,3.958135,2.591576,-1.981013,14.84341,-4.629529,-5.59061,-20.6605,4.22461,-11.20338
-3.802543,3.483227,-16.79151,-2.147581,17.04675,9.013586,9.285277,7.296634,21.64074,2.683448,-2.139965,-30.52667,7.690918,-22.73232
5.904528,-1.049555,-2.91002,10.33717,17.49615,-1.496425,0.09118266,-2.950506,1.186137,-16.69231,-4.366703,-8.362245,7.803034,-4.990431
6.376336,-10.75616,-2.123409,3.479625,9.356701,-20.21651,-15.70884,-18.06576,-0.05209611,-12.89428,15.42954,8.761263,20.06747,16.34612
6.731787,-5.90689,2.00416,-1.585482,2.997255,-9.758199,-6.500508,-17.05746,-1.854137,-10.50811,11.24255,5.857299,13.93492,10.40281
2.216165,-0.4350993,2.357145,-5.812664,15.18126,-2.816869,3.827355,-3.149933,-5.385192,-26.95421,1.410957,5.387374,5.406294,8.767422
4.665863,-3.381702,9.269723,-3.010531,3.795122,-2.970923,-2.918903,1.126538,0.1917313,-12.84137,6.523877,-0.1806999,2.995018,-3.263742
-4.089778,2.083811,-1.692649,-2.288759,-3.144302,-3.790186,1.285068,8.397464,4.865999,7.481229,0.6874501,-4.609188,0.9466251,-6.132782
-6.257488,-0.4896781,-6.002226,9.922721,5.839784,3.386653,2.680665,-4.032213,0.3344624,-0.7497447,0.9699498,-8.465075,2.431019,0.4311684
-0.7852454,-5.480441,2.774555,6.011589,0.8290722,3.071199,-2.38673,-6.189391,-8.727617,-5.667532,-0.339918,7.421822,-0.2620507,9.730684
-9.963352,-7.193349,-6.31919,-12.18472,-17.17367,-4.301619,0.07479956,28.10011,4.280518,5.611664,5.422147,16.52259,-6.477139,3.601202
-3.150224,0.6694107,0.9924392,-6.078645,-13.92381,1.358881,1.744402,7.317994,-2.109729,14.88668,-4.340973,6.821231,-4.966408,0.7787499
5.191545,1.424015,11.20286,9.891835,7.966612,2.288133,-2.732002,-2.397635,-10.77535,-11.94902,-8.83942,4.094383,-4.8856,-0.4803497
-1.651274,-0.02440053,6.661793,10.63114,13.88,-4.501365,-3.980153,-10.06196,-6.144701,-7.556112,4.570853,-2.567209,2.233218,-1.489834
-10.21311,-1.664568,-1.104838,-4.383625,-0.7439365,1.870062,-1.487749,11.02526,4.40787,6.190023,1.232703,-1.470215,-0.6616617,-2.996218
-7.500698,3.55315,-0.5853064,6.403976,1.008819,10.81031,3.909503,2.038776,1.439066,9.96308,-8.658275,-12.21176,-0.6699342,-9.500699
-2.845509,3.504889,3.864412,6.579749,4.43638,4.443887,4.227019,0.3527803,-5.723884,1.974092,-10.33497,-6.056347,-0.4340568,-3.988437
-5.109206,8.868134,0.3406021,2.99687,5.546894,7.227489,6.584592,14.88448,3.805736,-1.565282,-9.435545,-11.27471,-9.202391,-13.66766
-14.00232,9.80111,-7.738366,-5.451613,2.34209,8.20371,9.368665,6.944755,7.998935,4.928692,-2.038525,-10.14947,-1.491854,-8.715799
-15.5381,-8.424237,-5.676108,-11.71385,-1.291545,2.192153,-10.0131,5.637201,12.24536,16.96377,8.654734,-0.08628781,9.241699,-2.191694
-0.06535917,-0.8716491,9.694544,2.504477,2.716677,1.295971,-5.525772,-23.08756,-4.041708,2.689628,5.464355,-5.335303,11.64949,2.912217
4.381078,1.737294,17.0241,11.65065,-6.293677,-3.255262,-4.134889,-18.94781,-13.77513,-13.83301,0.2454313,3.467913,11.49385,10.23947
-9.06084,1.651271,7.075054,2.542737,-20.4149,9.656735,4.036777,5.810087,0.5180715,5.339097,1.665736,-5.579916,0.8239416,-4.063854
-10.33525,0.8107201,4.137608,-6.688149,-31.57776,4.663887,-0.8456649,11.56431,9.57001,6.848557,11.00319,-1.151672,3.057788,-1.05758
-0.2048203,5.337181,9.119491,2.92275,-21.38725,1.993874,-3.911117,-10.36691,-2.275574,2.589089,4.444689,2.703687,1.985758,7.049156
-1.334315,7.497584,13.82795,4.407465,-13.7206,11.23404,4.895954,-3.201872,-6.338408,-3.110933,-4.151492,-5.768022,-4.707554,0.4702203
-0.6035944,6.055469,8.585955,2.070662,-12.3967,2.792803,0.5044826,3.276811,3.503238,2.381466,-3.13006,-12.52722,3.658002,-4.171306
-1.464171,5.374456,2.561432,-1.058528,-13.12789,2.442649,1.543945,0.4458859,2.854625,1.579867,0.6938847,-3.786805,0.9228443,1.017812
-17.26822,8.351644,-5.723662,-0.744729,1.736866,11.85067,10.60908,7.704246,-0.7323098,-6.646205,-3.434376,2.937172,-4.737004,-3.903168
-18.42749,-1.836293,-6.423,-6.216784,-10.17709,2.901552,2.00737,18.04907,0.6995392,-6.137262,3.423089,17.15681,-0.4226766,5.403172
-12.5517,-4.339712,-4.508007,-8.856417,-24.84729,1.64718,-4.545097,4.793587,2.489347,13.87028,9.160892,17.83746,0.8315722,9.017898
-10.3303,9.360186,-0.7354335,-0.2507069,4.454034,6.346268,5.368309,0.4211015,-2.999264,-4.315334,-5.589857,2.697788,-2.92175,-1.50503
6.179612,3.779113,15.09666,6.515236,7.126526,-3.228999,4.466342,1.583135,-19.59477,-24.21667,-13.47807,8.498448,-3.502132,10.77557
-15.49751,-2.962333,-1.245166,-2.003134,0.05142952,-7.094848,0.3771026,15.98415,-2.192012,-14.39711,10.1422,15.19711,0.8330435,2.80707
-24.11994,-1.171564,-6.296643,-9.786324,-15.95149,-2.958622,-3.350083,13.2286,7.171448,7.893973,14.40437,13.58478,4.782273,2.569224
-1.262291,2.696964,9.114869,8.307408,7.169942,-2.465526,-5.880105,-26.51894,-11.42501,-1.472499,2.076276,3.889562,8.569622,7.199735
1.230099,-1.556687,14.64987,7.61768,15.11889,-6.96579,-5.413406,-21.48736,-19.90541,-27.73038,5.272835,16.23011,6.535286,16.40426
-4.230461,-10.72102,7.180116,-3.177604,-1.747952,-11.70887,-8.229702,-2.303262,-13.13759,-14.92805,9.56528,25.90793,7.134055,20.39712
-10.82732,-5.977823,-8.699859,-12.56218,-14.57862,-10.36778,-7.842813,6.541534,6.925734,9.539329,14.30876,18.61912,6.97605,7.945873
-14.70949,9.727604,-6.818571,-6.958135,-13.06003,10.32351,5.359858,6.101316,9.585498,19.06825,1.285403,-4.932008,-6.70893,-8.264271
-6.077337,3.342757,4.188233,2.653428,-0.9814466,8.953999,2.565061,2.162709,-1.228281,-4.084155,1.752354,0.468208,-6.970225,-6.745303
1.802305,2.186573,5.645106,3.026891,-6.815117,-3.968443,-0.4003288,-0.5365647,-7.891438,-5.317037,2.000679,12.23338,-6.068131,4.102129
0.1085137,-5.464978,3.810179,1.244796,-11.1416,-8.76431,-8.231207,-4.213994,-4.477433,5.039371,10.04177,15.55597,0.9867034,5.506217
-9.888169,-2.411041,-8.32138,-4.68608,-6.894541,-5.60337,-2.89404,15.50364,11.30573,2.558568,9.869183,2.449026,2.593242,-3.58077
-20.65472,21.83062,-17.26969,-5.458519,4.217713,18.35647,21.13143,28.30213,20.31645,2.707839,-11.78075,-24.9503,-10.27496,-26.47368
-11.6791,11.17722,-6.728878,3.446685,2.217015,16.10705,13.28135,15.55313,7.349926,5.848707,-9.283756,-14.35683,-11.53447,-21.39804
-0.0379707,-3.099771,5.989631,7.071212,-2.278817,-1.974395,-1.266634,6.994982,-6.055509,-2.65652,4.155303,8.129389,-10.00868,-4.96222
-9.788305,-9.445937,-3.23715,-7.72291,-14.09534,-12.06965,-12.0121,14.05274,10.54559,8.937608,22.25274,15.84777,2.151612,-5.416682
-16.54645,5.168851,-14.31867,-11.50477,-13.42439,5.220652,1.329939,22.04962,22.46858,18.61129,6.781375,-2.214387,-1.494249,-22.12739
0.2045995,0.1978339,-1.153609,0.5158366,-0.3090036,-0.04931145,-1.004308,-2.052706,1.799298,12.73355,-2.8972,-0.2644706,3.309558,-11.03007
1.569732,0.8257479,-5.606104,5.756375,11.74492,-3.500567,0.5657045,4.927834,1.707497,-7.121873,-1.567685,1.621038,-1.828883,-9.093735
3.220902,-4.513451,-2.714446,2.311368,4.215187,-0.08326613,-3.710156,4.277355,3.567788,-4.467975,7.249176,7.701968,-6.339913,-10.71454
16.26798,-11.76478,5.445211,0.8283865,4.007269,-5.817594,-10.25254,-5.66001,-2.087397,0.02929898,3.385868,9.012022,1.177868,-4.571592
14.08628,-2.587736,3.927583,-1.430176,7.744988,-6.474454,-2.82012,2.606923,-1.875468,-9.454829,-2.702756,7.281534,-2.012627,-6.289148
8.23459,-0.9406256,-3.122103,-9.603632,12.61817,-1.906401,-0.8180739,-6.40479,2.118691,-3.862805,1.101768,7.796139,1.440256,-6.651175
-0.974478,5.894372,-12.95108,-9.105428,13.16137,8.351547,5.393384,8.971156,14.63454,4.588736,-1.754168,-8.707065,-10.02432,-17.47856
-5.816377,-4.251015,-12.18576,-9.576865,9.697194,0.9413494,1.223753,22.33287,13.10471,1.762179,5.777967,1.035651,-9.784475,-14.26118
20.14802,-11.70201,11.00111,5.724795,21.95737,-13.01549,-6.85721,-2.376269,-11.22622,-19.2731,0.02525791,7.854861,-1.614896,-0.6462225
28.29,-1.71095,22.4683,9.342937,21.43007,-15.42892,-10.30205,-25.19937,-17.38294,-6.866572,-6.49117,1.229012,2.055206,-1.43356
-0.9942755,-6.962666,-3.922612,-12.07674,3.494069,1.383847,-4.67661,11.56258,6.199968,16.18879,-5.374552,2.309692,-1.038157,-6.093336
-8.850604,-1.551632,-17.26751,-7.436949,11.85854,10.13642,8.408651,7.82358,9.821773,23.91187,-7.909371,-11.28399,-2.401476,-15.25931
12.37172,-5.515826,8.264052,4.556515,29.67159,-11.99274,-5.699149,-7.709324,-10.2088,-4.010882,-8.326976,0.07631798,4.235279,-5.711782
37.09626,-16.06399,31.94376,15.56254,26.81883,-30.52483,-22.57435,-29.0848,-28.78876,-8.806302,-2.914073,11.68817,5.912804,9.734708
20.8069,-23.05613,21.6174,0.8186561,8.220058,-35.82788,-26.7753,1.880088,-17.94481,-6.924609,4.864805,28.75104,7.566287,16.00349
11.87812,-18.68204,5.985747,-2.88925,10.65697,-22.91566,-24.95945,-13.10932,-6.630867,12.07731,6.036341,17.49934,10.84896,14.20379
2.594695,2.31058,-11.7634,-0.9118255,25.07877,8.965031,1.080146,-44.02971,4.055206,34.91676,-1.294572,-23.90336,8.38537,-5.483693
2.765544,-3.118741,-0.9529199,-4.432938,19.62821,10.78635,1.323438,-13.45326,4.145722,17.3376,-3.166887,-22.76014,-1.613446,-6.488533
13.65065,-4.796931,4.64987,-4.300579,15.64934,-0.3752539,-4.832448,-23.83056,-2.163908,25.34199,-3.764986,-17.153,0.2739355,1.651869
-1.823289,-13.89901,-7.231376,-13.3192,5.599236,-5.214318,-7.500447,7.74093,7.743839,20.41428,1.94829,-3.808945,4.211715,5.138293
1.3363,9.759298,-6.60271,0.5505923,28.31785,16.30894,6.731089,-18.14213,4.273751,17.79878,-17.72332,-33.13276,-4.425055,-5.050611
-0.1760949,17.96864,-5.933364,-1.15075,27.89516,14.22933,15.79751,-14.54663,0.864668,24.98894,-18.09196,-35.45146,-17.01295,-9.381032
7.195881,2.343487,0.4145362,-5.753093,14.73784,-1.061003,6.626873,-7.211936,-6.760652,15.95964,-9.366364,-12.65082,-11.73819,7.263801
-0.2032986,5.55853,-7.031933,-4.467503,6.580273,14.77476,4.605771,-9.808391,2.740159,22.15321,-10.00214,-16.02015,-12.89699,4.017705
-8.26808,3.977202,-11.90185,-6.4882,3.127567,11.7485,-0.1691107,-21.44916,4.645757,37.93886,-1.865789,-13.90691,-6.443308,9.054523
-3.083072,3.316804,-4.882563,0.07275846,5.756586,-1.245195,2.676587,-1.099633,-2.210079,21.8456,-7.183505,-12.17251,-10.77158,8.979795
7.675967,3.22893,9.745779,4.554052,-23.46937,4.624753,4.684471,-2.140018,-7.700406,7.903974,-5.663468,-6.594788,-9.325926,12.47605
1.033175,6.237755,0.4302475,-10.34591,-39.58571,15.49514,7.171043,-7.24123,5.990191,29.47653,-1.482226,-14.0763,-5.200184,12.09749
-1.990735,8.411158,-3.616235,-7.232562,-38.56973,4.60589,10.49513,0.9879178,5.087761,36.15185,-3.417882,-15.06103,-4.592109,8.74058
-1.614582,6.979431,-1.228911,-3.102407,-28.58501,0.9877917,11.62918,2.691254,-0.08638749,24.32308,-6.186734,-15.14042,-1.944121,11.27785
-3.171741,-2.119817,4.659127,-2.793802,-24.76064,-1.49902,6.169092,10.80584,-4.499426,11.19722,1.25905,-3.91745,-5.892737,14.56429
-1.162745,-3.89187,7.091246,-1.105881,-32.34142,-7.956976,0.2369768,-6.046844,-10.03212,23.09391,6.136421,3.617845,-0.2632588,22.6247
-12.27767,0.05355709,-4.759655,-8.125996,-38.66974,4.570436,1.705223,1.121397,6.459147,62.2187,0.696664,-14.66337,-5.283113,6.954427
-15.71228,2.522483,-10.96117,0.3199961,-26.91585,3.218408,8.748518,7.559457,5.33286,49.54143,-4.891087,-18.56731,-2.165299,1.969843
-10.97381,1.840992,-5.739197,10.32792,-12.04157,3.291893,7.664005,-6.402533,-7.794615,37.26587,-11.85314,-12.55629,0.3747272,6.595757
-4.093677,-14.14302,6.984383,9.999927,-34.56329,-10.09526,-5.414992,-3.694066,-13.80534,54.00271,1.934388,1.838416,-1.006376,12.05617
-11.44553,-10.15324,-8.519659,3.533525,-38.65785,-9.585779,-3.350836,-13.94328,-1.603781,68.42331,11.75994,-3.772511,5.386305,11.92937
-10.68451,-4.297679,-3.118867,13.90991,-26.03745,2.012858,3.574284,-12.27377,-11.28111,62.08343,-6.463803,-9.416898,-3.576738,5.570323
-9.312979,-1.413026,1.868222,17.85445,-11.49404,-0.5121141,3.443334,-0.9057019,-9.780755,54.55332,-15.40959,-22.37839,-4.411047,-2.101681
-0.9187112,-6.287446,6.790333,17.4137,-16.71951,-18.14736,-6.954552,-16.25121,-12.53608,69.76446,-6.195696,-20.90731,3.221562,7.727799
9.297623,-6.261604,17.25897,21.47696,-18.31612,-16.2407,-4.391465,-20.38412,-22.78187,62.27728,-10.13788,-17.26149,-3.461678,8.926087
-10.91792,2.0814,-4.567928,8.383215,-21.05538,5.275793,5.565921,-19.75354,-5.189921,87.96831,-11.90182,-26.16758,-4.147897,-5.572648
-23.49401,-3.931192,-18.53059,-9.063638,-29.02672,5.331676,3.353513,5.381416,12.19495,89.81167,2.774456,-15.44275,-8.651281,-10.7075
-16.6274,-1.072101,-13.61209,-2.114996,-25.79349,3.831983,8.864997,34.4912,15.18059,12.58755,5.713507,-4.258095,-5.060155,-12.1315
10.31403,-3.890978,10.0922,19.13336,-11.99665,-7.817947,-9.574091,-13.29683,-6.794919,-15.77783,6.935228,6.008719,10.17857,6.487131
7.23837,10.21546,7.455576,17.03305,-9.938697,14.81335,5.384315,0.451678,4.807069,-115.1256,18.53784,14.52412,14.49085,10.11264
-16.37816,14.86313,-10.00858,2.92496,-18.35968,29.06157,16.89378,43.15218,25.43695,-130.0766,19.61774,13.28796,8.713816,0.8709335
0.4186904,21.54492,1.650416,14.12647,0.7782873,19.47462,15.48982,19.8734,9.299609,-96.71085,0.7077024,0.4388032,0.5407538,-7.632609
3.243106,11.8017,6.423497,15.30286,3.935146,8.548218,11.21747,12.56203,3.20033,-102.6599,8.886526,10.06696,14.28506,-6.813042
-10.13473,-5.148863,3.629449,4.165635,-20.2252,3.465775,-3.211396,22.93379,8.649331,-78.10007,22.32564,27.0984,21.82305,2.729189
-15.60339,13.73995,-3.030164,6.28727,-6.256354,15.89311,17.0096,35.13266,7.122252,-82.50874,0.2004482,12.63312,6.798556,-7.418299
-13.60352,13.01115,-2.262028,7.773764,0.8313246,16.60028,15.60307,24.83784,0.5924578,-78.15132,-4.056964,15.63416,5.775548,-2.585744
-11.44438,4.22014,1.444041,12.467,-1.488182,-0.3911979,3.737424,5.54896,-6.891827,-47.94605,3.53817,19.77994,14.34433,3.081638
-20.36726,4.130359,-5.303073,4.710358,-2.298748,4.570303,9.381857,20.99425,-2.67053,-27.96892,-4.612365,13.29671,7.917418,-1.780356
-26.34312,12.21262,-11.73351,0.3050514,1.10348,22.73423,10.79314,28.46565,11.13712,-8.439756,-11.66913,-0.5998055,-6.584927,-21.38104
-12.17126,-1.613069,-2.34855,-1.511485,2.37651,3.127577,1.864174,6.369373,-3.6653,21.37078,-7.709328,7.264554,0.02181416,-13.37579
17.18704,-3.992893,21.17216,13.51158,12.65089,-16.38922,-7.570071,-17.56486,-27.99798,15.98056,-14.09879,14.29385,-3.174377,-4.00789
3.964627,-9.921444,5.849356,7.553719,10.32038,-8.161653,-16.05294,-7.309733,-10.70875,44.03112,-11.80408,9.417794,-5.220675,-11.95771
-15.71024,-8.426857,-24.58008,-13.07989,1.712704,6.898871,-5.321937,-2.670849,11.6473,75.46635,-5.026977,1.13326,-4.940461,-17.10119
-3.367651,-2.695739,-14.93974,-11.97896,4.275668,1.469515,-7.306527,-19.82793,5.307953,89.67968,-15.86238,-6.793835,0.03631515,-17.99638
1.250418,-19.58285,-9.35385,-13.93094,-1.165509,-20.03746,-20.05891,-4.312438,-0.8810109,78.06396,-6.885453,15.18384,4.777111,-3.066927
20.53579,-24.27079,6.759973,-10.3893,-2.356835,-17.72927,-23.1742,-16.75062,-12.18935,78.89487,-15.25866,12.83643,2.231862,0.8600778
24.90814,-27.99166,9.971234,-3.128938,-6.552085,-30.87664,-34.94862,-50.84818,-18.59622,109.507,-7.877001,13.32854,16.38175,6.722655
21.14262,-20.92539,5.718515,-2.050734,11.47617,-31.40281,-24.52398,-41.80001,-17.55376,78.88698,-2.314311,13.28524,9.438095,0.6233615
-5.656198,-5.16245,-15.88796,-17.14612,16.17421,-3.340915,-6.15216,-7.085707,3.558117,83.21983,-17.63774,-2.755907,-5.056313,-17.07068
-25.56561,1.141024,-37.64668,-28.06193,5.153993,7.784548,-3.768229,-4.085806,23.81497,116.4147,-10.80886,-10.1527,-8.141652,-26.07775
-0.6955032,-12.57421,-16.96906,-23.35739,5.885326,-7.624792,-15.91076,-22.22297,4.656062,120.1879,-12.57808,1.069014,-4.148595,-15.71695
10.45268,-24.47564,-9.028979,-16.37496,9.101978,-21.8916,-24.46464,-22.23358,-1.136016,111.0148,-5.258345,7.485322,0.237498,-13.42859
10.97954,-14.30418,-9.384243,-15.30168,15.16147,-20.36615,-23.08533,-26.68149,-0.5953416,133.5122,-14.91341,-2.447129,-9.653338,-22.92092
-9.964962,-8.819425,-26.52587,-20.49823,13.52978,-6.423532,-7.622899,-14.41891,8.511284,152.3065,-17.98043,-13.52722,-13.85553,-34.71059
-2.975331,-17.34152,-21.80034,-17.98679,2.9193,-8.320433,-15.54216,-16.16442,8.184598,154.8,-13.83734,-9.097446,-11.12113,-31.71696
10.2168,-20.88136,-11.59219,-10.48965,6.551622,-27.10819,-26.77877,-33.73683,-3.025258,159.9995,-10.2844,-3.61737,-8.426946,-20.82698
4.689384,-19.52217,-18.48578,-20.38333,3.872416,-16.91888,-18.64206,-14.58997,8.681524,152.1871,-10.20641,-11.07724,-12.63763,-26.96703
5.902289,-5.684535,-18.11819,-16.38647,6.471768,-8.531277,-8.860393,-18.03627,5.416802,148.2218,-23.381,-15.42461,-17.42516,-34.16478
-7.126033,-5.708867,-28.18151,-19.9581,-8.480934,-7.832766,-7.973619,3.820242,15.22945,131.2662,-13.0803,-3.363924,-18.24601,-30.36387
19.31022,-7.99869,-1.348921,0.9022704,0.1289849,-5.973846,-13.15497,-15.75721,-2.244548,84.89465,-17.83728,-3.807476,-12.73256,-24.38064
24.97299,1.240419,0.567017,4.537765,14.91092,-0.4398039,0.3769054,-11.14713,1.595853,-13.09338,-7.098125,-4.512385,1.205207,-13.11624
20.97696,2.571067,2.416995,-0.1030828,-12.89497,10.53709,-2.395963,22.37296,20.47464,-113.3122,13.62161,18.19401,15.50253,2.038368
31.93852,6.630885,18.34752,8.691237,-8.770449,9.188383,1.105845,21.52724,6.717346,-180.2501,15.02162,33.66842,20.14063,16.04291
34.02411,8.194335,26.65123,16.93206,13.26409,0.7045273,6.04792,20.68203,-6.293989,-227.928,24.42097,41.38032,15.79119,26.12918
20.4578,9.322188,14.82962,12.55921,7.875468,11.90079,9.457224,35.99137,8.634047,-196.953,21.86703,26.66226,8.811464,8.584498
4.837428,26.68542,-4.803422,1.540225,10.62417,23.09847,20.90495,46.58028,27.3512,-171.1685,11.68484,6.552419,2.483777,-6.371255
38.83252,20.327,27.49075,17.73469,20.06903,7.665413,12.07887,7.439824,-6.328708,-183.8134,3.101896,13.32174,8.52632,13.55403
28.93402,21.3828,18.11586,20.35116,39.51082,9.850327,18.86536,2.308132,-12.34804,-179.8954,0.9049385,15.15482,3.870543,12.99466
4.290259,11.03091,1.027824,-4.645298,12.67472,0.7719048,11.71982,38.10684,12.54901,-178.2855,28.03264,33.09351,13.03965,16.59372
10.76003,10.48059,3.050457,-5.23132,-7.479382,-0.46343,10.02004,49.46365,27.56493,-237.7586,47.65296,36.13404,30.37703,25.42904
24.11045,23.59401,20.67967,15.52628,19.36024,4.95129,16.65376,27.966,9.582347,-276.0905,34.72582,23.00299,26.82319,29.1145
41.77416,14.84579,39.93615,25.67216,21.13917,1.601727,10.68503,6.87663,-13.18283,-254.7045,23.48834,24.28501,21.35085,36.23231
21.3971,24.76907,23.08724,17.73074,24.29379,15.13502,20.93921,5.17198,-6.479692,-244.4817,23.48588,22.58731,17.18206,35.18203
3.733257,20.33583,11.34558,-2.915183,5.137388,22.16182,22.90787,38.02351,7.636271,-243.6085,27.79235,33.96219,14.54837,38.93927
9.394646,18.33481,13.82424,-2.8522,-5.381691,22.34857,22.09383,47.35609,14.13245,-235.9405,29.7828,28.14389,10.98035,27.78268
13.88622,22.14503,28.2672,6.235806,1.730793,20.21754,15.1846,20.35868,-3.687289,-219.787,18.80399,28.70167,11.7528,36.18999
5.029593,28.04864,19.27273,13.57659,17.41956,29.10482,25.94939,19.01753,-6.778802,-211.893,10.41698,15.43043,0.8381431,34.5674
-13.14497,20.30767,1.675096,1.957182,9.321862,22.04921,20.24845,35.77353,11.24771,-170.3828,24.33545,12.30821,-1.085543,25.38893
-6.665919,15.7133,8.802597,-1.087183,3.302278,18.30907,12.06129,25.83091,10.72235,-149.029,22.93392,9.604846,5.58648,23.91511
10.59864,9.890261,23.37059,12.27524,15.99173,9.567067,9.01427,3.270227,-9.274394,-137.5116,15.28996,7.785647,5.032076,24.70028
13.17381,-2.509042,23.07116,6.436005,4.260486,1.102692,-4.660122,0.05021137,-6.162134,-111.1373,23.76325,17.48502,9.181881,25.94411
14.5417,1.69708,13.53762,9.033599,11.35253,1.898648,-2.106587,-4.408023,-1.706513,-91.15091,15.77129,5.070875,6.755727,19.71297
-5.213277,10.92418,-2.427302,7.955131,20.85873,5.563284,11.16452,12.44078,5.078131,-86.97881,13.142,-1.36905,0.6295888,8.232096
-7.718899,26.54916,-4.97867,7.428491,36.6407,23.72529,16.52643,-3.588818,12.92848,-82.72234,5.870089,-22.56829,-3.969024,-4.122563
-0.7047198,22.19534,7.789684,9.428919,17.99339,20.99943,18.55255,-1.925477,1.937877,-63.30518,0.8298271,-21.99462,-8.701458,-3.095546
-1.571287,-3.15017,8.504518,2.696804,4.691463,3.648153,4.333733,14.98713,-1.46463,-59.91777,13.25826,4.46773,-0.3208838,9.836954
-7.714805,0.7445902,1.473019,3.591902,14.5595,6.65706,5.649809,10.09186,0.1450934,-41.55426,4.110384,-5.860109,0.1876226,7.918337
-3.761194,9.350041,5.003719,12.45046,32.17836,9.925662,8.572882,-3.379949,-5.174791,-24.85272,-11.2006,-24.39097,-4.041533,-0.6793603
-5.008902,19.01973,4.986059,18.19145,29.16715,19.61845,15.85434,-14.27214,-5.744573,-13.2598,-14.78169,-34.33883,-9.266226,-10.16499
-4.037853,9.097972,12.49724,13.43384,-11.25953,18.81866,16.40544,-3.386887,-9.188548,-9.760206,-6.341141,-19.34384,-5.857046,-1.078082
-7.908036,-11.4592,5.558658,-2.929246,-36.56527,-2.263985,-1.201501,0.5965531,-3.891654,20.31978,11.74787,2.654713,7.723663,17.61764
2.350228,-8.053506,13.01219,2.946322,-33.00887,-12.75981,-14.85299,-21.8868,-10.0014,36.94489,8.112129,5.322386,9.732157,22.14305
6.695527,3.700084,21.02418,14.01328,-16.94362,-1.27482,-0.9185721,-14.03384,-17.8272,27.45351,-11.50055,-8.25058,-4.75437,2.616991
-6.715895,13.34065,5.501331,8.615386,-3.749817,26.66166,20.49526,-1.525444,-7.353035,37.85022,-24.60162,-29.56182,-18.74167,-20.21519
-7.086318,-1.797337,0.7463626,-2.393759,-14.89149,7.265426,5.634506,-2.044561,1.295404,54.10792,-2.419768,-16.74149,-6.362953,-15.31196
7.26498,-24.11021,16.76092,0.9138417,-25.04293,-27.37015,-23.20942,-30.67519,-15.17916,48.68,22.69599,15.96795,16.02917,17.27419
12.87002,-21.41518,24.94655,4.31012,-24.69824,-35.67778,-22.20689,-9.719927,-19.52728,32.65512,14.57016,20.46958,9.671286,13.75244
-1.683636,0.5847719,10.09316,-1.260468,-12.1447,0.6463742,3.017162,6.434395,-3.697878,26.25092,-2.54519,-4.743796,-7.893923,-13.05719
-11.77045,14.37446,-9.520014,-6.148877,7.230603,23.37297,13.39701,5.957751,11.19936,19.98161,-9.148308,-18.97429,-17.80333,-22.14848
-2.491577,5.637977,4.584043,-5.020683,2.003816,7.562552,9.342603,2.582418,-1.259014,20.81376,-5.967437,-10.15729,-10.29347,-17.33769
10.52084,-8.536376,20.7775,2.353143,-8.070716,-10.47687,-5.486857,-14.07474,-18.35509,15.99977,1.598736,8.621821,1.751009,3.377814
5.043367,-12.60962,14.40965,-6.585527,-18.48399,-11.03669,-6.955709,12.18976,-8.824543,14.37328,3.756374,15.23597,-3.682191,3.169863
2.064075,-4.113696,8.179388,-0.8347037,-10.17524,-2.338896,-2.939929,4.512416,-4.440989,24.73155,-3.006551,1.384259,-6.393242,-6.628444
-14.31706,-0.0708762,-10.26359,-6.60847,1.4607,2.579724,4.734423,-0.2909862,2.105726,27.38087,-1.699333,-5.901662,0.01698826,0.8735443
-7.989213,-4.392413,-4.189157,-6.871495,1.227901,3.691781,3.078498,-1.723785,-0.6897963,17.0014,1.761876,-2.852196,-1.569373,3.515963
-2.870151,-6.722135,3.242736,2.400848,-5.267642,-7.772119,-10.77671,-3.910559,-0.4054935,26.32445,3.71753,-3.451122,2.013508,3.476852
-7.35327,-8.808689,5.844835,6.064511,-11.5676,-8.224674,-5.115252,7.557577,-7.212078,11.61751,1.602314,2.346509,3.179796,10.0685
-2.745338,-11.08523,7.478433,7.023284,-4.229488,-10.71625,-6.006787,-23.89897,-17.79712,9.845534,8.443868,11.46531,12.92399,19.29875
-14.30869,1.882079,-8.246116,-0.6228487,0.6483705,-2.104639,0.5205788,-11.62109,-0.05885544,21.37725,4.594636,-4.487125,4.368234,8.058218
-22.58233,12.78827,-15.05458,-7.192332,-13.50427,8.158135,9.381863,24.92692,16.28603,19.11562,-2.251887,-12.39461,-10.07478,-7.602051
-2.282185,4.103364,2.546293,12.97489,3.492421,-1.553808,3.129034,-3.68122,-7.34644,-10.79827,-5.682716,-9.376569,2.22668,12.24854
-6.710276,-4.583986,-1.800871,7.484595,4.10785,-9.159685,-3.867777,-6.46774,-12.14524,10.88454,-7.515134,-0.3104852,4.93968,25.14451
-24.88528,-3.828697,-16.39153,-4.63031,-9.764063,-11.01882,-6.080097,-16.28188,-3.281904,74.29248,0.2073648,-2.263725,5.068782,18.85767
-41.29413,-4.552856,-30.66958,-13.56089,-12.20491,-8.455494,0.1485293,11.23142,10.09584,92.83779,0.4569646,-8.11339,-1.123677,5.20438
-17.38015,-13.54281,-2.109573,3.331717,-1.288425,-29.24405,-15.78428,-27.77984,-22.32199,98.28458,-5.315011,7.302332,9.181961,16.66552
-13.3128,-5.478245,0.2240153,16.81744,21.03326,-21.38288,-4.577589,-32.71544,-28.7467,79.94118,-14.50053,-9.093151,1.241963,10.54947
-34.48089,-9.968407,-25.28604,-6.800609,-10.54804,-5.671283,-6.861387,-0.04994584,6.42109,113.0283,-4.344206,-13.55823,-2.806739,0.926388
-30.43317,-5.754477,-18.68244,-9.895749,-13.56159,-11.20737,-8.111783,-3.750923,0.7028749,116.9953,-7.275388,-11.35661,-6.779997,9.111322
-30.63279,1.077667,-17.38074,-9.772406,1.371539,-9.623157,-0.4373173,9.947301,-5.346395,93.00633,-18.63314,-8.359248,-16.56516,11.34751
-9.204515,-1.817776,-4.36585,2.749028,10.75164,-16.63406,-4.899116,-15.9287,-17.19471,81.47078,-20.18172,-11.1532,-7.87891,14.28711
-21.62768,7.575182,-11.68878,-1.578024,20.17653,4.734508,5.489789,-12.45477,-8.497861,76.76431,-23.97625,-20.68602,-13.45682,-0.7741051
-30.8342,2.407451,-22.69464,-9.098192,-2.211108,4.918587,0.5874103,-0.1410321,7.872509,101.2606,-12.00555,-17.80201,-11.78,-10.47983
-26.54965,-7.907972,-20.50683,-18.917,-24.41232,-6.98495,-3.689691,18.14848,9.312679,92.95898,-2.374797,-1.337829,-9.464053,1.724953
-8.779596,-14.483,0.928281,-2.180543,-9.894382,-14.81793,-15.17264,-18.49987,-17.30723,80.04487,-6.168276,10.07055,-1.635441,17.8952
-2.589298,-12.89068,3.41263,3.446622,6.041684,-18.17475,-17.04192,-25.25122,-18.61667,63.99406,-8.525949,7.533906,4.964261,13.69732
-34.46124,1.286697,-26.60748,-13.40869,-9.776683,13.45257,4.255386,15.42244,15.06271,77.54343,-11.983,-10.10895,-5.595351,-15.08183
-35.94308,1.651189,-30.09352,-15.146,-13.39781,18.13189,5.535784,29.93391,22.49835,69.92702,-7.478697,-10.254,-15.88346,-19.48159
-5.79144,-13.88792,0.2341855,-10.0016,-13.99516,-6.580791,-12.91151,-5.351099,-0.2179884,60.49327,6.856148,5.765795,-3.33004,-1.281867
9.380808,-14.30474,8.615352,9.394717,10.70265,-7.486236,-7.920736,-31.19086,-19.26884,39.4285,-3.408607,1.429787,3.823964,0.8042206
10.12575,-11.55159,-4.094704,1.742617,10.03982,-9.68034,-6.886657,-29.96258,-11.47284,37.12086,-6.339458,4.925519,10.71663,5.316958
-23.7904,6.573726,-38.8772,-9.910516,5.978733,9.625213,5.175344,9.427304,27.09442,64.87059,-3.465622,-16.2023,-9.186679,-27.31261
-5.524759,11.16542,-27.9105,-3.141065,10.60065,23.01379,9.696392,15.567,27.15844,56.37785,-12.29928,-29.69902,-31.44869,-43.55623
37.75582,-2.67509,12.94368,9.345236,12.20511,0.9090765,-2.250475,-11.70808,-7.890873,36.35369,-16.08154,-12.34247,-27.21968,-29.34442
35.12246,-19.65471,17.87035,3.040117,1.367954,-9.515054,-13.0448,-10.83378,-17.22683,18.98177,-4.634819,15.29878,-14.06676,-2.704721
18.09918,-1.629315,1.701265,-2.144907,1.121784,3.168917,-1.775874,-10.00127,-3.17728,23.32318,-5.566667,3.904469,-16.08191,-10.94158
-6.243344,7.449044,-21.88001,-10.81061,4.582538,1.392557,7.222701,6.80514,16.20585,36.32295,-0.1829607,-5.269552,-10.38475,-25.20954
-1.452924,-0.1180689,-20.43493,-15.43427,0.7552083,9.646832,6.885308,15.31337,21.19232,33.37067,0.009130009,-7.109472,-11.82705,-30.79612
28.5007,-8.32037,12.22597,-1.5258,3.613315,0.8389568,-4.459316,-3.21606,-4.467095,20.04651,-8.852012,0.4212214,-13.91651,-20.88951
30.66842,-11.57332,14.2078,-1.671517,-8.552012,-13.51359,-12.54051,-12.18107,-7.364446,9.168927,-2.681298,12.34476,5.66817,-1.980332
1.325803,2.062257,-10.84224,-6.195965,-1.568943,-0.7304481,1.243535,-10.00081,9.501726,23.61559,1.33158,-4.776429,7.145065,-12.11072
-5.590392,2.181455,-10.14666,0.3152255,11.60183,-3.867546,1.103031,-17.60509,-0.2508971,11.19158,1.952674,1.536145,10.19124,-2.61259
-6.617577,0.2071758,-5.489127,-1.391325,12.75665,-4.242318,4.969243,-5.491851,-0.1176967,-2.956527,0.2175985,-1.376175,15.403,-5.871078
12.27002,0.5909394,5.22373,-11.1069,4.622096,-9.085061,-4.571433,-7.515163,6.532735,8.612285,-1.393577,-5.257945,14.1609,-13.08262
27.16494,-2.602882,16.95173,-4.162767,-2.789833,-9.33228,-10.87931,-6.52571,-0.6517956,12.5315,-12.6762,-3.368993,8.69823,-12.35664
24.1031,-6.788689,9.91817,3.870263,5.72055,-11.17401,-9.494276,-12.55051,-1.364682,10.62692,-6.33776,-7.77352,10.3783,-9.133859
8.990005,2.012375,-0.09177342,0.9691286,14.83955,-6.458318,0.838389,-21.1314,0.6323829,0.1888721,2.809011,-7.400805,13.26187,-9.459288
4.169674,7.485111,-0.8123621,-0.4072339,11.62952,-0.3219074,8.172889,-14.49355,-1.773673,-1.041465,-5.402708,-6.902619,9.670523,-9.972191
12.83278,-5.709743,5.877221,-2.215785,-6.093016,-7.940656,-6.606019,0.7018674,-0.3167506,3.690146,-1.473226,5.516071,4.906038,-3.168931
12.15727,-9.637666,9.92494,-4.368998,-14.24213,1.101998,-3.496653,17.39665,4.528792,-3.505494,0.8358962,1.49131,-1.340346,-10.84558
21.75141,4.327839,12.54409,3.008724,6.979565,6.270602,2.300702,-12.28845,-1.816384,5.13419,-17.02526,-20.36395,2.190621,-13.01369
27.39678,-1.772522,21.23893,10.72914,7.71626,-6.589136,-3.290597,-25.85333,-22.38985,-2.427057,-13.37452,-0.4761453,-0.4854558,9.577511
12.10594,-4.526942,7.12091,4.114905,-3.249393,-5.537746,-0.8424848,-1.338456,-6.505822,-8.294816,1.801572,3.767456,-2.666826,4.051694
-1.653828,-3.938813,-11.90704,-13.77069,-12.121,0.605064,-5.542409,7.67253,18.17323,8.352593,12.46874,4.547293,1.601223,-4.486897
3.828275,5.991738,-5.462992,-0.6174505,4.279735,11.65414,7.668507,6.897974,7.436041,-13.34312,-5.201528,-6.143515,-6.047989,-10.93981
14.27147,0.8688816,8.197793,6.200579,15.69309,4.275861,4.024852,3.967481,-4.549872,-36.87296,-5.31987,-4.966392,-6.675985,0.8850815
24.43495,-1.293287,10.49975,3.444189,0.2999845,-4.305794,-12.91115,-18.26509,-7.117388,-3.314292,-6.675936,2.914715,-4.986981,17.27633
-0.930822,14.96627,-18.95119,-8.871187,6.163327,15.4372,4.386827,-4.163604,20.24273,8.635881,-8.924768,-19.30408,-4.663671,-4.022904
-16.77914,9.136836,-32.7771,-13.81634,10.19479,16.45897,13.78834,16.06318,26.62914,-14.52431,6.054548,-13.38093,-5.552814,-1.49516
2.803817,-8.745316,-9.17014,-6.765326,7.930539,-3.445088,-1.100925,0.115347,2.129858,-35.98267,14.5192,12.04671,2.710666,22.95333
24.07526,-10.71193,14.86216,-10.08504,-5.131079,-17.53205,-13.0488,-1.914062,-11.1832,-42.80698,8.162866,26.62599,1.931731,36.75511
11.15286,-1.093125,3.20335,-14.50124,-17.03905,-2.806416,-8.736836,6.682166,4.732687,-8.069614,-0.3227496,9.069343,-3.608546,21.33718
-4.837906,4.432753,-11.19354,3.01356,4.946077,10.18375,3.594821,6.093853,13.98184,-9.493343,-2.520547,-20.69488,1.912066,0.5815077
-10.30499,10.7226,-13.40508,12.52399,18.15545,11.76085,11.34582,4.571568,10.02612,-24.87236,-6.68807,-26.24141,4.532381,-2.126859
-12.14047,-3.337919,-9.772428,-0.46578,2.834683,-8.754737,-1.936952,14.14858,9.650758,-21.11126,13.19699,-1.442579,8.789009,10.3421
1.957162,-16.18552,0.9972245,-13.63696,-18.4175,-28.53198,-17.77418,-10.878,-1.123937,-14.58013,30.03187,28.61747,23.06039,36.46407
-2.710106,-15.89115,1.938336,-14.23892,-19.43466,-22.48661,-15.86948,-11.20895,-1.151133,-11.32584,27.70074,23.94271,24.18956,36.54549
-16.92703,0.8572463,-5.310429,3.270804,12.79025,3.731866,1.73569,5.977025,8.497352,-28.59992,9.452371,-10.31782,12.25268,2.589914
-12.40572,2.995995,-3.408574,3.918761,22.08858,-1.343694,3.707271,2.306597,7.959642,-24.66076,11.04681,-14.95544,10.24241,-7.491885
-9.426694,14.42095,-6.506298,-3.251714,6.899527,8.700329,13.59195,13.24114,12.85983,-9.891771,3.178083,-19.14194,-10.02218,-14.6512
-11.61968,14.34282,-9.075559,-8.447048,-0.1002411,22.97857,14.87302,16.48495,16.53469,-6.821035,-3.178125,-16.41544,-11.80598,-17.75093
-6.183949,-1.459123,-3.521451,-1.369488,-2.905075,7.932334,8.670774,11.19685,2.77311,-12.88087,2.660904,0.6908174,0.4872643,-6.092095
8.496634,-1.401122,9.465375,13.92967,14.38857,-6.741433,-6.425391,-24.66391,-9.68947,-4.293281,1.463473,-2.975524,9.580051,-1.133642
10.08104,11.57311,10.99214,11.44554,29.10451,0.6823903,5.873564,-22.74203,-10.14946,-14.91856,-6.129209,-10.4555,-0.05330275,-15.30421
-11.00517,13.66722,-12.34352,-6.717243,6.338251,17.59364,19.77234,16.38181,10.91308,-8.465058,-2.334316,-4.527451,-12.17404,-27.09952
1.534664,-0.09533167,-0.6199934,1.411271,-8.679769,6.496603,4.504474,9.444007,9.657733,2.969922,7.602161,-3.398163,-4.17108,-26.6565
21.18398,-6.52726,8.017269,10.01922,-5.097416,-6.974596,-5.920656,4.075888,2.999912,-3.362871,4.576788,-1.16182,-3.033446,-18.79501
26.19793,0.3398016,8.016286,14.83297,14.82035,-4.777035,-3.36512,-6.984676,-3.338579,-15.22604,-6.409244,-5.527228,-4.947431,-13.63199
27.19244,3.919612,10.35202,15.46634,21.5455,-5.630417,-1.014088,-21.15045,-10.96943,-24.87162,-3.348651,-1.071642,-5.635775,-4.783843
-3.184038,1.453265,-11.13735,-17.96559,-14.09848,-6.142744,1.646485,13.41049,12.45157,-2.735482,13.07313,15.76674,-0.3957858,-2.142206
-11.08482,2.776795,-16.3858,-10.8889,-8.721102,8.91684,5.251243,8.214603,18.0308,9.6966,10.52412,-0.03902879,-0.8192009,-15.47216
2.684749,0.2070297,-4.437318,14.7708,4.151252,6.492647,2.935817,11.39271,4.128657,-13.94542,-0.8459889,-0.2247355,-7.34688,-19.96332
22.707,-13.88102,15.1728,19.42345,1.857342,-15.32154,-13.82403,-28.70426,-20.14435,-9.597019,5.821436,20.63699,11.26496,4.588223
20.70572,-11.08888,11.78779,8.567748,-12.11643,-12.76438,-12.097,-15.43297,-11.27626,7.498243,3.399261,16.31038,4.705161,1.801607
-0.4002028,4.031075,-7.448092,6.377543,-1.647719,0.1443505,3.678879,13.05932,8.03495,-3.689377,0.9700132,0.3770815,-4.335482,-19.15233
-14.92435,7.269456,-19.58043,5.259556,13.96833,4.102903,9.359094,-1.016388,11.06034,-0.1286882,6.426764,-8.169761,3.539126,-17.16594
-12.46874,6.317267,-14.71381,-9.00469,-9.029622,3.782444,11.98608,19.30545,11.13549,7.54477,1.438897,-0.06876536,-4.598153,-11.62662
-1.887566,-16.4308,4.661889,-17.02673,-32.17382,-20.33869,-10.55887,11.32839,-5.142294,14.93777,11.65893,32.88261,12.38779,15.70137
-3.685421,-8.968176,10.52677,-5.37787,-19.95564,-2.246117,-5.094066,10.08906,-11.63066,12.4815,-2.900437,20.79196,-3.082132,9.051211
-14.11002,16.72775,-2.847695,13.04856,14.68191,22.42177,17.80353,11.95732,-0.635969,9.855433,-18.06244,-22.73805,-22.81976,-25.28233
-22.04994,11.36635,-4.821757,4.41999,-1.897355,15.1813,15.52359,19.04589,6.353559,22.03546,-4.524117,-22.16994,-16.47595,-21.98707
-6.387052,-11.71899,10.43272,5.773764,-20.25179,-4.413877,-6.291877,5.477612,-11.39735,19.50331,6.363959,11.38941,-5.55633,7.076473
-0.9410021,-18.55637,19.37519,-5.953943,-37.86466,-13.04254,-21.40046,14.21566,-10.30872,27.07857,5.026554,25.20283,-1.713947,18.88282
-12.9611,0.7097651,10.8533,-8.978784,-21.49842,6.442644,-3.681763,15.21308,-7.669777,24.03757,-9.383344,11.41248,-12.85728,8.361624
-10.91236,11.6722,7.969385,9.678901,19.82431,11.49642,9.845688,11.2631,-15.10696,2.098451,-24.52557,-6.848844,-20.22359,-6.231112
-2.776249,0.6192318,4.824263,8.253166,21.58726,-2.656805,0.2134151,-4.393606,-11.46422,0.2432698,-7.242511,-4.64841,-5.856704,3.297897
-11.36734,-14.42019,-1.263736,-19.07064,-11.66966,-15.30542,-13.73162,-4.695866,-1.378453,34.53973,11.98973,15.02238,11.28791,20.06316
-14.1438,-5.152733,3.099294,-9.757438,-25.84401,-0.3813869,-6.938405,18.05112,3.770369,43.31225,-1.663397,1.693093,-4.845888,-1.199075
-11.32365,12.22557,-1.622067,9.509231,5.783844,10.26109,3.003574,-5.467664,-2.255203,23.87945,-12.83953,-12.44654,-10.33856,-8.369534
-9.982192,3.714617,3.310655,5.784484,11.5123,6.347209,6.540497,3.597602,-12.19517,2.225157,-12.0354,-1.191811,-9.910244,2.2823
5.691142,-8.677013,15.9278,-6.291811,-5.642423,-4.94349,-2.267352,-0.4543294,-17.14138,-6.373961,-2.860443,14.25596,-0.5057955,19.28309
7.986296,-10.69282,12.74353,-8.25335,-15.16949,-4.774425,-13.31554,-5.5777,-7.934774,8.499627,0.8097098,14.40772,2.254005,19.01719
0.1895284,-6.04195,8.96425,9.065371,-10.44005,1.826736,-4.423532,2.943823,-5.983315,22.09782,-5.087098,-4.163396,-5.029362,-3.918823
-7.06063,-0.4948299,0.002274243,9.384446,-0.1293005,5.57236,-0.5931495,3.59393,0.5426856,22.37059,-5.573143,-14.25425,-6.531286,-6.829699
-10.13677,2.187429,-9.009429,-1.592856,2.974672,6.941478,3.056427,8.492715,8.765051,14.57482,-3.467543,-14.68714,-4.539958,-3.558896
5.882778,3.489242,9.900316,1.326887,4.10148,5.131402,2.069408,-7.758934,-9.089351,7.449757,-13.20131,-8.767367,-5.085932,4.551626
8.849385,-1.870568,12.36596,5.656596,5.110181,-3.789674,-8.372169,-26.12562,-17.13317,1.224985,-7.91926,6.186161,6.473969,19.34323
3.091057,-0.6715209,1.836583,5.686409,-1.981402,-2.897398,-3.67608,-22.93369,-8.450622,21.72783,-7.417181,-2.118423,10.4247,7.379737
3.907792,-12.64997,6.33628,4.650844,-9.437869,-7.96121,-6.401512,1.924698,-0.9205223,14.68646,7.778074,-3.305265,4.31648,-2.924295
-4.140907,-12.70564,-1.418764,-7.303173,-7.015595,-9.763434,-7.210764,0.690269,3.308398,8.576779,12.39419,4.712554,13.077,6.799077
-3.817321,15.12842,-1.81961,6.711497,16.68882,13.79813,3.792794,-21.87224,-1.280476,10.37179,-19.26764,-20.69419,3.678533,-1.4185
-9.332037,23.39692,-6.519814,4.241783,16.16226,22.94712,17.63533,-2.586867,1.601464,1.62939,-28.65434,-26.74623,-5.835695,-7.939249
-15.46626,-2.631307,-11.80452,-8.559447,-4.681017,-0.7937059,-4.353865,7.633743,10.40345,-0.1310475,5.539659,3.942243,11.52649,9.375577
-1.206361,-12.35527,1.355951,-13.21861,-7.497278,-16.7979,-18.03644,-12.53186,0.09189679,-10.89788,15.16556,21.49158,25.70144,28.73517
13.2491,-14.36661,15.30911,-12.98477,-12.11077,-27.7818,-14.9918,-18.52861,-12.12492,0.5674418,8.904651,19.43964,28.25137,27.16795
9.348021,-5.552097,9.639511,-16.96054,-29.17385,-7.114092,-9.232537,-11.38462,-4.577158,25.26054,-6.532991,14.02813,17.50297,14.7487
-4.822452,15.41912,2.955404,-3.694827,0.5605088,23.39092,16.16154,10.51893,0.7828795,7.608729,-27.18046,-16.07858,-7.066327,-18.55537
-13.08459,27.68071,-3.097713,13.5616,30.71476,26.44617,28.35849,12.9322,4.332441,-1.55065,-26.45299,-40.94241,-17.59817,-41.29984
-2.904355,2.723836,-2.273198,0.6009599,-1.501837,-6.235386,2.649766,10.31678,3.99692,2.924614,3.819542,1.071024,-1.62642,-13.56224
6.607996,-1.791597,1.973999,-1.506699,-1.348241,-10.93531,-7.601852,-12.54728,0.9282299,8.120872,8.181016,3.763167,6.352273,-0.1965797
3.508201,4.848276,2.25668,-9.81104,-6.400892,5.100081,3.531106,7.409231,-3.949065,-8.170361,-12.58202,12.11821,-3.991627,6.133227
-4.463632,6.86589,2.86146,-3.438327,-2.578166,13.85846,9.872706,16.09021,-2.62189,-10.604,-11.07157,7.072823,-10.84819,-10.99576
9.219632,1.108039,18.92525,22.70945,15.17482,-6.985619,-3.451246,-14.83571,-19.5135,-4.941576,-5.300591,0.9514251,-2.839443,-10.22093
3.891764,-2.837841,13.49743,17.83872,2.838734,-15.93103,-8.097775,-9.616357,-12.09913,0.1767921,6.765613,5.15104,3.621137,-5.1991
-32.13519,8.097258,-21.96328,-2.617208,-5.060974,18.66626,12.61285,21.96459,18.46624,14.5618,2.711577,-8.588973,-4.283225,-22.43171
-25.37819,4.072515,-13.89465,-1.576827,-1.784526,8.730846,7.937878,24.44048,7.838202,0.8787677,-2.049881,2.922899,-2.567516,-9.569992
-2.733362,4.184068,-2.077029,6.499179,11.92435,-5.368436,5.457913,3.332198,-7.872855,-13.99594,-6.422632,4.676071,-0.1709773,2.567458
24.95798,-11.25806,16.96315,10.48614,5.766744,-16.72644,-12.39449,-27.02789,-22.16233,-15.7854,-1.796274,18.72938,12.33293,17.91456
13.4375,-3.402822,3.303643,-0.5450988,8.931601,-7.333528,-1.103192,-7.147565,-5.034079,-12.62879,-0.3796697,4.909965,3.811841,3.180189
-10.65467,-0.5068148,-21.77946,-15.96329,-3.436275,-2.832633,5.626884,34.25301,17.96682,-2.435089,1.657596,4.303543,-3.854162,-2.345455
-7.211493,-1.124204,-17.8992,-12.952,-10.42958,4.184086,4.126472,26.05029,19.19375,9.176127,-0.7851666,-5.397042,-2.283221,-4.648813
19.56435,0.686806,4.319206,6.693931,8.936539,-6.809869,-6.18798,-15.23027,-4.801904,-2.560499,-9.171487,-6.542541,1.390438,9.713287
27.75853,-1.574535,11.7863,12.75509,5.120558,-4.898358,-4.053617,-10.29196,-15.10519,-16.20897,-16.91221,1.635574,-4.201514,14.19031
4.000389,1.186811,-13.25943,-3.212797,0.373399,4.182457,8.532256,28.0499,11.15879,-10.24314,-6.595691,-6.186143,-13.88182,-4.104977
0.8132052,-6.673392,-12.59173,-5.868765,-9.213745,1.928102,-1.140935,19.26732,13.4426,-0.8695541,5.049106,0.5362468,-6.038106,1.359644
29.89196,-12.58523,17.28885,19.0739,10.55614,-16.88768,-21.22138,-31.11979,-16.17125,-14.91575,2.330322,5.178752,7.176008,21.40512
26.21589,-0.8393542,8.906855,16.08844,10.05911,-15.71056,-8.767053,-21.15104,-13.44896,-20.52061,-4.264604,3.071074,1.984231,18.37658
1.971427,0.5629033,-10.60355,0.6710396,-4.845373,0.2143194,3.076233,1.762904,4.558544,-8.906559,1.542897,3.25088,1.598279,5.146058
-4.926432,5.156919,-18.66906,-4.192204,7.358452,8.589945,10.25386,12.30462,13.31147,-8.51331,-1.632149,-8.59262,-5.130521,-5.318954
-6.307612,0.7954397,-22.14341,-3.743254,8.219532,5.074725,5.074153,-4.465161,11.14239,-5.861983,6.654763,-1.771181,3.048201,4.283396
10.39662,-11.3098,4.417095,5.939831,2.907798,-13.50272,-14.00527,-21.74904,-7.703974,-17.00895,12.44031,15.11185,14.79438,19.27186
9.731168,-2.29587,2.778768,4.515257,3.192647,-13.30539,-6.716296,-7.663656,-4.840158,-19.6687,1.812015,8.066243,10.46761,13.92636
2.762208,10.31566,-3.251888,0.1363086,-1.529363,5.648427,5.920495,1.432289,4.626583,-12.60494,-6.354843,-7.045483,-1.424955,1.369513
-10.40799,14.04542,-10.77339,-6.45753,1.595699,16.52766,14.6011,14.12643,14.44129,-6.215794,-3.676013,-17.43117,-9.025266,-11.35042
3.081621,4.228004,-2.689593,3.611868,14.50052,-1.758786,-0.7382203,-16.43196,-1.900058,-15.41438,4.119649,-0.6636916,1.802676,8.252353
4.254229,1.415718,-3.546597,2.255624,3.032366,-7.436623,-6.288983,-23.55443,1.776107,2.674098,10.90677,-1.485109,7.081782,8.915051
-9.628382,1.256242,-15.38273,-7.220392,-3.419402,-3.517355,3.359123,9.618985,11.68918,3.308411,4.84626,-3.110009,5.420627,2.779448
11.8849,0.2873237,6.732431,2.769513,-2.284396,0.02899142,-0.2168409,2.248626,-5.090482,-11.10771,-6.129303,2.608293,-5.955126,4.223779
16.23942,-3.384066,11.70377,4.754063,0.573648,-11.07439,-7.214056,-18.88658,-7.453696,-7.229396,6.600883,2.841035,6.240963,6.288405
-0.6540977,-3.843032,-9.58762,-8.984828,2.85869,-9.512158,-5.415357,-16.16002,5.66503,-5.20451,15.64128,9.100409,15.4073,10.68891
-27.55519,7.620308,-35.90838,-22.03719,-1.642046,13.27915,12.10747,10.95215,31.53291,16.06561,12.40443,-12.68663,5.218497,-9.351075
-22.09807,2.6047,-31.29297,-9.43854,-2.511955,4.562013,0.5911617,8.75916,27.59046,12.51566,11.6088,-9.210211,9.036009,-2.716223
-5.636952,2.931343,-8.216212,1.472931,0.5574735,1.274674,0.375189,1.762852,6.105034,-1.417234,-1.213104,-3.434066,4.975228,0.4628434
5.251812,-2.155013,3.244124,-1.752959,-7.199575,1.267807,2.243343,-5.042562,-6.561741,3.730555,-5.702515,3.350667,2.335814,6.990245
-11.63195,-2.307007,-7.530421,-14.22422,-15.00167,3.405073,-2.290077,6.793819,8.855289,11.7757,8.984198,10.04396,0.7507421,2.376569
-22.01428,0.4478553,-13.19551,-16.50795,-16.962,6.19019,1.151145,36.18808,21.71486,12.94055,10.96872,3.329193,-9.84283,-14.40803
-7.082097,-4.20284,0.5413582,-1.684604,-14.05111,-4.398603,-8.382309,3.266242,4.033847,10.22051,9.127153,6.350837,3.998799,2.262812
-7.750746,1.390221,-0.1035695,0.9512016,-6.164765,2.851411,-2.699764,-5.72961,8.54809,1.444988,9.669157,-9.418083,10.20123,-3.189762
-11.617,3.477259,-3.564162,-5.319668,-7.137979,12.34613,2.03143,6.998465,10.82506,7.603021,0.6859483,-7.846511,1.15204,-9.634025
-1.096194,2.794842,10.9799,-3.523213,-9.026433,9.371194,1.30707,9.671878,-3.058732,-6.736859,-5.374183,3.709322,-7.196468,-1.822125
11.26685,-16.99136,27.09051,-3.663292,-24.95608,-19.47638,-16.68889,-5.674842,-14.68123,-6.033216,21.04795,27.42162,7.303027,14.03532
-0.2363679,-24.87317,22.58312,-6.394758,-37.55151,-16.40597,-23.80737,5.387922,-6.791364,5.516489,27.15637,30.62886,10.02062,14.7671
-15.61595,15.72306,-2.201406,-4.91704,-8.404809,22.05179,13.98974,23.8093,14.41066,6.291198,-7.225819,-22.55463,-15.39832,-19.95776
-17.33541,28.4162,-4.776158,0.3688127,8.861294,29.90095,20.78121,14.35906,15.19964,7.318797,-16.24452,-38.61102,-20.28725,-27.95158
-13.16822,-6.967976,6.741199,6.194937,-2.886594,-3.7224,-5.52219,11.14705,-2.48276,-14.67712,15.93321,7.501837,-1.526638,3.435664
-6.803016,-25.02819,8.454329,-4.272636,-30.20072,-24.35875,-20.8937,5.302963,-5.048427,-2.172315,33.31079,33.30105,13.58186,24.82674
-0.3379356,-16.72543,5.325731,-7.831439,-18.53733,-8.061802,-17.76438,-13.70409,-4.432071,7.031833,16.3281,24.20851,13.11988,21.38042
10.65389,3.962094,15.03866,6.635126,10.12434,-4.117712,-1.978911,-14.26466,-12.99017,-14.83895,-4.106774,0.7817894,-0.7698543,5.871151
12.50878,9.041475,20.35978,15.05934,15.1971,6.279275,11.60582,4.018854,-13.152,-23.33154,-11.3068,-16.14914,-16.7853,-13.34564
-6.610502,-3.201585,-0.409942,5.015016,2.489488,2.588124,-4.785485,-1.988594,7.322519,-1.167213,13.57101,-4.379039,2.565174,-11.00898
-17.37127,4.919896,-15.58619,-2.329741,4.82995,7.557882,4.524081,7.299279,20.61214,0.9774479,13.99206,-12.17121,3.665285,-20.91962
0.6522935,5.959208,3.894722,7.344463,19.18106,11.80426,12.96462,-3.249255,-3.492103,-14.2905,-3.918165,-13.7018,-5.705413,-17.44337
6.990849,-5.513364,7.146197,0.3338277,6.599364,2.169593,-1.352659,-2.051062,-5.056917,-20.95916,1.871111,5.03827,0.8001226,3.983825
13.00371,-4.027272,11.8084,1.767408,2.479995,-7.984721,-4.569218,-11.18287,-7.399151,-8.882349,2.27063,2.860948,6.387949,3.466537
16.83117,-4.593465,23.12176,15.75984,15.66609,-12.53486,-8.09008,-28.97578,-16.74163,-18.80101,6.377968,-1.552976,12.95437,0.5785999
-1.618012,11.04375,6.762391,16.77869,26.22778,15.68512,17.83687,1.179226,-4.659517,-27.35349,-7.956969,-20.49481,-6.450867,-26.98015
-18.74318,6.477833,-11.76365,1.476738,7.291367,12.76829,10.4914,4.070908,10.72834,-1.585426,5.008561,-11.51587,2.817385,-17.52269
-6.354078,-5.564308,-3.437729,2.27656,0.4704711,-8.979813,-0.9486751,-4.826358,0.08693466,-4.321712,11.37105,4.106368,15.13619,0.9850991
9.535585,-12.21447,7.425652,16.95893,14.18409,-28.31915,-17.58213,-20.27104,-9.847299,-3.370874,7.946322,6.503851,24.35874,4.691776
5.957723,0.01758515,-1.079738,15.02182,21.94997,-7.083583,-2.075354,-18.23304,-2.510921,-3.915281,-2.206267,-10.67859,13.71382,-8.878138
-3.050053,6.522239,-9.833513,5.141881,10.40217,13.88171,12.38317,9.140127,10.29371,-4.267875,-4.120584,-17.38022,-6.861887,-22.25087
-6.079961,2.924764,-9.851502,-11.4103,2.291027,5.932981,5.722684,13.13202,16.18766,-9.289125,9.15814,-2.060557,-0.3002,-16.35763
10.36111,1.175435,1.461318,-1.42142,21.53657,-1.144911,4.109641,-9.793004,2.166636,-24.94461,4.011076,-2.916833,9.421021,-14.02202
18.47265,-6.432074,6.849441,12.78914,14.60213,-22.88742,-7.951933,-21.85991,-2.94642,-10.74247,9.824743,-5.423005,22.73449,-7.029368
1.75382,7.066693,-4.640411,7.308105,14.16466,-1.81349,6.826344,-3.874026,6.422862,-10.15421,-0.9931166,-14.31831,10.4833,-18.2322
-9.967324,10.09518,-11.03868,-1.22512,-0.1120895,18.50163,12.94878,4.790112,9.18332,-0.2807288,-8.077013,-6.955685,1.259231,-19.12161
-6.194528,5.991835,-1.814061,-10.636,-13.69407,13.49551,11.65941,21.54553,5.148586,-0.5820953,-8.981923,5.663524,-5.048537,-16.55317
14.30703,-3.685113,17.62291,-3.23856,-3.264877,-6.873687,0.5027196,-0.9396582,-14.66447,-16.38859,-5.063787,18.66735,5.700556,-2.681822
16.9834,10.27215,12.04565,8.0104,17.29842,4.986714,12.51801,-4.842971,-13.1501,-24.3056,-20.82523,-1.240747,-0.7368295,-17.01325
6.672471,11.74792,1.187641,9.359905,15.24416,17.78546,15.93703,1.078011,-2.952366,-7.707143,-20.36773,-10.62912,-7.960299,-29.39594
-1.75866,-0.1996892,-8.859776,-8.697815,-4.396582,2.685648,3.721708,10.16345,5.599378,9.111588,0.2639348,11.69289,-5.213535,-14.11254
5.538379,-1.261951,3.225759,-12.02205,-1.775522,-3.199222,0.1219306,11.593,0.1784407,-2.53691,-0.596105,15.43397,-4.70942,-9.990299
16.63279,-3.524104,14.34887,1.700158,-0.5127975,-2.047151,-6.314319,-18.62264,-17.28143,-0.4982304,-11.39162,15.52432,3.413645,8.572496
0.508753,14.18526,-4.682046,-3.566884,7.402679,17.75442,14.87618,-3.887115,-1.13564,13.85313,-18.67052,-9.515287,-13.56217,-13.56076
2.791725,0.5179786,-3.525523,-8.826659,-4.287797,3.206167,6.789812,7.035672,1.67233,4.755794,-0.6548535,5.741482,-7.502984,-7.713143
24.26555,-18.39697,21.81147,-4.449149,-21.68615,-19.43736,-19.42029,-9.878685,-16.86597,-1.809592,12.99235,34.69781,-1.514399,19.69137
33.61715,-11.30752,33.49781,13.08079,-1.18841,-21.19577,-15.62753,-27.39873,-32.774,-8.613762,0.003260155,22.91887,-3.477651,18.46548
23.26925,0.5294678,21.20758,15.0881,7.674265,3.122212,-0.1648354,-29.38789,-28.9338,-12.51092,-18.28572,5.247363,-4.132386,17.27732
-9.740503,12.11589,-13.46476,-1.773313,4.606259,22.51057,14.79078,5.82632,7.908937,2.741651,-7.765648,-12.07078,-16.49602,-9.189376
-24.29911,6.098697,-23.46879,-20.2015,-14.34615,14.81352,5.633337,16.94917,21.35366,30.68761,4.941283,-0.1052312,-9.912359,-8.144116
-8.194987,-9.633516,-0.5303757,-17.44373,-18.3628,-5.046524,-8.30608,11.50148,4.33325,21.28233,13.41715,17.11675,-4.906489,4.773536
13.45147,-5.419817,15.58355,2.940531,-7.032082,-0.3795653,-6.191115,-13.52868,-12.79385,9.765501,-3.719842,5.778764,-3.575917,5.121054
-5.507113,7.10743,-3.562347,-3.387344,-9.08603,11.98571,6.767907,8.93274,5.846826,22.98041,-8.652914,-11.02865,-11.93041,-10.4662
-29.56271,19.21096,-24.32416,-7.781051,-2.837096,23.28959,20.42732,28.83064,27.93544,26.75483,-0.5237613,-29.88989,-19.59126,-31.93884
-23.56197,1.24518,-14.47954,-7.220511,-6.040072,7.377416,2.413608,15.54519,12.23111,13.21198,11.51831,3.086776,-8.569024,-6.758459
-11.9796,2.860891,-4.368566,-4.042819,-4.547693,8.914915,3.644404,17.82212,0.3168217,-1.950301,1.883179,8.219379,-22.02653,5.253804
-16.77731,10.23575,-4.780327,-3.340538,-7.834694,22.67573,13.46343,20.02571,1.93141,10.3892,-10.69907,-7.341853,-24.59978,-3.347655
-23.80785,2.561511,-18.34172,-9.996083,-6.828703,8.005514,4.390926,15.09367,12.38712,26.0393,4.442697,-6.195974,-11.30402,3.553616
-15.81307,-3.282579,-12.19699,-2.581443,-3.163327,-10.45874,-4.309872,4.557895,7.643237,14.80752,15.3535,-2.374713,0.3626698,11.4559
-12.59237,5.152187,-4.709814,11.57794,13.60832,-0.04843185,7.169421,4.038659,-5.36642,-4.280611,-0.09778487,-10.20879,-11.19309,6.950771
-8.063307,5.476496,-3.468716,4.448163,-3.374812,6.323672,5.963503,3.433398,-2.054762,6.449403,-3.517231,-10.42679,-12.86483,11.67581
-17.07827,-7.491405,-12.0354,-7.498095,-21.85355,1.99608,-3.224105,19.77854,8.016622,14.73803,6.329776,2.266407,-5.517834,21.5732
-7.619499,-3.007156,-8.846779,-4.546531,-9.745685,-3.761909,-1.19747,0.001608878,0.5467656,12.25773,3.813164,-3.97018,-3.103755,29.17968
1.586905,5.434704,-3.23294,6.5818,26.31639,-8.714254,5.144256,-10.94492,-10.96418,-25.93334,-0.1690278,-3.121897,-4.962642,22.97916
3.657619,9.624906,2.002719,9.579427,28.16284,10.07596,10.60576,-14.49786,-9.078898,-19.53527,-5.987338,-15.60234,-14.02304,5.015514
-5.173398,-3.199213,-2.969515,-4.578161,-12.09265,2.793641,-2.50275,3.8606,4.951912,24.62723,6.704323,-5.673307,-11.72539,4.97667
-6.647851,-2.682556,-5.501292,-1.74376,-2.036404,-2.766168,-2.718472,13.0799,2.721503,7.264767,4.797781,-1.003657,-14.42691,11.66312
5.429797,-9.866544,12.78038,3.872425,2.023486,-19.76354,-10.47406,3.898434,-12.973,-15.5262,10.26218,8.600245,-6.355152,28.09153
5.413003,8.022313,11.71805,6.76273,21.12845,1.559463,2.336529,-20.17932,-15.83718,-22.87912,-1.209245,-8.279469,-13.28981,24.7336
2.308959,12.23976,8.016927,6.269939,18.32045,13.45597,9.557769,-28.63157,-16.48573,-15.77612,-5.564135,-12.55208,-14.58433,23.42421
-7.361487,-6.307037,4.084754,-0.2953447,-6.562542,-2.153785,-4.997519,-2.56202,-9.504543,2.808697,8.842188,7.973825,-9.601164,25.63597
-8.092554,-14.72119,0.02228918,-12.68031,-28.31395,-9.432436,-16.91145,7.654983,1.729555,23.02132,17.15602,18.18399,-5.319329,27.70306
-11.73527,-1.142252,-5.099715,-0.6321883,-10.19079,4.885791,1.108134,5.860363,0.4668099,11.4116,6.076436,-2.670925,-13.59827,15.26027
-7.686489,4.811069,-1.967982,4.59221,8.209234,12.80786,4.272768,3.38107,1.888695,6.105443,-6.058465,-20.59606,-14.4,4.640654
-0.2907385,-5.612118,-1.818892,6.434921,-7.864913,-3.634844,-7.86038,6.207295,3.593241,19.71179,-0.9179114,-9.748751,-4.492206,6.293498
10.77095,-7.405778,2.233981,4.384645,-4.490526,-10.74908,-9.76296,0.9795029,-4.726832,-1.164701,-0.03389484,7.023471,-3.763096,16.70431
11.70813,-6.434956,2.447077,-5.987081,-11.44094,2.073712,-8.078401,0.8534751,-1.944914,-2.484041,-6.865665,10.51293,-1.905097,17.54577
6.643318,-6.761542,-7.257236,-9.198247,-10.97856,-0.9765625,-6.153786,2.708839,6.244638,1.892065,0.6029744,9.668809,3.228045,10.33723
15.97068,-8.092472,1.52274,-7.120344,-4.206928,-10.44007,-13.59399,-9.239861,2.390208,0.7162935,2.957909,10.13963,8.91212,10.08407
11.83434,1.998208,-5.313584,-0.9384087,-2.419877,9.727712,0.3736768,5.528531,7.391066,-2.227792,-12.50207,-3.049552,-4.505589,-5.896665
2.470461,0.3994991,-9.636904,-3.485878,3.331262,0.5026965,-3.704885,0.4055358,9.378483,1.064982,-0.3367395,1.474828,2.070621,-3.933964
1.962032,-5.370387,-7.411367,-0.01079549,-3.953984,2.350459,-3.645442,2.15738,8.478296,5.521875,1.701626,-0.2464961,4.555588,-6.08879
10.74776,-11.40371,-3.927181,3.477969,-9.179065,-5.924994,-10.80244,-0.5807776,4.145143,6.686103,-0.7577708,5.772916,10.0074,1.738636
18.37044,-8.182193,5.196082,10.43799,-6.296769,-12.82493,-11.01417,-2.221979,-4.457604,2.330493,-6.110219,6.611091,7.030354,1.131403
9.311481,-2.632319,-0.9213951,1.747206,-4.033551,-1.03448,-0.2070657,8.357534,-2.73217,-6.924951,-12.40333,9.298418,2.572799,-0.3981832
7.628308,-3.971429,-2.470147,6.45051,-6.866975,2.646266,-6.394851,-0.1305214,-0.7555729,0.586466,-12.46337,9.491036,7.287722,-1.037443
13.94276,-7.010241,8.770583,8.210031,-15.11503,-4.581849,-10.52254,-3.038014,-0.1978935,11.72712,-1.727883,3.622131,6.245809,-10.32499
8.835223,-9.500645,7.315456,4.770413,-1.885807,-14.57558,-8.993936,7.104439,1.756149,-4.592481,7.378843,4.687195,9.507836,-11.80711
14.42908,-1.708315,14.73851,10.62543,8.237648,-2.677577,-7.57657,-19.43471,-7.166833,-1.133452,-6.662831,-6.388786,11.90277,-7.18437
1.836254,-5.125999,4.731459,-1.01615,3.727447,-4.766621,-6.782066,-11.48701,-3.35505,2.477373,-1.563767,4.678952,16.78816,-0.142982
-7.026781,-11.07724,0.5572766,-13.4775,-6.691796,-9.580778,-5.045133,17.26274,2.423717,-10.43063,6.675885,20.08983,15.76552,0.5548806
7.782773,-12.26669,21.47118,0.8712535,4.332374,-14.08987,-14.42815,-9.225932,-15.93683,-20.758,4.078314,19.73455,16.02365,12.41136
9.153064,-12.29014,18.61895,5.678805,3.311016,-19.17794,-17.06839,-27.08951,-15.85812,-10.35,11.50317,17.17124,22.78636,13.61148
-19.41505,-2.275836,-12.20558,-17.22929,-14.78426,5.846759,-1.757549,12.52796,16.85411,12.52679,6.161905,5.357996,14.3849,-5.992859
-12.12104,0.6606532,-7.196015,-3.635062,-4.425278,14.45258,6.379511,12.64027,9.238119,3.979824,-8.402205,-6.147115,8.706717,-14.13095
8.461137,10.08472,7.543175,8.647367,4.344941,10.36376,7.896651,-2.716228,-3.719925,-2.957816,-23.80039,-14.61517,5.01417,-14.54638
6.771691,2.670726,7.809927,-2.984041,0.5087077,-3.875112,1.049942,0.2214927,-6.352218,-6.428642,-13.08485,5.015443,9.753675,-1.076738
10.14351,-14.15059,12.46336,-9.131441,-8.156223,-17.20104,-15.7725,-11.87233,-6.064449,-10.22518,13.20865,21.87078,19.88669,15.00073
-2.597167,6.90956,-1.946059,-5.868928,-0.3036218,4.658162,2.508495,-0.8647458,6.876303,-5.569637,1.266588,-2.968487,2.710247,-4.810703
-1.467423,10.04968,-5.105527,-6.311134,5.539992,5.708824,12.62026,8.407199,8.869452,-7.800796,-2.754079,-13.47504,-1.969131,-12.31227
2.709885,0.3142312,-2.36455,-6.24551,-3.7564,-1.132805,0.9218859,10.84356,9.21938,3.446163,-5.077249,-8.195121,6.423432,-7.106902
4.888441,-3.773021,0.2872273,-3.438409,2.506509,-8.574631,-4.456824,-9.795042,0.9035634,2.779689,3.74654,0.2114035,12.17485,2.539706
2.077002,0.5395569,-1.263569,-4.310235,8.734586,-5.614538,-6.384487,-28.26037,1.819823,-2.165365,10.75741,-1.630389,15.80167,9.898911
2.317266,6.692227,-4.575351,-6.093212,6.39682,4.262396,11.56957,-5.543784,3.081503,-5.709672,-2.536415,-10.56829,3.71351,-3.006566
6.627637,4.636533,4.712317,-8.043551,8.29749,-0.9801574,15.96135,18.78908,-3.785936,-19.60174,-7.444024,-4.762103,-9.071288,-5.335603
13.54714,9.280563,8.894404,0.7547787,10.44353,-5.646902,6.835397,-1.720917,-7.71197,-5.510008,-13.51442,-8.792217,-5.080517,-1.778849
7.362462,5.713181,-2.865621,-3.0073,6.147654,-3.011632,6.991022,-9.878769,2.746251,4.666412,1.448388,-10.59291,0.6798266,-6.398961
-5.651125,8.579627,-13.83536,-7.26744,11.31163,10.50254,11.60963,-5.641526,13.59844,2.396095,3.797239,-18.00011,0.5203653,-11.92
-4.740223,10.12943,-8.470627,3.090919,13.281,12.94994,17.90519,8.560779,6.37936,-10.4479,-5.618402,-19.54875,-7.492664,-15.97804
-1.657017,0.8962109,-6.523854,-3.595104,1.79266,-8.103512,7.148592,9.970152,-0.355203,-12.17114,4.340766,4.573267,-2.381463,6.065647
2.809353,-9.431797,3.342208,-2.377652,-12.05738,-20.46259,-8.437446,-10.0347,-9.315816,8.499525,8.548959,15.05869,12.85136,21.00728
-2.135215,-4.120832,1.902529,-2.853335,-12.8981,0.04811838,2.877532,-1.188833,-4.03788,4.986345,2.232156,1.973665,3.993313,9.220534
0.8228873,16.76911,-9.364435,1.782954,16.6671,14.14414,20.72341,-3.254183,3.915488,-5.706323,-12.52376,-23.88647,-8.657918,-11.43198
-1.127513,2.357325,-2.861976,1.166989,22.73756,1.042313,14.12967,10.88374,-3.813445,-26.54549,-3.047291,-5.459678,-5.192433,-4.269761
2.880145,-7.908624,6.009665,3.065663,12.22219,-17.81003,-12.38029,-5.414806,-7.440422,-21.0832,7.773335,12.19541,10.77344,17.11751
-0.5876693,-3.902498,1.767692,3.960709,-3.891774,-10.18745,-9.937304,-24.28449,-1.756992,14.81898,8.212587,-1.59873,18.59802,8.788909
-3.473981,2.936503,-6.498098,-1.336689,1.626658,7.961289,8.496884,-10.26687,-0.6787889,8.156988,-2.977142,-7.215622,1.580938,1.687933
-14.97757,10.47898,-7.108605,-0.377829,11.95214,21.88294,17.69981,19.22563,0.7347419,-11.96485,-16.69452,-11.34034,-13.94897,-5.561552
-10.19941,8.33708,4.438348,4.914788,15.9557,11.66688,14.54004,16.04549,-6.492515,-14.78862,-13.23894,-10.90383,-11.46473,-8.810289
-0.627412,5.155118,6.083245,1.446038,-1.028872,5.757055,7.099825,-0.6950116,-2.146823,2.187257,-2.301567,-8.706121,-3.786005,-8.43672
-9.467206,-6.451498,-5.577721,-1.850526,-6.74675,2.059567,-4.688194,3.116553,8.195463,7.668013,11.3126,0.304198,3.731232,-1.605734
-13.11998,1.996398,-13.20192,1.271026,5.751942,2.41053,-2.365263,8.200852,14.40945,2.889717,4.025003,-8.707808,3.519206,-7.079146
1.058296,6.492592,1.872313,9.459199,13.60966,0.1194656,3.206349,-4.534023,-3.1119,-4.287523,-5.577142,-9.690409,-2.408045,-6.208831
-2.024161,15.82402,1.824335,8.456608,18.70444,15.49793,12.93119,1.69387,-3.204742,-15.48244,-15.93559,-13.51967,-12.02687,-12.73891
-7.472305,6.388016,-5.61799,-5.864919,-5.759418,16.1326,6.950217,15.90134,8.854406,-0.3922289,-8.260604,-3.17339,-6.994853,-10.69086
9.203918,-11.21131,7.413344,-7.761396,-11.90914,-10.43191,-12.15689,6.181188,-1.898643,3.499404,2.52596,18.23623,4.342438,3.966807
12.93936,-1.836959,9.34957,1.315922,0.2233962,-4.981555,-5.014122,-0.7372147,-5.428838,-7.537359,-1.183914,9.695223,-4.146932,-2.656578
7.426038,1.620707,9.066324,17.82823,12.42352,-2.738904,-4.355557,-16.33278,-12.12545,-9.903245,-0.8280254,2.476913,-3.459098,-1.098674
0.2238363,-3.381678,7.934069,16.86737,3.672075,-12.22427,-10.91505,-13.60317,-7.092197,1.647345,9.692145,2.805361,5.243805,-0.8696455
-13.85975,-3.117566,-4.076607,-2.72628,-4.930335,-6.686229,-5.43458,7.595191,4.767456,6.30307,12.80842,7.846273,1.909524,-0.3985923
-7.542893,2.17624,1.459086,-8.502666,-7.014095,7.802016,1.114605,2.166378,-2.760754,4.229286,-1.82769,11.9127,-5.133034,1.920823
-8.384444,7.708708,-0.2637393,-4.859967,0.2890341,11.04884,8.216207,11.04518,-0.2854639,-2.801763,-4.714963,4.875245,-11.96526,-9.907607
-4.301244,1.030156,4.148026,4.087219,11.64274,-7.193543,-3.728417,-0.361904,0.20451,-8.914495,13.24166,3.26967,-2.988131,-10.13625
-3.269927,-6.518315,1.679321,-1.548677,-2.25077,-7.139738,-8.362053,-8.245876,4.308724,2.690726,20.66504,5.730603,6.522268,-4.261328
-13.45476,2.974239,-6.218385,-7.114498,-2.975381,10.04092,0.03858038,10.71719,12.12663,6.438005,3.887884,1.10751,-1.736531,-15.8314
-0.1896561,11.16081,0.9893861,3.220051,9.834437,14.82505,7.952295,12.07039,3.241006,-6.740922,-11.00316,-5.51211,-16.70286,-23.1447
-3.961289,1.962429,-2.935983,1.572006,3.697888,12.1956,2.905492,3.208732,1.713655,8.516803,-6.091637,-0.1395966,-7.879103,-14.765
-7.473708,0.8323141,-5.10605,-3.964993,-0.4693511,6.732555,-0.6636174,2.901922,7.232205,4.199754,5.155509,1.785472,-2.943389,-8.218622
-5.536993,3.081541,-7.203106,-4.332657,9.819486,0.8183413,-3.584771,2.377031,12.96667,-3.618206,6.680544,-3.961218,2.843216,-10.34988
-2.526134,-2.481782,-6.707479,0.2979482,6.070694,-2.086055,-3.70363,4.945243,7.257765,1.533913,-1.089392,-2.824861,6.662438,-5.348671
2.882493,-1.990786,0.3924233,9.684643,1.16268,4.204326,-0.2012641,-12.29729,-4.523442,1.466529,-2.285894,-2.176551,3.578996,0.1031324
-0.9056894,-6.234033,0.1598862,4.823492,-7.656619,1.638618,-1.301251,1.31095,-1.668215,2.439663,-0.1904332,2.101319,4.700665,0.7816426
-5.127769,-5.850432,-6.643074,-2.945576,-11.16352,11.03332,-1.462749,11.8559,10.2944,-3.791414,2.573087,-0.5859293,1.278825,0.5349242
-2.094528,-4.949888,2.488806,2.336998,-10.87166,-0.7344471,-13.331,-14.71859,0.5889041,3.920124,6.843367,5.063064,10.96725,14.49159
0.8522926,-2.374652,0.8501661,5.390609,-3.604647,6.691439,-3.952058,-10.86862,-3.951733,0.267661,-7.619025,1.201934,8.290326,8.826304
-6.656326,-0.6747869,-5.496434,4.360089,-2.718162,20.01903,1.957138,4.611277,3.852762,-4.962192,-10.24579,-5.261275,-0.1174259,1.332089
-0.7390979,-1.044672,-4.779726,3.775908,-2.420894,8.819521,-3.592508,7.122262,10.31008,-4.41896,-3.723671,-8.448225,2.641885,-3.501909
7.552441,-1.835469,3.088988,8.739747,6.560556,0.01954526,-6.854333,-17.30755,-0.7814024,-3.257564,-0.3417864,-8.117431,8.152271,4.381982
-14.13447,-6.483922,-7.45372,3.792483,-0.8072368,2.910475,-2.451581,-5.820902,-2.879149,-2.937034,2.79978,6.811278,12.17072,14.48328
-20.74265,-5.716645,-15.4668,-3.672168,-14.5576,14.67376,-5.788731,6.156925,12.39401,10.60077,1.283457,3.280427,9.522963,8.032272
-8.197739,-3.725008,-7.223417,0.04887979,-15.72112,6.377289,-6.089855,3.015452,6.720026,7.429392,0.453184,3.445716,5.547153,7.92004
20.83775,-9.149887,13.92409,16.34714,4.304648,-4.107308,-5.898089,-13.36612,-15.7802,-29.86524,-4.464156,7.973109,7.455903,11.78834
24.14907,-12.2927,16.27431,7.486738,-4.0432,-18.8438,-14.89966,-17.50607,-15.37548,-15.73691,3.425701,16.32624,10.81639,20.21935
9.398787,-3.945901,0.9934514,0.6259524,-12.97697,-34.0827,-7.905932,-17.33006,-7.335968,9.080789,10.37071,13.0113,22.90214,17.19441
-1.118156,-2.312055,-11.06177,0.6764855,-8.358577,-19.31182,4.437565,-0.6485062,-1.928573,3.302157,5.311979,5.847702,13.34688,11.81669
-13.12125,3.76127,-17.74172,-3.601935,-9.361988,-8.966107,8.486955,15.7675,5.866901,10.60175,-0.1918936,0.6789951,2.44894,5.372593
3.891116,-4.576746,-0.9025925,3.28548,-12.84076,-27.10455,-2.134956,0.7092292,-7.410884,6.299842,3.853852,7.311034,12.18384,17.43609
15.41914,-9.055145,9.358213,-2.946276,-18.64794,-32.14584,-2.142072,8.425653,-11.77259,-2.080663,8.368648,17.72745,4.768914,14.7225
8.56406,0.896457,2.896471,-3.026354,-16.87443,-14.81101,2.44464,11.20559,0.2804072,6.959424,4.341407,1.206665,-5.143485,1.060159
3.875096,6.026418,-5.213078,0.04867136,-9.688954,-6.882997,7.599839,3.544228,2.996105,9.956038,2.612867,-6.292453,-6.6125,-1.969278
4.236835,1.976635,-0.3826695,-4.817892,-11.70917,-14.38574,9.303993,5.299258,-4.308617,-0.2894624,7.998089,6.553967,-3.096212,3.620986
1.234907,3.081754,1.826803,-3.333902,-13.78559,-9.696177,6.125087,8.278061,-4.226309,4.845385,5.091686,5.981008,-9.338457,3.915747
0.1597264,8.839175,-2.214534,-1.626522,-12.62352,5.33115,8.620553,1.624002,0.01340269,12.21932,-4.950507,-3.709532,-10.45344,-1.229253
10.37023,3.266117,4.403857,-1.063298,-17.84182,-1.275759,2.470554,-9.719124,-4.647352,15.50108,-3.997406,1.236844,-1.501868,2.797953
13.56967,-4.904628,8.984257,2.616398,-19.11471,-10.25939,-1.760476,-1.65667,-9.402623,13.93342,-1.930897,6.108049,-2.382451,6.20004
9.981654,-6.535331,9.024822,5.807575,-11.81153,-8.48783,-4.091539,-6.339862,-11.50039,-1.957471,2.272993,9.966174,0.7167972,12.95392
-18.48979,8.070323,-11.66836,-9.52625,-14.19298,12.26634,5.559907,7.883162,12.84765,17.2855,0.88456,-3.962169,-0.6781728,-6.279712
-7.399043,2.138187,-1.502791,-2.74224,-7.670685,-0.1733595,-0.683816,-4.360526,1.641938,22.84482,-0.2949453,-3.646736,3.134524,-1.285322
0.4438251,-4.269256,9.646279,5.799078,10.87023,-7.208222,1.053563,2.740781,-13.19514,-12.42657,0.7058434,6.602037,-2.961946,2.199497
1.789315,1.038604,10.23962,4.849092,17.77018,-2.097284,3.944247,-7.779987,-13.4027,-17.53342,0.3711843,3.779709,-2.442023,-0.5265367
11.43489,-2.516527,13.35653,10.14316,16.94429,-7.871562,-3.637958,-25.70721,-18.20411,-8.890772,-1.130377,5.755893,5.779553,4.544203
-2.548771,2.359239,-0.4974104,-0.9076295,15.4338,2.924664,-1.31975,-9.3692,-2.283223,-1.738111,-1.772115,1.769336,-0.07503042,-1.975792
-5.655544,4.479787,0.3712795,-2.347188,20.97366,0.6843835,-2.849215,-6.641359,-2.500297,-4.497264,-2.712169,4.034733,-0.4078882,-2.932914
-1.333675,0.1461818,5.395172,-0.9391406,21.81367,-1.011894,2.947733,1.765336,-7.58467,-21.84231,-1.979941,5.75483,-0.1803345,-2.950956
15.69657,-6.544683,14.25199,6.509527,10.16983,-2.008076,-8.144429,-13.74565,-11.55747,-0.4367713,-7.061783,1.398554,0.5751351,0.8972464
5.061032,2.951601,2.02733,4.013299,3.664322,6.386178,-4.506229,-4.261456,2.619194,15.95921,-14.71253,-12.76215,0.04113744,-6.480933
4.017586,7.427738,-2.680528,2.28791,13.09822,5.213674,4.693034,4.20774,3.652089,-11.86178,-10.52552,-11.74789,-3.826622,-3.955641
2.855886,4.34401,-0.06196593,4.728197,21.21038,2.19411,3.83496,-0.9358826,-1.999028,-16.58087,-8.739296,-10.89743,-1.189296,1.236232
7.38431,2.046717,0.9382092,0.4377181,8.388766,8.802444,1.463736,-8.900412,-0.05016137,0.2946845,-12.35295,-14.38453,1.368713,4.562755
3.717544,1.745236,-5.253929,-8.422908,1.870029,3.434001,2.635394,6.134481,10.87093,2.896669,-2.821704,-13.80746,-0.7765073,-2.221777
-5.769822,4.567973,-13.7048,-8.734199,10.53703,2.619093,4.957281,3.079868,11.9616,1.355456,1.796958,-11.07085,-0.5594587,-1.036122
-9.92301,14.13133,-8.810384,-5.52269,10.81866,13.20833,12.11917,8.756848,7.303974,0.3642438,-13.204,-16.98836,-7.63284,-4.621264
-15.15439,16.18686,-11.17062,-6.707576,9.777776,19.59947,15.07276,8.640617,11.79205,9.415523,-15.49424,-24.6064,-4.457438,-12.89438
0.1354009,-3.52895,-5.958492,-8.137041,-5.166497,0.8353522,-5.73671,2.047708,11.29501,14.3849,1.967318,-4.914793,3.834207,-1.057423
-2.479209,3.7537,-5.965453,-9.118036,0.2098789,1.726128,3.954532,7.985777,9.800192,10.7932,-2.771922,-12.35704,-1.30157,-4.230176
0.7048935,4.325973,-2.015732,-7.82829,2.096949,-0.5985813,1.922291,2.923118,5.449352,11.22171,-3.495816,-8.464243,-2.589387,-3.652231
0.7713829,2.534809,-5.501434,-3.812707,3.673558,-1.884406,3.281716,-3.268693,3.963537,13.88701,0.5111622,-8.771867,-2.437897,-2.946172
-0.3271224,-6.607239,0.1443689,-4.096986,-7.448887,-4.997157,-7.27952,4.291861,2.740466,26.38388,4.467138,1.364384,-6.120959,-2.514238
0.7871764,-3.357154,5.435255,-0.6240161,-4.063464,-2.898347,-8.962589,6.674285,0.1054085,19.96819,2.919312,3.474946,-14.66054,-4.798469
9.776647,0.9180009,4.804087,0.1038161,6.00014,6.449895,-0.6802251,-6.741422,-1.693031,18.03872,-2.519617,-7.147426,-18.47842,-8.83117
13.32786,3.307634,12.39592,3.592048,9.528772,1.537325,-0.221626,-5.514488,-5.418403,12.83176,-2.667562,-7.614825,-19.64574,-15.43867
-6.883041,0.7350448,-5.818032,-8.794012,-6.191247,2.538295,2.003349,19.19813,9.687138,27.03343,2.022917,-0.9430238,-15.61374,-18.97521
-3.075119,-3.536983,-4.068996,-2.023208,-4.499134,2.262611,-6.061505,-0.03373028,13.28598,41.35522,13.97325,-9.910452,-13.1293,-24.53865
19.59729,-2.085341,17.38088,13.95785,8.329705,-6.283625,-3.85919,-17.10741,-10.40996,9.082713,4.752748,-8.756959,-12.01422,-12.58449
20.11062,-5.429631,23.49514,8.637899,5.708717,-10.27879,-7.512425,-6.982782,-12.90884,4.549223,4.178317,2.85064,-12.31716,-14.10093
-1.918545,1.91301,2.474921,-1.894576,-8.192425,0.5688378,0.1864909,11.47703,11.67168,33.32684,7.400735,-11.57668,-11.69382,-33.7435
10.03335,10.20354,5.091522,1.27658,-0.01443464,5.776511,7.5459,12.78079,8.266318,17.65631,-6.226317,-15.41623,-18.88527,-38.08858
21.69658,7.147474,19.40337,18.6137,23.54792,-11.52067,-0.3840425,-8.103942,-6.418476,-4.486246,2.350198,-15.91527,-14.2889,-31.64169
14.61727,0.353807,7.614626,15.22431,22.23369,-19.43155,-2.436102,-4.24452,-4.640422,-4.222857,6.63074,-5.079752,-4.73932,-21.87992
6.549371,6.1966,-3.995384,4.987926,15.45849,4.730742,6.170438,7.880107,11.04004,4.241806,-1.49644,-20.02682,-12.92889,-28.80799
-0.01042832,14.05065,-5.374304,4.176699,10.50051,20.06246,13.62662,17.50524,16.42736,7.731417,-9.482712,-29.60417,-20.9308,-38.67852
10.31289,6.525851,7.301637,5.88478,14.20746,4.925276,3.898221,11.24665,2.797615,-4.552588,-6.567518,-15.55993,-19.1441,-21.27624
29.71976,2.642178,21.77485,21.2975,28.76554,-10.69446,-3.333049,-15.31824,-15.00353,-24.87461,-8.158666,-13.06902,-6.415768,-7.332479
10.68274,4.352492,-0.8700837,10.50698,19.96052,-0.9075442,7.105392,11.24203,5.458629,-16.12299,-2.253447,-14.99495,-9.543652,-24.61613
-19.26001,15.30274,-26.91453,-4.110965,10.51109,23.80478,16.09984,40.76368,37.80323,2.343954,-0.3079582,-33.32081,-19.68435,-43.03067
-18.95081,19.8869,-21.19896,11.27662,24.53159,23.91106,17.44278,17.34348,25.42813,6.627081,-6.834614,-38.57516,-13.50123,-47.38685
8.009167,11.61033,-8.455967,21.91767,36.59015,-0.02819023,9.305669,-0.234856,10.34382,-17.97819,-2.109214,-30.37686,-5.459746,-33.13375
6.854044,10.34297,-1.074176,29.59693,41.45056,1.996136,10.34805,16.31555,6.349568,-38.67351,-5.977203,-28.67934,-10.80168,-38.04789
-78.69052,30.36359,-22.87482,9.706491,6.932743,32.28539,29.48853,61.48144,23.51111,-5.353961,-0.8363677,-22.23651,-14.93427,-48.84283
-88.88767,30.37006,-21.90811,15.20408,15.47584,33.49387,30.68259,52.23038,19.40132,-2.331377,2.26165,-25.13186,-8.508653,-52.35212
-76.3233,24.96603,-13.1969,28.11699,28.01811,36.21228,28.49198,50.52213,14.24219,-24.34128,0.1522756,-25.52234,-9.032553,-62.3056
-57.20304,24.1396,-4.523277,34.63739,36.26831,30.49629,28.91893,36.97663,3.970996,-48.92693,-0.281449,-23.72668,-8.808069,-51.93867
-51.08429,10.07914,-7.312976,34.46005,22.92554,17.9411,12.3622,38.24595,8.644803,-38.40113,11.17722,-11.59371,-4.546288,-42.89759
-71.23008,27.35799,-17.2189,28.38071,24.39911,33.16575,27.5422,51.9808,19.6295,-29.66446,-0.03480444,-26.79777,-6.415044,-61.09496
-55.60282,29.78311,-7.831262,38.43386,41.7857,40.75409,38.44182,61.86065,10.24111,-67.71758,-10.14874,-27.742,-20.45335,-71.80456
-48.17516,33.44715,1.046952,52.63348,57.54588,30.97461,28.87016,33.77566,1.046902,-75.13382,-5.891047,-26.6609,-14.00456,-69.47527
-53.05571,30.34661,-3.785039,46.09112,52.45534,33.92713,36.02765,49.0428,6.410095,-89.01662,0.9112489,-24.48935,-14.30825,-70.55699
-59.86846,41.57402,-10.47837,39.01188,38.30318,59.35607,45.65369,65.66503,19.82653,-79.30704,-8.093035,-31.88551,-31.29159,-88.46634
-46.97935,38.09221,-5.932167,41.42465,44.32937,43.83079,41.1445,55.73365,14.13291,-89.80909,-6.327459,-29.61324,-21.48339,-78.54335
-29.75178,26.85915,6.839412,54.11261,48.70815,28.07629,26.76927,32.45107,2.871317,-108.5111,5.439452,-16.83605,-7.487803,-69.53992
-9.078176,28.12044,16.9112,55.86447,41.02031,31.40548,26.23169,8.537383,-9.71973,-108.3689,-6.942451,-17.22211,-6.068343,-50.69125
26.81282,-5.512916,24.97375,18.14324,-18.84904,4.281367,1.794013,27.86244,-16.72462,-136.1938,7.151829,37.59281,-4.566417,33.23452
43.5316,-18.50866,19.49194,-12.80459,-43.9982,0.8386588,-15.75484,2.874683,-23.45337,-163.8185,14.80656,76.28925,3.399484,117.106
68.19672,-35.21911,30.87321,-28.71235,-47.26911,-28.68171,-27.34201,-25.57495,-50.10128,-216.235,23.80215,115.5295,28.35569,192.3782
73.83556,-61.4582,28.65951,-43.42873,-71.924,-47.14679,-43.19184,-0.6630787,-50.17511,-249.7419,40.58049,156.1247,39.63752,228.8918
72.1533,-48.34432,8.793729,-36.68537,-63.0434,-41.27683,-50.86966,-68.02715,-35.65236,-219.6868,48.93801,134.8276,69.51762,229.3556
62.16833,-54.79326,-23.02371,-70.55831,-83.32557,-42.6039,-34.86809,5.928757,-5.811614,-257.885,54.47771,157.5887,67.97351,224.7324
114.075,-38.10864,-24.98733,-63.8742,-47.45025,-36.83824,-36.81668,-74.40147,-11.281,-262.7664,35.06027,132.9978,74.4953,239.8958
128.736,-46.6101,-21.05549,-60.14003,-28.41402,-68.29084,-38.23489,-75.37234,-18.5968,-288.4897,49.98286,148.8798,87.55355,230.052
163.5482,-69.23639,-25.89707,-82.89436,-58.43023,-76.11902,-52.45481,-18.84188,0.8104739,-268.6028,44.13326,164.8362,55.79781,223.3505
129.131,-47.4634,3.007039,-54.90386,-50.79901,-47.69513,-44.45061,-88.13638,-23.88507,-178.3785,25.70049,112.7939,69.32343,195.756
81.03049,-62.70625,31.86468,-60.88588,-75.3185,-59.91449,-47.01086,-48.90159,-46.28752,-163.9625,25.72381,133.3802,92.14469,200.8436
73.06388,-78.74289,28.46869,-61.74199,-78.44644,-71.50659,-66.74276,-60.66468,-36.1389,-141.5122,29.70462,125.7428,132.8159,205.7005
37.5396,-55.65443,23.38152,-66.116,-87.54211,-46.15948,-45.83499,-89.00752,-31.27528,-84.80409,31.10095,103.2918,140.6726,170.4074
75.82804,-63.84589,46.50304,-79.75109,-130.1954,-55.62243,-56.50045,-56.79843,-39.41131,-10.03636,15.75819,112.0888,79.74058,162.2427
80.90952,-55.88885,83.29947,-59.50803,-106.0796,-49.17028,-58.00266,-73.08044,-60.45079,-19.55729,3.830304,96.92582,76.04723,140.7255
51.36422,-51.79588,72.25652,-70.03738,-96.08033,-32.42366,-47.3466,-41.69212,-37.94265,-12.91047,18.1454,81.75972,62.81639,103.8868
20.15032,-22.75323,51.5341,-58.2205,-79.59695,1.575892,-32.88544,-45.95016,-10.20099,-16.01194,23.94052,52.95815,58.03215,57.42808
-10.49275,-2.639848,31.27396,-50.92035,-71.63337,20.01677,1.244717,15.60515,9.469988,-58.39964,18.08058,29.63302,42.30145,26.46031
5.700781,-11.01249,51.5338,-33.75239,-74.0203,-3.470993,0.3823198,-1.111711,-13.7026,-42.2935,23.45177,22.17001,40.23522,35.89011
-4.067641,4.871236,47.94492,-27.02279,-67.57236,8.442824,0.9632871,-43.18797,-16.54244,28.24378,14.99953,0.04639471,31.14724,21.734
-23.81581,32.23787,16.54669,-29.78376,-60.91816,29.6518,33.43572,23.34474,15.93476,-34.49168,10.52705,-14.4546,6.917446,-5.132055
-33.19554,38.25339,8.668569,-16.67257,-35.4448,30.55421,40.6885,-14.22756,1.838253,100.5807,-12.20656,-51.8277,-16.77797,-40.23085
-92.37228,-15.66716,-57.95708,-59.96621,-60.2039,-30.08339,-1.64395,-50.96872,2.134714,725.7029,-59.44216,-117.3435,-77.35082,-104.8385
-98.85241,-10.1699,-68.89852,-48.89238,-56.72436,-35.24749,-6.564291,-58.12933,9.550163,748.2436,-58.80392,-121.9044,-73.07175,-120.535
-96.45766,8.67867,-69.06072,-25.03639,-41.87697,-3.609221,5.051968,-69.67875,13.62796,661.1861,-57.04407,-124.4582,-72.15182,-129.171
-87.86577,2.650172,-65.64716,-28.75789,-38.45028,-29.08504,2.343462,-39.64729,12.69295,615.1564,-47.21273,-108.6815,-72.6198,-114.8755
-88.14751,-9.905015,-59.65121,-24.1965,-25.01259,-17.3489,0.008149358,-6.103101,21.46395,533.0707,-27.97221,-92.87072,-76.06282,-127.2722
-81.99848,-3.61017,-59.59336,-11.1801,4.483138,-16.26716,-10.03117,-37.0746,19.69704,508.9792,-29.84081,-97.55247,-65.17097,-120.8401
-74.32406,12.26151,-49.23424,3.719708,32.1373,-5.836535,-5.895042,-32.08842,21.09184,366.8101,-22.11819,-88.34069,-52.83664,-105.3466
-26.01429,0.5823142,-25.76374,17.13727,45.2151,5.163853,-6.752686,5.831384,20.60349,300.9352,-33.79772,-93.37417,-84.97067,-124.7954
15.79902,8.65674,1.659456,35.8782,57.71577,4.264436,-19.57094,-3.981768,17.54203,275.8001,-44.6339,-106.7034,-101.3497,-141.0761
13.42916,23.84698,3.985996,49.18906,60.64386,26.25216,-9.834002,-41.71108,17.79819,267.4522,-48.58359,-132.319,-85.87418,-144.2758
8.769079,2.69701,8.227589,46.25788,42.03354,26.79024,-17.06563,-12.60334,12.95862,209.392,-34.39311,-97.79079,-81.15365,-114.1194
3.62345,2.709935,4.33733,47.58805,22.58008,29.62748,-21.20667,-8.963872,21.05063,191.1585,-22.31713,-84.96213,-73.32856,-111.8971
16.86484,11.49387,10.48298,52.56287,14.05953,38.20852,-12.56727,-45.95131,12.56083,184.0141,-28.05661,-93.11858,-57.64013,-102.9137
-2.227208,0.8838611,3.273739,44.72062,-0.3908312,28.13818,-15.48862,-12.26593,15.48385,135.7976,-5.545761,-56.68277,-51.8158,-83.88094
-29.47336,9.119975,-23.76628,27.43026,-13.20526,18.53652,-4.473022,53.66083,43.49263,87.75787,9.572157,-44.69939,-54.42347,-79.52946
-1.700674,13.33073,-5.543357,39.74688,-16.32265,20.08976,-6.438465,-11.75884,18.91473,83.88276,4.006633,-43.46592,-38.45466,-56.28691
-0.02632598,21.76979,5.886444,44.78486,-11.49092,23.68196,7.640926,-0.1049518,7.020227,22.32036,-3.15958,-38.48258,-35.14263,-44.69756
-12.19827,9.10021,-3.017541,23.05412,-41.11942,20.38565,6.850799,45.29996,19.69371,14.17238,8.158225,-16.05171,-37.79909,-36.52901
8.539063,19.0565,13.83374,32.33656,-45.43456,27.6844,13.7607,-20.53881,0.7697931,5.231345,11.25234,-23.04572,-20.93697,-22.50837
-3.317757,36.10426,3.942288,23.64834,-39.86163,39.3086,34.20177,23.56258,14.94046,-53.52804,10.06489,-23.76353,-35.01639,-30.2858
-1.041555,37.95609,-4.152914,19.50793,-35.90646,45.9697,32.57097,2.582514,17.55721,-39.33946,7.753412,-24.03937,-30.71559,-28.70245
-11.21982,44.6201,-8.406455,22.15584,-43.37526,52.54567,39.84875,-10.83964,16.33702,-45.03751,11.30605,-27.16055,-21.45987,-19.31429
-20.23678,34.15385,-7.395419,8.848625,-53.8619,50.07039,43.04529,22.10501,14.73685,-69.75361,17.45162,-2.824766,-22.58956,-13.74955
-9.390648,37.87587,-9.856991,4.745835,-46.7803,37.31496,36.57143,20.20039,21.22774,-73.99061,18.23693,-6.004551,-21.02697,-9.123041
-2.807735,42.43404,1.138387,15.3199,-54.67067,25.99751,34.42228,9.906844,13.29058,-69.54919,13.30365,-12.57965,-11.39331,-4.812594
5.061953,37.87749,13.36414,13.20182,-55.40876,19.98664,35.24051,13.13988,0.6129862,-101.9628,10.52276,2.823767,-3.375576,8.915179
-11.8677,26.40138,4.93826,-5.399295,-68.82188,17.18907,33.44848,44.67716,11.18445,-104.1688,19.18931,19.89628,4.452046,8.881268
1.023576,28.22464,11.29777,-4.570986,-59.85144,11.59565,31.93438,15.64858,5.22372,-93.39412,16.74346,10.12791,14.76355,11.23335
-1.829926,30.15042,9.549477,-3.172988,-63.72041,5.621451,35.7578,26.54371,7.396293,-100.6204,16.55065,6.657223,19.08373,12.03305
-3.151551,15.64763,12.67295,-6.973726,-89.40348,-3.243349,23.30934,40.27562,7.607895,-99.11613,24.70716,27.82332,26.7514,23.09294
8.117917,17.3992,12.37144,-5.967002,-97.10039,4.518625,19.29765,14.40764,5.602818,-94.59689,22.82126,29.94436,28.91812,34.26528
9.488851,12.28768,18.03239,-5.395155,-122.5935,-5.55774,12.42613,13.52425,1.912528,-71.59009,24.46985,41.46372,37.39207,34.139
26.17922,10.04166,29.09845,-3.264778,-144.6854,-20.03601,9.754253,14.71279,-5.339431,-68.94244,21.82069,49.13711,41.81973,39.70419
11.1389,0.5826425,19.04192,-15.80429,-149.8475,-10.95361,5.296214,58.67267,12.90491,-91.30964,23.86975,54.07354,39.34512,42.98939
12.76405,13.48275,22.11627,4.958612,-143.7494,-6.517206,10.51565,21.52732,8.262614,-62.6175,14.21542,22.93287,50.82401,31.2846
13.37069,18.49936,21.10833,10.21473,-171.6172,-20.93644,14.19028,20.71718,-1.412534,-44.12511,9.257117,31.22598,52.69091,46.81673
11.22935,14.60597,16.29235,4.673456,-183.6271,-15.36931,16.58994,48.15101,5.613315,-61.76497,8.579638,44.17238,49.07617,41.77779
8.116376,7.295115,18.60889,0.0339852,-183.5158,-14.63081,12.05552,64.43094,11.66217,-68.84315,11.19722,44.08081,51.33168,38.17708
8.964911,6.324841,22.14964,-8.377256,-175.2456,-24.05408,9.197873,42.82766,0.3514704,-35.84103,5.400402,43.4156,54.9562,49.92939
6.815535,18.2743,20.23074,0.5010505,-165.472,-14.4577,25.93761,37.27324,-5.132275,-53.16519,0.4681205,38.66792,51.3746,38.68405
-6.571107,4.872915,11.47885,-5.536271,-153.3691,-26.51124,13.58689,79.0521,7.518446,-67.18829,13.69342,47.53273,40.09913,41.34152
-3.20331,4.788891,23.43299,4.708873,-202.6489,-37.04159,5.254382,37.62056,-3.90893,-18.41045,19.51982,53.10321,66.29766,50.48678
7.568329,5.15898,28.0001,16.15557,-225.2701,-54.25922,6.822297,31.3692,-16.05158,-29.56466,19.04028,64.90371,78.61852,67.5086
5.883697,2.295508,23.72544,15.25941,-271.8999,-44.81318,10.93818,71.14371,-4.441131,-53.17129,21.94082,76.61638,72.34781,74.17458
-2.164478,8.023453,28.60207,18.43124,-280.0647,-30.5761,14.16003,60.81613,-5.074551,-44.25491,20.99596,70.80904,74.0493,66.24753
-2.322262,17.41481,19.40055,17.32374,-335.6044,-24.35417,24.26942,69.70213,7.069939,-30.95048,24.66124,66.71304,73.37577,73.3007
-8.591241,16.88086,9.997435,14.32494,-354.6465,-23.16907,21.98933,78.67226,19.73233,-17.98696,29.33936,68.19297,78.3204,66.94384
-80.23841,-52.49295,-49.78237,-43.88746,502.5505,-67.07775,-50.60505,-8.125794,-32.65848,-87.21454,-34.1543,-4.470935,14.23281,-6.075315
-104.8402,-78.44056,-75.15352,-62.30552,793.0264,-71.67011,-72.48929,-41.28509,-52.17754,-116.6927,-54.90505,-24.08399,-13.71214,-25.27081
-100.6496,-76.18243,-64.52597,-52.26717,645.0419,-54.45426,-68.48042,8.135379,-34.88916,-117.9305,-44.25341,-0.596216,-13.82827,-25.11999
-93.91795,-69.13651,-52.6955,-40.1947,642.8322,-47.04101,-67.73707,-35.23053,-49.2827,-101.0209,-49.67204,-9.534035,-6.080363,-21.2889
-88.53438,-67.61306,-44.47647,-29.00696,546.7956,-37.69629,-59.99758,-9.780383,-42.82491,-126.5999,-35.85818,6.491917,-1.237192,-9.662262
-96.57069,-72.42734,-49.74957,-33.23888,510.4599,-27.18266,-62.55032,4.844137,-28.70174,-119.4732,-22.28274,17.99831,-0.754599,-20.37071
-85.86705,-62.22244,-43.97638,-18.37177,442.6765,-6.428516,-52.42166,-1.807864,-22.67747,-104.9158,-28.32596,-1.713871,2.579682,-16.52742
-85.18788,-59.07053,-42.97609,-1.930493,405.7082,1.9599,-62.58232,-12.96315,-16.82915,-99.79562,-19.02355,6.770822,5.041427,-19.12162
-73.28595,-57.27187,-34.56457,5.742632,338.8152,9.262806,-68.69394,-33.76715,-17.37807,-74.4222,-15.46568,13.6254,12.95242,-5.54906
-65.17071,-60.7216,-30.94378,7.301248,296.3314,21.35162,-69.62267,-11.88737,-4.645925,-87.47705,-13.98814,11.417,12.80238,-4.74646
-71.89011,-63.37159,-30.13983,10.04409,239.1119,28.40899,-79.3075,-11.02529,3.810431,-74.86064,5.152212,32.91642,15.37178,-4.220879
-68.90359,-68.5604,-21.01982,9.967707,185.2983,38.3998,-84.09548,-11.15426,-1.76449,-65.73747,-5.380002,45.63585,28.34791,18.96594
-63.78751,-75.353,-23.07455,18.94268,126.7638,60.24997,-87.1926,-32.22422,3.33012,-46.50167,-1.742342,48.65006,44.19198,27.74722
-63.04016,-80.19048,-19.42701,29.07472,81.52823,73.06874,-97.01518,-42.83473,7.591179,-29.6312,3.168422,52.83124,52.3438,32.53236
-55.01386,-67.08441,-14.24601,17.83719,16.33442,91.18832,-92.28171,-30.71986,18.97672,-48.45168,1.795043,69.89552,54.21461,37.55566
101.88,-89.42181,60.64688,38.27628,-94.67138,64.31203,-123.484,-58.51791,-3.488468,-98.92275,-5.306817,85.54827,42.01483,81.1348
273.6745,-115.2776,155.7017,63.52477,-149.7294,35.19816,-143.0502,-64.09288,-43.69264,-152.8145,-35.87019,82.3698,2.350312,91.70811
353.5257,-81.31852,205.0167,98.34354,-190.529,46.37254,-124.5377,-88.50272,-58.8028,-143.2415,-73.4954,32.70522,-31.79675,56.26052
380.237,-63.45716,216.4927,120.207,-155.0481,41.34835,-99.75779,-115.6624,-70.72241,-131.5504,-79.9371,-12.78717,-51.17815,21.81555
346.9023,-86.14154,196.8799,116.8679,-123.6053,35.95982,-105.5296,-23.24167,-38.32207,-121.8947,-66.56417,-26.60213,-77.53288,-27.17586
298.9562,-35.70665,171.5047,149.0503,56.56933,76.6032,-72.13639,-80.36883,-31.53658,-178.9846,-79.5771,-103.9648,-77.65079,-92.75805
174.2655,-0.5892417,95.56472,145.643,293.1768,80.60254,-25.08694,-111.1737,-34.51205,-61.10348,-98.74167,-177.2223,-99.28033,-181.5428
72.15084,9.839273,36.22359,132.6793,284.4839,76.61267,4.353712,1.207676,13.34721,-92.94748,-61.00774,-166.874,-92.99825,-217.0707
26.54611,44.40055,6.614245,113.932,438.7592,104.8477,42.48947,-26.74193,7.089839,-232.5808,-66.34641,-175.3458,-79.85261,-203.8116
-12.54607,37.2942,-28.69121,77.85146,430.3356,97.17368,46.33239,-54.05852,0.6219024,-147.4498,-62.4199,-154.458,-68.19753,-161.7882
-24.47874,15.27402,-48.01621,43.19054,345.4455,89.94501,47.03366,-11.49177,17.20165,-153.1487,-22.90129,-109.0173,-69.99519,-119.0411
-10.60373,9.341343,-52.17286,28.82444,338.8634,23.20367,48.96995,-32.05508,-9.41241,-58.82446,-23.37247,-100.8601,-69.24955,-92.65225
-10.01097,10.40299,-58.54181,-0.2875898,271.9023,-29.56051,52.58873,-11.66536,-5.578662,-67.70096,2.698213,-68.07207,-38.47916,-47.69507
-24.2557,14.25026,-68.19187,-17.72881,225.6062,-37.42429,63.52903,24.74666,0.7585385,-134.7876,23.07656,-26.54451,-26.22745,-16.80704
-9.398781,10.86501,-59.16727,-17.2806,186.4473,-58.41177,54.67348,20.30029,-7.214425,-144.6863,31.95685,-0.584787,-14.80779,7.308795
-46.0387,14.5839,-85.87227,-41.59558,157.1008,-59.1298,56.42275,46.23992,16.42164,-111.2201,44.92812,8.755057,-9.196656,8.600955
-55.96574,15.11633,-94.1745,-44.23632,131.069,-52.13827,44.64009,8.055275,18.94337,51.64377,27.48432,-18.724,-20.40811,-11.30521
0.6693408,-5.238072,-54.33022,-21.17033,114.307,-59.61442,23.09313,-25.93635,-7.528054,65.80699,13.89494,-20.51931,-22.57876,-0.8559334
-34.32269,-6.982432,-64.91054,-31.76112,63.71257,-57.00418,30.62254,5.534212,3.276016,73.97482,30.85406,-2.871367,-11.50144,1.379526
-40.06032,16.95141,-65.69424,-37.31039,36.91812,-34.52925,41.1112,-18.69668,11.31094,74.16999,27.12949,-12.54472,-1.45628,2.700746
-30.73259,11.27738,-48.8156,-43.50356,7.404089,-51.51387,35.91663,3.619644,5.616596,38.875,34.13974,15.28227,8.599696,13.8346
-27.57077,24.27828,-34.60223,-40.53153,-5.320489,-49.87102,32.28285,-8.12615,5.665582,18.87945,35.71738,14.75025,17.91518,16.53324
-15.78524,31.33144,-16.90152,-29.75447,-25.4068,-58.07656,38.9584,-1.75217,-1.480425,-31.59605,40.02044,19.19149,28.78678,22.46472
-36.88365,23.36157,-32.55455,-47.61171,-70.79947,-47.40463,35.2043,40.95371,21.53714,-29.54353,49.94127,41.30062,31.64508,20.85386
-39.55434,60.36166,-37.86805,-37.69003,-51.79303,-57.41529,67.90332,-22.34641,-8.82616,74.78448,14.32597,2.752558,23.83666,11.5287
-56.79726,61.30848,-38.25077,-40.88426,-76.2095,-58.35098,89.7531,-1.479034,-17.12944,110.8522,10.6182,-0.4692284,17.70453,-0.6659802
-66.28674,60.48814,-42.98999,-47.30532,-94.10945,3.026383,81.35735,21.74503,15.98399,40.95712,15.9428,3.620515,13.23726,-5.667025
-54.93379,76.86328,-32.84277,-37.19859,-84.19543,15.31207,84.58517,-9.665552,6.890752,40.3563,3.618997,-10.04698,5.957114,-4.70049
-48.22561,54.60498,-22.20221,-32.83301,-104.9162,-0.05717651,61.38526,0.9875213,2.891638,48.95207,11.31246,11.60599,12.48335,4.011014
-45.29582,32.29713,-20.66211,-22.98236,-106.2918,5.88622,34.86185,-11.70455,10.95923,48.44518,25.68262,18.75073,26.17248,3.881206
-47.06923,46.45453,-23.54009,-31.09766,-126.2105,-2.416796,53.62665,0.6694256,19.00438,23.24773,37.19882,14.92717,34.0392,1.166449
-38.17252,46.30683,-20.13552,-27.89344,-138.9061,-7.404443,52.54343,-0.2371158,16.68454,-3.93267,41.05908,24.89081,41.44046,13.75668
-31.53321,52.4668,-7.395658,-12.01114,-129.1227,19.73852,49.20044,-19.98487,14.8261,-51.12125,38.12037,22.31308,44.93305,9.570579
-22.55148,37.22728,-1.480313,-13.80408,-134.2831,13.70856,47.39632,-3.295345,13.65635,-71.51701,46.74855,30.30187,45.8117,12.08069
-18.87865,67.06112,-3.810762,-16.03596,-126.4057,25.78363,63.80124,8.667603,27.13917,-101.8467,33.49168,7.83496,34.75583,-1.557379
-13.48112,73.46097,-0.5415984,-14.63515,-132.8848,32.73431,71.86453,10.80577,30.55723,-123.2954,34.44664,1.050427,35.34029,-5.421999
-12.01739,37.84518,5.060269,-9.555718,-128.4261,14.68158,50.89851,41.24381,24.1887,-141.6991,47.33149,28.96442,37.82111,3.663195
-7.928615,55.96985,6.832292,-3.578984,-125.0368,33.63896,54.31978,10.93698,23.16288,-116.5212,26.70243,9.189063,36.54691,-4.233523
-17.92068,30.74354,-10.73993,-4.50771,-106.4847,17.12491,39.17934,-8.191936,13.94169,60.08466,10.80599,-15.49036,10.7675,-19.31226
-37.00425,43.37569,-34.44891,-30.03263,-101.5539,12.1895,42.8638,-12.02243,25.2948,229.8138,-17.9188,-51.10781,-17.47048,-51.97836
-28.87112,46.59986,-29.27785,-27.86152,-103.6378,-4.207031,49.20313,-13.30752,16.22301,252.0511,-23.91031,-57.09231,-19.63323,-56.27839
-15.69856,37.57534,-15.55835,-18.20407,-101.4259,-25.77494,45.6753,-3.667669,4.62752,215.114,-11.78237,-46.38506,-20.09881,-44.3964
-14.09004,34.26576,-18.47589,-23.33929,-108.254,-34.45364,45.01136,-5.278383,0.6009727,279.5697,-26.03095,-50.89553,-23.71729,-54.91276
-16.16514,26.39199,-22.66148,-25.03832,-101.4331,-35.62129,48.92356,12.44808,-1.039187,316.6113,-33.72706,-60.70309,-43.17638,-64.80987
-17.69997,24.73661,-28.25766,-21.19402,-63.74218,-36.5997,32.04303,0.7226189,2.722309,330.8769,-32.37218,-68.13345,-59.06976,-64.03257
-18.22161,12.85736,-33.06958,-22.98779,-60.96993,-54.5111,24.67421,13.84583,-0.1604032,348.5957,-29.28375,-56.32667,-63.42639,-61.01584
-11.00942,9.286783,-19.98239,-16.85218,-65.85076,-57.47128,17.91759,7.21631,-6.770398,358.8887,-26.90231,-56.64309,-68.43786,-63.38971
-8.100325,23.03723,-23.50473,-22.21419,-64.78618,-48.36512,28.99007,12.361,-1.351574,355.8344,-36.66864,-65.79919,-77.76297,-71.66981
-16.91289,12.16806,-27.69641,-24.02728,-56.97202,-51.3424,31.86487,46.27535,7.840598,322.3492,-20.56243,-63.05292,-80.97168,-78.96009
-10.79457,12.36394,-21.53567,-13.31441,-55.40147,-59.03368,21.30648,37.91776,4.882064,317.576,-18.97499,-59.53642,-78.03445,-77.42059
-4.241592,22.45931,-14.85817,-9.528808,-50.70932,-49.48224,25.37125,14.77175,-0.2557689,300.2076,-22.66092,-66.0513,-74.2457,-70.77604
-19.91251,9.091969,-21.0662,-9.67962,-51.86105,-61.63497,19.8763,49.31293,5.617793,281.3561,-7.022226,-51.1631,-73.39764,-69.51778
-20.25173,14.39544,-24.97648,-11.23381,-49.50712,-61.84431,20.09413,62.15691,16.15105,265.1784,-7.745621,-55.2367,-71.40605,-75.77412
-9.439361,17.48169,-9.721241,-4.81676,-17.68625,-53.35139,14.55777,31.74527,4.648752,261.2072,-15.39087,-65.67913,-75.56667,-77.98901
-16.61,25.0986,-12.90157,-14.25935,-34.01359,-57.19952,25.66051,65.50982,12.25509,251.4075,-9.514502,-58.81586,-88.89004,-87.72707
-15.2322,28.47482,-10.56309,-2.326959,-12.6901,-60.54447,25.81536,62.73547,7.973174,250.8426,-15.5559,-68.2384,-92.7437,-97.94659
-25.18631,34.95508,-14.82391,-10.36938,-31.83748,-68.02135,30.52239,83.86645,14.38982,260.1415,-16.05594,-66.65556,-92.59773,-98.32761
-9.277174,30.9184,-9.73624,5.528051,-1.444207,-56.44061,19.13088,39.89452,7.906894,274.4097,-25.47567,-84.03252,-89.0483,-102.3337
-15.22865,21.82171,-11.18053,4.167762,-9.09447,-67.83344,14.94584,68.44816,7.226838,280.2616,-22.34813,-67.25637,-96.93864,-106.9916
-19.97127,29.40669,-20.93183,-25.26874,-27.44839,-66.53693,12.42003,83.11752,28.29687,298.2346,-19.2109,-64.21605,-99.79404,-108.0975
-10.11527,30.85481,-11.10474,-14.72304,9.321882,-59.89272,10.15177,55.87569,16.06949,301.1961,-32.09242,-81.26351,-103.987,-110.291
-11.80242,39.7399,-8.116626,-13.45139,5.433143,-66.05164,26.62824,71.98738,11.56104,335.9737,-43.8829,-98.23252,-118.3117,-131.4742
0.2369461,40.52985,-4.389583,-12.64296,7.596603,-66.03961,25.32269,61.71011,9.618735,347.5765,-53.81187,-105.5711,-115.7186,-134.4177
3.573249,12.34402,5.586026,-7.780051,-0.7280427,-85.53776,11.0317,74.53163,-2.878366,412.5445,-56.93282,-101.8195,-120.8242,-143.1104
-0.8762798,9.542511,-5.666481,-10.69898,9.409372,-101.5532,-4.054686,23.61917,-12.3317,596.078,-79.02647,-131.6292,-135.8409,-156.9712
7.662663,-6.149391,-3.857419,-16.30702,-0.3554424,-99.63777,-15.42127,20.34515,-8.319307,666.5402,-83.04995,-141.7134,-146.1222,-173.6147
81.42019,-34.35178,25.7258,-37.48217,-29.53249,-116.2746,-40.44755,-28.4723,-46.48873,625.1384,-101.7065,-102.2302,-131.1002,-64.19788
110.326,-76.15389,24.62744,-83.91841,-86.78144,-132.5952,-78.88902,-28.20309,-68.48134,576.3356,-107.6568,-19.43185,-115.9862,86.80808
103.059,-108.9589,9.215925,-122.6512,-139.3071,-126.498,-94.91035,-90.52027,-83.33459,628.7745,-86.59345,25.78201,-87.0036,172.9461
108.3332,-104.3891,12.9545,-131.4592,-165.508,-93.92667,-97.2832,-192.1749,-113.7871,612.332,-87.81462,44.58566,-63.17533,271.3127
28.95331,-131.3824,-37.6183,-166.5435,-187.6923,-58.67984,-123.1419,-158.8367,-77.13963,681.8921,-78.47118,67.17435,-52.79897,294.2849
16.99544,-86.09644,-20.57375,-127.9456,-170.9489,45.8434,-78.45638,-147.6368,-52.72308,151.3035,-20.47371,130.547,34.04178,326.1235
-37.92582,-84.03355,-30.41673,-124.9359,-192.6392,93.31959,-72.25441,-101.6171,-27.36445,0.1025334,8.956781,169.1741,70.85143,328.7827
-111.4498,-78.94395,-67.52769,-136.9798,-210.9294,128.4492,-82.09381,-122.4081,4.497334,93.49096,15.48448,157.8527,101.8311,308.7267
-151.071,-63.92075,-81.23212,-111.8705,-173.5641,112.9449,-81.33978,-157.0208,-1.315269,221.2132,-1.97223,119.2795,113.3877,256.4814
-176.8354,-77.70026,-92.11477,-104.8027,-126.6793,92.78019,-81.69484,-110.4265,14.71153,133.1837,26.90038,133.404,143.1541,226.1197
-84.66454,8.812889,5.69054,-5.471918,-93.50102,207.9919,7.911601,31.80909,50.62623,-1011.85,130.2668,236.3011,243.7234,272.354
-40.71088,16.53802,37.20674,38.02127,-39.79866,195.3032,1.721114,47.45244,51.35407,-1020.511,116.4834,195.845,212.4196,188.6755
16.68009,-2.619551,68.66685,80.04633,7.861693,123.7454,-2.050187,4.792154,5.731951,-843.9448,94.45037,145.2743,181.9105,119.4549
45.65159,0.5337848,81.27728,110.3191,32.63453,102.6257,-15.54727,18.13089,9.983834,-792.2639,82.21493,110.8368,146.8206,66.78207
