4.059863,-8.386413,3.562746,12.51509,9.753415,8.492603,-7.76426,0.04884612,3.91978,16.2198,-7.860101,-10.09855,-0.1576872,-24.30514
-12.86227,-13.89933,-16.64534,-20.03343,-9.897173,12.12692,-6.78246,4.195575,1.644409,18.60354,4.279099,10.51185,12.66231,16.09629
-12.50576,-27.32033,-7.695794,-24.50147,-20.92288,-4.516547,-19.2026,-1.489176,0.7719641,20.13662,7.43891,34.21016,14.81858,40.77831
-16.49612,-25.79848,-8.690692,-10.23942,-7.640343,1.094997,-14.75168,-6.69966,-4.070782,13.62956,10.72684,20.41799,21.26503,27.25273
-14.37815,-34.57397,-10.17104,-11.19482,-13.09349,-3.254492,-25.271,-5.532763,-3.844674,16.34868,12.74115,29.39146,23.55128,39.28179
-8.013583,-24.94998,-9.504778,-11.59973,-11.12532,-6.24742,-17.72661,4.553195,1.243778,0.1431478,4.611742,23.17124,20.67232,34.77197
-3.127426,-18.97329,-4.503264,-18.24059,-5.916383,2.042979,-12.24721,7.836746,12.26481,0.3313445,3.762057,15.70069,-2.996371,24.06589
3.765261,-25.52263,5.800508,-3.909966,-0.2556795,-3.310685,-14.35421,2.880289,6.798491,14.40186,-4.506038,7.503399,-4.788263,15.49763
-1.920855,-19.04953,-6.241366,-1.358986,9.869667,-7.145071,-5.89751,-3.092873,-7.322628,-12.16302,5.457515,10.7871,17.23383,20.8437
-13.66231,-11.33286,-14.02255,-9.235312,0.7664572,-1.863958,1.296803,7.424704,-3.468406,-26.07847,9.817654,12.06399,20.32049,27.97374
-27.7843,-0.223003,-12.9744,-23.05571,-8.401031,5.351867,16.10064,18.84504,0.7257838,-14.41083,-1.127705,8.204486,12.9159,25.83326
-23.6273,2.51493,-16.16959,-30.52859,-12.45372,3.25345,12.12704,6.271763,3.738259,-1.940585,12.74958,13.94997,5.979374,24.13543
5.540925,6.892982,1.713635,-12.18268,-10.15516,-2.50306,14.72804,6.497185,-6.002897,-5.640083,-2.080287,-1.124121,-1.365056,5.680583
14.37547,2.209518,7.278022,5.63851,-3.780446,-5.149712,7.843596,1.98503,-7.662038,4.928407,-5.818754,-11.27008,-7.68046,-2.897066
18.16577,13.73083,11.1596,14.00308,9.556889,7.067433,8.533123,6.345664,0.3987585,6.940219,-19.72491,-31.35377,-25.85285,-18.96983
12.37594,10.46048,10.47074,3.824466,0.6280816,-2.486559,6.514018,-2.064284,-0.6836572,5.931438,-4.128236,-22.13127,-17.33882,-1.372329
5.905656,-0.9205543,10.13601,3.444626,-10.17862,-16.25874,-3.820793,-10.44341,-11.7605,-1.709775,9.973151,4.063912,8.705495,12.86353
21.31079,-2.684175,11.35636,4.573421,-8.341081,-15.06491,-1.49316,-5.449122,-5.003312,-26.84191,7.042658,2.854003,12.53312,5.207316
24.68562,1.261964,11.64678,8.084232,-5.114126,-7.117663,1.607436,-6.044461,-12.98928,-25.82464,4.042615,-6.632495,2.130395,10.26362
12.31202,15.92711,7.328986,5.47267,6.386598,2.878762,11.04615,3.384005,-3.661988,-16.73757,-12.85969,-13.75386,-13.37856,-4.344613
13.4843,9.869528,-1.359186,1.364699,-5.292756,-5.47094,16.29807,-0.04329962,-6.280314,-23.97577,3.171813,-4.601634,0.2996764,2.535829
15.78019,7.702293,3.380779,11.13773,-0.3660901,-12.2544,7.646911,-10.93007,-15.84191,-23.60351,2.947041,-3.959975,7.746863,10.61415
2.980463,-2.680335,0.1487199,1.366778,-8.989027,-15.12793,2.174237,-3.02067,-6.625808,-13.2476,8.639277,12.46978,7.428678,14.48344
2.624014,9.568153,-1.796964,0.2058984,-12.34369,-7.837832,22.33763,5.056697,-6.763691,-6.836516,1.625014,1.480684,-8.661792,1.342399
16.40773,0.5208172,9.12239,3.772112,-8.995358,-7.196135,1.004237,-7.372983,-13.84783,-15.46238,1.710852,15.37588,-6.324263,11.28493
13.82721,6.434174,11.29634,0.9304839,-7.136884,-7.090225,-10.1617,-12.17523,-7.070868,-2.267017,9.172122,4.908733,1.836471,-2.503619
4.145486,9.116798,9.35623,-5.707119,-2.693834,0.6207688,-46.8415,-10.47072,5.7229,7.129065,16.04872,3.342285,7.997064,2.233867
-12.0844,-16.37529,-7.189469,-11.63811,-9.883625,-9.608149,-71.28854,-30.25307,4.663791,24.22456,28.42118,31.03547,38.74815,41.22748
-20.99514,-10.45957,-11.89623,-1.559497,-0.8016937,-12.85394,-61.49366,-31.81734,-1.321294,26.95535,33.15601,21.2967,39.64429,32.14603
-22.5429,-9.864318,-13.98775,-8.858547,-4.622256,-5.426919,-24.08745,-23.65364,-7.147257,12.00138,16.17504,21.33198,33.46938,37.21324
-15.23578,-3.730124,-7.151771,-6.376345,-4.111109,-8.173369,-16.0394,-15.84594,-1.557892,15.05618,6.868378,12.23447,19.85468,24.20803
-14.09299,-1.548229,-4.409596,-7.482214,-0.1760506,1.455519,-37.22499,-4.207412,2.168175,13.47383,11.22853,14.80054,8.501096,17.5138
-27.19856,4.305676,-20.57135,-17.39646,-6.894187,6.433331,-1.825366,6.723475,13.4967,9.380762,9.893562,3.309946,10.79241,9.550069
-32.46965,11.67543,-20.06346,-6.710134,2.015109,4.486187,13.0213,8.914984,0.3636997,7.546698,3.631696,-8.693044,5.473159,10.80803
-37.05693,7.957658,-20.48178,-7.593776,3.064302,3.55531,15.21911,1.6321,0.7378013,9.921372,9.044627,-5.026367,9.982045,9.044529
-36.78029,6.646368,-20.73751,-18.02676,-8.338651,6.253461,17.43427,21.93556,14.91831,2.035073,11.55512,6.70268,-3.08154,-0.5160955
-32.80447,8.381926,-20.1276,-21.28787,-4.156794,5.529676,28.07102,17.86997,8.539452,-2.886058,8.313285,5.889274,-6.766574,5.434759
-30.7737,-0.7563828,-18.06266,-19.10123,-12.04872,7.792554,28.80244,10.69663,1.885797,-5.319145,10.89432,6.763836,13.20338,6.022883
-39.59014,-8.623835,-29.66512,-14.65018,-9.929061,-2.658893,32.49402,10.63597,3.616561,1.702944,17.15817,7.879625,19.81634,11.8136
-12.47137,0.387619,-16.8023,-10.06292,-1.686437,-5.766914,50.60796,15.94791,5.35129,-4.158143,-2.322542,-3.858907,-6.002304,-9.162949
31.07284,3.976153,11.7621,8.202373,2.818207,4.234729,61.58914,13.61863,-10.33055,-17.17355,-19.31897,-20.25187,-37.38866,-32.81057
23.35147,0.7563609,17.09456,14.15829,5.845078,-0.6074164,35.34925,7.350748,-5.537724,-21.95525,-8.560354,-13.93154,-26.93151,-26.38197
28.58497,7.190279,21.6426,15.51934,11.91918,-6.549045,2.596243,-3.038856,7.541265,-13.14245,-13.59975,-17.37544,-19.25992,-22.02842
34.29631,8.199853,24.55491,18.21273,18.83209,3.953092,-25.12063,-16.8448,-2.106929,-0.8476868,-6.600454,-26.10605,-16.49861,-13.92381
19.49337,19.09068,9.286252,14.10917,19.84501,17.77786,-33.40103,6.115774,18.10291,-0.9986279,-11.00798,-30.65156,-23.08574,-24.67607
15.99249,22.5503,-0.3917191,6.920106,14.75329,21.6204,-20.44772,9.319532,22.38973,4.482939,-12.25285,-31.78436,-26.70397,-26.44815
10.24964,22.57111,0.4701323,14.74394,17.69023,10.73716,-6.878206,-0.1975796,9.751239,1.49128,-9.370948,-27.72119,-20.98055,-22.55622
19.35088,10.81359,1.106186,8.970395,10.33955,1.347287,2.578051,-2.753907,-1.357056,-1.205005,-3.518785,-20.60768,-9.572625,-15.49088
24.26754,1.981394,10.41152,-1.999455,-5.830939,-6.506086,14.76291,-1.857341,-2.073973,-7.781765,0.7880679,-12.91039,-9.437847,-3.813634
12.83617,3.671257,2.628329,-4.461903,-6.625243,-3.2896,37.83461,7.302871,2.014388,-16.48203,-4.897078,-7.235191,-14.45724,-8.839346
8.569464,10.17159,-0.4377044,-4.060662,-8.897021,0.8850599,31.8252,16.46887,-1.730574,-18.62572,0.8860759,-2.938555,-22.33265,-9.783384
-10.08579,17.24305,-10.31249,-3.516265,1.271202,3.684018,42.08575,18.15434,10.11631,-12.62181,-2.958823,-11.46969,-20.60036,-20.98943
-6.919897,2.631289,-18.47867,-17.16412,-13.36261,-9.070662,94.61821,28.39971,-2.031919,-15.83557,3.700209,-10.77438,-16.94277,-18.76883
16.17568,3.350547,0.5427658,1.250993,-3.762264,-2.01039,39.13332,20.25009,1.227417,-18.67201,0.5386099,-18.0407,-23.48052,-16.50353
27.63465,5.743204,20.90494,11.7545,5.319809,3.808526,8.455376,8.372251,6.578058,-10.32989,-23.84873,-25.14601,-24.58232,-14.66436
39.59241,7.848797,28.30593,1.65635,1.709343,1.89693,-39.09543,-4.452813,8.3609,-3.232445,-3.265821,-16.02514,-20.08732,-3.211698
38.16222,6.131897,25.63987,14.5972,22.01724,1.606391,-71.41667,-20.10515,8.582397,-4.151495,-2.837764,-11.60484,-5.747819,-0.873459
15.47903,11.63946,24.33649,31.09786,24.26779,6.289866,-50.3843,-10.8117,7.735719,-7.072311,-17.3704,-22.73027,-7.530296,-4.946921
3.308617,13.33625,9.539876,15.48586,8.363428,0.005907744,-20.91983,-3.023982,7.311451,-11.40858,1.210024,-16.14938,-2.556595,-4.503036
2.434004,9.345103,8.64781,6.729328,-3.071572,-5.309281,8.299447,-3.497908,4.409031,-4.862126,0.7805527,-9.104412,-4.49247,-10.3075
6.920171,7.37326,11.25921,18.84638,6.351669,-1.466234,-25.27188,-15.32655,2.329566,-3.437381,4.922823,-4.35482,-2.001406,-6.144794
1.807906,2.178311,3.058439,11.88031,0.4813675,-4.160457,-11.82714,-5.475327,-2.427809,-8.258516,-0.7014058,5.680202,5.553085,2.211046
-11.90837,4.7433,-4.682525,5.234733,-2.96714,-9.541017,5.299727,-2.837721,-5.442197,-8.12949,8.645364,8.453842,8.109755,5.021739
-32.14598,5.123365,-18.37646,-13.20881,-6.738777,8.267702,18.87539,12.98799,7.927706,5.333993,8.387867,5.81874,5.105777,-7.358497
-32.58949,8.758725,-22.90553,-12.93892,-12.21136,20.07814,27.04747,20.83226,19.90389,11.41335,0.2875415,-5.0999,-8.432643,-14.14353
-34.30445,4.38993,-18.65952,-7.108417,-10.15748,7.108225,30.11172,16.7044,10.84548,3.854493,10.28392,7.743541,-7.579092,-13.23273
-11.44507,-2.998657,-5.804801,-5.415854,-9.851857,-2.114435,29.72912,7.917833,-4.427171,-8.80301,6.231454,10.15587,1.786687,-4.960117
-7.265703,-6.546527,-1.194351,-13.72308,-13.54908,-5.458789,28.39687,2.027725,-6.678898,-6.150511,5.389779,13.54083,1.857041,9.354693
-10.15083,-5.800264,-6.985212,-24.44095,-18.38135,-9.851488,29.46854,3.264575,-2.114272,-3.127373,11.16988,24.19191,3.949866,8.806973
-23.70394,8.07272,-22.89676,-26.24291,-11.7117,3.269876,40.57689,7.722342,-0.5399891,-4.13368,5.285114,14.32225,7.924309,2.055485
-23.09445,6.267715,-10.22606,-14.55831,-2.995745,-0.9032134,36.84408,5.769355,-9.862188,-3.00094,-0.1072121,8.850165,8.136229,-1.119431
6.219922,-2.801817,1.717151,0.4091475,0.3642518,-10.25936,11.34439,-8.138211,-10.53445,-9.874681,2.17351,6.768339,9.472307,3.139488
12.16972,-6.215322,7.204389,3.586249,-0.06259035,-3.020414,-23.46276,-10.29424,-2.558654,-2.987442,6.895962,6.126533,9.618096,3.000475
8.681284,-6.91898,9.296846,-5.39931,-5.162219,-9.40516,-37.65779,-14.83829,-4.600854,-6.451365,9.345444,22.79695,18.78285,21.53059
-6.268132,-4.82375,-6.879198,-11.01091,-1.267839,-9.149516,-19.93453,-15.16983,-6.934166,-6.229153,6.797488,23.95502,26.41278,30.50172
-15.85314,8.615896,-11.27224,-6.791102,-2.647338,-0.55808,-0.1222452,-0.4393983,-1.493701,-11.13221,5.07251,9.413332,10.54891,16.65881
-15.01346,10.67913,-16.35763,-6.413726,0.3445939,3.503588,10.30571,5.31112,-0.339655,-3.537924,-4.776527,0.1606824,8.802556,7.331552
-6.804242,6.330802,-10.99403,-5.518822,4.626296,2.781244,10.94632,3.817172,-1.770533,-1.252472,-6.670295,-3.889072,4.054478,4.343157
-16.49162,2.663601,-4.995605,-13.05136,0.1626194,7.389888,12.57913,6.913322,-10.16628,-18.19374,1.29897,11.08907,6.540794,14.26122
-15.71511,-6.135195,-12.01782,-18.26745,1.145556,2.114729,6.63674,7.843002,-0.7521558,-13.84768,5.729923,15.43164,12.89124,14.94257
-0.450654,-3.950082,0.4624561,-15.97806,-0.553204,0.6216219,11.1006,-2.564713,-8.02012,-16.35828,-0.4071146,15.14948,2.864683,18.08337
-11.3473,-10.21649,-2.326543,-20.79165,-8.488402,-7.694449,27.11294,3.533853,-11.1027,-22.17164,3.559958,26.02938,11.86422,22.03881
-2.782893,-13.99733,-0.6534986,-4.34084,-0.7356736,-7.173639,1.848977,-6.883723,-9.23805,-19.03356,2.814891,20.37469,11.41121,28.38943
-9.33137,3.521537,-8.326242,2.322102,11.02539,4.711395,-11.12457,-12.15242,-10.68098,-2.818439,-4.01761,-0.6263998,17.613,19.88462
4.143836,-3.146681,-2.185921,7.347363,11.6544,-0.7887955,-55.18313,-15.36246,-4.644724,5.472203,8.014606,3.253534,23.24587,18.1799
-6.706707,2.827943,-3.361711,6.415294,14.92729,12.04475,-64.56697,-9.388213,8.149965,21.00831,-0.1359709,1.51702,5.115405,12.15361
-26.20649,6.640973,0.9401472,4.426121,11.36835,3.714875,-47.83365,-6.991327,3.424613,18.40659,5.660836,3.886786,5.02693,17.53526
-27.04619,3.222614,-5.298483,4.203432,3.479751,-0.6792397,-17.46545,-10.83599,-3.744311,13.09262,1.38782,9.265696,7.137113,23.28062
-30.53096,11.20144,-14.71265,-4.69258,-0.04255022,2.823848,11.25729,-3.487619,-0.6707624,16.33261,-4.68131,1.627171,2.208889,13.36719
-22.89634,5.456097,-10.88792,-5.381,0.4760152,5.33754,-8.877721,3.789033,3.107713,24.61326,3.346177,2.997297,-5.330335,4.250193
-23.55467,6.46226,-10.66396,-5.040168,0.01164917,3.15047,8.891464,12.24963,13.12117,17.08635,-8.493432,1.624409,-15.53042,0.6852528
-21.96979,3.686389,-5.409853,-4.862599,-6.928995,-0.2200632,9.432069,9.318251,-3.164383,10.45193,0.4758432,8.959435,-8.933089,9.164863
-18.66617,-0.8681259,-10.90682,-0.1559211,-2.909654,-6.924494,7.373562,-2.144576,-2.854437,21.8335,7.938635,-1.342239,8.743735,0.8830034
38.97804,-6.650383,23.35221,20.24707,-2.113097,-10.39207,2.368934,-6.359993,-4.869663,5.481798,-3.854442,-22.40565,-6.502902,-27.27986
59.13401,-2.791739,40.8672,27.3946,1.579766,1.494805,10.90295,-2.375634,-9.447465,-4.002865,-17.10373,-31.96471,-31.95813,-41.72906
45.93981,2.440905,38.74434,29.75598,9.215949,-5.181001,20.47867,3.837471,-5.022038,-6.832037,-24.81032,-30.54052,-36.79227,-41.23494
40.8011,10.24705,32.36224,27.23765,8.411087,3.125576,28.42924,1.458734,-9.39889,-11.15977,-26.49173,-26.05502,-35.37217,-43.59509
29.52949,2.09117,27.45758,17.71276,4.979493,1.362244,29.35297,0.8454083,-7.41855,-7.280452,-15.04639,-22.63159,-22.38557,-38.56857
27.77344,4.220641,16.81333,14.35975,4.137682,4.929779,25.3244,15.08385,8.669105,-4.011131,-17.58413,-21.3927,-31.7766,-46.54741
27.35708,2.68138,23.91678,20.26808,10.07604,4.205424,12.96326,7.418708,3.894315,-3.064712,-15.91233,-23.86958,-30.01713,-39.91732
23.60947,11.93,21.45097,21.64594,6.917389,9.711862,8.533748,7.714749,1.034926,-5.666664,-18.66138,-24.1471,-31.58607,-32.48782
23.67415,6.200686,16.50133,16.78829,9.364351,13.20447,-14.06109,-0.5741395,5.8016,0.3314095,-13.11456,-15.93574,-21.34624,-26.8345
27.06736,-11.86672,15.14568,12.7306,9.501111,1.790581,-32.59278,-7.711293,5.053187,3.750974,0.6715752,-1.231157,-5.848899,-16.46022
22.65321,0.4527046,15.77215,15.49382,8.235177,7.200682,-17.01864,-3.869075,5.416777,7.978395,-8.558365,-12.20509,-14.16536,-27.38639
26.55884,-9.112653,14.67119,19.52234,2.709702,1.141257,-15.72348,-0.6683049,-1.475712,8.940636,2.980615,-10.68481,-9.086473,-29.77315
16.83877,2.833941,-1.302037,23.29071,9.701654,7.412402,3.533234,1.275178,3.510608,10.11957,-4.837761,-22.37125,-11.47186,-38.53317
-0.2063511,-5.465416,-9.566327,-0.6648046,-4.88294,-0.3055484,11.5316,-4.114622,-6.44684,7.357772,1.722582,1.099728,7.704311,2.236848
-8.978685,-6.68131,-16.06355,-9.852121,-10.5524,-5.565654,6.629124,1.260016,-5.319266,0.3284262,12.46805,13.46833,11.16008,17.69895
-8.434113,2.607854,-5.810041,-5.864161,-3.056467,10.87199,10.79199,7.914974,0.5405439,-3.095611,-5.512541,0.9348488,-2.657506,0.7682431
-16.68321,6.837022,-25.21569,-15.96442,-10.21136,16.03615,31.84216,8.750004,-0.9894488,1.754472,-4.457469,2.748332,1.288796,4.264669
-26.64038,6.867033,-29.42791,-15.13696,-0.6540221,11.77956,39.70757,7.036899,2.048844,6.014367,-0.003335258,-1.589446,3.070343,-3.072558
-18.42529,-2.714589,-19.91648,-10.96405,1.880422,12.11053,11.06339,11.71223,7.313076,0.4232624,1.446929,4.30373,-1.628479,3.395311
-11.70792,-0.5224918,-18.58426,-4.47871,1.285828,8.573933,-20.36049,5.554638,20.03208,16.45845,0.2823746,-1.132506,4.149079,0.4499989
-1.706657,-3.719223,-3.022107,2.697102,9.641142,-3.385676,-24.77573,-10.3722,1.506858,3.379108,2.721729,5.377373,10.94298,10.7153
9.305822,-10.80902,0.06901313,3.288933,7.262372,-6.034698,-36.71386,-10.69932,0.2025961,-4.79147,9.425799,10.68551,13.14875,15.65957
-1.993591,-7.284766,0.08483846,-5.524496,1.991226,-4.756993,-27.6909,-13.15729,-1.774025,2.981587,7.593658,14.97456,15.10031,19.45588
2.093795,5.139144,-2.99671,-0.3366239,11.34985,5.886797,1.507873,8.368921,7.824785,-1.445447,-7.906617,-9.406953,-16.97577,-3.103035
3.093354,-4.572994,3.09271,4.780934,17.69577,-0.3790103,-13.15168,7.070211,3.757921,-6.129438,-2.873126,-1.97173,-4.295256,-6.117665
-4.375236,-2.914784,-1.105901,2.039284,12.06416,-8.164701,-12.80815,-9.825466,-6.934365,-9.992364,5.114133,8.250117,15.29386,13.35942
-0.475438,5.964787,-3.810334,11.34717,5.223269,1.649404,3.456424,3.591788,-0.8023221,-3.605754,-10.2658,-6.725626,-0.7089711,-4.838595
-11.43923,4.453512,-7.229501,-8.967427,-10.91357,-2.906304,3.345708,7.426074,1.778131,-3.49946,2.985968,11.1328,6.045737,7.78757
-8.774668,7.588614,-7.825682,-10.03663,-3.064124,-0.9805253,5.188429,11.19493,2.64095,-3.775193,-7.351137,6.463577,-5.760708,14.49217
12.97112,-1.745079,8.470474,6.354075,1.19492,-9.196888,-1.960908,-4.542968,-13.97827,-7.822994,-4.752182,3.151092,-3.072972,14.93057
-6.270131,-4.229596,-7.392551,-11.85966,-15.15821,-11.40333,-3.988393,-6.694241,-4.865743,1.436155,17.61369,9.485224,24.55146,18.77533
-16.48734,6.342416,-21.27261,-12.72518,-11.95905,-2.783375,5.283947,7.029029,-2.278123,4.115251,3.964772,5.557625,21.75282,13.45983
-6.066702,3.209931,-4.573892,-3.472339,-7.043328,-2.277285,6.142194,10.4461,-1.285343,7.928401,-5.072349,-4.093408,9.281755,-3.123734
-12.95613,12.29719,-10.90123,-9.749125,-6.735644,4.532347,16.9676,16.747,9.629952,7.964205,-6.98873,-5.339818,-5.138223,-10.32939
-7.631951,4.733716,-9.793875,-18.70518,-14.20451,-5.255908,6.209515,-0.8457401,3.612091,7.731149,6.987566,7.113144,8.846457,11.20353
-5.794443,-10.11977,2.928392,-9.821812,-9.491453,-14.9153,-4.236219,-8.563539,2.063397,2.585932,3.930892,15.69031,18.65824,17.08537
-2.197921,-0.6317547,-3.752526,-9.370255,-1.324716,-5.1794,-5.418407,-1.775435,0.9117581,-4.383218,-0.2866232,8.783456,8.910531,15.71451
1.355023,5.128861,6.617032,-5.26942,-0.7527176,-0.01381373,-1.867534,5.34656,0.7893333,2.245288,-0.9609139,-9.331632,-3.355665,0.06960583
8.804939,-1.274017,10.77669,13.87284,4.447522,-10.39424,-2.215647,-1.716507,-1.524247,1.175696,-6.266297,-5.034,-10.82693,0.1741952
11.16066,-1.65586,4.298746,6.127552,2.387949,-14.72279,-6.416809,-12.18112,-9.520054,-1.735951,-3.552673,8.370797,7.419598,10.01995
15.6979,-8.92358,13.96254,3.289235,-1.25489,-19.002,-8.856815,-7.623216,-13.00122,-9.82817,11.99756,14.80347,9.550899,-0.8117145
3.843273,-3.886606,0.3027923,-1.539966,-2.702021,-10.63322,-0.9594683,-4.166569,-6.156175,-10.21391,6.396639,14.38521,14.55942,0.7706059
-14.15363,4.295495,-7.594023,-5.028411,-9.033434,-5.671113,11.49139,3.408231,-2.013386,5.882781,0.0980086,5.104585,8.974683,4.238823
-7.695897,3.214195,-1.554694,4.062751,-8.979666,-8.057884,12.30227,5.746926,-1.019734,9.180701,0.6833405,2.540376,-4.428733,-5.993951
-13.92656,6.323548,-16.30051,-0.5235791,-5.061949,-3.638387,15.67466,2.302026,-5.217237,9.832411,2.165356,1.362484,9.315825,-2.308081
-3.281035,-1.489756,-10.82765,0.189752,0.04686311,-3.712991,11.90668,3.361613,-7.25852,9.263866,-1.902827,-1.006305,4.439111,0.2711911
-13.08499,3.983115,-11.94633,-0.06501575,0.9529791,8.715767,8.355459,9.938923,6.550357,5.884931,-5.707845,-1.323529,-8.386454,-3.867368
-7.947563,2.534494,-5.38474,-11.68324,-0.8724405,-5.065654,-0.6854017,7.065111,7.08105,2.350523,8.14827,4.121549,1.188237,-0.8501918
2.365189,5.163469,6.078761,2.601447,8.888962,0.8338147,-0.806657,-3.607667,-1.421135,4.696866,-13.29508,-3.108004,-5.221351,-3.168614
-17.96744,-1.16287,-12.44897,-5.6693,2.306197,-0.6928244,-10.46556,1.02593,13.25348,12.5516,6.37957,1.303769,11.33923,0.247201
-14.22997,-3.069736,-12.27515,-14.94351,-4.449984,0.6829087,-13.95321,8.569859,16.19815,15.17893,12.67431,3.161083,11.5368,-5.080484
-17.92178,7.408051,-6.847261,1.233227,7.156032,10.81185,-2.893761,9.860411,9.451839,10.66186,-3.200093,-14.08735,3.027814,-14.66083
-8.289204,3.382323,1.646954,9.788013,11.78472,0.6878918,-3.143274,-4.073785,0.2785866,0.3987865,-3.359564,-9.167806,10.63414,-10.56778
-6.659989,0.9163738,1.820193,5.857116,8.027601,-0.9501645,4.398564,-8.397762,-1.964333,6.043561,-2.336627,-4.895284,11.75497,-13.61421
-1.901961,-7.957549,6.157631,6.593897,0.8779653,-7.924022,-5.405196,-3.242993,-2.724424,5.602594,7.901918,3.992562,6.453769,-8.424195
10.12614,-0.2784159,15.67974,6.580694,2.215371,-4.596916,-1.928487,-4.090621,-2.821388,1.098375,-2.721043,-3.884328,-3.866829,-11.51229
16.9675,-2.946478,20.45787,11.55506,3.777876,-11.88841,0.857291,-3.296471,-4.357328,-5.024391,4.66836,-4.869627,-4.884349,-21.0169
27.82397,-11.67813,24.38463,20.54342,8.010207,-12.28121,-5.173687,-8.782804,-13.10338,-9.20551,-3.54474,3.07078,-10.12676,-9.936799
18.41707,-2.849607,16.80527,16.77777,4.058812,-2.711593,5.890798,-5.649606,-9.443205,-10.35165,-1.303156,-7.773772,-6.213204,-15.65392
17.92602,-8.139707,18.31717,19.99926,1.72174,-5.283344,2.290808,-9.998775,-13.11405,-7.948527,6.584981,-5.237047,-0.924225,-16.19429
20.15559,9.75646,20.57887,14.67267,5.531675,9.005688,15.12687,0.6282811,-5.589084,-10.66412,-13.93992,-14.81923,-16.55502,-33.88872
27.80657,3.259254,24.30352,14.33723,7.980598,3.638618,7.22671,0.6746389,1.173161,-11.28035,-8.874773,-17.69527,-17.74634,-34.80358
24.35768,-6.036084,23.46551,23.54693,14.40862,4.404091,-2.911486,-0.8552214,-2.413335,-9.338264,-7.240281,-15.84679,-13.24894,-32.29243
25.25044,-2.413832,21.3674,16.83007,12.70486,2.155246,-0.2993017,-0.2801774,1.729878,-12.49517,5.580096,-20.41409,-15.9631,-33.75232
27.08556,0.5879606,23.2477,26.92557,21.05305,7.673759,0.3374915,-7.666637,-0.1138811,-7.750292,-11.56018,-24.13945,-13.55345,-42.12719
27.14655,5.558352,18.84024,24.5218,21.5766,10.45388,4.160113,-0.3363082,-1.872255,-7.302566,-12.72303,-31.16707,-16.02069,-42.83562
25.49046,10.37799,18.55901,20.21118,26.101,10.71146,5.209744,-0.07137249,8.141492,5.028812,-12.24634,-40.84256,-25.37021,-51.30065
15.01253,16.38373,15.94324,32.4188,25.03545,18.45878,8.927832,6.048851,12.98236,2.029307,-16.31299,-40.5047,-34.39184,-62.03133
15.50721,-0.2869734,2.928941,-7.491945,-7.283273,-2.72173,-14.42876,-10.72706,-6.613687,-14.96618,1.659913,12.15048,-2.007498,34.28054
-19.62642,-11.25708,-20.5493,-28.06476,-24.99319,-13.70815,-21.27032,-10.62568,-1.944882,-2.873513,10.36486,45.44334,23.38973,75.71536
-36.46234,-5.776801,-31.93828,-31.89757,-21.93855,0.3147987,-11.93502,6.036669,12.042,6.735139,15.69788,31.92343,14.27629,52.92235
-32.6866,4.607371,-34.15439,-23.6625,-11.03393,10.00348,-2.509696,-2.966885,6.061871,-0.5068845,12.68528,18.23105,14.03891,41.89292
-29.46624,5.379759,-25.26461,-24.28417,-12.52645,5.878512,-8.321681,6.660697,10.74242,-16.67986,13.00458,20.751,19.17212,34.95393
-28.54965,1.976494,-20.99452,-22.32629,-14.67263,12.02871,-21.44898,9.522995,6.536294,-7.79267,8.458742,29.43059,15.48539,32.34553
-19.72324,-6.744479,-12.3044,-10.41537,-10.87498,-0.1564645,-15.25857,-13.61581,4.389581,7.548845,11.53625,26.62274,12.28471,26.71119
-14.52605,-11.44913,-6.02942,-6.564125,-11.52464,-5.323513,-13.22646,-10.89952,3.542127,8.649727,10.79731,21.33923,11.71633,23.49812
-26.02317,-1.025546,-21.22562,-4.786988,-8.742908,-1.501841,-4.198834,-8.877328,-1.37724,13.96192,11.95467,13.0713,19.41082,19.36075
-30.23567,8.830173,-24.6351,-6.578331,-4.024784,6.482213,8.764856,3.737481,4.812294,19.99171,7.112316,-3.572695,13.04952,-3.733975
-36.39269,2.934596,-27.96087,-0.8942071,-10.74413,9.048005,22.90463,11.97696,1.972298,17.5858,5.792271,-5.210375,8.440204,0.5474946
6.840176,-23.39828,-7.513225,-30.65287,-40.65575,-25.14759,-6.058354,-21.26364,-26.64008,-11.36943,9.518395,50.93087,22.82827,102.5815
3.980555,-23.37865,-7.073502,-41.58512,-48.42183,-18.78883,-10.93346,-9.922751,-16.24457,-12.59875,13.21494,58.81802,18.37015,94.56377
-21.90402,-11.25874,-18.89041,-26.69486,-26.87678,-7.224226,-1.158965,-5.774514,-7.550561,0.8900981,14.53681,32.02707,20.29096,59.58813
-8.244566,-9.122325,-11.98678,-23.52899,-22.29311,-6.147428,-5.251419,-2.995976,-7.194699,0.8258503,12.5645,25.71602,11.78733,45.87158
-18.94621,0.9489557,-16.02175,-16.62065,-15.38526,4.928482,7.024935,-3.402775,-5.856076,2.588883,5.547157,12.5534,2.20311,40.43781
-15.97635,5.290654,-14.84331,-14.61662,-11.33537,4.684277,5.001945,-6.139615,-0.763503,4.632195,-4.46258,9.938665,6.082127,32.50749
-15.73657,0.8643168,-17.2301,-19.92767,-12.52959,2.139942,0.7524791,2.618637,9.615047,-0.5433035,12.14465,6.26698,6.071852,25.49333
-3.736964,-0.7779881,-3.239356,-18.21556,-14.02354,-0.08554997,-2.77462,-5.742828,-0.3526027,-11.1433,-1.096136,15.29181,3.333662,42.56297
-7.980422,9.458838,-8.461448,-21.23252,-15.64496,7.039572,8.466276,5.961128,8.412182,-10.69967,-5.582321,10.05156,-4.15169,24.36349
-16.13471,5.332233,-7.993703,-13.01165,-7.371466,3.089713,4.655,-4.983545,-0.8801199,-4.287113,1.513352,11.02075,3.842357,25.20891
-5.226028,1.073792,-4.448896,-8.341411,-3.876134,-0.1730426,1.499178,-13.81966,-7.194226,0.1699446,3.158965,7.521314,11.86357,17.79264
-15.72803,8.468475,-16.1268,-12.40815,0.2180236,1.96374,7.353957,-3.809248,-3.514951,1.389677,8.024897,-1.253871,9.605566,15.81672
1.70223,11.6092,1.389735,2.643241,8.404278,8.814623,12.30678,-0.6643041,-7.430109,-2.258689,-13.68456,-5.045029,-12.65627,-5.131112
-5.976254,5.904092,-5.748337,-0.7082092,1.527051,1.311755,9.343143,4.229389,3.492102,5.804097,2.059222,-1.417466,-14.93016,-4.890414
-20.97502,6.315736,-17.38019,-5.531451,-2.362603,-2.383661,8.223279,-0.164502,-2.891747,2.970512,12.39718,10.92101,17.16807,-6.306603
-27.57623,17.39162,-19.99107,-4.721286,9.056374,6.664662,22.94747,-6.33227,-7.082727,8.976951,5.919244,-9.792702,21.37005,-16.83007
-29.82916,23.68806,-19.30531,-2.276441,14.89759,13.80772,26.2046,5.407181,9.049197,17.8921,-3.195435,-24.51127,-3.208956,-28.61985
-22.67632,26.12851,-10.44949,10.17894,18.21761,17.55814,29.02543,3.145745,2.200801,4.13978,-11.05817,-22.5751,-8.878345,-34.9575
-27.30225,17.24236,-21.40819,-7.275531,6.723395,11.57822,20.1526,9.981826,4.889152,8.401113,-0.2877138,-11.78231,7.625161,-18.53781
-34.71877,16.89792,-31.02789,-15.97933,1.964028,6.195688,20.12971,14.49998,10.35562,16.75364,9.028772,-7.835752,10.37295,-16.63654
-30.41224,23.5477,-23.2891,-13.87068,9.361018,10.42951,24.25281,16.67268,10.48825,14.94752,-10.94535,-15.14363,-0.1278409,-15.91062
-2.894915,12.62237,5.458009,-9.52516,0.1239691,-1.724841,13.6995,5.972095,3.184402,6.862485,-11.2286,-11.2642,-3.501576,-7.783524
-18.5562,12.72537,-7.999953,4.000802,5.36447,-3.059206,16.71966,4.574236,5.942734,13.33346,-1.780619,-13.56129,5.34232,-23.04577
17.54159,0.9166936,9.275448,2.627221,2.344161,-9.031762,3.861354,-9.231308,-8.909593,7.660814,-22.131,-3.282853,-2.1607,10.51994
74.1412,-15.21615,29.49965,-14.16958,-19.48113,-29.59382,-14.3039,-29.85575,-29.39951,-3.180089,-12.70396,9.595963,-12.38657,67.05364
44.14134,-6.299466,19.36551,-22.34456,-26.72002,-7.830337,-7.549282,7.673718,-1.469856,7.67893,-18.34664,12.43033,-31.17833,30.44864
27.6533,-6.502847,16.58722,-7.48016,-10.74249,-14.28414,-4.083635,-10.97685,-9.564665,11.05704,-6.899433,9.704251,-21.61124,27.14363
31.97391,-10.50271,17.36629,-2.715515,-4.247528,-12.21424,-13.32289,-11.44805,-6.822598,7.061199,-11.3002,3.746002,-12.11359,24.53989
33.22381,-14.77656,24.52064,-16.26722,-12.75601,-11.79233,-17.91342,-0.3738925,3.491471,-1.412517,-6.999043,10.74769,-15.71188,26.01924
37.12673,-9.058284,21.55459,-24.85369,-13.7679,-6.773043,-10.96055,7.094714,10.83897,-15.45088,-7.94522,5.87572,-18.76647,25.0853
33.11662,-13.6277,27.91437,-13.92413,-11.16534,1.669018,-13.1211,13.81233,10.67364,-36.19603,-14.72299,12.97096,-24.8134,27.41373
19.92756,-19.20625,14.83653,-2.096987,1.734344,-9.760437,-19.85362,-0.1362543,1.96009,-35.50585,1.87326,18.26321,-11.6678,39.63219
25.48186,-21.84639,10.9228,-4.699677,-0.3788946,-21.46845,-26.52913,-13.48794,-3.10397,-24.70823,1.746377,23.10695,10.89208,44.0726
28.98977,-18.51852,13.64183,-16.93836,-5.696023,-11.25065,-20.02725,-6.632909,0.7741669,-21.37803,-2.450505,19.03167,-1.514219,41.96901
19.06274,-7.303471,10.03161,-16.75621,-7.729039,-1.264307,-12.58501,8.765188,10.67818,-12.69526,-9.392461,10.48624,-16.39676,25.09855
31.7158,-29.10745,20.90059,-6.041839,-4.853977,-17.24691,-32.07372,-17.43249,-2.354236,-20.85575,3.708541,27.04975,3.932154,42.65951
36.0936,-31.91781,32.357,4.144423,1.927355,-12.55872,-35.14263,-15.70636,-11.97572,-36.79789,-5.401466,28.63205,7.144912,39.20121
34.439,-31.64937,26.66364,5.910949,-0.3929813,-19.71207,-33.38582,-11.77387,-3.389893,-22.98953,-0.169513,16.34582,-1.706213,41.80983
25.68732,-30.80426,14.14236,-14.19329,-8.708991,-9.68478,-33.47501,-4.012685,5.649311,-4.860703,7.468555,21.25277,-2.555063,34.09445
18.74156,-37.36989,30.59611,-15.77744,-5.924694,-3.888061,-37.51037,5.344254,11.56955,-5.368588,6.001442,32.37624,-15.39996,16.6098
20.49419,-36.75013,30.34187,9.325638,15.76473,-4.253064,-38.12165,1.536999,7.141544,-10.30074,-0.2668406,18.71887,-11.81996,-1.811487
2.643742,-28.08317,14.65686,36.08088,40.6874,10.24799,-30.67862,2.287771,16.62961,1.967205,0.2566184,-20.99297,8.745476,-54.44881
0.9516366,-26.20345,10.17709,44.14954,53.78795,6.984668,-27.6864,-6.934281,21.62606,18.06176,8.05007,-36.59458,8.703528,-75.07363
5.638988,-34.77079,19.48974,44.71481,51.57964,18.10551,-36.47133,-2.953935,19.3617,15.95216,-4.977724,-23.58293,-3.639043,-68.44684
-0.8231678,-39.13662,15.61389,44.87423,47.23862,20.33646,-36.41449,2.180335,18.08414,11.56642,2.103324,-24.31001,1.770287,-63.08346
-10.51134,-59.60659,7.160406,35.54604,38.00335,8.508234,-63.207,-2.204984,29.98551,24.70194,30.31996,-6.444248,18.44169,-50.69302
-9.582651,-71.11236,12.08718,37.80402,37.52662,6.172453,-74.33192,1.058003,36.49591,24.98019,27.46652,-1.761142,19.09513,-45.89802
4.073614,-84.68397,22.93882,38.97402,42.71653,5.681329,-82.61127,-7.396983,21.8486,11.69451,27.76592,12.96144,10.45833,-24.42097
13.85487,-96.72985,33.40188,37.94149,44.67841,2.622553,-96.31886,-7.604889,34.15188,14.53965,23.47354,18.05758,3.285052,-25.35341
7.636025,-105.23,29.05697,34.37651,45.0903,-4.841888,-106.2768,-17.33028,33.16272,12.79787,43.56446,31.1983,14.05192,-17.2562
12.63864,-118.067,31.0493,29.55545,47.90364,-1.502305,-114.2317,-34.67778,29.9158,2.613747,49.15091,37.64706,28.14171,-0.137601
24.34954,-126.792,42.20115,25.88242,48.26001,-0.3878492,-123.308,-42.30258,35.69759,10.82798,40.23605,33.91058,31.34784,0.07719888
31.17949,-138.5138,48.38946,31.00604,47.84097,-13.65026,-133.1326,-47.86298,29.89894,-3.59945,61.24389,41.48805,36.31944,9.392602
29.63238,-156.0777,51.79001,29.82006,45.10355,-12.96631,-147.8369,-43.30205,32.37338,-0.9278663,68.75112,58.63766,38.32857,6.673976
33.51868,-183.3898,52.71331,27.06854,49.02211,-17.41784,-176.2768,-53.6689,30.92919,13.9848,67.56083,82.42284,49.00209,24.53084
14.80076,-171.8386,35.21601,9.404389,22.50492,-17.39113,-165.8983,-53.09444,23.69566,0.7129735,86.68516,88.83612,68.2663,58.09999
12.25506,-192.5286,43.31358,26.1239,35.64264,-10.61647,-186.4018,-35.15554,37.57183,21.5984,81.68437,85.29562,54.28787,26.92898
75.98626,-188.8925,83.70696,61.26967,49.37771,-30.69022,-188.1529,-41.05212,21.16297,56.6556,59.53591,42.92354,26.44622,-28.27724
112.1094,-180.0714,112.4989,72.27967,42.43195,-26.95464,-182.515,-47.97384,-9.312345,27.65026,60.29995,39.16627,18.62199,-38.23119
91.08555,-182.3857,99.21958,72.27357,52.53114,-18.9907,-180.0338,-28.54861,8.077552,4.86232,56.96915,47.83717,18.65433,-41.55168
72.72948,-194.6005,88.75384,72.33766,60.67696,-32.59243,-186.825,-29.81555,15.87594,22.15324,65.01875,51.88943,23.31757,-28.91953
48.63998,-145.967,72.15251,51.00504,23.25732,-24.58112,-139.1211,-7.91006,-4.732259,10.50446,66.49635,44.93913,28.32555,-23.00893
30.90461,-137.7901,50.52811,49.76725,15.38266,-4.591375,-128.7577,8.767876,8.32119,-19.61682,67.54351,51.0379,28.65893,-20.15613
19.2656,-122.6888,36.66059,49.92575,10.84142,-3.129475,-112.2481,2.787293,-13.52888,-14.20919,69.53233,47.74424,36.68279,-7.63561
-3.062033,-75.80557,20.66435,36.20432,-12.19312,-7.550581,-61.25562,9.620872,-26.80879,-2.504749,58.56018,31.05875,41.80421,-8.732322
-15.24946,-37.65062,10.94575,47.46688,-32.73986,-7.194392,-22.85299,-9.416185,-35.05745,11.486,55.37111,16.21841,37.39427,-18.72152
-32.32129,10.89474,-10.60647,32.46485,-46.22359,7.374895,21.65167,0.7145321,-23.62772,-6.747513,36.93998,-3.007103,34.30258,-21.80957
-58.61666,48.79456,-29.80765,19.06895,-57.58195,16.26743,64.06791,19.67362,-38.21202,-22.84809,32.43245,-5.037699,31.47644,-19.67727
-73.11963,72.81136,-41.65601,19.81824,-81.42172,30.10794,83.74747,25.46961,-50.73191,-67.2614,43.35876,3.107445,43.84824,-8.078346
-73.39468,39.75846,-42.39644,22.09162,-61.68729,16.58575,53.27174,25.59941,-23.6688,-122.6685,61.28814,28.10262,64.46933,12.64866
-71.20243,22.1716,-48.12708,17.20387,-71.91869,-0.334228,36.9883,17.97191,-19.60257,-115.3525,78.21094,48.31911,72.24678,33.42504
-64.41739,-43.52557,-37.25129,16.19056,-78.56947,-20.7332,-20.85873,3.470114,-1.645292,-110.9352,97.53958,98.20124,92.40001,70.13454
-67.1988,-49.38225,-35.75784,16.84317,-74.7607,-42.28708,-28.31262,-5.428315,9.59284,-145.508,106.9883,113.1,111.1385,90.97285
-77.69845,-38.4442,-49.43867,10.19735,-65.40961,-55.00919,-24.3854,-0.9981929,10.42646,-124.4616,107.025,104.6511,109.277,94.2684
-118.4937,14.24576,-84.39687,-14.57286,-84.04324,-65.559,23.18582,25.33993,2.155558,7.912112,76.1481,66.93327,90.71875,60.42636
-150.9858,43.28997,-124.4615,-24.72693,-107.1607,-62.74176,50.99291,33.58662,-4.53407,56.87294,65.9387,59.78856,96.24359,67.89751
-161.3259,-4.472169,-127.2527,-33.34438,-103.6897,-75.86415,9.092063,26.18282,12.08152,62.00792,102.9257,92.80521,113.59,87.26378
-159.3456,-20.84753,-112.9493,-19.0999,-81.75776,-83.91612,-15.7539,10.30614,8.660175,77.00946,85.46983,97.0452,112.7507,102.4287
-157.6481,-3.703634,-113.4814,-30.19553,-102.6769,-95.83414,5.074376,5.734038,-24.95167,139.3408,75.57283,79.43977,106.1488,117.1808
-177.1514,89.69364,-143.1187,-61.72711,-110.0445,-81.24629,104.3024,54.97364,-45.09685,115.1107,39.64223,39.52284,78.13866,97.00079
-216.1513,178.6961,-180.5337,-95.88737,-115.1732,-23.06057,180.6961,83.25665,-38.17957,89.64791,-2.584559,5.05096,54.02677,80.19589
-213.2366,117.7247,-183.469,-101.94,-94.9646,-36.68062,120.8293,61.48372,-11.61156,93.39458,3.92308,29.01037,80.53226,135.0045
-118.2782,199.0444,-155.2225,-129.1334,-114.263,-61.95254,201.0961,70.54455,-68.02491,51.16878,-59.61914,-13.67683,31.06091,167.2559
18.57231,184.9804,-80.83812,-135.5409,-118.7147,-75.46384,181.4475,45.70855,-68.91885,8.764349,-90.98016,-28.4171,-24.30491,183.7056
142.4225,124.1392,-1.64049,-128.1729,-90.9099,-25.61507,126.5033,11.8065,-82.71734,-40.19989,-114.7726,-27.75283,-66.30848,173.2181
219.2325,163.616,49.99215,-117.4483,-76.95501,22.93927,162.9213,-1.174675,-82.69651,-64.79569,-156.8912,-86.03848,-136.4751,103.7739
266.2913,215.5711,74.44622,-102.6644,-58.50955,30.48225,206.2623,15.41282,-85.5621,-74.42695,-194.4424,-143.8899,-187.0907,38.12022
273.5175,246.1724,100.7132,-56.94449,-30.68394,77.08423,235.3905,30.04396,-70.92514,-97.18556,-226.0418,-195.7307,-227.7184,-57.69149
255.3039,289.4177,118.9436,16.64368,45.6335,136.1638,282.5186,59.70366,-28.09281,-359.8191,-212.027,-228.0862,-235.4121,-140.8909
205.7005,323.6896,114.8787,39.91075,86.43755,144.0749,314.5328,105.3246,-5.692111,-412.3926,-203.0449,-261.1187,-233.7143,-218.5863
156.8518,310.6523,97.86632,66.5802,128.983,146.9897,299.5531,95.87685,-6.32668,-332.2408,-199.2346,-278.7154,-222.0536,-264.7819
83.69625,362.1337,50.43723,40.23922,125.3874,183.7923,347.8062,117.8862,-14.76449,-268.2192,-216.0605,-296.2393,-228.7578,-287.3369
42.28231,392.669,26.67442,34.81992,126.7568,180.8742,360.8127,129.6059,-11.65695,-253.6486,-217.6918,-291.0291,-222.8698,-297.5987
30.71481,384.5699,17.52222,34.83885,133.5819,189.7043,350.5341,123.3919,-26.99664,-267.0961,-198.349,-279.7242,-200.2886,-292.4031
3.933643,389.9265,-0.1608975,18.06666,109.892,195.8099,357.2598,135.8734,-8.180353,-213.4956,-209.85,-279.5096,-198.3608,-301.2043
-1.893314,367.5898,0.1761415,40.70816,121.0307,182.182,331.3348,127.9324,-4.904947,-218.165,-193.8891,-270.3307,-189.0745,-292.6961
-33.66066,404.2956,-16.58664,19.59749,76.43112,183.297,358.5678,131.1091,-5.839958,-178.4847,-195.497,-267.3243,-187.1276,-288.7769
-23.26203,391.359,-19.57046,13.46738,68.03565,183.0023,346.9468,122.1976,-5.526765,-156.8185,-199.224,-256.1885,-186.4581,-277.96
-30.68034,368.7995,-25.5628,18.39565,76.18842,188.0335,323.534,113.0517,-6.801423,-125.6381,-190.1489,-250.4604,-179.6866,-279.0239
-27.11674,366.7389,-28.42093,13.95467,54.15323,174.4541,323.1259,111.7432,-2.692141,-136.3593,-180.6555,-238.5757,-166.1667,-264.1827
-30.65281,357.6127,-26.82411,24.61315,44.76083,168.7047,319.6854,113.3057,-8.235678,-133.5827,-186.4659,-226.9646,-165.2066,-250.7496
-45.44992,356.1948,-28.54862,27.78293,37.99659,165.7502,308.463,105.0985,-1.029903,-135.8899,-177.2998,-217.6684,-157.5421,-237.857
-56.51168,346.9434,-42.9089,25.13358,36.9064,154.3039,312.0739,99.76662,4.485156,-118.6776,-167.1714,-215.587,-145.3737,-233.3823
-58.38688,343.0871,-39.96811,21.2298,20.76688,144.0273,313.4838,108.9463,-4.118093,-122.7165,-160.3184,-198.9076,-137.6155,-229.5097
-52.36282,322.7644,-31.00017,24.44714,8.69036,135.9767,292.5248,102.9362,5.418703,-117.0919,-160.6164,-192.1327,-137.9421,-201.612
-45.71075,318.1398,-32.99221,24.77486,7.114077,149.9368,293.5876,77.60934,-13.46927,-98.73153,-161.7352,-191.6825,-130.8867,-195.9539
-15.41126,279.3744,-21.24023,22.65038,-0.4481064,168.3173,253.1752,83.10575,0.5849451,-149.4475,-146.6565,-165.6784,-120.3475,-187.978
19.55564,232.729,3.199837,48.28516,-13.52281,149.7768,212.6014,72.13818,3.754056,-160.6171,-130.2961,-147.6949,-107.4892,-182.4197
110.868,197.2053,53.40998,62.65833,-36.41616,134.7831,168.3224,5.441549,-8.029614,-301.6677,-110.9921,-103.9181,-88.7318,-82.93303
70.75744,18.04667,-21.52923,-62.7266,-176.6828,-6.330022,-7.384718,-122.194,-115.3746,800.84,-167.709,-86.19921,-134.455,10.94114
13.08006,-119.8614,-86.20994,-166.5666,-227.7737,-150.1408,-136.0865,-190.5514,-165.6834,1457.05,-159.2929,-36.51439,-119.466,88.01706
-45.9793,-167.3767,-111.4434,-178.0124,-221.9052,-218.1746,-177.2124,-187.9984,-107.4752,1280.871,-85.02995,55.35826,-22.73414,187.1123
-200.0875,-223.1838,-189.0403,-189.0943,-222.598,-286.5334,-230.9795,-199.7423,-58.33042,1484.479,-22.84589,97.14666,56.69198,184.1177
-311.9989,-270.468,-247.8462,-224.168,-180.9994,-235.0855,-266.9207,-206.5862,-24.4174,1499.259,28.51594,131.5087,119.6808,189.5256
-346.3927,-301.0607,-266.9677,-223.213,-149.6376,-204.7411,-286.8291,-185.9756,12.0556,1392.19,68.91084,155.8739,148.6246,187.1619
-280.9443,-327.476,-206.0983,-191.7592,-126.0898,-290.3054,-310.2004,-175.7047,26.71111,1330.042,76.99575,162.8472,152.842,159.1396
-216.9091,-345.0366,-149.3108,-164.6241,-99.25053,-274.6346,-324.9369,-200.7858,-1.014538,1229.461,82.72919,166.2927,147.5807,150.4387
-197.0715,-325.9296,-141.8269,-150.2494,-58.59352,-240.0814,-306.5579,-169.3872,18.99311,1105.644,80.24638,143.5316,129.1525,112.1301
-147.9924,-305.8184,-107.4976,-112.7707,-30.95614,-232.5684,-287.6084,-146.8967,28.86189,862.7791,91.97859,146.1677,129.2962,113.025
-45.97771,-202.8119,-3.899478,-18.29524,66.77752,-134.9133,-167.6017,-56.28928,130.0923,-348.9121,169.0061,226.5441,199.2556,187.0249
-17.13028,-165.8298,21.91124,5.631104,100.6595,-75.19955,-109.1846,-25.78507,143.1857,-612.2065,178.1847,203.9134,188.9958,162.8542
-6.687767,-164.8833,15.48554,2.042632,85.78348,-56.25459,-121.0664,-51.95977,91.03146,-475.4212,154.6398,185.8498,173.562,167.8783
12.55136,-179.8865,33.11157,17.62346,89.69505,-60.68826,-144.4919,-40.87761,96.71854,-575.2491,167.7305,208.7724,183.0918,191.8986
12.24582,-180.6424,39.8386,21.85295,83.63505,-35.20034,-149.8496,-36.25353,92.77129,-541.4679,162.2563,196.1155,159.8927,174.8056
30.6116,-148.0832,49.06309,31.0235,90.08646,-41.97148,-117.8713,-51.05174,67.3211,-540.798,142.5243,172.4886,152.3992,164.2579
36.14603,-133.9163,49.03381,35.09435,93.02609,-50.33443,-97.0291,-26.2149,69.87373,-514.3109,127.2883,150.6927,126.7299,133.9205
33.56927,-121.3024,45.24018,28.03032,90.42885,-44.61208,-82.93482,-12.19173,60.4472,-515.7513,130.1975,143.6204,115.6449,129.6137
46.61749,-128.3229,45.78487,31.31975,87.51122,-66.12456,-100.9186,-38.32733,28.93402,-413.7537,128.9618,135.5878,116.9762,125.7538
59.39604,-139.7646,45.49086,24.2531,74.92426,-61.32839,-118.9628,-38.12372,32.02034,-375.5849,133.0217,138.1925,111.3325,115.1331
55.676,-149.2154,48.84086,36.29647,76.64301,-48.52049,-131.0655,-30.09056,23.72433,-349.4359,115.7442,137.1104,93.96244,120.33
53.7497,-155.5497,45.52086,30.3759,59.20539,-72.61418,-141.8027,-34.59418,12.44962,-296.0911,121.4221,147.8778,93.03246,137.018
66.48444,-148.605,55.61108,36.93649,63.81981,-71.77962,-138.8252,-28.36531,15.86854,-349.1383,131.5669,144.9438,95.01352,126.4687
63.78439,-150.7264,56.62257,34.97656,52.81358,-44.55091,-140.0968,-29.83381,-5.930786,-319.4113,126.2496,137.7285,102.3711,116.0036
58.49361,-142.1023,54.72646,33.86934,54.12129,-30.28765,-129.2007,-19.04636,3.769424,-316.7241,116.7808,117.9285,90.92519,106.7464
52.19229,-117.344,55.96438,40.53524,58.49067,4.675625,-110.5319,3.7498,18.00606,-342.2191,80.92286,99.92553,66.57264,89.05981
54.84545,-131.4275,54.65469,30.92356,47.6263,7.292286,-120.7894,-9.091778,-6.01247,-285.6192,94.43488,102.2831,67.06483,93.81512
67.83305,-141.1201,60.1839,36.55965,42.37194,-3.470906,-128.409,-27.37249,-14.72865,-237.7261,89.90491,97.37286,68.74693,89.85388
59.57114,-138.0841,53.06279,30.39327,31.85248,-0.08724041,-126.0133,-29.2137,-18.40296,-166.8584,86.18842,81.40295,65.99918,70.18928
73.00809,-114.4202,63.52669,37.45174,49.45712,6.514553,-100.5369,-9.827266,-12.79707,-223.1124,62.14436,67.66148,40.08,60.84967
90.22521,-124.7602,65.2431,40.4999,45.86846,21.08512,-106.3025,-27.39296,-32.62124,-216.3088,63.73493,72.23397,41.04762,67.44736
101.6641,-124.2561,71.67886,37.81888,47.81775,26.45472,-108.746,-43.75888,-11.25755,-198.1053,64.51017,56.92811,37.15041,42.10072
100.6234,-97.00419,65.18622,34.37055,37.39293,12.98278,-95.05477,-40.07052,0.3130347,-157.7091,50.78444,45.61497,27.36163,15.20856
95.97106,-105.6966,70.1936,42.78399,43.69999,22.53118,-99.86858,-36.40262,1.352834,-121.4923,39.52888,34.78651,7.188671,5.423263
98.38874,-90.48968,68.1227,48.6897,51.53985,15.83058,-83.03609,-44.58768,23.13064,-100.7741,24.51697,11.24896,-6.70712,-15.8735
85.25184,-73.08503,59.55153,40.77576,44.60616,2.289433,-69.0011,-27.11737,29.58377,-67.6693,17.49589,1.260637,-15.00469,-28.93761
70.3335,-55.81125,55.06483,49.60421,54.1254,4.80358,-50.73107,-27.75974,26.37586,-49.41661,4.96556,-19.7503,-24.9425,-36.86153
69.49149,-37.20366,49.79847,52.11933,48.26495,3.973563,-35.01759,-29.62961,31.31805,-25.92722,-9.205397,-33.57128,-28.62283,-55.78832
67.43291,-27.36586,57.76512,46.41318,52.96873,-9.718022,-22.445,-26.90821,36.45801,-22.76149,-13.60378,-34.41588,-38.48355,-65.33617
95.78185,-7.325095,77.78999,54.85334,47.31137,-13.57448,-7.7778,-28.07797,45.82705,-50.30355,-40.4794,-49.68818,-55.12237,-69.21476
102.4799,5.13581,81.82377,63.17932,43.8312,-12.73622,-2.475372,-30.26248,38.09084,-37.57605,-46.1141,-65.7948,-58.90169,-80.68011
86.21626,43.93809,64.60607,65.03354,49.50471,1.011049,30.37083,-33.10929,32.75093,-30.96446,-60.80808,-87.1454,-64.30093,-97.10329
72.55889,32.92982,53.516,53.93386,29.59699,-1.720461,18.21211,-18.23804,60.50724,-22.8425,-42.53802,-75.85763,-63.36653,-96.69172
70.50364,15.71044,61.72229,59.83161,17.43194,7.277624,4.454005,-24.70601,48.06583,10.23373,-43.90976,-73.47141,-59.48643,-93.65751
72.76067,26.25447,58.367,61.76083,16.37635,9.821848,18.9896,-12.05954,50.42273,-6.933053,-51.87366,-79.63505,-66.31396,-97.93822
58.17855,18.94387,50.68718,49.61839,7.228992,5.873971,9.604422,28.5232,55.45445,1.603285,-35.05367,-73.04049,-63.36584,-114.2563
59.91249,10.72868,55.09888,57.80061,15.53565,10.11603,-1.90396,18.60428,43.89788,11.17198,-23.38768,-69.22488,-62.37666,-125.9733
63.4296,2.218824,52.77523,63.14367,17.0945,16.06304,-12.35585,7.150479,26.09622,19.99429,-19.8237,-58.59073,-56.76623,-120.4293
59.13456,-2.946981,53.00351,66.44011,17.00928,28.99718,-20.04135,6.825794,0.8230395,38.43054,-14.87788,-54.84549,-54.69583,-123.2565
65.14524,0.9533119,51.71158,63.11611,17.63039,24.5378,-15.92181,2.132478,-19.22434,37.43232,-10.26575,-50.65549,-50.7647,-115.8271
56.14678,11.50085,49.87341,64.41058,14.58216,49.71508,-3.59062,18.78574,-37.39367,48.00919,-26.10113,-61.30918,-57.78537,-126.8438
65.62367,-3.078721,56.67212,72.28498,21.42984,23.87362,-18.41733,11.72546,-51.82726,66.13066,-14.88941,-54.64554,-54.41393,-120.4682
60.54695,-18.18742,56.25884,64.09725,5.440094,32.53768,-33.73217,10.02559,-56.69693,60.71032,-3.49546,-33.76951,-39.00787,-104.7274
44.33464,-15.76353,38.58169,51.97701,-3.690895,27.85439,-32.12838,6.423013,-38.7436,93.29466,-7.321812,-28.81298,-36.81758,-99.18663
54.88745,-14.74077,39.29999,57.64006,8.473885,46.87557,-28.12898,1.797224,-36.91698,75.75573,-13.77809,-36.03034,-44.08862,-111.0462
39.53822,-4.285883,34.86298,59.73102,9.071357,47.73428,-17.28774,9.186975,-19.37347,78.5323,-12.09906,-48.93984,-54.1425,-122.5286
40.66545,-16.69574,39.73223,60.71951,5.355195,36.71479,-29.7128,-6.451653,-12.25412,118.5077,-20.11464,-51.39241,-51.17514,-113.8983
44.61294,-23.96278,40.37136,65.48328,3.521607,46.18365,-39.93014,-11.69277,-7.824701,98.82345,-13.67211,-45.99158,-44.81669,-111.1056
44.00119,-23.78152,43.77267,71.75851,6.811711,43.19819,-36.0228,-12.10133,-3.694613,103.2392,-21.52586,-52.37547,-52.37752,-110.9024
53.89458,-28.94164,51.86386,73.40186,7.925719,53.63692,-38.66034,9.468068,-11.25854,87.3908,-27.61245,-50.48133,-64.19312,-116.4344
50.37532,-34.57436,41.59969,55.71371,-8.417697,37.79442,-46.91858,56.89457,-20.00554,113.0775,-15.55507,-44.20174,-67.75832,-118.024
64.20732,-49.73135,41.69364,51.45722,-13.94245,28.47823,-61.71238,56.84161,-6.563933,82.01321,-12.07794,-26.1527,-63.64938,-90.86118
117.9077,-73.21658,47.43332,11.92185,-46.41527,1.475075,-84.38183,9.297199,-52.54398,20.86103,-19.08372,34.44377,-32.79918,65.1005
145.8439,-112.3188,46.0028,-40.14161,-99.24015,-48.303,-120.5683,-39.46841,-102.9276,3.263518,-0.2335303,125.7879,-0.3903036,242.6935
96.3022,-126.7758,7.991988,-86.06621,-128.641,-73.90005,-133.9086,-60.12661,-91.24547,3.951328,25.36024,171.7361,46.55992,348.7618
-19.47173,-113.1714,-61.57352,-119.8038,-131.3036,-72.61983,-111.8582,-51.76388,-66.70731,21.50986,51.62512,195.2659,92.27229,387.5999
-137.2345,-77.25713,-120.1039,-140.5919,-125.0658,-45.52796,-78.28673,-37.2799,-54.79208,50.96575,70.81147,201.9038,125.8469,366.6118
-207.5145,-24.46533,-157.0886,-146.2534,-97.24558,-6.281299,-22.79591,-14.46688,-50.82227,30.65969,73.18389,165.0973,137.6096,320.3833
-226.7089,24.9928,-158.0483,-140.48,-81.98827,-10.55598,20.21743,4.838289,-38.25349,25.7303,66.8737,126.9241,131.7959,254.6624
-237.9193,105.0661,-165.5731,-140.6101,-67.96214,-7.923484,94.08581,25.00274,-35.29104,87.38338,27.13149,56.08475,86.3994,174.1256
-227.7192,143.2424,-161.9161,-127.4165,-52.74399,12.86709,135.4087,46.99069,-9.692936,-40.02161,21.6772,38.87451,77.54449,142.9053
-203.374,144.0455,-135.4052,-100.4361,-18.74688,36.40256,134.7361,50.33511,14.45539,-188.1699,26.0391,33.86878,80.83056,125.4191
-182.518,140.786,-124.5525,-86.72021,-6.858589,34.9646,134.1194,40.19812,9.734629,-139.306,9.752541,15.97054,65.93174,88.49784
-169.6909,144.9118,-109.2325,-87.29366,-19.21668,19.27708,145.7236,59.39006,33.95641,-166.8981,5.884245,13.67414,58.87664,70.63802
-161.537,118.6351,-116.8856,-88.37156,-16.24265,0.4211601,118.4782,93.27338,33.82029,-115.8358,7.718085,18.18617,47.02333,61.317
-146.5066,97.42222,-110.6156,-78.53876,1.099183,-19.44655,97.65598,93.14702,52.68662,-83.66479,13.99424,8.462972,40.21283,34.09129
-132.5143,97.80462,-100.1578,-65.49844,2.174459,-13.51681,102.9179,96.49849,56.41374,-99.03909,4.153057,-0.2108858,27.72874,23.24637
-108.6275,59.92514,-70.17803,-51.40123,16.55161,-15.75411,64.63125,80.56358,-10.28134,-63.25227,26.49342,15.18335,31.59588,24.55028
-93.65364,48.95724,-56.29321,-49.04113,24.66159,-24.53674,53.85281,63.91559,-20.88932,-48.73606,27.99706,15.42156,31.89001,26.45426
-97.2882,44.94953,-64.61035,-48.23127,14.36342,-24.15645,47.35799,63.68093,13.27978,-29.60721,25.33015,12.89249,26.20158,15.83764
-101.5344,39.89022,-62.85993,-48.50079,16.17328,-28.9113,47.16599,64.49326,7.102221,1.556102,28.03367,7.259261,20.98328,9.14913
-86.04944,30.19732,-52.51108,-33.21895,16.52076,-19.26131,35.53217,57.01914,-14.21034,14.02314,8.86063,8.691986,20.32393,14.08208
-97.23162,15.22405,-59.17832,-18.16946,23.3696,-9.422162,21.66675,47.11346,2.773738,25.46072,25.46136,2.851565,15.70137,4.378963
-90.19184,14.08953,-51.39962,-30.03181,18.32491,-30.47029,14.17418,44.57251,31.91178,25.19966,17.89956,3.448195,22.03802,10.43524
-82.58118,-1.676679,-31.1964,-19.19477,20.01641,-5.768816,-2.215193,39.89154,36.51244,-22.37844,16.60754,19.24891,19.27288,13.46177
-84.10046,-22.51644,-13.8202,-14.37912,18.72743,-7.677462,-20.94899,25.70747,23.10782,6.200156,28.37132,14.54528,26.99292,19.79026
-91.79301,-30.19348,-5.512146,-24.6722,22.88498,-12.91988,-31.1407,32.77942,63.12766,7.379475,25.20485,11.07413,25.26981,8.511063
-91.76732,-36.91795,1.279472,-20.14128,24.1935,-34.59581,-36.96135,17.59624,72.76623,12.75068,38.27127,14.45017,24.65947,14.41665
-85.52234,-60.76222,17.09608,-17.96309,22.69878,-30.50793,-53.88417,4.993382,69.37108,-0.05263577,38.37979,32.69619,30.47287,32.98416
-94.2667,-63.57114,9.441885,-19.11214,26.29019,-14.3014,-55.74399,7.595602,71.4199,-5.282158,46.42414,35.00842,31.39782,24.69953
-98.92134,-74.32803,-8.73537,-22.27258,28.7504,-16.78591,-65.66653,4.554918,80.44868,5.226418,61.15973,41.63483,38.57293,26.36179
-91.63979,-72.17939,-10.76127,-17.49992,30.68559,-48.79078,-59.48082,2.874266,72.47704,-3.066952,59.17233,53.51058,40.99358,43.70548
-98.1364,-105.358,-21.09613,-14.77091,34.17955,-13.30979,-89.78525,2.908951,81.47675,-15.35976,79.66371,65.04729,44.08796,50.452
-105.1308,-92.79693,-36.1341,-23.83306,37.08191,-7.876559,-76.67053,0.4161882,78.07392,-13.9977,70.58574,58.71387,52.37197,59.19601
-85.07885,-108.5757,-36.95299,-15.91846,48.82952,-22.91083,-85.54484,-22.93849,77.42934,-42.28187,82.6992,69.88469,65.1811,76.17812
-90.41838,-128.3179,-34.98124,-6.580328,66.41699,-8.941927,-105.1746,-27.4546,73.42854,-74.50957,99.14625,78.16497,69.26521,89.95642
-87.40341,-114.9626,-37.58041,-25.2926,30.80785,-8.817958,-89.78201,-19.80156,75.41001,-73.83423,98.39581,82.93186,74.97111,94.95798
-60.14127,-172.1613,-24.95513,-5.554509,65.41522,-21.90383,-141.6326,-34.50424,66.39757,-129.2666,116.5447,125.0797,89.43819,127.244
-85.6624,-158.7693,-46.90646,-31.37852,33.56192,-12.72595,-130.3397,-16.05759,60.86427,-150.0179,133.6049,140.335,105.8949,157.5967
-50.60061,-206.9836,-32.58675,-38.28796,13.75663,-41.38838,-178.4113,-20.15911,65.92231,-189.0674,153.229,184.1275,117.9826,222.4669
124.8514,-220.7904,72.78827,-6.289409,10.36481,-65.60625,-199.5359,-84.39573,-19.07769,-226.4911,114.3173,176.6357,78.03462,245.1942
251.8316,-250.1031,144.5755,26.797,5.510807,-53.90988,-230.1156,-159.724,-12.54282,-133.2644,67.5296,128.8284,29.38979,185.1969
335.0002,-263.9358,200.9397,44.84663,37.53416,-48.0646,-244.4987,-158.7866,-7.842089,-131.8257,44.55642,87.00947,-8.920365,113.9871
401.3784,-239.0003,247.8208,64.46041,20.9372,-27.25482,-227.1365,-139.1304,-44.25571,-167.4802,36.51797,57.75983,-37.39371,52.77674
448.0132,-217.3793,280.8498,106.1169,12.12449,-15.11825,-213.9315,-133.4241,-69.07629,-228.9867,24.47145,43.64605,-52.8213,15.51525
433.1531,-179.3594,263.8382,115.3798,11.41656,20.20649,-177.2182,-98.23058,-63.48473,-256.6786,18.62083,9.09815,-65.81213,-30.9295
414.0518,-153.5599,276.0936,137.567,21.15979,-4.409037,-154.9688,-106.6454,-81.47094,-234.6447,6.184345,-2.988462,-70.6708,-45.69869
409.395,-110.1322,266.3206,147.783,9.229483,7.480131,-115.9991,-89.02415,-103.5809,-245.0053,-3.64858,-24.72676,-75.83684,-72.25464
390.8087,-62.51948,249.0652,150.5755,-1.151106,13.43533,-60.20141,-32.19614,-89.83301,-358.8441,-0.7673576,-37.93472,-73.45186,-86.98556
389.8482,-71.13712,258.9241,159.4264,-3.432181,-33.43993,-72.3485,-45.21586,-162.8394,-147.4561,-22.67646,-54.01282,-92.16904,-103.4714
374.7197,-73.44957,239.489,168.1303,-0.7840964,-85.45352,-70.46751,-60.07816,-201.8651,-2.658152,-25.35718,-53.42607,-93.40707,-115.3927
323.9522,32.34412,199.6795,135.6708,-54.46803,-49.83508,35.29011,2.818313,-173.4491,-80.53617,-41.99344,-89.29808,-99.53362,-140.6415
288.5439,37.16346,179.4588,140.1195,-40.77377,-24.44337,34.23823,19.77731,-128.2678,-76.14246,-43.20974,-113.7774,-104.0664,-168.6201
287.8777,11.29251,199.315,170.1669,-38.69661,-46.15504,17.08051,-28.86708,-140.5625,-66.52584,-32.736,-93.77928,-73.657,-164.7532
232.822,42.77054,190.2971,164.6588,-60.48956,-70.90563,41.97727,2.698145,-123.2524,-65.02414,-34.0455,-86.74326,-55.99295,-178.7704
131.3702,93.77654,121.0038,128.6976,-58.18213,-43.85339,111.3805,35.10609,-70.86864,50.47368,-47.03625,-138.432,-71.1208,-242.3151
60.66898,147.0555,65.46207,92.29896,-72.17869,72.24199,177.0703,24.55026,-96.57471,178.5403,-96.91032,-184.4175,-94.67833,-273.1287
-12.56241,96.49141,29.56717,94.7112,-65.86598,58.70261,129.9323,13.57428,-110.3247,331.5073,-83.09201,-149.1612,-83.42818,-250.0517
-83.98425,70.50134,-26.57126,54.29722,-111.9213,20.14914,99.1991,-8.275192,-105.0414,752.926,-108.4525,-177.4458,-105.3411,-270.0399
-65.94909,155.5228,-6.105611,67.37382,-53.63729,48.07389,181.679,52.22618,-42.33905,109.3714,-65.32697,-127.0482,-45.91195,-207.9288
-76.67324,149.9954,-0.6256763,82.94259,-3.034555,51.72043,183.8684,94.21492,52.29852,-295.666,-17.66146,-58.43326,5.236786,-168.1827
-100.0406,133.1756,-14.78519,72.42717,8.663334,64.29605,167.6157,94.31767,79.43623,-286.99,-18.24012,-44.74967,7.629247,-162.7553
-108.2073,133.2357,-15.48706,61.08299,6.76996,58.16898,167.1055,94.66324,92.42415,-352.0779,-4.220069,-13.83813,23.53616,-143.1562
-117.9713,118.3324,-18.84156,75.37288,22.49446,86.92973,130.1575,81.90912,114.4677,-377.3581,-0.064817,-5.112464,35.1164,-145.432
-142.9445,137.5475,-44.29844,55.1556,15.66487,93.88217,135.0681,97.98633,142.7977,-380.4357,-6.323156,-2.756596,37.15999,-138.5037
-203.0509,77.22843,-100.9559,0.6368794,-17.19443,45.38624,63.43308,37.40749,67.49493,331.9182,-60.51457,-40.06488,-14.04184,-187.6825
-207.2957,65.26695,-105.8752,-4.209242,-19.09493,73.43332,47.1124,37.02253,38.89753,335.9646,-42.31142,-27.72744,-7.969252,-183.214
-217.5233,127.9388,-112.1479,-15.436,-30.37149,71.82204,108.3189,81.33694,34.35547,219.0111,-49.76369,-40.36175,6.9519,-184.1309
-218.5193,132.1487,-124.9321,-21.37442,1.741797,65.57079,112.3509,71.02006,33.02805,212.0173,-46.77082,-30.0426,9.453654,-195.6919
-199.2532,141.1459,-114.5547,-19.56022,-2.834986,67.75137,128.4308,78.13927,31.56911,130.3,-44.15525,-8.757841,8.124517,-196.3447
-189.6194,149.7556,-103.2628,-16.70828,-3.400587,51.44172,142.5651,88.27668,23.85184,97.40267,-34.61507,-9.508217,24.52591,-220.705
-170.4736,84.95612,-74.23177,4.358311,33.86666,32.58322,80.87091,61.0408,37.24961,-19.53245,15.64933,29.38558,65.42419,-181.1468
-199.5985,135.6917,-103.7919,-24.44025,8.033673,47.12615,134.6737,69.80063,23.40033,31.14051,0.5885856,-4.302027,54.48642,-172.8089
-198.9828,110.274,-114.0167,-37.34193,19.68098,108.654,106.97,58.98479,41.90036,46.62987,-20.90955,-3.639711,41.8457,-160.0489
-205.5478,144.9454,-113.5904,-40.95115,22.68783,103.9976,106.6388,56.26814,41.39528,72.53535,-44.53703,-28.05811,24.65125,-140.435
-204.8513,229.9496,-130.5663,-69.23724,7.71181,115.5878,176.0128,88.28929,51.54781,-39.60826,-49.43347,-51.04751,15.75429,-140.1091
-245.5126,127.7602,-179.509,-110.8204,-7.57029,107.6105,83.10894,18.15326,15.38008,531.2742,-85.64388,-79.42412,-17.36404,-157.4428
-258.5329,127.0703,-204.6623,-151.0102,-42.30394,101.3098,77.7337,0.1528876,-11.74626,793.5704,-115.845,-109.2384,-46.52181,-159.9761
-233.6747,109.5348,-184.0564,-145.9087,-36.65443,118.219,60.1282,2.229299,10.74592,650.7381,-104.7335,-87.16656,-45.38042,-114.0205
-231.9773,70.11533,-185.1939,-145.0163,-21.82382,102.8549,30.69678,-18.70097,17.47249,656.4608,-103.6401,-73.29534,-40.46511,-57.48726
-171.6993,113.4637,-165.8343,-135.999,-37.94732,96.04828,77.38145,-6.311332,15.8976,567.2363,-114.1511,-119.7859,-63.58436,-54.71456
-82.12241,107.731,-102.7816,-79.49796,-9.74982,75.68965,66.35482,-27.7597,-7.882801,509.6795,-138.4406,-160.6851,-90.69718,-59.83768
-34.74697,142.4526,-82.60146,-78.08929,-26.87254,66.08624,102.6674,-10.6582,-6.163833,419.1875,-157.4897,-179.1712,-113.3558,-41.24454
-18.63376,84.95441,-64.71902,-59.91874,-6.119302,18.0875,49.61658,-22.91236,-1.936884,365.2169,-120.878,-140.0592,-96.31339,13.61528
-17.44602,112.1185,-72.29873,-66.61365,-26.67862,24.67494,80.9126,-19.39515,-7.663057,306.1041,-125.0972,-125.9684,-87.04762,24.39845
-9.482448,105.7144,-84.35567,-70.39113,-35.96267,20.52831,83.96329,-8.784909,11.97693,261.0994,-119.9088,-114.193,-75.58667,35.38303
-4.925918,85.80298,-57.47474,-56.65329,-15.56892,12.41038,62.88683,-46.854,6.39466,222.4295,-99.19294,-102.8629,-61.08304,54.69154
2.948864e-05,108.2089,-65.07058,-61.33686,-41.9104,35.69995,91.30688,-31.09605,11.27547,178.1746,-103.6724,-102.7614,-73.45804,54.64001
0.8664994,51.93179,-55.55199,-44.26184,-15.03165,15.75534,41.17883,-36.48365,-1.334016,137.1503,-79.17252,-55.54481,-56.32502,96.82285
-7.276403,95.3876,-67.46983,-80.31689,-47.80051,28.43125,98.58829,-20.27285,-14.03302,119.3919,-82.4603,-62.86061,-53.04216,93.73365
4.855861,80.82529,-60.27257,-74.22311,-41.01442,36.61665,95.64782,0.3608109,3.96067,85.17915,-60.83998,-77.10782,-71.80791,77.81965
16.59774,71.8436,-46.53864,-64.43589,-29.94024,40.20415,81.27374,5.953925,-3.820033,54.29773,-55.82637,-73.19918,-69.90018,73.48973
25.48623,67.37962,-34.40949,-55.25901,-27.87895,17.17656,81.91229,4.798139,-27.31006,20.74978,-46.53403,-56.66763,-53.37944,83.93606
17.42512,60.95715,-38.5161,-53.95972,-18.55082,15.38902,87.51495,23.31537,-15.88206,3.736847,-44.46205,-51.33688,-65.10011,79.46935
10.42757,64.40583,-44.70892,-43.39314,-9.441039,20.15932,80.49714,23.15775,-18.03282,-16.76533,-50.60374,-49.53207,-61.51897,95.34849
15.68341,55.31309,-31.46159,-46.33355,-24.02193,-11.14504,55.86255,18.53242,-22.76755,-38.30901,-33.18037,-33.27136,-41.71859,136.8176
18.90101,20.54623,-11.72399,-30.6857,3.635635,-56.23786,23.63608,21.06221,-18.40508,-60.99061,-18.54184,-16.08146,-30.8875,155.7729
-4.433575,46.70894,-28.98219,-45.56686,-16.55342,-49.26744,50.06335,23.75127,-5.831188,-61.08417,-26.54583,-23.25975,-27.56777,168.5687
4.698163,49.08667,-29.26433,-52.54408,-21.47653,-44.51126,50.50071,27.28707,-30.84122,-77.27476,-28.97622,-10.98266,-20.14637,184.4449
8.099257,35.15743,-10.82463,-35.20938,3.516536,-55.88588,32.10923,16.32183,-51.35998,-85.55677,-3.512539,-13.53838,-11.49216,172.1755
-2.867151,60.95881,-22.9621,-42.31715,-18.43228,-41.55959,51.57393,27.24564,-23.98593,-80.47649,-7.195844,-32.69818,-13.29228,146.0087
18.04634,24.46179,2.974379,-16.36342,3.824672,-43.27294,11.19441,12.91823,-18.41106,-106.9016,-20.2242,-11.46714,-4.570331,147.7909
16.24224,21.09016,4.255671,-18.40413,14.58794,-30.69944,11.33896,6.767962,-21.66454,-98.1583,-13.26497,-22.86117,-5.51462,136.2843
1.721374,46.92879,-13.18225,-40.04202,-7.468585,-8.83707,29.70491,18.79741,-0.5300164,-103.8072,-12.08157,-29.7141,-8.176196,126.6866
18.66902,14.307,-3.03927,-26.759,-7.294793,-27.53032,-2.412515,2.684558,1.367529,-125.842,-1.820224,-4.597951,11.01833,151.2497
21.81627,4.192515,4.728439,-13.95146,9.082294,-31.80432,-4.808264,-8.130809,-15.82517,-120.288,0.5073032,-5.075558,13.80261,145.7542
7.495563,2.471714,-5.152658,-20.83282,6.062139,-22.34869,6.898581,2.046578,0.744976,-121.0407,-0.1525553,-11.53955,11.62468,143.7227
27.13542,-27.69392,9.645658,-10.24099,-7.44888,-79.56596,-7.952501,-2.128828,-10.52839,-139.1617,5.740134,18.13467,19.6944,204.3709
44.43641,-55.5391,17.60418,-2.282345,-15.1362,-64.5033,-30.97695,-27.19995,-21.77788,-155.8977,11.03932,39.38865,28.72674,232.1181
42.69057,-71.19751,-0.9037478,-5.364038,-29.68893,-50.71616,-31.76114,-42.10532,0.6245588,-144.8144,38.15966,29.65882,38.16156,227.2561
38.12765,-66.29521,2.819118,-4.888589,-41.06523,-45.25891,-21.75708,-35.5456,-14.61069,-139.0034,39.24118,43.37291,41.36608,203.4977
41.22724,-75.08132,15.36872,3.460143,-27.37575,-65.18209,-30.42215,-24.11764,-3.466731,-154.8233,31.97231,57.0092,44.22575,187.2055
66.94437,-70.80612,38.85981,25.67342,-0.2043979,-172.703,-35.01555,-44.65214,-0.1734561,-148.6084,40.55888,58.14715,46.49974,195.4797
48.71093,-58.98013,30.24969,17.19761,-11.38371,-162.7995,-32.94389,-32.40881,21.85485,-123.8682,42.3118,49.53511,39.82888,172.6954
47.98273,-79.76562,25.7645,13.73359,-5.876638,-150.974,-56.97782,-32.2936,36.48909,-119.9264,46.15195,60.72157,41.57677,173.3938
62.17392,-103.5898,30.97938,28.13015,6.245946,-140.2786,-82.58935,-52.79782,7.921915,-119.2115,56.50906,78.48738,49.28668,178.7324
50.90305,-67.18412,12.56253,3.779019,-17.06081,-56.14411,-47.14808,-29.76315,13.32671,-121.1394,29.18741,57.04022,23.977,147.6637
42.04478,-86.60516,14.32139,19.59,12.66942,-52.08955,-63.52328,-29.3638,30.61848,-120.7542,43.25307,53.34385,23.08671,113.4082
55.45863,-101.5957,16.36936,16.63385,10.14019,-66.01328,-69.0444,-38.77903,6.745878,-119.2124,47.80207,75.13052,32.93207,133.4322
61.93426,-84.75347,9.527593,6.682928,10.60764,-63.89144,-65.88044,-41.63525,-7.068947,-105.679,44.30751,74.65273,40.41925,120.7766
39.44962,-72.39137,-3.851564,-5.079875,-5.828636,-57.77097,-67.79277,-24.02293,25.4681,-69.8297,52.59094,70.50846,40.44402,78.10664
31.18711,-64.81277,0.6710483,-3.393479,7.258024,-48.97973,-64.60295,-13.21023,22.657,-55.29628,40.3993,74.9278,24.73872,48.45638
38.44736,-62.14671,13.50368,5.49857,14.76619,-66.88408,-75.78965,-23.35849,13.12884,-36.79499,36.87539,70.96944,38.68063,33.10375
13.34912,-62.38942,15.64698,13.43056,15.52807,-54.24373,-78.30594,-25.67829,17.68738,-24.37857,39.13552,68.61977,39.08168,22.51679
-4.904588,-34.41291,-0.286774,8.23224,-0.3818327,-29.10264,-53.42808,0.5495285,26.94688,-13.66122,36.50241,48.0061,27.58235,-11.64149
-1.66294,-32.02182,3.584601,2.967057,-3.337608,-20.90046,-50.004,1.503409,22.15578,4.038261,22.90304,48.24086,26.98461,-24.45081
-3.733145,-38.93695,9.268917,23.66951,18.28053,-3.353359,-56.08944,-9.590799,6.827075,17.44282,22.10107,40.43605,19.91479,-46.23712
0.04086351,-12.02929,5.054384,22.66726,8.852294,7.75354,-40.4052,6.500168,-0.6948377,13.10445,21.04662,26.05667,14.49971,-72.44664
1.316004,-25.10727,11.67626,29.11384,25.57682,16.35971,-51.84558,2.70177,0.6795404,20.64425,16.25079,29.02239,9.090577,-85.47913
-13.19069,-3.19741,-3.578378,12.64922,4.032437,38.64777,-30.97479,22.64719,3.013328,46.77036,17.00806,13.40748,1.046702,-108.2813
-5.138244,-9.35859,7.812362,19.2429,3.452163,37.1564,-39.76754,16.73952,3.385702,52.41367,20.3798,17.4043,-4.051575,-119.6709
-4.132649,-10.56765,1.464327,23.25072,10.42438,32.87066,-38.77229,15.26017,-0.9395684,69.78121,11.9878,19.11122,-1.901846,-127.8365
-1.062057,-19.23515,7.305592,22.70827,10.75177,36.37381,-45.86977,10.0985,-3.614113,79.15507,11.42296,13.50305,0.391068,-121.929
-6.165095,-24.49325,8.391337,19.52816,11.06588,39.44962,-49.87918,8.163191,4.048028,107.83,22.0356,7.891545,-7.45576,-140.4101
-28.36887,6.978393,-6.59725,-7.236052,-12.08639,45.8159,-19.56475,33.74411,18.23137,139.7704,1.955147,-8.081116,-14.14285,-150.418
-21.63974,-2.872291,8.909662,12.93924,3.657735,47.78635,-33.64072,15.74707,7.390588,145.6783,-5.011158,-7.068175,-20.30201,-151.5749
-40.03681,8.651695,-4.872015,18.97466,1.862182,44.87518,-25.84459,19.83574,9.451079,182.171,-3.087952,-20.88249,-21.26635,-169.8313
-41.17361,10.80534,6.395493,26.60339,6.221976,44.27069,-26.25526,27.80746,15.02666,193.2049,-19.73816,-29.65878,-31.11678,-182.3933
-57.07862,7.509418,-6.304467,15.47411,7.087068,45.21243,-31.03617,20.85041,8.298542,220.8693,-14.48073,-20.27548,-27.40483,-168.721
-101.7382,14.18046,-34.15568,-2.176887,-11.78703,43.41994,-29.17352,27.71587,17.13279,254.2746,-9.008002,-15.021,-5.552408,-148.1109
-111.6699,16.6632,-38.54465,0.5249248,-13.72777,38.16926,-31.88972,32.00986,28.92747,290.0366,-16.09831,-17.48814,-15.79026,-161.1225
-112.4042,25.42458,-47.31636,1.370446,-13.61757,42.56576,-22.85071,35.03627,22.55262,314.1863,-12.73749,-30.26162,-23.32062,-178.6274
-102.7862,13.72879,-33.80273,18.35166,-1.073782,47.44239,-31.88606,35.30033,21.31172,328.6417,-29.49184,-45.68833,-27.61411,-192.4335
-100.4122,29.89742,-40.28239,10.57417,-6.235278,43.84954,-21.92933,39.44305,26.3025,363.7763,-40.74401,-54.33191,-45.32367,-204.5841
-95.80861,46.81758,-49.56012,5.188525,-25.16115,48.24744,-6.507453,55.9262,24.21938,387.674,-39.21829,-71.32914,-57.36739,-223.121
-75.99181,24.48206,-31.30088,21.94441,-13.20549,41.76278,-20.99434,46.85448,27.42367,402.9774,-57.34532,-77.31461,-60.64861,-228.6437
-84.75194,28.58147,-49.34853,19.73133,-21.92214,37.11915,-17.23914,44.19971,26.37306,443.5781,-49.35251,-75.61444,-64.99704,-236.3571
-83.11662,28.43032,-45.54328,18.21588,-23.73924,38.93705,-21.20954,45.08806,7.865877,490.067,-43.1468,-100.6992,-68.07005,-243.0795
-67.43805,22.16837,-49.17619,19.25788,-27.76767,42.43147,-23.66399,44.67623,-5.377521,516.515,-58.39387,-99.18307,-77.41769,-236.6309
-50.38544,20.58224,-45.15673,25.64345,-29.78322,27.03018,-14.9522,40.76589,-10.26967,505.2188,-68.20761,-99.14465,-89.12202,-212.2189
-10.05548,10.39369,-26.18105,16.69512,-41.51141,27.40376,-18.67802,25.12729,-51.56064,567.8721,-64.31321,-108.401,-83.18784,-243.6033
47.2268,2.443827,6.419971,33.3024,-34.04354,36.21014,-15.85878,-13.85274,-46.15674,583.2332,-87.07043,-128.7691,-101.7083,-281.3767
97.66219,-42.29053,72.90565,47.04927,-34.85671,30.62597,-3.662763,-34.34545,-49.43158,518.7489,-90.30815,-126.1721,-117.0949,-268.8299
148.9635,-113.403,139.7696,40.6864,-70.51739,-13.77779,-35.4469,-63.41223,-55.26321,629.0772,-89.58279,-121.5574,-125.7022,-269.834
250.8818,-143.2353,235.4626,81.2914,-77.5029,-102.739,-79.35462,-71.80472,14.91192,493.3325,-87.93854,-120.4942,-136.36,-256.4511
324.3539,-218.8159,215.7514,43.20272,-120.7951,-194.2947,-166.9823,-135.7587,-24.96043,772.8203,-87.48944,-89.48847,-134.2409,-183.3026
480.8588,-184.8759,312.652,114.2456,-44.89104,-122.8173,-150.2533,-85.26223,77.2698,-598.2777,32.98133,101.1718,-0.1301951,67.32812
534.3784,-128.346,342.532,155.6288,21.02987,-12.86257,-88.5264,-0.9686093,170.9254,-1704.067,126.3015,236.0653,91.70589,256.2035
473.4933,-180.1475,271.0689,89.03621,2.318756,-93.51487,-135.4501,-85.50931,130.5772,-1268.565,113.4839,249.0876,103.5489,330.5717
446.5824,-189.0792,264.6844,78.31827,27.97868,-138.7455,-149.8996,-131.5342,158.1416,-1409.36,163.2667,298.3385,164.6331,416.6748
354.1018,-172.7746,194.4992,27.26361,50.78653,-152.0772,-137.2816,-120.043,143.3833,-1248.984,162.4684,297.8452,167.5359,433.2762
267.7037,-168.41,140.2607,0.2869254,85.21388,-149.4241,-116.6908,-109.0753,148.4144,-1203.74,174.3509,296.1223,186.4154,448.5726
158.4335,-176.1601,72.55378,-20.03195,96.84483,-126.3888,-130.7304,-107.8583,142.9809,-1051.008,187.3549,296.3766,203.1753,454.4573
60.44296,-185.7326,26.95369,-34.46434,107.202,-149.4262,-139.5545,-95.54379,140.1745,-918.3207,210.817,306.685,227.0132,443.7535
-8.035261,-165.8909,-8.619746,-30.553,111.1986,-134.4671,-109.7818,-73.42565,127.2899,-879.1594,209.8516,300.0029,230.0055,431.5842
-83.23185,-160.0218,-48.83552,-31.57801,111.8833,-111.5358,-106.9685,-61.21878,124.5197,-784.795,209.3055,287.1357,237.7692,417.5717
-143.0471,-137.7794,-75.41406,-31.41014,124.0341,-90.41522,-84.81773,-39.31101,100.4289,-673.2857,213.8828,251.9962,226.7476,358.3907
-155.2228,-99.3,-78.32412,-7.664682,135.1628,-66.3888,-45.71226,-12.59838,84.71801,-589.6331,182.3273,190.5028,182.7103,279.4228
-144.7018,-80.41718,-64.03117,14.23708,137.6745,-53.10731,-39.41455,-10.1412,64.02613,-507.6678,166.2304,149.6088,157.2766,210.4274
-156.8643,-67.09144,-41.98672,21.26443,122.3597,-8.672919,-27.73697,-4.811253,31.6545,-430.5525,143.1785,128.9355,126.8421,163.4813
-173.4976,-28.79768,-32.91684,38.58576,118.0745,58.48296,16.96061,25.19787,-34.92824,-342.1327,115.644,71.16214,76.32636,91.83878
-188.1476,-9.265564,2.025936,30.28089,89.87411,74.62787,24.97905,29.96688,-124.0396,-306.806,105.4716,79.89236,79.52856,111.6116
-245.513,-18.30268,53.68196,-4.713428,43.21191,56.08527,20.50129,19.05128,-175.5925,-232.2581,121.7727,105.1836,103.1338,153.758
-267.9695,9.976996,110.532,-9.973924,43.0302,30.06949,41.30083,14.73157,-229.92,-188.6864,102.5269,87.67504,104.6084,152.0984
-277.0656,1.973055,78.9929,-14.25739,13.84454,67.72066,38.99623,8.447553,-228.2959,-163.4973,102.2168,92.71984,116.0686,162.136
-294.9609,29.49424,-6.896819,-14.12981,48.96878,96.49707,63.2345,14.39132,-242.2557,-73.47993,89.88135,64.7038,100.514,124.0381
-285.7668,80.63527,-24.58712,-36.64302,38.16137,97.77217,97.74747,60.93361,-227.658,-70.23382,56.49074,37.2867,76.32897,99.53252
-255.9711,123.3834,-21.00473,-56.29972,78.18454,118.4878,152.4065,80.15092,-259.8453,-7.957754,6.472237,-20.57502,17.75078,44.8176
-206.5179,130.0108,-28.01736,-94.69261,25.72736,104.4333,159.7236,99.36029,-216.3093,31.0276,-6.592355,-29.7386,0.4532982,31.13204
-180.652,169.6236,-100.0796,-125.8497,-78.08035,72.54951,191.3571,105.2736,-162.2516,111.2708,-10.76986,-35.77168,8.838763,34.54181
-173.8705,246.7134,-141.6143,-111.4654,-48.38771,100.5075,270.6376,130.2873,-113.7634,65.87479,-64.56068,-100.0589,-43.49673,-16.80283
-161.3374,259.2212,-166.5143,-93.54432,-53.02473,49.23071,291.9594,121.709,-90.67001,100.548,-76.59492,-120.4813,-39.29586,-21.20534
-142.2333,304.4606,-186.5701,-73.75371,-23.16735,52.2115,319.7058,62.56919,-116.4453,162.9135,-93.1087,-159.5919,-54.37015,-52.61983
-128.2291,282.3123,-150.598,-87.83002,-63.97292,124.9356,287.2414,50.79636,-91.52686,160.7014,-98.7713,-158.1175,-51.7636,-75.17742
-141.6485,293.7777,-152.4642,-78.22306,-94.74771,119.2,297.0393,74.20123,-99.49538,172.7939,-92.86906,-156.2847,-51.88746,-89.39167
-127.18,223.3839,-115.6153,-78.02412,-87.24532,94.96736,223.9809,63.49471,-76.91091,209.8824,-67.95381,-125.5472,-41.49817,-95.73422
-90.42023,160.9513,-82.32679,-68.44422,-70.5658,95.04883,164.2997,58.35384,-24.79929,180.3276,-75.30128,-105.4667,-52.00337,-89.65349
-77.44443,142.5363,-20.76149,-77.33755,-65.82656,91.87657,140.6813,24.02286,39.87717,161.7283,-82.20034,-115.0257,-59.41785,-102.7083
-51.738,46.12117,-42.83595,-66.94027,-24.77421,59.85418,36.01183,0.8507988,85.11605,187.2256,-35.26997,-72.35299,-27.44256,-93.82568
16.0651,14.9691,-32.42033,-40.47744,-32.92265,58.49975,-0.2108647,2.284529,85.99754,119.8208,-34.5548,-49.35361,-30.90409,-76.79296
63.94308,-24.13826,-14.35929,-43.44479,-39.1442,44.98779,-38.23854,-25.87035,108.5171,146.8412,-31.70994,-45.15637,-25.74064,-76.48688
108.927,-25.19265,-30.44863,-37.18611,-34.233,38.93247,-40.54564,-28.57329,136.8125,144.1366,-35.72422,-67.57931,-37.6051,-91.72058
168.2034,-35.92571,-16.31611,-35.36391,-42.12822,41.1405,-50.48393,-35.95579,105.925,132.573,-37.05636,-66.89344,-36.78613,-90.93231
227.1445,-54.04564,-15.09452,-19.2489,-34.43849,17.39191,-73.55671,-23.43126,69.92117,120.1664,-26.36111,-54.93963,-46.70259,-86.80509
272.9265,-52.05873,25.46286,-2.114403,-23.26728,-0.1624432,-75.46075,-28.01299,42.19174,118.2057,-30.55883,-69.39839,-60.88391,-116.8691
269.0811,-29.39733,11.6521,4.596352,2.449443,-4.004663,-58.47743,-16.0657,7.479746,112.0901,-31.70414,-80.99407,-60.01588,-126.6896
281.5235,-24.65391,37.73469,10.35022,14.40707,-11.22907,-58.72366,-12.61867,-13.68586,103.4291,-77.05415,-75.53281,-60.61346,-113.3331
268.8547,-18.84472,27.63787,12.71416,8.019245,-27.64945,-49.79141,-12.06472,-10.67196,90.78753,-67.9419,-60.19991,-57.43158,-103.4178
237.9806,-16.52509,14.12413,15.2317,9.252044,-12.61617,-35.94832,-3.222902,-4.725726,75.65594,-62.93615,-54.95173,-63.00629,-98.31201
247.2265,-18.57553,44.47694,19.42908,22.08879,-21.83879,-34.28732,-5.223102,-4.191289,61.16212,-73.99358,-72.82919,-63.14501,-100.2997
246.7969,-13.23961,24.75931,29.76357,24.15111,-23.23692,-31.87089,0.9794514,-17.35931,52.16709,-63.88838,-75.46454,-60.33969,-93.2181
245.0889,-12.17177,10.46822,44.31142,31.48789,-21.77521,-35.20589,-0.5567319,-27.71512,36.41338,-62.27476,-60.44118,-56.40098,-91.22819
223.552,-2.897761,-6.694461,40.29505,40.03698,-31.31278,-29.28693,7.209803,-20.49276,29.00769,-53.51101,-52.01789,-51.06503,-92.82288
198.1722,-15.90779,-7.379205,33.74801,35.37329,-7.080473,-38.61898,9.457279,-20.62712,25.01564,-51.41111,-39.00526,-43.48955,-78.24696
181.8389,-29.36774,10.72937,36.84526,32.67548,-0.9377289,-52.5316,-7.504303,-17.26106,10.40913,-35.36232,-24.46227,-36.48912,-68.58202
159.486,-39.91954,22.29407,57.1233,44.93535,-22.87335,-67.22301,-20.64887,3.476542,-0.03596172,-28.43561,-15.69212,-30.79984,-61.68698
134.6692,-47.13643,36.11951,42.22361,36.93808,-17.49946,-67.98018,-19.24915,6.52923,-19.71535,-17.51055,-3.309518,-19.90203,-44.17704
103.4958,-51.21288,18.50886,32.2808,39.36079,-23.16805,-69.23724,-18.83373,27.15048,-7.212072,2.171087,0.7571729,-12.6319,-41.42924
113.3674,-48.34537,23.82682,45.56898,48.19086,-18.33636,-66.95183,-25.86712,10.42907,-28.24098,-10.28631,3.128155,-11.92633,-34.55705
80.91771,-38.53103,16.99322,41.83303,40.87933,9.564773,-56.03921,-26.88239,-1.210228,-37.4673,-0.8099214,5.341737,-6.663363,-27.9264
49.67544,-20.99838,4.74573,42.84507,38.6231,-1.379553,-39.15571,-26.04471,13.46194,-41.49932,-0.3381017,4.639337,-4.31232,-20.26257
16.98168,-21.52472,-5.26145,35.12246,35.00599,2.917759,-36.69666,-16.40936,20.3954,-60.10202,6.78091,20.54427,8.400211,-6.1545
-12.62062,-21.67096,-5.295633,43.88967,41.27198,3.104918,-36.90335,-39.07444,31.71724,-40.23547,9.329056,14.81876,11.52745,0.1413795
-26.07179,4.463618,-4.713827,46.01511,38.96901,-14.41735,-6.603938,-42.98111,5.735422,-68.80288,17.5297,15.45299,23.96485,11.4602
-63.90936,-8.375006,-30.4974,30.77235,28.32058,14.41217,-15.91154,-18.8828,29.46458,-67.61715,22.22406,26.66884,30.08232,23.24832
-72.15427,-4.430139,-26.89614,26.30505,30.82079,28.10173,-13.33572,-34.50167,35.50577,-72.53294,10.48452,27.2657,35.95244,29.41487
-77.59333,1.925037,-28.97133,36.33256,33.51577,-0.1936967,-7.454816,-45.49632,10.8328,-64.1307,27.99154,27.20586,45.23181,40.80482
-92.09238,-3.189088,-33.68369,41.11722,38.65432,22.09135,-11.92834,-39.39084,10.10475,-100.4882,28.60503,46.87646,44.5142,48.8092
-125.2428,17.00988,-53.63052,19.34408,28.33948,49.41846,10.882,-15.29281,31.28066,-92.35854,26.72368,31.54887,35.26856,36.70905
-109.5894,8.013685,-33.63232,16.96737,37.54157,5.736012,1.141323,-39.4686,23.01732,-104.2539,32.84445,43.88244,53.63539,64.16463
-110.7813,-3.934111,-33.47822,1.168889,37.80483,-10.0485,-8.02874,-57.33428,1.705948,-81.32039,39.09845,67.75636,70.41916,86.97186
-136.1271,9.263825,-49.45131,6.420599,51.57648,17.82865,8.745854,-26.84281,33.8671,-154.7106,51.28885,55.18351,63.17745,69.77943
-162.6742,14.05134,-65.9586,-4.291044,40.5149,22.2602,15.58381,-13.14123,28.74336,-10.63182,28.92023,28.99178,49.33645,28.2948
-223.245,-43.04255,-122.1493,-61.3864,-15.50464,-48.80983,-40.8024,-55.8412,-48.27014,705.4821,-10.54282,-15.27771,0.5952246,-21.20537
-237.8195,-74.9125,-128.4607,-72.64765,-32.47815,-93.21745,-75.37849,-80.42141,-65.94505,874.1561,-14.07883,-5.771525,5.985397,0.9897376
-258.8138,-93.42123,-146.6129,-80.07596,-34.62858,-62.11003,-91.46603,-71.05045,-40.54071,880.5629,-10.97517,0.2348811,3.319061,5.577941
-282.4377,-102.2582,-171.828,-92.20444,-37.02747,-57.71195,-95.27435,-64.15235,-17.73562,916.1302,4.581023,-0.3880867,6.53761,-6.230889
-284.9563,-65.4911,-179.0739,-105.439,-55.9891,-72.51539,-58.44625,-59.41675,-4.912344,844.612,0.07357173,3.356035,27.56171,10.6367
-264.4865,-92.16527,-149.8154,-82.72339,-32.44924,-98.1253,-81.95039,-80.71075,-3.334925,751.9966,20.15709,28.29595,42.9872,42.32423
-281.1478,-76.84663,-155.5551,-98.56747,-53.38642,-64.51228,-64.59153,-61.72002,15.53483,706.7092,11.82525,30.43908,46.49592,45.32305
-305.5198,-67.52267,-179.2794,-115.958,-77.90164,15.18124,-51.82958,-41.97226,22.47153,662.5287,13.79759,27.94041,50.33086,47.73284
-235.7662,-29.01396,-114.3448,-63.9394,-32.02305,40.06533,-15.40481,-8.988786,44.50259,38.75163,69.53468,91.01933,96.07687,119.5306
-144.4806,26.36819,-53.86134,-35.08224,-10.4578,65.02312,32.63654,29.91442,40.35334,-453.7377,88.20536,125.6205,116.2092,173.289
-64.12589,-19.00842,-19.62412,-31.32986,-8.12006,31.02514,-6.174536,8.366678,-6.059334,-331.7777,55.14626,117.1801,83.64439,190.8573
28.72797,-10.05817,20.72399,-78.91209,-62.0393,-6.711089,2.059989,-10.42531,-46.91011,-125.8926,9.762213,81.6904,16.23946,181.7447
112.0177,-5.950063,69.69235,-90.33624,-61.54831,16.92451,14.96459,0.5559663,-32.70794,-222.1808,-11.54192,63.84482,-15.66953,161.9349
176.6711,-20.62736,118.9887,-66.66619,-41.26138,38.19601,-0.4543002,-5.62575,-37.64844,-241.4678,-34.06609,39.35993,-46.55373,121.1553
178.0602,-6.145067,133.9878,-66.60355,-57.99881,28.54392,6.193265,3.98956,-21.47121,-106.6163,-45.67447,-2.020676,-85.78905,41.54441
192.9726,-0.5378646,154.899,-22.80362,-30.89242,-9.029448,9.441611,-4.565664,-16.60541,-102.5592,-66.36614,-19.81239,-87.41164,3.270642
232.3483,-15.09011,172.3436,-5.372631,-32.99305,19.51812,-5.929235,-15.59963,-38.28988,-126.1519,-54.73668,-22.52275,-97.23354,-10.29076
246.5922,-4.216315,174.5209,0.8094283,-42.90609,8.180013,6.430228,-1.648233,-13.45793,-94.7289,-68.338,-47.05061,-120.5035,-43.68317
233.8358,10.00957,172.4074,21.47252,-20.31035,-29.18587,21.53173,12.85226,-11.88643,-116.8281,-65.83393,-53.31923,-114.3854,-60.3599
209.0287,49.52643,146.9077,27.11004,-1.685717,16.36525,58.28288,25.56605,-22.1187,-88.29302,-80.70176,-103.2205,-126.3419,-110.4255
183.674,80.76048,128.7428,42.66685,27.30467,27.40278,87.04645,34.12598,-23.83607,-76.79803,-97.40223,-134.2283,-129.8932,-149.566
169.7844,55.20531,121.4468,51.32422,31.45594,38.39856,61.5917,20.06797,-6.967747,-89.45757,-63.09962,-125.0287,-112.3955,-152.3256
203.2997,10.28602,154.0181,91.02773,48.93695,41.6435,15.26242,-28.07178,9.759912,-140.1224,-47.10284,-114.1365,-90.86842,-153.9324
228.1181,7.0017,176.1181,112.0666,67.12432,11.04901,9.333113,-17.88272,18.82156,-257.8388,-39.82963,-92.26575,-77.58835,-144.2272
217.7275,-24.02387,171.2417,118.9425,74.15185,-14.41737,-21.50416,-12.62463,43.04404,-222.7217,-18.72236,-86.64478,-75.20647,-149.2423
215.8693,-30.09479,178.1333,128.3145,68.21259,-35.18929,-28.19685,-11.88882,29.64019,-223.6557,-10.67454,-69.16804,-66.04717,-145.2547
195.5654,-2.655957,169.6302,110.5803,36.08822,-11.28251,0.2287241,-6.330805,-12.91161,-166.1263,-26.54475,-76.04293,-65.98808,-144.21
158.2861,-52.67986,147.1884,115.7492,50.44551,-3.805361,-43.70379,4.435622,0.1651262,-120.4405,0.7628633,-57.51293,-62.94455,-135.9458
121.6659,-9.890559,112.2149,88.3625,22.58995,-29.3477,-1.143579,57.96578,3.064897,-76.70828,-16.4324,-64.09542,-68.01568,-140.2304
119.3193,13.01817,110.2076,103.1895,5.385689,-59.17418,19.88824,43.75644,-29.53057,-58.07269,-19.95382,-68.72918,-53.56722,-125.7372
104.9203,7.774006,97.13577,121.4631,5.893125,-57.28035,20.47448,58.69357,-22.06737,-80.98811,-5.130046,-76.57109,-53.55934,-120.758
88.86781,38.55194,79.11925,102.9773,-8.580289,-43.07075,56.98676,53.96,-4.229324,-69.96854,-27.62948,-87.7785,-56.06779,-123.1384
85.97443,45.55984,71.24313,104.2067,-19.27734,-16.8537,67.53013,34.51791,-24.9539,-98.0321,-17.47729,-84.6458,-36.25009,-111.5419
58.69614,83.54584,44.35868,111.7802,-20.81273,24.47761,105.3814,39.25843,-32.22875,-79.62523,-47.53665,-108.6915,-52.37182,-126.2316
34.47199,85.00444,22.48276,100.5602,-31.07063,59.24717,103.7596,28.23313,-3.831912,-43.23591,-52.45992,-112.1855,-61.26005,-129.7152
39.22619,57.73485,27.41671,100.6871,-36.16364,4.659142,73.14799,21.05906,8.700663,-49.76673,-28.87083,-82.72784,-42.04703,-93.05562
34.13392,66.84043,17.06063,90.44913,-50.62914,-12.44543,83.7362,10.77094,11.53031,-41.91291,-40.61347,-71.3387,-25.84607,-71.73578
4.273024,75.90862,-3.670137,66.49733,-62.89952,17.68711,81.58856,28.39647,24.20887,-24.54323,-28.82357,-76.22445,-30.59575,-71.80328
-13.57037,80.86622,-14.05543,56.83213,-56.71708,14.8554,72.13415,43.8076,26.52703,-1.494845,-42.48098,-71.87347,-31.89584,-62.93447
-42.29715,107.7272,-40.96503,21.1735,-80.8773,10.77224,92.96374,43.94551,1.721716,67.31749,-37.75091,-72.38988,-15.66884,-55.67222
-52.81714,111.8049,-37.63586,10.98153,-81.75315,-6.94972,107.5679,38.92537,5.167131,15.02547,-9.387187,-50.66092,-6.518361,-43.74986
-60.69601,95.50143,-34.77161,16.57088,-63.64198,10.80733,88.28107,50.4531,1.609889,-29.42512,-6.69002,-32.04939,3.00669,-38.95618
-71.68227,95.46104,-45.14573,16.54084,-39.99039,16.32645,79.92181,50.51353,-37.0365,4.073168,-15.50605,-31.07037,2.427315,-24.83277
-70.69858,112.1787,-45.16589,2.503661,-51.21761,4.559216,100.346,35.36997,-57.16448,31.48436,-17.22765,-31.30973,4.320591,-17.97842
-90.56532,110.599,-53.29534,3.636903,-49.96846,-2.15459,90.94573,35.78263,-25.53767,47.99028,-17.45703,-35.17558,11.00117,-25.80162
-109.5361,79.76588,-63.45863,0.3416075,-37.77807,-21.4053,72.44267,61.27559,7.927639,31.50381,-12.52645,-15.2356,15.44912,-8.766091
-115.8369,65.04643,-71.92616,-16.87146,-29.5853,-15.11235,63.90055,68.88811,20.49383,-16.65243,16.36694,2.719221,22.49975,6.069859
-125.8186,54.1823,-75.34924,-24.74099,-15.42827,12.88923,57.88604,66.54851,22.76528,-58.8437,18.12991,13.3091,35.0554,19.41502
-125.0854,27.89111,-71.33744,-38.2624,-32.49593,11.9654,39.02551,63.01471,15.76953,-41.7048,25.76407,45.51302,44.05758,35.88511
-122.3669,-37.41716,-49.47486,-33.4137,-21.51216,-18.92579,-16.97519,34.73726,42.04086,-37.1329,58.48975,82.72038,61.84648,57.3839
-163.5346,-29.06945,-68.87567,-33.12006,-24.39995,-31.28348,-13.25181,27.23696,62.60096,-7.868542,62.63087,82.09666,74.68562,62.15247
-147.5049,10.89784,-68.60843,-21.66386,-31.42863,-28.64349,6.616276,36.60654,66.75735,-20.67981,39.66627,56.54768,59.18922,42.248
-115.905,45.3725,-46.76692,-11.4911,-11.09005,-32.33586,25.03163,34.77366,36.67786,-13.40536,3.276378,30.53256,29.6211,25.70863
-128.5788,66.80691,-50.4904,-15.43408,-10.03264,-25.90816,35.7864,49.76343,24.26059,27.9749,-16.38303,18.0929,14.21279,9.929208
-142.247,79.81128,-65.27499,-26.62827,-1.604618,28.01098,47.2926,64.40629,12.66704,46.34314,-28.80921,-5.923661,2.732085,-10.77556
-147.8608,91.14221,-70.18223,-41.91716,22.76941,40.09641,57.73309,57.67109,2.611578,45.67437,-29.31864,-7.877009,-2.575586,-17.96665
-125.5964,15.79144,-48.82312,-24.37004,38.30862,37.00831,-7.574218,45.26277,-2.901721,7.14378,-3.116992,45.211,20.21664,3.439912
-118.6753,-34.03986,-39.39762,-27.49491,38.97892,35.99932,-54.89391,41.08223,2.491309,21.71036,18.64404,77.38634,24.06608,14.14296
-115.9674,-73.23695,-30.60829,-17.77853,19.2876,19.32144,-85.59183,31.9181,21.96476,48.69949,39.0032,91.97796,36.15123,14.85917
-112.7798,-84.80035,-30.94608,-4.995761,34.78685,13.35446,-95.64921,23.43113,7.257486,68.7066,40.61937,94.00806,36.7625,10.24469
-96.41836,-86.02888,-19.10192,-17.38923,28.21116,15.04051,-100.1731,19.57341,1.179075,72.64208,40.68086,98.67982,29.99887,13.10558
-77.20598,-105.3512,-5.595188,-8.132681,28.59244,10.72992,-115.5621,6.535968,-3.535065,62.02259,46.27881,105.8478,34.33602,21.03854
-67.63693,-127.5703,-0.8838356,0.7101731,36.57139,-8.790218,-144.1922,-15.02766,4.287304,96.0906,46.10628,109.6511,37.94517,32.73915
-57.48999,-125.0416,3.416895,-3.640106,18.96329,-28.91368,-143.6738,-21.22512,22.77265,96.23061,49.09158,110.8838,36.0638,42.56163
-53.03334,-88.0023,-0.4063843,-7.372668,11.32437,-26.66838,-102.8976,-14.32453,32.59563,43.50472,36.32748,97.91026,29.51725,41.5254
-43.58021,-85.97928,3.066046,-8.623065,12.91833,-17.05744,-95.09389,-13.43786,30.60063,5.67552,46.70334,86.98271,27.86066,49.96441
-39.74189,-86.08245,-5.638428,-21.40723,10.52589,-20.98469,-93.66216,-15.02331,24.19124,27.03234,52.85398,80.44878,32.24721,55.24062
-30.7442,-95.37138,1.127905,-6.661841,30.27801,-14.64873,-93.90078,-22.90946,31.85357,23.59086,40.19239,67.42412,23.76558,46.0039
-34.44626,-69.3348,-4.859461,-17.10402,6.995753,-7.342078,-65.38749,-20.39094,26.46904,25.23266,38.9537,54.05067,19.81403,47.34912
-23.36037,-78.27634,-3.670815,-18.20175,8.257204,-17.54862,-76.59071,-26.02773,29.93665,33.01583,35.59142,54.80935,27.05624,55.00957
-22.6161,-66.40264,-5.203588,-19.42047,9.884462,-16.29039,-61.72279,-24.08328,23.85978,28.27831,36.93658,45.09363,23.05508,48.63134
-15.16462,-56.83583,-6.739335,-17.28191,11.61782,-10.64038,-51.09782,-20.83045,20.70743,25.81681,33.25193,36.79069,12.17208,38.23352
-5.837505,-55.04917,2.736961,-10.24573,7.611085,-11.42687,-49.14722,-26.22158,11.25061,23.92166,20.44148,37.52834,11.9594,42.4785
4.6421,-56.35053,4.114479,-6.432525,15.09923,1.648493,-52.91205,-28.82611,6.17579,6.209756,25.60298,28.74478,8.346786,43.93677
7.513138,-48.35053,-2.54213,-11.50385,2.841302,2.277807,-47.39113,-27.50867,5.173152,12.24479,21.85403,24.94786,10.39508,50.04912
21.46745,-60.41374,11.41631,-19.39022,-10.05947,-8.56459,-55.45745,-36.37923,4.048422,5.06084,19.23321,41.28462,22.65065,65.10316
17.52051,-58.93112,7.152236,-19.21353,0.1104308,2.110931,-47.47728,-30.34154,12.30682,8.905314,23.93238,23.09996,17.66845,43.15639
13.23284,-31.10838,5.386988,-11.03665,-0.3102182,5.200527,-20.60623,-19.91262,-8.552801,8.943431,12.26873,8.355448,7.305825,30.83309
13.3962,-23.81002,-2.880922,-19.59991,-3.778532,4.626157,-14.81201,-13.05081,-3.557707,5.003891,10.81162,5.228732,5.689991,36.7333
13.20793,-28.857,-10.12284,-29.5307,-7.077178,9.094978,-15.44799,-15.50189,8.384656,8.705293,13.58759,3.603425,10.4226,39.53109
31.26719,-41.7862,6.710959,-15.02993,3.515695,-0.3526514,-26.84575,-27.6323,-8.08252,-1.964247,13.4442,10.19781,11.14954,45.40815
29.80921,-34.10601,3.173369,-13.64946,-8.999595,3.064682,-14.92409,-20.93381,-5.207434,-2.088396,8.028665,7.339328,10.55394,37.93957
36.91282,-33.30761,4.707678,-11.67652,-0.432065,7.891711,-19.29379,-23.01537,3.81278,-5.378232,1.016868,5.511725,1.991559,31.25841
30.33354,-22.03798,3.478548,-25.11931,-11.64582,-11.02638,-19.51504,-14.91203,5.322935,-1.870635,18.2291,8.928116,8.174203,31.66074
26.7316,3.000264,-1.824871,-24.07081,-24.59146,-9.867722,4.012392,-5.020093,6.208141,9.571728,3.091004,-8.293305,3.066091,17.98704
26.31906,1.663954,1.362937,-5.839718,-2.568475,-4.5274,4.914079,-8.351366,-5.214677,3.006741,-0.3041645,-15.25843,-4.255641,9.053095
33.5637,-2.83448,7.632287,-6.875744,2.648288,-23.05399,-10.39026,-13.33912,-11.39307,-3.795764,7.096839,-3.241342,8.529182,15.45348
28.19107,5.381877,1.700313,-6.366924,5.931849,-9.477307,-13.41764,-3.800963,1.718636,-19.83957,-0.6632243,-8.481318,4.521757,14.60144
10.89108,19.81883,-5.43395,-16.17461,-4.219988,1.510323,3.447015,6.758793,4.365984,-18.39236,6.096763,-12.22276,4.873132,-1.318231
8.548959,31.66065,-7.976154,-19.00184,-14.29169,-1.193767,12.08477,19.64743,1.361454,-7.498661,1.679295,-18.42788,-0.3080413,-6.284499
16.22012,29.00218,-0.352891,-6.128771,4.172053,-7.071346,5.526773,12.92685,-0.2326646,-2.631632,-7.310078,-22.10992,-9.254898,-12.75574
7.705769,31.8463,0.03237038,-0.6761222,12.11469,-20.01918,9.068145,5.165043,1.610855,11.04043,5.684675,-29.4516,-3.824983,-30.29637
17.81805,37.94679,6.621217,3.720248,6.121008,1.569813,12.97309,18.27049,-4.506569,6.239161,-17.25097,-31.75845,-13.87257,-43.89128
21.90928,56.43441,10.7532,2.396202,6.140615,-0.7784591,29.78642,19.37376,-7.669862,8.53993,-31.73046,-41.20185,-22.23655,-51.71656
9.393019,54.09613,4.832879,8.057266,13.73774,-5.731897,24.61407,14.92199,-2.24013,21.27031,-15.65787,-43.88277,-22.3915,-61.01919
13.19473,40.69347,4.390229,8.694967,12.06171,17.91076,13.68598,18.99838,-2.708528,29.33628,-21.19001,-40.79474,-23.2924,-70.9808
20.03887,26.45617,14.07046,6.940024,14.91093,11.77814,1.279292,8.163684,-5.205164,30.86438,-13.46114,-31.35424,-18.40042,-66.08096
21.69825,5.243226,18.2532,21.27254,45.95149,4.644429,-26.59068,-8.479649,8.490476,32.96459,-8.13381,-22.71215,-20.21943,-72.38247
-8.308865,115.9477,-12.52161,-8.707759,-4.595432,17.74981,74.67946,38.81229,2.120937,54.3166,-43.02369,-71.75162,-45.80065,-108.917
-8.872973,122.7594,-6.22784,3.55832,7.396098,21.54732,76.98098,38.96833,-6.998277,33.64046,-46.14715,-69.70397,-44.13042,-122.7702
-4.390283,78.47279,5.376582,18.59117,40.76063,11.26878,31.45174,23.25194,10.62237,33.14734,-32.73038,-58.08807,-28.0209,-129.7136
-14.31542,92.85677,0.1984099,17.4874,41.83886,12.18763,35.33244,38.42508,0.1952544,45.04693,-32.63241,-67.60001,-28.17255,-140.8483
-19.47146,95.23195,-7.079145,19.54213,44.20656,25.47914,33.36177,39.75883,8.568387,49.52428,-29.07264,-81.96738,-31.90383,-146.1785
-7.43429,88.69008,3.107647,16.7219,39.11056,30.22808,26.13455,28.93554,-2.191692,55.46994,-40.58465,-82.7735,-29.82493,-125.5891
-10.31586,98.49731,0.6655919,31.42446,48.13623,36.05408,27.17875,37.04006,-3.097259,49.19222,-46.97786,-95.04992,-43.24275,-129.5049
-13.71589,129.7252,-4.160841,22.80594,23.02043,44.20892,49.41542,53.7072,-6.028975,74.94923,-53.67392,-111.4931,-54.72872,-154.0307
-37.4404,133.0605,-22.28467,6.946095,22.59115,51.95904,49.24029,46.56723,-7.13617,75.36746,-57.91108,-97.5369,-39.20248,-124.22
-64.06451,135.9898,-31.87201,6.086342,24.26507,54.27022,54.77501,48.44335,0.6050717,92.96001,-57.37973,-98.35158,-47.46233,-118.2646
-64.60831,134.9952,-29.24673,8.110158,21.8632,53.9727,52.86691,47.64862,-3.642038,164.3717,-69.11715,-116.9955,-64.86651,-135.3521
-62.14598,141.2991,-33.47751,9.095403,18.74292,52.8677,51.15869,26.04476,-1.181648,200.6174,-75.33398,-123.1585,-64.84851,-139.6797
-46.36016,122.0116,-10.93112,21.17709,16.33983,50.53946,36.43519,28.0978,-0.2620634,176.713,-72.10785,-115.4028,-71.34743,-134.9024
-35.48441,113.937,-5.819383,26.84086,20.8298,53.64326,16.84747,21.58572,9.565409,165.9616,-76.26321,-116.366,-74.23761,-121.0404
-32.62602,131.8697,-2.833241,24.47675,6.814143,49.18001,27.74928,24.252,7.326598,179.7488,-83.54741,-119.5425,-81.37937,-131.4886
-22.54323,106.1681,6.44207,36.74182,21.37369,47.53458,-8.589084,15.42445,-11.34859,191.0771,-76.96738,-111.3185,-78.93332,-115.0616
-15.62924,119.5806,6.117979,34.52309,13.41285,48.76851,17.32923,20.04469,6.013878,144.0548,-75.29284,-123.6189,-77.13658,-118.1679
5.211745,152.0195,22.74664,49.81052,28.25874,46.98935,47.9254,48.4606,34.2436,-28.16188,-75.39488,-128.7994,-79.46861,-123.8411
15.04317,134.0937,33.21402,58.45525,28.2545,26.54251,86.36387,55.99088,30.63464,-26.11437,-73.83231,-134.1473,-91.33498,-143.1634
36.60385,122.1331,42.37148,54.16375,26.66479,8.683669,77.40858,38.70291,0.6146544,-31.72705,-77.17292,-112.7575,-89.41867,-96.27047
73.75067,67.95544,41.98152,10.68184,-23.06267,-44.76616,92.53473,-11.9783,-42.44511,-99.83281,-58.88098,-28.03776,-53.4598,75.55946
102.4804,-36.93209,21.53594,-60.66963,-115.4509,-65.14017,130.3551,-57.82174,-65.49639,-103.8737,-42.69583,71.53774,-24.83866,247.0099
116.7228,-125.2303,11.51743,-92.62035,-125.8453,-95.10705,21.27991,-97.87721,-56.90303,-154.4861,-1.010666,166.7307,32.87318,399.9559
65.01241,-110.9133,-28.78087,-145.9301,-183.0958,-116.507,22.296,-102.5342,-59.24726,-139.5161,35.66375,209.5169,88.5705,465.4649
-3.181808,-141.8499,-62.95868,-158.5667,-178.1706,-123.0209,-16.78804,-105.4907,-32.45867,-115.2844,62.55379,250.4458,128.2482,496.5226
-46.67538,-170.7846,-77.93608,-151.3974,-161.825,-99.89022,-42.18665,-108.3939,-19.68489,-105.483,75.03517,259.7679,139.7719,509.6819
-81.81232,-166.3463,-93.53245,-149.6924,-177.6246,-60.22623,-57.96168,-103.6082,-20.98067,-105.8471,93.13326,265.0164,153.1855,506.2966
-103.9144,-205.9302,-91.93729,-130.5197,-149.603,-63.93973,-101.606,-99.67973,12.32574,-233.3873,132.4441,308.4171,199.9426,527.3876
-96.6391,-218.313,-76.30201,-101.3527,-123.4603,-36.29271,-129.9889,-120.0384,1.120676,-259.4181,158.6638,307.0075,209.404,485.609
-110.739,-224.7145,-77.32528,-105.6209,-121.1237,-43.73584,-144.2404,-92.57847,27.7165,-170.8964,162.3401,291.8545,200.8859,408.1772
-110.9462,-237.5979,-63.68777,-75.96333,-79.58897,-31.4343,-157.1005,-78.35668,71.53383,-179.4222,156.9064,261.3009,182.8601,341.4964
-41.55527,-235.0951,-6.857838,-12.61585,-48.60479,-15.87579,-162.3215,-82.90197,41.39354,-188.573,143.3274,207.8338,150.6269,251.2192
-11.59844,-234.5948,25.93236,8.827934,-36.92325,-13.31659,-168.2962,-61.03534,56.07356,-192.8972,133.3936,183.6974,136.0022,174.7346
-32.07102,-227.8038,25.15265,32.9031,-14.97723,-1.251524,-178.6037,-43.38907,101.0654,-162.5998,137.751,144.0685,114.005,105.7503
-8.023311,-226.878,51.4501,73.65836,15.4523,-9.486465,-177.3455,-25.34657,94.35215,-233.7275,122.4058,138.2484,104.769,80.47104
6.657571,-213.9501,54.54265,90.67171,40.2248,13.65208,-170.3298,-32.08324,57.91728,-233.9926,116.6618,129.7484,91.22472,49.05472
-2.126433,-199.808,38.11367,86.149,55.75191,11.38522,-157.6291,-11.1097,62.73215,-160.4142,120.1243,89.68945,75.28242,-8.140914
16.08158,-192.7207,47.4112,91.56841,75.7185,-35.60506,-154.0208,-6.523141,48.45652,-79.69883,99.78457,71.21942,58.69285,-40.36471
31.73836,-183.6758,35.87524,74.80496,87.5026,-16.58952,-145.2638,-6.417531,-0.4076007,60.07057,79.50529,38.83862,28.83867,-84.82024
63.87716,-154.5629,35.24201,83.01643,114.8482,20.18982,-125.6446,13.55978,13.9726,-56.37197,70.08465,17.71329,11.07267,-106.9972
97.3631,-149.5916,50.25065,107.0397,117.8476,16.41531,-125.3828,22.93371,16.85222,-83.86979,66.47082,-0.63921,-5.22335,-130.4665
125.5391,-150.5763,66.02208,131.1418,128.942,7.916088,-107.8351,21.6115,-9.924882,-95.20141,58.5804,-14.01997,-16.89729,-145.2982
138.3849,-137.7716,82.03734,137.085,148.9371,9.650401,-104.4096,27.53098,-26.08233,-69.19297,37.92827,-36.50919,-51.32961,-156.2589
158.6925,-144.3721,94.14397,141.0491,160.9749,14.56195,-105.3785,32.15416,-30.85287,-107.2551,32.56759,-31.16051,-56.29427,-158.831
159.7259,-160.9721,90.92712,127.328,134.7677,-34.67468,-129.1349,-6.228162,-71.79882,273.8559,1.078775,-75.37925,-103.4401,-206.0557
85.4611,-182.1131,50.16997,86.74562,59.61797,-60.82285,-161.5058,-40.08747,-105.4743,727.9589,-30.13912,-99.85056,-129.3118,-200.6487
-20.48019,-185.8638,-7.636736,47.90004,24.15249,-95.84654,-171.3776,-59.09203,-101.9829,760.2697,-6.119134,-30.70505,-70.93746,-82.28102
-102.3147,-154.2286,-43.92868,16.06624,-2.870714,-93.92155,-134.1705,-44.76633,-80.2828,602.5135,33.73943,19.88207,-21.17017,5.452742
-115.0025,-69.2196,-15.37437,36.16315,17.83399,-19.09915,-54.34485,19.1898,-28.51965,-157.8658,71.42332,107.7792,59.3238,147.7126
-155.1623,-14.52455,-9.820027,31.29678,18.14985,-70.04934,10.03554,19.02234,-34.42829,-317.6975,90.57513,130.7063,84.86005,217.036
-231.404,-12.04053,-27.71674,-13.30534,-47.36806,-59.52082,54.75738,14.60646,-56.03414,-159.3337,96.75017,134.653,83.10878,222.8475
-308.8452,104.2948,-38.45746,-29.61209,-34.65185,27.89469,167.1615,69.24551,-71.47199,-290.9866,58.50439,93.19067,69.34239,184.3913
-405.8149,148.3784,-65.61444,-62.04784,-50.83341,43.95566,215.8246,57.98139,-150.7946,90.30782,11.98675,19.59375,37.82045,109.2566
-452.13,197.3351,-73.07837,-69.78381,-27.40813,71.12719,260.46,77.36382,-192.6135,109.1787,7.047077,-14.0908,41.35947,65.23338
-465.9995,247.233,-49.50896,-44.94402,1.253363,106.1828,320.6672,137.8048,-154.4077,-236.6033,32.31657,-3.02116,65.59462,43.43254
-503.1605,337.9386,-51.98758,-112.061,11.81203,110.1825,396.8658,166.4345,-145.4414,-119.495,-28.06744,-73.62814,28.77784,-18.16985
-474.3258,359.5509,-23.54665,-150.5743,13.81715,126.2845,411.6946,181.093,-71.9642,-204.1427,-39.53798,-96.00226,16.49574,-48.84145
-458.8802,464.5166,-42.18275,-171.1052,-6.412671,137.6341,512.483,205.4829,-22.5482,-187.5089,-94.0612,-173.48,-45.47285,-118.464
-424.1458,626.0283,-72.29055,-192.5572,24.72924,130.909,650.6082,202.5093,-108.1089,-141.9495,-179.5702,-273.892,-64.68174,-177.5875
-283.6272,299.3284,-0.09199606,-148.0986,19.74146,96.17637,328.7016,79.85863,-45.98608,-129.0304,-65.13206,-116.6884,35.72642,-70.87795
-232.4543,139.2931,87.54856,-117.6411,48.56455,78.41595,169.7947,32.9827,74.78286,-136.5522,-43.49097,-73.08215,37.8055,-65.96701
-192.5286,118.7947,126.1149,-88.5393,-48.34734,86.79208,148.9092,17.88405,56.35597,-118.4571,-42.44714,-55.69871,44.01706,-52.84959
-117.0568,44.70053,139.4375,-59.54729,-91.83012,75.46251,65.78793,-13.24226,-21.63249,-85.22091,6.868367,-0.3876556,69.42029,-12.75948
-69.56854,24.36554,142.6634,-75.12045,-69.70838,68.7916,45.5649,-29.13623,38.33261,-57.93956,-4.329884,-27.8255,51.17476,-37.26421
15.86627,19.36717,142.5689,-71.14913,-29.20929,87.00939,36.44094,-29.2012,81.84021,-127.9772,-37.1631,-46.12223,3.523325,-45.79404
127.105,-48.87956,109.0153,-63.39288,-1.365259,34.78169,-45.43798,-73.27032,7.730188,-12.16364,-0.7313996,-14.9256,18.69596,-37.16154
227.6174,-39.07257,48.2342,-41.31641,11.70706,4.215473,-42.12899,-77.05112,-11.76133,12.40481,-20.98186,-30.62165,0.7401558,-41.9852
332.2162,-18.62976,45.09249,-37.00708,4.260519,-12.62358,-20.60537,-73.69604,-49.5349,-18.56762,-43.85012,-38.84994,-20.70424,-47.50053
489.8341,-58.37732,-23.21124,-46.78492,-26.05424,-33.44483,-72.75919,-116.5251,13.11263,40.24204,-44.02504,-48.25761,-24.77537,-48.97403
584.8594,-39.85412,-40.99503,-48.10474,-18.27896,-60.36544,-60.29396,-115.9443,6.406851,61.15436,-75.85098,-67.17383,-56.1153,-69.44402
612.184,-57.6252,-41.39141,-50.20786,-32.62147,-58.94326,-84.46155,-130.9838,54.22283,114.8531,-65.48391,-81.41588,-71.79739,-106.3283
652.5984,-38.26855,-82.24195,-12.96247,1.572263,-48.35745,-64.89007,-115.3295,87.41937,134.9228,-94.48818,-135.5651,-95.90811,-188.5015
666.31,-31.12943,-97.47779,12.00175,23.89829,-37.21383,-58.86521,-111.6195,87.46983,113.5661,-94.79081,-153.3991,-97.27434,-221.476
645.4249,-48.01283,-71.5423,-10.53831,1.939165,-40.84443,-77.84506,-84.53642,74.86613,67.41555,-68.89181,-116.778,-91.42902,-179.2277
631.1246,-57.35133,-53.27781,-14.71518,-12.62207,-71.61076,-85.42836,-51.07426,35.59024,20.79625,-75.7579,-68.84943,-89.90842,-106.9156
612.6855,-76.70955,-83.25452,-17.34538,-29.61628,-81.50831,-108.3404,-66.08982,24.44957,-7.479575,-56.8272,-29.9731,-62.87431,-17.11672
540.7796,-57.97128,-108.6911,-26.10568,-43.74901,-97.73617,-94.27742,-56.50122,5.900029,-9.939398,-51.46526,-12.44651,-58.44882,70.65218
454.4376,-53.89048,-109.4108,-12.58706,-41.75975,-75.97207,-91.81775,-49.7063,-1.891436,-23.52808,-57.89523,-2.564728,-54.99303,121.5791
371.2567,-32.79768,-107.4258,-4.85104,-29.08333,-69.72156,-66.45779,-26.99388,7.810643,-19.50903,-46.53399,-12.1756,-53.6353,90.1176
301.6941,-4.968695,-106.9022,9.891414,-13.78832,-62.57663,-37.66259,-13.78342,15.97736,-8.999712,-54.20045,-28.40194,-51.73777,55.45885
256.6891,-5.779852,-101.1746,14.19883,-2.27478,-39.65503,-38.43411,-9.056306,7.577446,21.46341,-42.10702,-40.23777,-44.57618,23.36681
260.2604,1.879609,-93.73235,10.35196,-11.79363,-54.59007,-33.80071,-4.266713,12.03408,53.63421,-39.81779,-55.8545,-48.14853,3.843966
233.9582,15.29214,-88.79616,9.477423,0.05630043,-31.77119,-14.84122,18.24308,35.33606,16.09656,-53.67853,-66.12745,-59.47977,-13.76543
193.0262,21.38346,-77.24802,11.25579,6.898126,-35.12356,-10.18212,14.793,19.48539,47.6159,-47.25459,-64.55995,-53.82172,-26.26792
146.7033,32.8772,-90.50059,19.55949,16.18453,-29.02759,0.869315,14.14444,23.53848,47.37088,-43.76015,-65.2592,-45.1361,-27.56397
77.77255,53.39759,-129.028,27.22661,23.08549,-11.24597,19.01337,31.80257,32.2109,52.82971,-40.7915,-64.07214,-38.43382,-33.76733
6.779453,61.42701,-143.1501,38.18074,28.54559,6.171508,26.12546,44.38556,34.97866,63.6375,-29.15352,-52.49751,-40.01609,-45.41418
-54.53482,65.73828,-134.1014,43.74896,44.36749,15.1467,30.44336,51.89481,49.9191,40.23673,-23.33239,-52.82975,-32.37315,-44.32385
-108.6559,72.93079,-118.2914,51.6303,46.04881,7.293864,40.04364,46.17414,37.09274,57.66225,-19.42285,-44.76648,-24.00282,-43.73703
-129.9369,64.91108,-82.74313,68.31496,48.91526,7.477723,39.10103,39.2148,41.59052,42.41566,-19.95765,-41.65504,-23.57153,-54.07669
-152.3003,65.61947,-54.97485,65.1781,37.04398,0.5362667,37.33495,23.00717,40.13439,48.66033,-0.08423334,-42.39928,-9.093143,-58.66276
-172.5352,60.26511,-8.022745,64.96104,48.80302,10.04155,34.48426,14.7831,24.35557,71.27627,-14.13106,-46.21037,-13.96575,-74.10473
-177.7958,43.7913,81.87859,59.68057,32.03225,-5.078386,23.55139,1.394413,22.35496,59.63091,-15.05897,-48.00186,-9.815247,-68.56415
-189.0035,32.65789,105.6427,57.71426,28.5555,-2.218273,11.14783,-4.405128,16.18286,65.43221,1.084619,-49.57809,-9.413992,-63.79881
-158.8108,35.97179,69.20005,55.33523,32.34876,-0.9217584,17.6975,-3.959667,10.76467,46.92054,-0.7051364,-42.91165,-6.127047,-54.80247
-130.1101,17.4085,66.82751,35.60384,3.588202,-7.327473,1.826845,-27.99472,3.613336,8.611834,9.493499,-0.2624818,-1.81764,20.53887
-121.0856,8.72156,82.96004,31.8505,4.159132,-21.5951,-6.959994,-32.62892,-3.901692,-3.799211,-0.6841911,16.23011,-5.408985,52.14238
-112.9645,6.296724,92.85625,8.453205,-18.80752,-13.6113,-9.708865,-28.56819,1.702297,2.606414,23.7061,24.57268,-4.835855,28.30251
-87.79886,4.170965,44.29304,3.672877,-8.826459,-3.691251,-9.558983,-27.80274,-1.582058,11.38811,17.76262,27.01938,3.670437,27.28291
-71.37669,11.46443,26.28904,-0.2154718,-4.80368,-16.06257,-0.4454413,-24.32041,4.815878,7.941336,26.38552,21.05787,-4.441464,23.71164
-54.65027,5.767465,78.87246,1.924769,-2.240408,1.751579,-2.54349,-23.27148,-9.314183,-7.402271,10.32312,8.731778,-20.49776,12.54868
-59.2363,6.783036,90.59821,0.4634466,12.4617,-14.29175,-2.337275,-28.28815,-4.869324,1.030201,8.882347,2.107276,-16.60104,3.297623
-74.78721,5.550463,40.2777,-2.519747,14.33977,-15.01854,-2.938964,-19.71621,11.79124,9.161032,30.01195,11.20911,-11.56308,4.202496
-84.06198,11.71952,18.90766,8.220879,22.10677,-11.46876,5.376302,-22.54052,8.497755,-2.215115,20.73378,17.4514,-9.292746,16.56506
-89.77354,8.398861,48.35696,-6.264356,22.03027,3.89624,1.460418,-28.08171,4.954625,4.519617,19.96167,15.01472,-15.43206,10.9583
-69.62775,-3.153406,101.372,-12.90293,13.5312,-9.781783,-6.046484,-26.44539,-4.22906,1.661012,17.37805,3.658039,-21.94641,16.53289
9.557655,-15.62667,163.1378,-9.81578,-0.1569412,-35.02087,-18.06852,-37.4565,-11.30198,-32.4617,5.404243,9.993936,-41.70874,13.52406
45.0757,-13.60932,129.5381,5.200046,11.83892,-14.20687,-17.43963,-24.73359,-7.095296,-16.57131,-13.391,-3.236906,-56.27933,-25.08956
14.25973,7.757111,51.44446,7.788744,22.37296,6.475538,3.413531,4.36682,0.5004951,-8.769226,-10.09203,-1.653927,-54.65894,-43.20526
9.587191,1.98034,28.59447,9.083669,23.09741,25.41388,-3.038855,15.50333,6.315877,-23.26472,-9.811849,5.02584,-44.90638,-43.5802
-5.937013,-14.56138,23.35434,9.226365,24.54754,-1.793102,-20.084,7.858798,2.338078,-11.35718,12.34145,21.99381,-24.34253,-23.58519
-9.953233,-20.56722,31.3751,3.693093,6.88396,0.829439,-26.66471,3.713804,6.734264,-6.227812,18.06578,26.29343,-14.62767,-19.54824
-55.52294,-18.03703,46.07682,7.095325,13.35773,11.28892,-20.1559,12.54187,5.468122,-0.3828845,16.94062,21.88356,-13.56941,-26.98483
-64.01795,-1.387771,56.30529,9.973931,12.92144,-1.640014,-7.356453,11.54926,10.03588,-7.536115,7.348407,17.54894,-9.611129,-34.13373
-56.71706,-0.3464573,43.80446,16.24154,10.76673,13.82459,-4.564819,15.78829,11.50905,-14.45814,7.289147,21.47341,-3.297308,-61.31343
-44.75891,-9.645859,40.72778,6.361902,6.065909,12.48757,-13.83096,25.18475,14.02045,-1.971899,5.164968,22.45517,-5.871028,-56.38985
-18.55865,-12.86156,32.63353,7.462456,-7.059965,3.516119,-20.03796,15.59822,10.3772,-10.39438,10.70276,23.30342,3.979654,-38.66087
-33.97495,-3.496952,7.12861,17.52206,0.3619357,0.3046579,-10.23793,5.087321,2.779057,10.19554,8.959556,13.87362,16.52748,-35.03001
-37.97813,-0.4719689,-4.418688,11.36427,-7.210207,21.35191,-10.31796,9.07655,20.84863,-4.479564,-6.962402,15.79519,12.99634,-19.59397
-57.9058,3.073112,-0.9010433,16.47131,-2.795996,26.3343,-9.972719,9.394312,3.647928,-15.83006,-4.173361,19.33396,24.6545,-11.33044
-86.02426,0.2539853,-8.147676,28.12667,-6.801898,10.79679,-8.426302,11.86023,13.6632,13.23749,-6.036911,12.41687,26.80514,-1.723313
-107.3419,-0.03003878,-18.82983,25.84105,-7.406074,24.19851,-4.775324,18.20449,13.0117,10.24355,1.642258,22.60224,28.41127,-5.771881
-140.8343,-3.622144,-21.50187,32.81688,-5.001369,12.59887,-8.497006,9.870019,3.076246,7.376987,5.488799,41.67333,49.67115,16.8844
-168.7952,-1.428401,-28.28891,29.11334,-4.515518,20.72251,1.110023,18.75953,14.69664,-21.9076,18.01226,45.27072,55.84148,21.40912
-187.5775,3.779169,-22.31247,26.47718,-3.552203,34.3689,4.66227,33.38327,13.57447,-20.23281,4.589992,45.50047,55.82707,11.51218
-179.0982,-11.26712,-13.87036,28.63614,-19.615,16.07531,-11.61482,22.23562,15.75396,-15.74419,11.79989,61.48069,66.76506,28.46298
-187.324,-3.987264,-12.68122,32.423,-6.973964,19.36039,-6.368338,19.27741,5.559328,-27.46432,20.591,55.5739,64.72567,27.28835
-198.7495,-4.889155,-11.54391,27.55553,-12.37547,6.599627,-5.8007,24.34007,15.15599,-9.046054,8.37521,62.41626,68.57443,29.38763
-170.7444,-17.83114,-0.1790811,28.04188,-16.30921,-1.705548,-16.38496,5.337886,-3.895117,-13.62772,29.41349,60.56046,73.77835,43.54513
-149.7749,-10.1432,2.437848,29.41759,-14.23418,14.61174,-9.0809,16.09699,-19.26782,-20.47489,-3.288193,53.80789,66.78998,43.10207
-107.8488,-18.30811,-8.030831,7.418073,-28.72518,-14.14574,-13.65985,7.563168,-20.89003,3.527077,13.53394,58.42607,77.36733,43.77289
-66.38441,-20.17854,-5.326226,2.199632,-35.81823,-0.1116319,-19.06568,4.159068,-18.80281,-10.12328,8.134382,55.0993,64.27255,41.94588
10.96304,-12.3606,18.23097,18.29478,-29.34821,-7.315128,-6.176913,7.351469,-9.351845,-17.61849,-21.79081,21.49346,28.09787,-0.4695893
91.31247,-14.3917,37.07218,24.00514,-22.08658,-6.933093,-9.059522,-2.091744,-19.16482,-36.28714,-21.79114,4.49,8.001275,-33.07534
112.5257,-16.58082,43.28214,22.03357,-22.36217,-5.782405,-15.27811,1.367867,-14.92511,-52.5149,-33.45684,3.465486,4.173901,-25.94834
145.6465,-30.3802,42.81287,15.32804,-25.42336,-11.6295,-28.3389,-6.252579,-28.3438,-30.33043,-27.16478,0.5610828,6.191447,-22.67647
182.5774,-27.64267,38.82792,13.02675,-22.53165,-10.9692,-25.68171,-0.3964002,-48.37785,-24.82832,-32.98695,-2.435713,-4.173849,-34.40776
190.0183,-26.42239,40.28412,2.855255,-24.30221,-22.47141,-27.55648,2.435105,-40.45533,-10.78674,-24.96078,-3.626365,-5.58211,-49.42902
182.2638,-20.80637,35.53827,-8.22438,-25.63037,-1.699191,-25.14732,-2.75417,-25.94661,0.07273795,-25.07614,-15.90134,-18.48625,-48.20264
193.4068,-3.778687,34.76247,-7.279456,-20.78461,-14.79928,-11.40433,-5.050333,-32.82087,18.15288,-48.922,-21.41966,-28.56122,-51.50165
172.7975,-31.46531,36.29532,-5.398911,-25.4944,-2.223814,-35.71923,-16.56871,-35.90106,58.42419,-34.91992,-18.82641,-26.38354,-34.61569
120.2437,-20.75898,18.27851,-8.061954,-17.04791,3.718889,-23.22467,-10.20481,-20.06706,66.48647,-24.59386,-27.89606,-21.98709,-34.88514
91.89994,-9.681168,1.372316,-11.12566,-12.57992,-1.601775,-14.65606,-1.470575,-14.52855,60.74594,-25.54709,-17.26318,-16.56909,-28.99513
55.24915,9.78927,-29.79031,-7.380513,-1.163532,2.777632,1.302568,7.177199,-3.619852,74.72873,-30.89529,-24.5853,-20.27641,-33.31332
14.58866,0.9122079,-33.79919,-10.63891,1.086049,18.93849,0.508797,3.557362,-3.340959,72.86919,-16.47564,-10.78002,-15.92638,-21.49967
-9.605005,-9.591991,-26.61402,-6.036346,7.312559,2.535409,-9.416542,7.742815,15.02545,75.09675,-13.27722,-10.5632,-7.965176,-14.64351
-29.0858,6.922988,-29.92588,1.238827,13.17378,7.996744,1.324506,10.89504,10.48449,64.09866,-22.97927,-9.083364,-13.22515,-11.83556
6.643099,-17.23757,-24.78615,-0.9052743,6.611747,-0.8686593,-18.48379,2.931065,15.47984,42.03134,6.056585,-7.030018,-15.22035,4.778111
29.82484,0.02401971,-42.52394,-9.338649,6.617939,-7.595505,-5.733542,12.7808,12.17722,74.79209,-11.73428,-28.75342,-24.07034,-6.467245
1.624363,4.043042,-40.69749,-15.71849,8.046378,3.893777,4.089717,7.457868,6.363318,92.27513,-12.10254,-26.10216,-24.22273,-8.950188
-18.49355,-10.54785,-31.88113,-5.312756,16.50881,-4.966998,-9.58078,4.537279,4.824801,105.8805,-14.37297,-20.03089,-14.68621,-1.878306
-46.13376,-0.2925002,-19.60583,2.070019,13.89278,-4.426118,-3.85297,-5.166016,-4.10906,99.92274,-8.48713,-12.24449,-12.32215,0.7544801
-64.10349,8.084244,-28.62159,-2.792304,18.43173,-2.747743,7.506814,0.7269438,9.418232,58.46865,3.975229,-15.65233,-2.512479,9.818106
-54.98259,-0.9844833,-22.37417,-2.136347,15.99954,4.605671,0.5625517,-0.3983972,2.777945,49.71152,-6.717289,-4.978829,-4.045355,22.96022
-80.17085,-0.3763036,-18.53395,2.232174,11.59762,17.1456,6.314844,-1.772103,6.442235,61.26629,4.82317,-10.46201,-7.06165,8.554933
-76.47812,6.049957,-24.59097,4.785895,16.06059,13.54111,15.94342,-2.069636,9.989036,43.23232,3.798532,-11.18953,-3.63112,4.558519
-62.78309,-4.166341,-17.80201,-1.035988,8.696693,4.586898,8.070831,-7.896356,0.206867,22.51636,16.34388,8.213727,8.132548,16.91596
-53.88385,2.952996,-33.31123,-6.22768,10.15283,17.87584,19.55451,-8.190074,2.228348,15.78759,14.38753,2.250686,2.378743,14.04375
-36.06044,9.474196,-35.40772,-9.908284,7.318993,19.59641,33.78908,-1.00586,6.063309,9.874595,-4.572678,-4.272735,-4.520535,9.63167
-23.58891,0.1110414,-30.8657,-11.35274,0.8726681,9.766809,29.65547,2.033698,-7.918246,-13.70093,16.73412,3.664276,9.120166,15.46829
-35.91739,1.110935,-26.82381,-5.053716,6.936471,17.87112,27.12974,-13.37716,-1.253258,-12.33133,7.501534,6.369268,13.20477,14.63281
-52.67447,-2.056506,-21.41253,-15.26489,1.993761,8.888316,32.73471,-13.64422,3.465503,-14.94524,16.78389,8.96606,19.54233,27.62329
-36.82767,-8.818914,-24.12545,-23.48892,3.192777,-1.993618,27.30072,-14.68462,3.59936,-18.8549,25.10348,10.64324,32.99835,25.95618
-11.1265,-12.9817,-11.33204,-13.86024,10.99195,-3.361242,24.59193,-12.26212,7.293231,-27.54781,19.21648,3.159811,14.01796,13.20026
14.09471,1.764693,25.89321,-0.2604532,18.13872,-2.07136,39.03725,-11.63786,-8.828607,-40.84359,-1.39272,-14.76202,-12.46497,-6.667002
-23.94093,8.068794,20.62346,6.848158,24.19068,5.171419,44.79502,1.547851,0.08441011,-34.5507,-5.597906,-24.09288,-8.779496,-14.36787
-63.61271,-18.91225,20.1158,19.60286,36.1553,2.96968,23.94271,-13.26253,-1.939292,-30.93153,17.78039,-1.367827,3.727284,5.732101
-61.13736,-1.843965,20.60196,13.03404,24.10484,2.71101,26.88915,-10.24256,-0.9058306,-13.34715,4.662139,-6.069736,2.98004,-1.436581
-76.31433,2.940427,5.922644,4.286242,15.734,3.943632,42.07523,9.083344,4.690064,-16.2473,9.827218,-0.7571202,-3.598434,-1.585629
-70.10189,-8.583738,1.266355,8.628771,8.339834,-0.1303121,53.89895,-9.952777,-1.224846,-20.86729,19.1773,0.9031416,12.68468,5.961812
-58.50537,-8.968774,-6.925933,8.927438,7.566247,8.75622,49.22276,-7.574999,3.912783,-10.45534,13.61022,-7.014282,8.54375,-1.094723
-50.43293,-13.71819,-1.165964,13.5519,31.96619,3.738539,33.86005,-4.022338,-3.777392,-16.9224,4.953489,-5.241216,4.988729,2.221521
-27.50936,16.36147,-7.01038,-12.98015,-14.66829,-37.12947,65.01291,5.640969,-17.20318,-12.20265,11.21301,9.498006,7.492761,13.48435
-16.79037,-10.00376,-2.851355,-11.5967,-9.770752,-32.56808,45.11523,-8.82484,-6.428761,-16.38562,13.11096,30.09412,5.460754,21.43916
-18.67648,6.371353,-19.50628,-13.64841,-3.644176,-11.62922,66.21619,-2.246918,-1.105262,-11.02271,5.614802,0.2265254,-0.8705525,3.921157
-13.67715,5.858757,-15.89664,-11.46947,4.282523,-4.534501,67.627,-2.547321,-7.023232,2.944043,0.4304707,-14.11099,-13.76829,1.884818
-21.02365,11.99165,-20.78006,-25.11895,-14.35449,3.298073,87.98845,-6.264913,-11.82936,3.088557,-8.040886,3.032529,-10.2587,8.271761
-15.82862,11.08018,-18.74625,-27.25231,-25.3428,-18.96185,84.10235,-7.611969,-16.04016,-11.3012,6.085625,9.877141,4.01991,25.91995
-3.076554,18.68692,-17.78302,-20.25837,-11.9477,-10.18825,105.4266,-5.722657,-28.60687,-15.50313,-12.39251,-6.419635,-3.984362,11.76953
-17.91736,21.15849,-35.02396,-29.84097,-16.43111,8.523438,108.2395,4.070969,-25.82042,-21.05576,2.394843,-5.242943,1.850685,5.094577
-19.63505,18.29002,-24.20918,-27.43574,-9.160378,-16.61825,126.2494,-11.70669,-22.51621,-15.3591,-6.060475,-4.871945,-6.01064,19.0443
-28.68729,21.52891,-15.08171,-16.18276,-0.5148571,-23.83279,78.91351,-11.59054,-24.01634,-17.04191,-4.90295,2.646492,8.103903,30.65838
-38.47795,27.95975,-13.44487,-19.64841,-0.4223032,4.880122,-45.58459,15.0109,-7.396068,-6.499813,19.60469,18.28827,16.44244,29.28784
-33.94242,32.16083,-18.37366,-18.76831,2.394332,5.431081,-38.67475,21.78726,5.022388,-4.830036,4.457012,13.80189,10.51155,19.02287
-43.94541,36.15106,-17.6537,-19.21661,7.479838,6.37528,-36.7243,17.75637,3.24271,-12.82316,13.88335,3.873053,18.18654,23.41501
-43.433,35.00326,-20.16507,-17.66567,-3.126287,14.2738,-55.27667,29.24134,5.963422,-8.337908,9.0166,16.57742,16.67237,21.25642
-38.13004,23.08623,-6.960526,8.949389,6.257848,-17.04065,-65.01652,15.77168,2.946842,-9.282016,16.21351,14.01567,21.52255,27.66607
-52.81742,28.47124,-2.381145,2.634616,-1.601487,15.19365,-56.69483,21.35753,12.41328,-8.966435,9.336549,11.12749,8.399976,13.52702
-34.65074,23.25311,7.593785,8.570174,4.235948,3.357411,-61.7957,23.74795,24.31838,-2.40485,4.933776,5.502131,-2.387487,-4.273857
-2.583404,12.29308,23.5699,21.02999,5.267873,7.519156,-65.21336,18.83085,19.36944,-7.226941,12.33405,-9.709119,-7.872467,-27.60903
16.21151,8.782953,22.8078,18.2931,-6.394135,14.66326,-61.02568,22.99952,16.60785,-18.01405,7.970674,-10.6256,-6.589072,-25.68809
47.02378,0.1033736,28.21545,14.96517,-3.462087,-7.89239,-68.87309,10.49484,13.14515,-20.01805,15.12908,-9.073156,-5.983781,-13.77429
58.61346,-3.625103,29.67088,10.375,-9.382077,-1.193558,-65.02516,17.70132,12.06469,-19.73997,2.775231,1.285845,-10.29745,-23.2231
46.19225,-18.66073,11.84451,14.58555,-8.980885,5.994735,-66.22311,19.27378,19.90607,-17.0814,26.02491,-0.8038372,-1.380232,-30.6916
51.87413,-14.47506,19.0474,9.030828,-6.005898,-2.889231,-67.03098,6.522205,21.18244,-17.33819,18.25183,-0.8537687,6.788766,-24.10449
60.81344,-12.22492,33.9899,6.844312,-3.307299,-17.61697,-58.26535,3.792104,13.15368,-24.34548,12.03639,4.08784,-4.613904,-14.34376
64.77299,-29.31839,23.78334,7.84304,5.014814,41.15767,-55.28275,1.05768,9.61132,-19.85157,7.182976,-6.837066,-18.40362,-30.73045
52.71144,-17.25374,13.91592,4.141014,1.277588,47.51426,-59.28174,4.866871,12.89061,-16.77122,4.25986,-7.181148,-15.53855,-25.55119
36.32552,-15.5608,-0.586795,-0.06208023,-2.687753,41.74248,-64.34177,6.781447,15.25693,-11.30995,21.10904,-3.638501,-4.26295,-18.76483
54.06278,-25.79005,11.94307,10.59417,12.24148,40.04283,-72.54301,-2.614938,9.029081,-16.85074,7.013325,-0.9120499,-9.387829,-16.82814
44.09083,-8.425554,14.51708,9.519328,13.5278,33.57448,-58.66351,1.533357,6.629905,-18.19609,1.987829,-8.443798,-16.15422,-15.49745
41.20162,-11.5635,9.87157,8.292605,13.80179,41.52254,-57.63432,4.543492,5.468035,-12.78227,0.7958347,-8.161295,-15.31151,-20.0446
37.7375,-24.03509,12.22637,18.67874,24.25844,26.72454,-63.92192,-6.810394,6.534168,-6.963722,7.626871,-14.74091,-7.083409,-10.2312
20.90156,-16.01471,1.952579,12.08127,31.27313,29.46577,-57.91748,-2.109151,11.40594,-9.690402,12.26757,-16.02316,-4.237508,-13.35544
20.04459,-20.18209,11.46412,15.85193,32.79217,36.13324,-60.33617,-6.157381,6.982193,-20.56079,4.387705,0.2071107,-18.26875,-2.357893
9.741873,-18.3679,18.25267,13.50685,31.90018,17.88886,-55.19937,-11.09199,1.407831,-13.51968,10.30817,0.7840297,-8.379653,2.768112
-7.104918,-21.80062,12.43048,2.868731,27.10015,23.64213,-58.80034,-7.722948,-2.703865,-15.48537,15.77778,11.22489,3.831284,16.7426
-15.00539,-11.0297,11.38256,7.295407,32.87965,11.82186,-40.74678,-1.483893,1.350284,-7.607005,10.17352,-0.2974952,-6.114524,7.381504
-19.24721,-11.00895,17.80731,9.839725,33.77209,18.35686,-40.41315,4.653849,0.5372111,-17.24582,10.82402,0.3946186,-12.12116,3.850614
-19.47754,-7.033535,23.54109,10.24592,36.46656,16.10481,-37.44501,1.628939,-13.52832,-17.37186,7.181329,2.144649,-7.883737,5.426702
-24.89614,2.045568,11.49966,5.106983,36.17213,7.144625,-30.27342,3.215228,-4.646169,-16.12025,6.374086,4.846894,-4.401564,3.932371
-27.66789,-1.632604,16.98041,13.86831,39.8816,25.88251,-36.12051,-2.798443,-2.426154,-29.04085,4.535694,-4.886479,-7.413061,10.83749
-38.70664,5.524989,10.86663,12.5782,38.61111,14.18544,-28.33893,-2.194425,-4.699713,-12.08596,5.342168,0.8171055,-2.524006,0.624032
-52.35941,-3.567646,1.759368,5.281729,26.25072,10.19498,-32.45349,0.6327459,-3.116196,-9.367534,19.26102,8.872906,4.261846,24.34896
-51.10694,-16.69206,4.753172,3.211537,15.96525,10.7892,-39.73219,-13.8624,-13.79853,-17.83655,18.99651,30.56454,17.07926,51.66919
-61.62669,-2.557572,-4.185977,-2.19946,3.80065,-1.161644,-30.56037,-5.838741,-1.489941,-2.464469,18.05142,20.65164,22.74396,46.83718
-49.48221,4.677303,0.4928031,-0.3980581,17.63888,-7.462796,-27.02619,-0.3338391,-10.93336,-6.978269,12.01867,9.631288,17.92064,40.23515
-47.85088,10.90686,-3.008385,4.24831,-2.698499,6.085809,-21.61648,9.138767,-11.49751,-5.262756,5.156262,14.29504,12.5211,29.58238
-46.96112,19.65746,-2.916646,13.97316,-50.23628,-7.076303,-22.96819,28.0706,-6.083777,-0.2934662,19.63914,9.281369,17.16778,28.74629
-43.0225,13.69193,1.439276,7.408771,-58.30671,-13.10357,-29.23759,25.66899,-4.982099,5.511477,14.55736,21.35527,19.58382,39.43558
-40.64127,13.44472,-8.279325,-2.297329,-48.77867,-8.64567,-29.2433,21.69108,6.37837,8.432045,25.64024,18.18037,15.06734,29.05142
-32.22179,16.49445,-15.72511,-0.6797042,-43.81021,-10.50779,-26.53572,27.72977,12.02676,-5.893331,13.74193,20.36077,15.24095,29.77904
-19.67905,16.09499,-5.680954,3.33323,-48.66739,-13.62328,-33.78368,22.49345,7.952086,-1.505629,21.82397,7.687086,16.28363,27.27156
-13.82285,7.605272,1.973914,6.844657,-45.296,-18.91297,-41.33648,19.03262,-0.5340446,1.683114,17.88959,17.38264,18.88718,28.60337
-1.843534,9.854602,3.591332,7.41062,-42.00666,-12.33649,-41.82123,20.19881,8.226824,-2.025102,2.313324,8.783925,8.250756,31.40283
-4.083551,3.509035,-6.579744,1.627173,-47.3062,-22.95592,-52.0509,6.878015,2.082898,4.013836,25.77373,24.83379,26.64732,37.61054
15.99198,9.895061,-4.420657,-5.536997,-46.60785,-17.54616,-50.28543,13.23369,13.67374,10.20058,12.82701,11.17921,12.53813,24.8577
40.67239,9.083509,7.997983,-1.350013,-47.1786,-30.59612,-59.78992,14.82414,10.69988,6.148882,9.381985,8.856275,7.932438,23.31718
39.66483,-8.924932,17.33751,0.8911858,-40.93107,-28.02825,-80.82172,7.780733,3.666656,-4.815516,13.2809,25.65169,16.45332,38.79467
64.22312,12.46559,18.96907,0.9256589,-35.49879,-22.63253,-87.36521,7.574104,2.273823,-2.838367,-4.375855,8.06613,8.660756,29.55252
40.69,7.044158,-9.935785,-16.04231,-53.45509,-39.46479,179.5001,-4.327236,-27.42214,-13.77046,-34.96903,-14.50308,-16.74209,3.397799
19.59743,-8.426708,-30.65779,-31.04369,-65.81142,-36.22453,277.1436,-6.738161,-17.2775,-13.81025,-22.52568,-32.36597,-21.16162,-10.69771
26.40286,-9.785434,-22.32667,-25.03328,-53.05348,-35.17794,218.0625,-10.38577,-14.56441,-10.65447,-25.211,-20.30393,-13.26979,-4.699195
22.90533,-7.574018,-26.34007,-29.16468,-48.98205,-40.20529,231.7333,-6.521379,-7.40532,-10.0065,-27.82936,-19.59004,-25.59146,-5.428455
16.60345,-4.772687,-25.41573,-16.65097,-39.18651,-22.23147,203.3153,-17.06817,-8.52472,-10.42477,-24.72583,-20.07677,-14.94778,-15.8933
11.45164,-1.874455,-23.92083,-24.70124,-45.00868,-24.50213,216.8866,1.947569,-7.426121,-12.85616,-26.69916,-23.2067,-24.69264,-15.39768
24.1397,-1.644551,-15.56495,-20.42018,-33.06231,-0.9082645,106.4718,1.480016,2.189506,-3.416936,-16.96169,-10.6532,-18.08292,-13.56609
30.39071,-6.593061,-0.6542198,-10.22514,-27.99682,-2.811115,35.94995,-4.015502,-0.8962245,-1.239903,-7.575457,3.033029,-6.957733,-0.4085239
35.68861,-21.39617,-9.364779,-15.99314,-32.90585,-2.469308,13.46801,4.914075,15.2149,0.5254995,7.999522,12.96166,-2.792602,-5.850446
45.77533,-12.36046,-4.421928,-7.848432,-16.40385,1.553919,2.740305,-15.46929,11.52478,4.291096,-4.065721,11.68409,7.64682,-24.64668
33.50709,-17.20874,-4.406334,-7.659588,-18.23102,-3.839989,3.903151,-8.948992,13.99236,-1.01601,9.746012,14.5526,10.01832,-24.40887
26.75907,-25.92326,-11.10795,-7.319989,-15.52233,24.04538,-36.21929,-6.091696,20.00772,-4.071738,12.99151,26.94408,15.48941,-19.98095
15.89392,-15.46535,-6.552831,-9.811769,-11.35936,5.038408,-44.44878,-6.15634,15.30466,0.2914082,20.66399,20.72261,25.77791,-9.898496
-0.9559368,-18.11588,0.9511201,-8.045546,-4.985278,-7.134849,-47.76627,-10.23087,13.00647,-3.364143,19.6607,31.71394,32.23703,3.029495
-25.80865,-21.63485,0.1282002,-4.230425,-3.948002,12.89876,-66.84092,-4.341556,17.94529,-5.217762,24.86225,33.20256,31.33774,11.64735
-53.93493,-18.95771,1.563478,-0.7597636,2.510314,9.65307,-52.20239,-9.050949,16.7166,-7.622687,25.95038,33.73365,37.08984,15.31106
-75.77258,-14.90724,-10.77358,-5.666953,9.61709,-0.360211,-20.65718,-9.509064,29.96747,2.768333,21.6815,28.32251,33.79452,11.49536
-70.02757,-24.19687,-11.38035,-7.489914,-11.94627,6.723188,-35.57092,-4.969334,29.9186,-4.713845,36.09846,40.19275,33.47057,23.89148
-56.87611,-28.39712,-3.250056,1.806077,-8.632732,-9.963317,-48.92038,-15.09841,24.0433,-5.707336,27.06131,49.30976,39.93209,34.69289
-64.88683,-34.52167,-12.17015,1.259039,-6.360157,-3.796244,-60.70916,-9.472518,30.40817,-6.688499,44.47396,41.83017,41.46095,39.17292
-64.96431,-33.67918,-18.48465,-7.090934,-6.636503,3.548487,-75.37078,-8.706426,28.67213,2.819428,38.93587,54.70624,47.80842,38.44219
-62.01407,-43.81496,-11.84195,0.6507447,3.800685,-1.294203,-91.17546,-16.69595,36.22197,-5.135897,45.31863,48.84644,55.2138,41.92018
-57.85495,-39.12183,-17.54246,-9.231177,-14.0673,7.510273,-96.94748,-17.14134,32.75143,17.04134,46.53879,44.271,56.69186,47.1018
-73.98822,-44.79829,-24.16687,-24.80202,19.20354,-21.13216,-96.65249,-26.36966,25.40845,92.84837,41.38612,49.6139,41.84716,41.60211
-75.13496,-55.85747,-27.41452,-14.69331,33.28797,-18.86468,-104.6831,-30.43647,16.75509,100.6256,30.92338,46.29024,44.88655,54.31559
-10.94036,-61.21374,4.096494,1.525959,30.23831,-35.64182,-115.2434,-37.48962,1.843594,129.8814,15.05315,23.22529,25.70159,28.96304
-7.489796,-63.3032,5.984528,2.245675,33.89297,-17.48831,-126.2472,-39.03024,-6.015736,150.3435,17.87583,13.25161,20.90855,15.07179
-22.7887,-84.50072,-13.39523,-9.639291,28.20015,4.334235,-143.1054,-43.08171,0.6895853,166.6103,41.11626,23.00511,30.10781,22.44749
4.199887,-84.92389,-0.9044053,-10.21063,17.50074,-5.676664,-153.5457,-48.48778,-9.001037,155.1139,26.37629,40.16505,27.45015,41.944
-23.75849,-87.14176,-20.52615,-18.79786,21.01029,12.77743,-161.7459,-35.85892,3.300012,168.5379,32.26755,40.43277,25.44185,44.06117
-40.10283,-76.9566,-31.53415,-32.25415,17.61582,0.01362174,-162.4418,-30.55783,5.12575,183.5025,45.23101,40.14318,34.06544,48.14994
-24.09397,-104.4363,-16.37388,-10.75304,41.38736,-33.48798,-177.4534,-43.27544,-13.55819,131.1306,52.928,64.05103,53.19714,80.73802
-31.29489,-89.08761,-25.93033,-19.1572,38.46366,4.232572,-186.9582,-2.031434,25.87489,27.03916,60.21464,66.28023,49.60007,82.75432
-32.9085,-70.16267,-42.56886,-36.93433,17.82572,-25.14702,-41.21932,-10.60651,29.86996,-40.17174,51.05197,65.80466,50.50118,84.66539
-47.26653,-126.3046,-60.37514,-65.40668,3.772576,-53.70672,26.00815,-65.25629,-12.27987,63.58929,53.28969,88.76199,57.68161,137.4924
25.05216,-151.714,-11.16897,-67.03506,-27.82066,-55.17524,-38.41886,-71.08993,-19.59861,-43.90388,50.40105,132.8055,58.55196,219.1143
188.0969,-145.8143,66.6135,-37.85139,-11.40408,-66.80608,-28.60791,-77.97486,-24.61923,-196.4861,24.47665,97.26513,5.951334,207.1603
278.2227,-77.66792,105.026,-31.95634,-26.57626,-39.45049,14.65496,-61.02926,-10.25621,-210.4993,-48.63535,31.37093,-60.15324,136.9497
350.8699,-59.37877,157.7223,-8.869219,-24.20172,-41.38194,29.82733,-69.2487,-5.147868,-271.683,-56.90715,5.837821,-87.66017,80.22103
386.5576,-73.13434,175.1868,13.29272,-0.8996488,-32.356,-1.990308,-68.76569,10.10139,-224.9906,-74.24072,-30.49071,-112.1302,33.85958
410.0975,-89.19421,196.6997,44.32098,20.51707,-17.39481,-30.1929,-59.81394,38.11278,-224.6039,-79.18099,-50.03351,-134.6745,-24.6594
385.3104,-18.07469,186.272,46.31803,-2.131321,28.58379,35.4136,-17.54582,-20.56112,-139.5834,-103.7767,-104.5332,-158.8876,-116.804
344.389,-19.2518,193.6793,96.58765,55.09476,15.70337,40.46371,-12.56107,-99.85801,-142.9079,-86.16105,-111.6242,-131.5338,-142.0201
292.3001,28.88065,176.0314,115.2162,79.59036,21.20893,91.1558,19.21486,-80.42014,-201.9895,-71.5357,-142.734,-126.0459,-200.873
231.3313,82.98164,142.2653,118.0502,72.49309,53.57692,134.9499,52.96431,-63.67854,-134.3568,-96.75456,-184.1384,-138.5343,-271.15
179.2126,120.5685,107.8166,114.4109,74.20302,39.12556,161.8582,66.80415,-82.2827,-85.33512,-81.79165,-199.437,-135.091,-280.062
124.7344,140.7766,69.96577,88.69436,66.40835,58.13799,181.4653,85.89461,-87.44807,-110.8086,-83.52251,-176.633,-110.7696,-246.8955
103.478,121.8064,49.63826,84.58491,76.86668,35.60525,154.5619,57.25575,-104.3823,-76.98206,-71.69075,-152.5312,-84.31654,-193.8942
67.25343,148.3462,23.08978,72.17554,73.32025,38.16763,167.2698,57.39824,-91.93916,-48.68851,-86.41347,-159.283,-81.61595,-179.0806
22.08908,174.8957,-11.95176,52.98244,65.28963,23.04706,190.6419,70.4776,-79.25815,-71.78456,-67.57588,-146.6565,-63.65761,-158.5388
-28.03859,188.1331,-47.83607,34.52931,37.51907,66.18948,202.8117,88.68983,-67.53889,-35.64967,-82.46502,-132.5367,-72.94856,-150.8588
-44.75436,195.6958,-57.65463,32.55997,39.22991,33.63983,200.473,80.03616,-64.1112,-13.66494,-76.93256,-127.1199,-59.12956,-138.2673
-63.66542,175.1473,-61.98031,30.79753,42.35779,3.126866,179.7707,67.57929,-49.96626,-1.822533,-62.8877,-107.0801,-41.7802,-109.5968
-83.33685,158.5755,-69.83786,12.75039,44.54388,31.06309,163.4861,66.24208,-46.15187,-10.16797,-60.25943,-86.33865,-30.2873,-90.28095
-105.3159,188.8303,-90.70653,-17.19132,11.66852,30.37543,189.1725,69.70785,-46.42155,0.2528248,-45.24281,-83.89491,-22.62582,-78.60835
-117.1787,154.3357,-87.40347,-9.823954,26.75101,27.88006,155.5244,63.31778,-17.53298,-12.11053,-44.27432,-63.12255,-13.45469,-62.90758
-111.1546,159.2012,-81.77229,-11.36377,38.14614,6.283788,153.2233,42.21101,-33.95637,-12.99238,-32.316,-60.40536,-3.592586,-51.51191
-120.2293,164.2923,-77.16486,-21.85845,7.21452,27.81853,160.0774,49.38923,-15.17821,-40.33103,-43.82862,-49.78959,2.463035,-42.87477
-119.4045,136.4428,-78.52445,-13.09448,18.83162,11.45969,134.7754,47.15193,-1.419095,-60.53043,-21.02408,-34.90746,16.59818,-36.35501
-127.5772,137.3036,-81.18729,-12.51538,27.27892,25.758,109.7782,49.55925,10.29334,-57.7732,-21.60567,-34.66223,7.013461,-31.66364
-123.6563,90.77287,-68.7683,-12.13827,45.15518,20.23582,37.12307,24.42525,13.25407,-45.4565,-7.272615,-4.528737,24.68069,6.173874
-157.9069,112.1258,-91.95293,-37.53241,5.668038,-0.9258966,39.36185,19.64744,4.624959,-12.32343,9.06824,18.48027,47.82152,43.84357
-162.091,84.37431,-90.08875,-34.27285,0.1560496,20.76789,-5.810293,30.46382,22.71627,1.188749,11.18042,31.30855,49.12105,40.98587
-159.78,72.93611,-79.10886,-13.19054,9.601762,-2.711111,-26.25592,20.52028,38.69848,4.948876,29.16141,25.86962,51.00879,28.30111
-164.1745,79.94521,-77.03679,-15.92407,11.66594,9.140222,-20.83555,25.64575,28.50943,22.00116,16.15473,26.64892,42.14144,16.11816
-157.6297,67.96877,-70.83536,-48.46064,14.18889,16.0253,-24.90909,26.92925,17.50231,95.88751,11.08854,21.54901,35.66257,-4.967287
-155.1943,36.94291,-60.25064,-49.75937,28.59473,2.082248,-50.19959,16.67133,29.38134,102.0935,27.92857,27.11305,40.76251,3.833754
-160.8797,25.56595,-66.44897,-49.30189,34.99368,0.2284863,-37.29049,5.096243,24.47721,176.6852,12.82199,23.10724,23.7443,-12.79925
-174.5912,66.78666,-79.80243,-67.37573,4.934061,6.696271,36.94408,8.872775,14.28563,197.4015,5.7652,-8.109947,11.7973,-23.60408
-164.1921,42.70625,-68.42495,-58.11009,28.19642,-5.310719,45.3871,-6.849275,14.37078,180.3005,-2.274055,3.405366,15.81623,-25.02137
-162.9362,28.91273,-75.93546,-63.54694,50.02211,8.575699,39.11628,-10.67105,12.79554,177.6061,7.222593,6.046961,14.53185,-31.74014
-150.0329,34.93298,-63.55574,-54.57858,53.54948,34.77234,42.66502,-13.76664,13.78518,67.93359,19.6352,7.998606,22.80284,-16.14137
-151.2679,33.53804,-63.0639,-41.89483,64.37584,32.54107,43.26245,1.410551,26.64792,14.81363,3.119263,20.28195,27.78058,-11.54466
-138.4319,14.63405,-59.1849,-37.78485,58.55354,19.15289,32.05909,2.537466,23.96537,9.437899,21.12981,23.90492,26.71362,3.313041
-144.3469,14.14106,-56.92595,-42.7369,17.02922,22.17908,37.29121,7.136267,24.5043,3.701364,24.72628,42.32922,29.54328,21.4285
-81.00939,-10.40191,-27.92493,-18.28888,22.11104,-6.940022,17.02197,-1.190616,23.10973,7.989951,0.4118205,36.07341,15.16159,23.87626
-3.724023,-24.5087,24.93358,-4.374813,25.09031,-49.75449,6.377518,-17.13143,11.56527,49.73005,-9.232494,9.56043,-17.38765,-1.143582
5.633967,-57.60709,25.2752,-0.8334764,26.98987,-22.83137,-19.00809,-16.21197,16.07565,50.13113,-7.874504,19.91828,-20.32211,0.6644763
10.52585,-36.28885,22.61236,7.394662,32.54306,-2.630453,-1.623998,-24.53307,-2.801268,45.01553,-30.43,1.939402,-25.97127,4.248029
-2.01859,-24.87171,22.60842,-5.337427,15.54567,-6.74118,8.049612,-12.91403,1.786387,59.27703,-29.74753,-2.401353,-24.89565,1.660326
6.21068,-73.48113,16.29783,-4.596495,13.58542,-3.738326,-26.49726,-12.65205,7.782521,39.61525,1.374571,21.97633,-11.13526,25.25786
18.44992,-71.20641,31.76885,4.973445,4.991075,-10.43899,-26.04973,-17.86518,1.436969,35.39355,-9.77681,26.20189,-17.74751,29.86886
24.35156,-69.23563,33.00305,-1.648384,-6.562243,-12.23308,-28.93004,-17.73558,9.335299,36.69893,-8.269706,21.94207,-15.03479,34.31848
24.82803,-68.90356,28.12527,-8.058266,-24.61617,-9.482714,-29.38421,-19.78817,12.0216,31.45228,9.514103,22.4009,-4.682802,36.57367
37.8807,-81.73736,31.60642,3.276005,-25.63195,-16.20951,-44.44626,-23.15909,14.33307,27.74739,1.074375,34.40851,1.343328,39.5143
33.35584,-75.38123,34.29165,11.80708,-91.09683,1.056291,-43.5733,-8.195175,24.11664,27.64066,12.79344,37.47218,-1.500759,37.21346
51.95228,-66.49147,49.85051,23.65233,-183.7518,3.824071,-47.83792,-4.379702,34.29926,16.95973,27.28174,47.83258,2.613227,44.19505
68.83823,-77.38781,59.13656,35.62619,-149.8766,-8.733418,-57.42821,-16.69136,27.86502,-12.34241,24.8211,55.13206,6.26064,44.77991
35.519,-41.35967,43.89937,29.70463,-144.3648,12.5751,-22.59734,11.42118,36.51564,-13.6041,17.68748,30.36828,-8.163705,12.39892
48.54066,-57.51513,44.15044,33.61282,-123.7906,-3.188343,-42.59822,-4.963727,41.17361,-16.25155,19.04823,36.49498,1.94692,23.33988
49.76025,-56.88201,42.02445,25.40553,-117.5875,0.265135,-41.92283,-2.761702,37.18569,-34.47116,24.55467,40.62005,8.193989,25.61539
41.28359,-65.17113,32.38107,23.47227,-102.2928,7.4093,-51.25298,-2.350107,47.57122,-38.62208,26.21655,37.32952,13.58974,30.43577
44.92747,-37.36861,24.82302,15.70275,-86.32012,2.71043,-26.63705,-18.96661,33.04265,-38.31449,15.5296,37.12951,10.84425,22.89719
37.4045,-55.16008,25.07044,11.37274,-83.42914,24.84603,-41.38239,2.713106,32.20148,-57.8839,27.38687,44.87608,6.261495,25.72272
38.65371,-52.8625,29.75786,16.86679,-55.4874,10.80948,-44.10117,-11.60672,23.01007,-53.44475,13.6709,37.01699,11.36926,36.34742
37.12741,-42.26737,29.67285,13.88305,-60.87375,21.38885,-39.62667,-15.81561,16.95047,-55.82521,15.96233,38.29098,12.02543,29.10717
32.1475,-54.57993,28.42393,17.0037,-46.8243,13.29774,-56.1978,-7.510931,12.28278,-61.22495,31.88624,41.80022,18.81207,30.68369
40.11686,-40.20119,36.36525,27.93511,-32.75399,-22.02084,-49.10934,-2.612725,18.88042,-76.6702,9.596339,44.63581,16.8473,28.99117
29.03625,-29.04376,35.49769,35.05856,-27.30359,-28.1685,-45.41084,7.541976,28.81941,-127.3936,29.0437,39.94524,21.10508,31.27239
42.63228,-23.11403,33.22406,32.13895,-60.65254,-39.68291,-34.52496,7.876534,25.53407,-167.0105,48.47069,46.76025,42.59301,45.7551
39.95748,-11.8168,34.79018,38.44603,-90.7776,-19.24179,-24.67777,20.47708,45.91888,-235.5774,41.73463,62.77663,44.47552,53.51495
28.59875,-9.589485,28.19725,31.17506,-89.60205,-14.60703,-27.80781,9.017715,23.05975,-124.33,35.17894,37.65749,30.5739,42.47751
18.05109,-34.64263,13.88634,7.03099,-104.5901,-29.1649,-49.07793,-2.807621,11.70139,86.98277,12.78919,25.3251,11.79689,32.71935
4.573215,-40.39892,3.141769,-2.859966,-89.64565,-26.53322,-62.47841,-11.72082,2.339186,158.8838,1.756873,25.78152,1.841599,35.31896
19.44679,-35.64523,11.39801,-2.474151,-70.29803,-31.27308,-52.84465,-20.18817,-2.980384,151.0496,5.282446,-12.28172,5.840128,34.9684
1.996118,-22.07692,-0.1537118,-4.542922,-57.44866,22.78798,-42.9108,0.7311403,10.2412,121.6494,-7.424925,-27.24511,-5.3041,9.701289
-2.973355,-26.02802,-14.0976,-9.166247,-48.08342,63.39278,-46.32777,-6.787185,6.031274,113.7588,-9.265873,-21.93831,-6.91468,8.399573
0.3612807,-33.80167,-14.32792,-12.97185,-42.07639,24.67182,-52.57164,-16.73335,7.260003,115.2701,8.615524,-13.88825,7.685812,22.50652
2.905906,-31.25949,-13.65008,-14.20667,-27.99598,27.47925,-48.04841,-24.97917,-6.518669,139.2628,-9.088379,-17.39341,5.829191,17.66306
-1.911099,-18.86818,-20.08518,-20.26989,-22.36251,8.647131,-35.18555,-18.1298,2.242363,153.5448,-8.069098,-29.5899,-6.098081,16.13501
-2.475832,-18.08575,-21.40343,-20.15059,-14.96939,-32.08507,-31.39169,1.805032,3.765298,149.7336,-2.950502,-28.7168,-3.031341,19.95638
4.170737,-11.74468,-12.44296,-11.96507,-5.505093,-36.25243,-18.77652,-11.72123,-17.18709,128.3771,-9.290583,-25.32552,-0.1779333,27.84126
5.60075,-11.07978,-15.54075,-15.04157,0.898949,-38.42699,-13.36339,-19.49428,-12.01045,114.7173,0.2339243,-23.58528,-0.3015667,27.39313
-5.980607,-5.750964,-27.83519,-17.51027,6.800026,-25.75303,-8.980103,8.409619,-5.25917,104.7388,-8.955077,-23.96997,-7.07743,17.12336
-10.87524,-3.97305,-23.32836,-19.16393,7.864235,-22.12354,-8.23624,24.52561,-16.75541,109.1975,-15.94707,-21.09413,-13.95743,13.86702
-0.6525548,-3.050107,-21.5599,-16.75764,5.808786,-30.43496,-1.60579,33.31216,-39.3133,113.2841,-9.162551,-21.39896,-20.12825,11.65892
-9.842516,3.436918,-17.45753,-14.68548,14.15702,-19.99126,5.907959,9.392247,-28.3369,126.1401,-16.1044,-31.56255,-22.79736,1.743762
3.896613,-7.240574,-10.11324,-8.009839,25.5358,-12.18958,-3.688044,-29.60577,-19.47426,136.0286,-26.79069,-34.6764,-12.0405,-1.632153
6.161506,-28.03957,-2.706372,-8.095713,36.20655,-29.34922,-22.66704,-37.3084,-25.32155,120.3187,-4.967631,-16.9238,-4.802597,17.49512
-9.407458,-12.65977,-15.73988,-25.97582,24.98795,-20.16061,-7.601639,-35.49059,-13.15539,120.9317,-6.227363,-13.34499,-4.118893,17.96275
-20.32808,0.5432851,-22.27708,-25.26638,14.26163,-7.911834,1.550173,-24.12833,-14.6931,119.7788,-7.156851,-22.51618,-1.218506,9.362475
-17.10164,-35.21852,-5.686064,-12.09575,32.64516,-6.672048,-26.99189,-39.12028,-5.862639,124.8551,4.396993,-13.4051,-1.342591,1.599217
-17.50824,-19.09616,-19.04891,-11.59833,30.68437,-12.54868,-13.73228,-36.75732,-13.60567,96.32967,6.649748,-8.06718,13.32053,4.978416
-22.84504,-8.797897,-22.93275,-19.39879,18.22687,-8.946615,-1.059471,-26.36897,-14.61165,83.39153,18.7084,-9.572714,15.4421,-1.235
-26.26346,-24.13756,-16.37461,-17.31042,25.09521,-5.711123,-9.133343,-24.76252,-8.437221,93.69535,7.450591,0.8446804,10.46535,-5.420965
-14.57212,-17.55424,-10.72897,-4.412121,25.8066,-13.91466,-5.273032,-16.09289,-19.98042,48.32098,5.303439,13.83787,10.70811,-1.448573
-11.18704,-23.97057,-5.143255,2.909713,29.57364,-26.27174,-12.73063,-21.76379,-30.31222,38.59975,24.29644,19.41336,17.18451,-0.5981991
-15.68545,-41.2867,-5.500428,-3.070349,21.46546,-19.15623,-18.87207,-19.37595,-22.79026,35.41517,31.0756,30.79197,28.50284,-1.513636
-2.701255,-44.13244,6.569847,10.78833,39.39661,-9.415918,-26.63153,-41.74363,-7.097569,-13.47464,26.97713,35.11949,28.63276,-2.287224
-5.021166,-43.92599,8.752645,17.33813,44.33249,2.910429,-35.67038,-44.60219,0.5807706,-51.99251,41.86098,34.85136,34.8349,-4.2495
-5.698896,-38.18209,6.721197,13.25639,33.0708,15.53303,-20.03492,-22.70408,11.41279,-94.58411,35.55605,34.301,41.57677,-10.22396
-2.955412,-52.3736,4.125747,23.7099,43.12769,6.165864,-39.74789,-33.70434,11.85187,-102.4027,49.4119,48.17258,45.37383,-0.7555107
-0.4037865,-72.89385,17.10153,14.17576,25.82498,-2.428564,-61.90947,-43.5947,13.04384,-56.76675,57.89977,60.99352,54.20898,-5.251304
-5.817001,-64.65047,8.266202,5.84308,10.37658,12.17081,-48.77887,-31.73706,12.86303,-38.14755,49.06528,55.58286,54.95593,-19.99287
0.1569551,-88.65339,11.91791,21.47219,24.23476,10.00286,-76.31795,-42.704,11.55366,-26.85357,63.32676,66.55824,57.58638,-32.2809
1.799587,-96.27286,12.69547,26.89704,22.64075,5.570547,-85.3229,-44.69258,12.36882,-10.69164,66.21225,70.37698,61.08668,-42.66823
10.41765,-103.3398,13.63335,24.03663,9.169953,11.76296,-90.53259,-43.72216,9.496263,0.4275153,79.21489,75.03243,63.24072,-58.83794
11.40942,-122.5562,24.26035,27.12796,11.23774,11.15684,-99.73681,-46.99072,-0.5458859,10.67467,80.95296,85.24044,68.96778,-61.19864
-2.94698,-107.4662,4.771885,21.61585,1.409077,34.16625,-68.64372,-27.01178,2.191376,6.088554,77.2541,81.00479,68.30614,-90.7394
0.5431572,-123.058,14.7105,29.71266,28.04326,29.27313,-76.33243,-30.19895,-23.90078,-0.6834609,88.01949,97.34119,75.9612,-109.4311
-12.66651,-118.0874,7.150786,21.2495,10.18137,35.55729,-58.06941,-23.19845,-28.17606,-7.46348,107.992,109.7444,80.58509,-124.7993
-24.8251,-132.5356,-1.33055,13.39565,-0.3001224,45.49192,-71.05515,-22.6824,-13.47801,31.67373,109.8204,117.7122,87.35769,-139.2447
-11.25355,-143.2829,1.795756,25.64044,3.816952,30.17904,-71.31307,-25.5074,-21.97139,13.22118,118.7534,122.465,95.46833,-138.0119
-25.5787,-168.6329,-13.39946,16.86025,-9.021641,-13.68546,-87.90195,-19.3911,-59.34655,201.2346,119.9154,119.7983,92.99099,-153.8419
-8.84083,-137.9668,14.2538,39.47818,6.554844,4.149406,-53.25129,16.05265,-45.87858,-134.6992,145.856,157.8212,120.0029,-123.5326
13.5387,-100.9233,30.21696,53.82008,9.710419,38.92121,-10.13558,55.0048,-18.7883,-464.6736,172.8278,181.4821,145.3782,-106.3796
7.460191,-146.0484,27.87673,56.2607,26.27947,10.96607,-44.53749,27.44342,-48.31573,-325.6436,176.5925,182.908,150.5898,-101.8318
-6.491643,-88.7378,13.58063,37.32784,-19.71383,13.99005,21.71657,52.39372,-52.44524,-325.0148,163.6157,163.881,145.1622,-119.2645
2.803794,-107.7508,18.85962,55.71529,-16.40075,-8.336161,10.89933,40.63157,-70.24225,-272.0897,156.5723,168.3982,141.7357,-120.7962
47.74347,-95.83452,40.68176,43.31257,-6.027289,-32.57062,-8.718799,26.45551,-94.3514,-316.5995,151.8057,182.8924,136.7762,-75.56564
113.4561,0.8560014,65.38599,-14.18124,-59.83572,-57.1789,36.55894,69.83302,-127.0941,-301.8807,105.1837,146.6327,94.15179,-71.88774
211.3804,43.84274,119.3712,-2.164258,-25.281,-53.12379,76.56596,71.67926,-179.9851,-335.9013,52.29443,98.68349,32.64881,-110.0107
231.6804,169.802,119.8592,-18.00948,-27.7221,-37.01022,201.0722,120.053,-210.5957,-302.1149,-19.39072,4.477533,-59.59893,-172.5021
229.2001,267.3621,113.5504,-33.79504,-35.51027,-54.72944,281.0061,154.574,-221.5828,-197.4243,-98.8503,-89.03109,-121.9655,-192.8038
208.4154,291.9785,108.7785,-4.960865,27.745,-47.61079,308.074,158.7217,-191.657,-223.919,-136.8263,-154.8115,-165.9742,-177.953
156.8916,393.4077,65.31776,0.004995203,15.51408,-93.48292,418.9837,187.3785,-123.9191,-177.1511,-193.4396,-241.0392,-226.1377,-182.3284
138.7277,362.0066,59.0116,2.301483,41.1565,-79.05585,355.9299,155.5802,-68.52188,-152.9449,-216.4247,-252.969,-234.6225,-110.1748
137.7088,194.3827,78.98969,-0.2650886,50.85762,-91.56143,242.9129,79.18386,37.20597,-102.1551,-194.6391,-214.6901,-217.1814,-0.7491197
147.9807,83.19133,71.28241,4.410076,48.01768,-110.8872,72.10565,15.17147,83.00317,125.6942,-189.1931,-194.3095,-216.4253,59.95843
137.741,86.39516,65.55688,26.47622,80.72721,-80.17963,-48.68048,8.141123,78.31979,211.8507,-191.7582,-206.9098,-211.2219,43.54194
75.37698,117.1516,36.43564,22.3841,97.00553,-53.85799,-6.448603,18.57916,135.2079,242.8598,-211.5139,-243.1996,-211.8522,-18.12832
8.457249,81.40578,5.328619,28.88204,106.6176,-10.63299,-43.77562,3.917205,185.9444,274.8982,-181.6608,-224.6029,-189.9365,-44.84225
-40.47812,67.17623,-13.55702,18.76942,103.3956,-10.6244,-51.52196,-19.95643,234.9648,247.4717,-148.8853,-196.0113,-156.2882,-34.45488
-98.83286,89.67446,-33.80717,3.668721,89.88271,24.65329,-21.68802,-23.47985,336.6906,179.6928,-154.8909,-187.6485,-141.2012,-62.71398
-125.9615,97.9859,-44.25627,2.833192,85.1273,40.6342,-7.581238,5.661619,384.4971,109.4618,-140.5644,-179.9264,-127.2767,-100.6346
-127.5887,96.84301,-29.53585,5.568697,84.61187,49.25298,-20.68988,5.876485,326.165,27.1079,-100.5412,-135.678,-97.75008,-83.64208
-101.1473,103.9734,-14.84396,26.60482,93.62793,77.0938,-13.37401,-9.62186,270.9159,-101.5373,-78.06656,-104.8078,-77.28465,-71.5323
-94.29289,103.1191,-13.16663,29.76006,85.24194,77.49657,-2.983834,7.876976,225.735,-159.6587,-54.1275,-87.55305,-54.98084,-62.46618
-48.28083,44.64739,16.81468,49.47071,91.3394,34.24269,-47.42247,-10.50917,168.054,-141.8722,-25.25079,-37.41092,-30.95859,-62.86379
-30.08741,61.79402,4.728745,30.80409,58.58338,35.82515,-23.67031,-27.40172,111.167,-80.19645,-18.2259,-34.3748,-22.49212,-66.45364
-35.68372,77.79356,-13.17492,12.62105,31.91364,47.89011,4.948288,-14.21328,103.0663,-52.07756,-27.3279,-40.87746,-19.66744,-75.21053
-25.28661,61.40501,-12.22293,13.35294,42.10313,53.98188,5.541451,-10.1088,82.16394,-31.52084,-28.68893,-42.12897,-27.93208,-80.65911
-57.74034,43.66967,-43.757,-20.08858,19.08996,31.22773,-9.656844,-31.72225,40.94927,2.620374,-2.436182,3.361436,10.51313,13.96965
-119.4229,36.16016,-73.25597,-39.48109,8.241561,35.33821,-3.571861,-34.83791,31.31105,26.94952,9.602204,29.97484,33.20962,59.78257
-124.4018,68.88683,-84.55675,-56.06541,-12.00503,53.05949,27.65569,-14.49602,28.61688,61.37437,-3.152511,-1.287134,15.63618,40.73528
-96.40355,37.11311,-78.59486,-44.32177,-10.39172,35.06784,2.703204,-27.59874,5.21545,59.75477,5.26454,5.807035,24.23439,82.15035
-89.18048,45.72363,-77.75351,-50.54612,-9.545024,32.16787,32.83648,-29.49933,-39.86578,57.81333,-15.51987,-5.89241,14.15662,135.1046
-81.76064,54.59007,-89.90788,-75.82656,-39.695,43.33598,57.01053,-20.59916,-45.77082,63.62942,-23.83989,-23.74258,3.920645,178.6559
-77.38456,39.04746,-86.37331,-65.04319,-33.8603,48.06449,16.4848,-22.71099,-50.5631,68.72734,-24.11409,-28.25396,1.081727,214.8978
-69.86286,75.1186,-89.63425,-74.6412,-48.74353,47.58167,42.50974,-1.586331,-65.86634,65.54112,-56.0568,-47.7843,-14.93765,238.3622
-70.67328,50.63403,-84.45541,-67.57605,-44.30079,24.71184,30.72264,-12.99946,-91.65187,53.79425,-39.66027,-31.5114,-6.549083,289.5149
-78.77981,66.41672,-96.68308,-71.27991,-45.18848,31.14277,49.47506,-3.628969,-95.23051,61.73356,-54.36211,-44.13239,-21.07407,301.5913
-69.7338,69.23834,-84.84224,-61.18996,-42.03569,26.74421,54.61401,8.469206,-85.12189,46.85981,-58.19816,-56.97579,-26.97166,279.1437
-50.0452,48.64485,-66.8998,-49.56896,-38.65087,41.10003,30.00808,-6.05254,-107.193,34.06102,-48.29665,-52.14716,-20.93316,285.9734
-43.85188,58.66973,-83.93904,-67.35159,-65.93537,65.76527,41.70582,1.307664,-105.9806,45.99639,-52.59673,-56.31623,-29.00406,291.5306
-30.15213,39.87936,-72.59824,-60.91696,-55.03617,18.69741,23.18554,-5.005859,-109.5406,48.00704,-41.6889,-42.73177,-19.07024,306.9716
-14.45567,19.62531,-72.19456,-60.24479,-41.77891,14.1182,2.969236,-7.837948,-114.051,32.05149,-35.73965,-34.89878,-16.03485,328.4719
-7.468069,33.14542,-76.55872,-65.368,-61.82229,25.15576,13.6598,6.670581,-110.5144,22.44285,-55.1129,-37.97615,-28.77797,342.5241
10.5178,20.73428,-66.15867,-64.55152,-68.01068,11.67305,5.789598,3.591471,-120.6623,24.95861,-46.90813,-34.75889,-21.97865,345.7641
-3.340684,-11.42036,-61.93256,-52.15978,-57.20488,-9.040333,-23.64717,-6.466942,-81.7472,16.77166,-22.65456,-15.00993,-0.3183971,328.1711
-16.97959,-3.994333,-59.84535,-50.87888,-65.43431,-11.94256,-13.33649,-0.08182656,-37.35425,5.750996,-29.93452,-16.64356,0.06699957,300.6077
-11.26985,-33.47322,-49.27856,-41.94766,-49.00034,-10.4809,-40.38739,-3.151535,-11.2522,-8.981686,-16.18894,-5.429915,1.298281,279.5439
-16.87922,-4.273222,-53.97319,-51.2794,-68.85228,-3.509156,-11.69024,14.28365,3.379534,0.5709993,-30.5689,-14.30221,-1.670168,238.7638
-15.04533,-5.581268,-46.374,-46.28935,-68.35856,-8.280962,-13.0821,17.10488,10.77865,2.006967,-35.96103,-8.159208,-2.166473,219.4078
-15.13564,-28.15209,-41.64333,-24.18839,-45.71116,-19.52497,-31.00906,4.902693,8.102802,-4.857432,-18.11504,-2.591513,4.520153,213.403
-17.93995,-22.70657,-46.46795,-23.49326,-49.32571,-24.7184,-19.78775,7.781694,20.72056,4.094865,-7.268304,-16.96196,5.295514,190.7772
-9.676722,-28.61036,-42.35039,-19.74236,-43.14264,-30.57413,-27.18589,1.147205,29.56416,8.333483,-12.55446,-4.186317,10.71046,168.2679
-14.446,-29.72903,-28.16039,-24.06577,-47.08725,-39.07904,-28.13011,-10.71681,33.79704,7.055244,-2.540416,10.63255,17.15196,155.318
-36.80303,-23.52027,-29.208,-28.0461,-48.36691,-29.08409,-21.1351,-2.688349,35.25048,1.345849,-6.504161,9.636854,12.93618,166.1866
-28.78534,-26.02103,-22.25481,-22.10881,-29.32306,-42.72688,-16.79837,-2.600357,38.35142,9.666812,1.359461,6.397274,12.68518,122.1585
-25.21869,-31.107,-8.689473,-11.71555,-19.08713,-46.01305,-22.21066,-3.330496,48.852,12.32112,-2.854974,5.872617,19.08754,84.09373
-30.29844,-14.15964,-10.76838,-13.14852,-26.30404,-44.8764,-8.145475,1.107429,38.91579,10.45941,-2.960293,14.09443,18.64272,67.44141
-29.7093,-20.36526,-1.182073,-10.28759,-18.96178,-41.12635,-11.34937,-10.71247,34.94654,8.021147,13.16831,12.0084,24.30471,51.24506
-20.91961,-31.67712,4.758613,5.917869,-6.964805,-36.29412,-21.83118,-13.6836,37.53674,12.72311,2.8424,14.00515,23.7931,29.79341
-38.72801,-19.53395,-2.480787,2.535263,-10.89301,-44.13048,-7.707619,-0.7758811,49.6618,19.99988,6.758293,10.2067,25.84034,9.247451
-39.29331,-24.50392,2.137117,2.39993,-3.540014,-51.73167,-10.58941,-14.63483,-3.827602,20.43591,21.78587,14.55752,45.90316,40.90122
-24.16689,-11.00482,14.59812,12.18524,5.303003,-44.68848,2.579554,-7.629376,-53.05982,13.18209,14.65593,9.236191,32.86232,35.94693
-22.04959,2.328168,18.65477,14.17882,7.658361,-36.30422,16.30272,1.11097,-46.28041,1.109532,-5.727871,11.67902,21.93801,15.40174
-5.68539,-24.25001,32.1332,17.00573,12.01993,-35.41983,-15.09142,-17.3828,-52.47882,1.361632,16.20493,34.63253,39.42302,-2.472713
-13.05912,-9.426888,16.87001,12.59855,2.396882,47.71717,-4.452386,-21.34338,-48.22814,7.792041,16.02908,14.83361,30.33164,-52.05908
-3.240954,-14.86112,26.14969,20.79171,12.74181,66.62386,-4.303169,-26.16763,-52.91335,1.677044,8.064677,17.52343,29.61117,-81.69717
-1.988489,-18.14825,28.88382,20.27494,13.87869,57.08797,-8.53802,-26.79704,-28.54084,12.26511,11.87158,16.93186,30.03037,-107.2117
-0.7153369,-5.138659,17.29069,18.94382,11.59245,68.1561,0.1028879,-30.5162,-33.3624,11.29789,17.1995,17.48657,32.67079,-125.0081
4.463692,-8.593143,24.92541,24.41912,27.4286,50.12418,-2.164705,-31.23363,-28.17919,7.992782,12.47983,25.64942,28.15105,-135.4634
13.73388,1.427323,30.3725,28.27245,20.31027,29.77038,10.11143,-28.36203,-25.02085,5.586464,16.60333,15.49038,25.17382,-143.4693
15.34738,0.2512391,26.26932,32.62,23.54537,27.44992,3.965684,-26.98701,-28.81419,7.80078,12.31106,20.00891,26.36745,-140.1359
15.98993,2.909114,21.67406,29.21309,29.41175,31.39917,1.107357,-25.30169,-24.14377,15.50123,-0.02521532,23.76378,19.95849,-141.4573
17.02635,-6.897431,25.63396,32.94892,31.38383,27.5337,-5.309543,-23.41169,-16.48565,8.600639,9.787546,22.13768,19.07359,-142.0219
24.01862,-13.20332,27.59303,33.95002,29.45128,22.90725,-9.49517,-23.63256,-9.648554,12.92272,10.90287,23.73313,23.13698,-152.6363
24.35999,-8.925176,27.56416,26.07306,24.39887,20.96105,-2.947068,-16.44137,-11.79543,6.05524,6.769669,22.33748,23.12561,-141.5361
34.01209,-8.927387,34.35523,26.98516,28.97473,13.0272,-2.592276,-11.39559,-12.37568,12.43195,9.500302,19.31734,15.4082,-158.7213
35.87402,-16.38568,31.9578,24.54423,21.85444,9.589721,-10.05044,-9.358401,-8.137957,7.754372,25.91906,23.52454,15.0776,-152.1633
38.39764,-16.57793,23.01194,25.26542,19.1754,17.79179,-7.807916,-7.555238,-5.821373,0.4716409,12.09268,22.9976,8.871591,-130.3132
45.77539,-19.33299,26.36558,21.95392,10.41074,8.884212,-8.947085,-9.10152,-11.98261,7.199688,9.545001,24.75237,7.878207,-113.4009
29.70102,-34.968,18.52549,15.21576,5.191839,7.020225,-27.17252,-9.792911,-10.05017,7.976584,28.76338,28.04233,19.01467,-77.46772
13.87405,-37.38673,12.37928,5.061364,-2.477912,20.21678,-23.50401,-0.518645,-17.42703,9.769495,26.2722,32.78127,18.93264,-57.97277
12.44039,-33.882,7.338418,-2.029119,-3.453791,22.34147,-22.29996,12.68801,-6.711244,15.65458,20.62228,28.13398,11.33993,-62.18296
16.50123,-18.73939,9.118776,-0.03372494,-2.164958,12.57439,-13.80325,14.6925,-16.60908,6.991179,14.87416,21.58157,4.995555,-49.97899
26.98792,-40.95593,16.48647,6.939596,6.316008,-1.823939,-31.03986,6.010211,-25.25127,-15.90264,26.20842,35.29216,17.57842,-26.84559
19.59801,-35.59825,8.03226,-5.516063,8.785237,-6.127859,-26.26536,9.258927,-13.12139,-3.919114,26.1184,30.34112,13.77704,-25.363
14.18334,-23.23493,-1.799044,-7.127622,7.461404,-1.594195,-15.64624,14.8651,-17.10426,-8.815044,23.53625,20.97976,5.745815,-11.45036
28.06491,-34.00837,10.46488,7.592307,19.20266,-2.620106,-28.58289,8.139867,-15.53651,-21.95441,13.69922,16.90985,3.14784,-4.519277
20.29693,-19.32043,4.475078,7.701707,19.58625,-0.4300633,-10.03297,16.35097,-15.84664,-20.93528,-2.227578,6.158319,-13.97117,8.194872
19.82437,-42.73008,14.34693,2.492623,13.7937,-14.83958,-33.27698,0.2420791,-15.64396,-25.5807,18.03459,21.1778,2.916232,39.24294
14.39448,-41.27895,6.219187,4.76842,11.24982,-22.75062,-29.584,-2.102449,-2.216866,-24.28702,10.85509,19.15635,5.357529,50.21899
22.50647,-34.75645,6.900522,8.947282,12.64527,-23.25914,-26.04008,-6.29354,-13.60157,-28.5724,13.67308,13.37272,4.682869,49.79494
14.76134,-33.79475,6.833887,0.3452291,12.89875,-27.1111,-27.1549,-2.760212,-4.513017,-18.55395,15.80867,21.00373,2.849132,39.38715
5.552769,-26.79012,2.345387,-0.9391534,10.83597,-25.54595,-22.08462,-0.6270465,-1.853434,-15.23243,15.42652,13.5134,-1.617611,47.0163
5.334338,-26.22802,9.665185,-0.08467094,2.583928,-38.97794,-23.50731,-11.11978,-5.944518,-16.99549,13.07321,13.40682,8.351693,70.44252
-3.254621,-25.31297,2.290815,0.689436,-1.530447,-41.06526,-21.80388,-5.326182,1.227772,-3.768377,18.36436,10.48763,9.327256,59.67445
5.14128,-26.53333,13.10446,9.053191,12.5313,-36.603,-21.61828,-11.60162,-9.891836,-8.966769,11.54572,10.47316,11.99818,41.36752
-3.840044,-21.75226,10.00714,-1.240275,6.990655,-35.10176,-11.85006,-12.24006,-3.280874,-8.104787,14.80323,13.08314,17.60473,34.92121
-14.18256,-14.86317,14.41235,3.371126,8.583051,-23.31931,-8.340098,-9.339148,-4.913584,-4.124118,18.12908,11.5756,15.44383,7.566926
-15.67721,-11.90133,12.68279,5.471922,6.277775,-13.90177,-7.019113,-5.903167,0.4721851,-9.571044,14.1007,15.46724,20.16363,-10.66262
-5.259482,-12.27289,14.28478,9.551356,1.705809,-18.9705,-5.60232,-8.692236,5.879434,-4.721893,7.844866,17.17348,23.97675,-24.89716
-11.25948,-5.019145,16.83881,13.82185,4.330044,-17.18966,-0.1683507,2.091334,12.78816,-4.032752,11.74729,15.20371,20.77243,-59.92423
-0.5164887,-7.866131,22.1804,13.20609,-4.727047,-16.34615,-1.812449,2.764618,8.980848,-6.352871,28.77317,20.32397,24.58778,-83.19576
4.887264,-3.068347,23.83768,11.72003,-3.550479,-8.840517,3.75794,4.859725,9.592578,-1.126885,16.86532,18.99808,26.51757,-104.45
-3.368636,-9.389713,23.7384,15.07163,7.592852,-11.01306,-3.137201,0.2372448,9.696578,0.9131972,22.29008,22.20793,30.48579,-105.3251
2.909013,-8.705285,22.0212,20.83888,15.60409,-7.454188,-3.706631,-5.586713,8.178097,-5.639391,22.05469,13.36278,21.64302,-95.51956
-0.3385022,7.244739,15.60798,16.87577,10.21307,6.162684,12.85946,5.873724,8.930633,-0.3349981,5.376309,0.9702039,13.53812,-102.9792
4.143699,-7.121927,27.29909,22.7463,10.4393,-5.586533,-1.800598,-5.475002,3.764499,0.2656344,14.60282,7.632031,20.76817,-91.67751
14.30315,-19.22523,21.33649,25.13428,12.78334,-10.23554,-15.12783,-15.99383,10.67271,6.882322,20.38232,11.95509,32.36539,-95.23267
3.73596,-3.730531,15.66356,12.24985,12.15426,5.11269,5.040701,-3.562194,9.094445,7.035797,6.706966,5.288247,19.60407,-94.39383
13.76446,-10.05205,16.45228,8.608027,15.39829,-0.09342226,-1.75999,-7.508668,12.30379,6.548197,7.41837,9.834402,13.57943,-84.49313
12.73388,-18.79445,14.10368,14.66706,12.0504,-5.72286,-13.03377,-15.70465,8.046453,7.384285,17.86469,14.52067,23.00473,-71.12014
8.28109,5.216924,5.459441,7.853947,9.367142,9.814465,8.871267,-4.753041,4.916881,7.985173,5.158762,-3.563962,12.12091,-76.729
32.10253,-6.051086,20.04855,13.50249,15.21664,-0.4977499,-2.29574,-8.523348,-2.229279,3.060074,-7.552283,12.51976,6.052088,-75.35265
24.16506,-13.20463,15.34336,13.41063,3.179965,-9.359064,-7.952279,-7.654704,2.674567,4.303989,10.19168,11.93318,13.80926,-60.84102
25.59566,-8.011957,14.9115,9.270346,4.377759,-7.135886,-6.341033,-2.4928,5.196179,9.362871,12.20263,3.237607,9.487652,-69.66055
25.68572,-1.009059,18.11298,8.94528,4.766151,1.786788,1.155737,-0.9874695,1.759061,10.27482,-1.982047,7.871467,-2.052105,-74.32732
23.76632,-4.413978,14.61084,14.45979,7.181894,-5.248478,-0.2249238,0.1017481,-1.732721,9.049171,1.231163,11.52499,-0.8325051,-69.47331
16.47807,-11.95719,5.789986,9.563237,0.8818159,-6.219767,-5.091895,5.21172,8.956209,6.390601,13.55471,18.0374,-3.324275,-58.27063
4.539722,10.22854,-4.315624,-0.09587626,-5.106711,13.68345,15.68246,17.8579,4.142368,11.93056,-1.452155,-1.496901,-11.05301,-54.54472
10.61807,3.928691,0.8043856,3.45017,1.107932,0.8046988,9.944098,13.32654,-1.365708,6.73641,3.409804,3.340208,-11.18619,-44.91911
4.444126,3.496522,-6.320304,6.74749,3.294297,9.309887,9.829738,13.28097,7.688533,7.50729,4.759815,-4.296622,-15.9011,-43.84064
-4.212003,9.061741,-4.718512,-5.450811,2.775192,14.85521,15.66969,15.84551,-5.884016,6.997154,0.7310221,-1.961158,-12.64066,-31.06836
-4.669759,11.02812,-6.084428,-3.489999,-5.108465,11.75428,18.46185,13.44482,-2.628173,12.71842,-4.337713,-4.351629,-14.21321,-22.52411
-6.265261,11.1114,-5.562732,-3.72538,-4.310573,18.14637,16.67935,15.31937,-5.49528,13.84691,-1.00178,-12.18448,-21.01057,-15.54733
2.941141,0.3677664,-5.968294,-3.269968,3.114092,7.735334,8.126831,4.119874,3.72835,12.30517,0.11709,-3.290131,-21.67633,-8.350933
3.916706,6.279889,-7.592429,-3.364987,-7.179328,7.325744,0.5105693,3.730211,-2.573577,18.01449,0.1802865,-0.653043,-15.33758,-3.256948
-3.214054,2.926583,-1.615009,-3.681098,-5.945445,8.952136,-30.64613,9.264208,8.707583,22.84778,7.058442,-1.085132,-11.40943,-2.160436
18.43244,4.790094,3.581261,-2.147151,-5.071766,7.032022,-37.46975,0.8447261,-0.05193351,21.3998,-2.177577,0.8848091,-4.635869,-5.411107
12.35541,4.148698,-0.7555628,-3.541039,0.04518473,5.308394,-34.03745,2.855418,-2.114735,11.04761,0.2474315,1.006087,1.145754,2.288808
9.210026,-3.051917,-10.37513,-3.328457,-1.489793,0.7318724,-33.20098,6.142493,15.22637,17.85288,10.6774,1.598189,-3.81462,-6.178339
7.144127,14.79605,-8.339846,-5.773218,-6.917857,7.936475,-4.767715,6.529334,-3.115077,16.24307,5.795292,-7.072282,-2.955954,-19.50238
7.164154,11.79511,-5.7658,-0.807162,0.7699199,13.68698,-4.90837,3.727548,4.741435,11.19946,-7.624347,-11.20357,-2.360042,-20.41531
0.4693762,-0.5880079,-8.858226,-6.35561,1.854633,10.1961,-13.74253,5.646919,8.280528,11.5839,11.04938,-2.599706,1.35869,-18.29544
5.955872,11.81578,-6.655389,-5.569129,-3.73867,6.510415,2.296194,2.848817,4.982614,10.89758,2.144021,-12.19724,-2.086868,-17.20398
13.42797,0.3466638,0.9217522,-2.501199,-3.968469,-0.9673972,-3.666252,2.739256,7.135705,3.824139,-3.418705,-3.86301,-8.730988,-1.279469
-0.08544222,-5.784953,-7.122406,-10.44973,2.817682,-1.732774,-8.465774,-0.5721724,15.04962,6.784446,13.45903,-0.3711208,-3.710568,0.1841489
4.906322,5.260516,-1.222533,-6.469556,0.7624825,-1.192257,-1.227313,-1.508569,4.402142,6.340436,-2.535151,-9.260272,-7.815258,9.559017
7.890713,4.594367,-0.4878374,-4.211974,9.460968,0.3889446,4.378776,5.788149,8.825321,0.9927884,-0.6450362,-15.29501,-20.44997,-1.230197
-0.05607279,14.95413,-9.971898,-7.86274,3.497343,6.949141,13.84468,1.751236,7.048106,3.419667,0.1468989,-22.58795,-16.94144,5.808912
5.118474,-1.488608,-12.63196,-10.42284,-2.242931,-4.848919,1.571968,1.184298,10.62948,4.940297,0.4687001,-0.122695,-4.251623,12.09637
6.462904,-15.60689,-5.396269,0.7505022,2.145287,-14.94601,-10.74574,-3.736968,9.248583,-2.048716,19.51192,10.07003,1.048983,3.242374
11.22137,-0.119792,2.725288,9.277938,2.827739,-9.464237,-0.7982027,-7.249583,4.977612,-3.28963,1.003477,-3.398529,-0.5496609,-7.163793
21.88737,-1.283381,-0.2110594,4.21005,-8.831879,-7.875842,4.542137,6.663588,12.61876,-8.722383,6.515359,-2.742897,-6.564245,-20.20557
13.93385,-13.23278,3.326307,10.23274,-3.104675,-14.49128,-6.066085,-4.945669,3.428595,-6.072119,17.39196,9.946684,5.243493,-15.59103
3.858072,-1.139699,-4.326382,1.057813,-3.676026,-0.007542581,7.374451,8.620017,23.60954,-0.3494107,1.91923,3.971682,-0.6878383,-40.22391
8.257826,7.953059,8.650857,6.990303,-5.200017,13.36297,14.47042,6.118096,6.92926,-8.34323,0.9050114,-4.876961,-10.50361,-44.71398
7.45505,-4.633255,16.99633,9.634464,3.744848,-4.962461,-0.7669398,-12.2993,-4.848761,-9.777157,14.00979,16.48977,8.14236,-39.18475
-7.436279,8.073071,1.024824,-3.003982,0.3680211,6.580298,9.432454,3.115534,11.3238,-2.870712,0.1906346,8.278233,6.086426,-41.16232
-20.23773,10.94482,-7.379923,-6.548991,-2.851517,15.88569,14.07797,9.092814,17.34372,3.515928,1.547493,0.4646501,-1.19157,-34.66335
-17.87911,4.022067,-5.572984,-5.27352,-5.516209,12.56526,7.378201,9.305066,10.81084,-4.706252,12.02041,10.75319,0.9050715,-28.81203
-10.63137,-4.453463,11.92737,9.84739,-0.9531351,8.555503,-0.2889747,-2.163353,0.6001195,-14.88043,7.92668,15.18153,-1.586008,-19.08187
-16.22171,-2.900338,4.003987,9.503736,0.9455727,6.26364,1.039861,2.422662,10.6761,-11.3834,3.222337,10.89591,1.521428,-19.98978
-21.10818,3.763516,-2.720754,4.894225,2.505797,10.66529,7.111694,5.753698,9.936331,-17.52614,14.44352,8.067998,-0.9784251,-24.80857
-12.6078,-2.824551,0.5375633,10.12309,1.391266,4.373865,2.709654,1.514632,12.34836,-23.87731,9.128789,11.07872,-2.918524,-10.97776
-17.5004,-4.755123,3.587723,6.396132,-7.021121,3.720359,1.983689,-0.5172911,10.69412,-19.27271,7.497838,18.81981,-1.440652,-2.192375
-8.477764,-5.052139,10.60886,10.29294,-5.511665,1.416993,0.4920125,-4.420414,3.510204,-17.63754,11.04785,10.76393,-2.190008,-4.843263
-5.906088,2.291404,11.64178,9.674643,-0.8610052,10.97829,3.692735,4.205695,7.31682,-19.39624,-4.864624,4.455534,-12.62248,-10.60646
-8.896649,0.4273239,9.521976,10.38231,0.7626522,5.378248,4.257306,1.787568,14.95533,-18.69186,-0.3236269,7.246807,-13.11876,-13.68863
0.1289961,-1.994961,15.75093,11.41943,-5.645194,0.09863535,1.794357,-1.079511,-3.436427,-24.29376,-3.374833,13.52761,-9.862184,6.966911
-0.8711558,-6.508965,17.64701,13.23505,-6.822148,0.3375008,-2.833461,-4.508923,-8.258312,-31.89428,-4.357979,14.01869,-8.776176,29.59315
5.021914,-10.48392,19.31268,14.64746,2.152134,-5.512422,-7.904647,-5.733342,-2.527391,-27.43766,-6.979336,6.054805,-6.497903,25.88763
3.45589,-2.775142,20.09593,10.92129,2.313673,1.521835,-0.860458,0.1512355,-8.650201,-29.17558,-7.970304,2.029474,-9.385862,18.32821
-2.515184,1.045235,8.524614,7.785325,-3.940527,0.6804422,-1.057993,-1.189148,-4.488645,-17.6731,-0.3299226,-3.518425,-4.712605,21.38993
-1.363714,8.602627,3.91448,1.564928,2.00107,3.754228,4.237754,3.621992,-19.14638,-12.91382,-11.72051,-3.900017,-6.773808,28.12119
5.099296,11.70654,7.652833,2.369141,7.211824,13.22502,9.04784,5.686989,-24.5619,-15.06364,-14.89646,-11.80856,-14.48709,18.81817
21.27364,-9.85345,12.58329,4.764989,6.283812,-3.145422,-9.887459,-8.322851,-21.36903,-7.948295,-6.098741,-0.4602368,-6.794032,28.97378
16.33951,5.490217,10.91555,3.025225,1.412019,3.437334,3.896657,-3.814244,-23.25109,-3.441355,-16.22229,-9.476685,-6.824513,18.51367
9.839564,8.052608,1.4019,-4.680424,4.295782,7.515103,9.16577,-2.632742,-22.95285,7.177688,-12.0529,-18.30569,-0.6077107,13.7839
5.2065,5.353831,-10.71931,-11.37845,6.3695,3.856751,5.503839,3.131293,-17.96959,15.7649,-10.42896,-16.41865,-2.208992,23.93734
0.2867834,4.57172,-12.21263,-3.134474,11.69397,13.21283,3.198289,0.7347707,-15.20335,9.020539,-15.11482,-11.64502,-10.38169,24.97308
8.461383,-7.48147,-11.5497,-8.555131,4.114063,5.235306,-5.368272,-4.668602,-4.977359,12.01061,-4.11544,-5.349659,-1.592762,23.83702
6.19636,-5.692603,-8.589826,-15.43317,4.036705,10.60653,-6.412903,-4.355707,-6.692624,15.29417,-0.07395107,-6.752359,1.877994,15.99138
-2.762103,-6.822793,-5.086594,-3.848811,11.1033,7.889387,-5.043311,-2.854944,-7.952482,13.5436,-3.960623,-4.572275,-2.621773,12.98941
-2.843057,-3.956241,-7.885598,-1.134695,4.632582,-8.214267,-4.004277,0.2547316,-6.70931,16.24499,8.653411,-2.686285,3.725419,3.922597
8.0815,-7.486724,-2.795798,-9.310011,-5.489504,-13.87961,-7.948384,-2.017964,-10.79712,8.214388,9.137423,6.504187,6.235199,21.55241
-8.819429,-7.495313,-14.73145,-9.891567,-5.502728,-7.462832,-4.748218,4.931243,2.69421,15.46061,6.744217,-0.6567563,8.927324,20.55068
-5.701246,-0.6858642,-12.16551,-9.787393,-0.9092825,-2.03497,0.8024136,4.155631,4.445753,13.82617,-4.37014,-7.400509,4.909172,14.91578
-10.5987,-1.277168,-7.922753,-7.573289,-5.657674,-8.936264,-0.2352227,6.835238,2.630521,10.96547,0.02752611,-5.850459,4.801497,22.79127
-7.239699,-12.85036,-5.314,-8.291203,-4.7427,-13.00327,-15.02771,-2.372179,3.296917,5.325568,11.10278,7.752942,13.39251,27.97039
0.5746519,-7.16395,0.3953816,-9.086443,0.3917152,-9.889963,-5.296833,-0.3487367,-2.054713,3.173633,-0.5242323,4.79949,5.506638,19.52335
-0.9958828,-7.807698,-10.94116,-13.8311,-1.336208,-10.39787,-3.693835,1.806371,7.388216,16.63134,7.164152,-7.506906,12.19098,11.32959
2.815557,-5.518713,-6.060417,-3.870158,3.616838,-7.68764,-6.66777,-0.1215487,4.185698,8.608775,-5.901169,0.5127364,6.702188,9.38562
-2.340608,-6.535589,-3.782609,-0.2146986,-0.9879655,-11.593,-3.204403,-0.5160552,1.501359,9.161045,6.639026,-3.96274,7.910439,7.925795
6.937103,-14.13433,4.183706,-5.126546,-2.448967,-19.09946,-12.56469,-9.450267,-1.052073,15.01717,8.906887,-2.563077,12.15592,19.23862
5.229947,-11.75165,0.3313472,0.2969787,-1.989787,-16.97141,-8.677637,-7.131437,-7.258704,12.8582,-1.321007,3.765308,8.044729,24.57511
11.23224,-2.65228,2.710053,5.702014,-2.217952,-10.13128,-4.914481,-5.997142,-8.026742,9.877246,-0.967993,-3.481477,0.8505265,8.017266
14.13272,-2.30035,5.918142,8.758004,-1.48748,-14.01355,-7.226986,-7.461914,-1.832954,16.38894,-2.180762,-4.107077,-8.026772,3.44004
12.2999,-6.681766,1.213798,8.38544,-6.708337,-8.613523,-3.145442,-2.888346,5.692886,19.36692,-3.548339,-5.030651,-5.423503,-4.919037
9.080571,-9.892595,4.936913,11.4719,-4.341167,-11.70581,-10.36594,-3.414438,-12.10447,17.79797,3.495373,2.977268,3.07365,-1.009231
15.1029,-13.38337,4.610969,8.126498,-4.054501,-16.88731,-13.17339,-11.16678,1.641589,10.14636,-1.989212,8.510378,1.275465,11.24041
4.234571,5.377458,0.9680095,-2.689549,-5.536891,1.262024,4.853586,-2.515004,-1.055857,14.95675,-12.59461,-4.506627,-16.3017,13.54785
-7.17899,1.573827,-10.97697,0.124538,-4.241839,7.781598,3.712866,15.54431,3.529489,14.91971,-4.739233,-11.16402,-13.31318,4.427896
7.010527,-5.4359,-1.338851,5.466214,2.091703,-5.263905,-2.429083,3.34683,-0.8081586,11.39522,-5.210981,-8.533008,-8.96873,8.678119
-0.1888665,4.796877,-8.265731,-5.261627,-4.883705,-4.662778,2.451641,0.3353555,7.267552,8.622808,0.6314962,-7.006239,-2.823387,8.986604
-3.024184,-1.272686,-11.91695,-5.987042,-3.897417,-0.8830117,-2.064481,2.807418,19.26954,-9.278133,1.167655,-3.830698,4.17938,14.7306
3.987973,-3.57262,5.175255,-2.599323,-5.396331,-7.241263,-4.368156,-0.9515044,7.745695,-8.234687,-1.603639,3.690531,-5.595367,18.96343
4.319074,5.206193,-0.0625033,2.806159,-5.623035,-3.180195,5.735048,-0.8880937,5.786069,-14.37504,-6.805879,-3.006368,-7.043635,17.13221
0.5461566,-0.1722408,3.626267,1.077833,-5.476611,-10.95818,-3.908727,-11.67868,-0.5350919,-11.02981,1.115621,5.96442,9.598015,21.83102
-3.893892,-6.808909,1.908195,-3.712206,-3.352762,-13.93698,-10.48938,-10.27954,9.107024,-2.243423,8.845311,12.0735,7.203766,15.57929
-7.552845,10.83493,-4.61623,-3.6392,-5.461873,-3.482976,8.924867,3.592771,1.7377,-2.003107,-1.578065,-0.6465027,-6.269623,10.16016
-8.122548,13.3698,6.234624,8.867289,-0.8385008,-0.7981595,11.40033,3.18513,-9.61948,-9.579302,-18.88525,-3.175203,-3.063135,11.02441
-13.17773,-6.126469,4.950741,1.668071,-4.305968,-3.114362,-4.397683,-5.651714,1.076906,-1.522208,8.907861,9.897099,1.675538,10.11991
-10.05822,-4.150254,0.6130167,-11.22241,-6.900407,-8.480579,-3.880147,-5.965439,2.801217,5.132738,14.30234,9.759295,5.382119,12.66671
1.744963,3.08771,10.44834,-6.654412,-2.583611,-5.178771,3.877506,-1.761157,-2.503828,2.373885,-1.472983,5.15758,-0.0145096,-6.520715
6.591428,2.857111,16.32912,1.385198,-6.841022,-0.470246,3.077892,1.484517,-5.451052,5.012195,-3.711624,6.873114,-0.37189,-26.76474
1.717155,-0.5803982,16.74766,8.951708,1.404023,1.236837,3.614643,-3.85365,-5.696981,1.60197,4.34918,2.304624,-3.19016,-28.60661
-2.596335,-2.480702,11.34627,0.1579223,2.927044,-2.79842,-2.692164,-0.5619955,-2.97681,6.2131,10.90126,8.908854,8.158476,-34.5065
-6.123609,7.539779,2.830244,1.337114,2.866769,3.834006,7.122827,0.9671884,3.46792,7.318811,-2.738466,3.597911,7.597763,-39.61825
5.906698,7.312778,8.6935,1.670276,3.244763,4.389062,10.59972,4.158997,1.64504,5.752938,3.685669,-6.565245,-1.272216,-49.22197
-2.788077,8.519182,1.45,6.442296,4.311217,9.060436,9.656961,10.29723,-1.782354,3.65396,0.8691599,-5.308619,0.649469,-45.03085
-2.030932,-0.493891,2.891478,5.110346,8.709275,10.30273,4.190542,6.584059,7.454125,6.555549,-3.038689,4.431796,-1.28363,-49.38276
5.749563,-1.638131,11.45321,-3.232074,-6.014429,4.861871,4.749537,-1.915864,-6.800518,8.171014,13.31777,7.990882,6.925419,-43.61825
6.732545,-12.87017,9.316625,-5.221499,-19.62013,-17.7502,-8.332496,-8.645532,11.79432,13.48951,27.85394,17.55423,14.5349,-28.83605
1.472747,6.674241,4.437582,-7.893566,-7.626647,8.022408,8.621689,12.5335,16.02498,17.89477,-11.07485,-0.7528078,-1.45597,-46.87808
-6.796155,13.03205,-5.637573,0.4540136,-0.1427724,27.78301,15.72276,13.66515,14.5998,5.370254,-12.65862,-4.337512,-5.026246,-56.02815
3.139457,4.13143,-2.511338,-12.70211,-9.670309,9.398072,7.967722,7.102811,10.7334,9.194213,12.80997,3.572714,1.051429,-44.21746
13.48049,-3.07622,6.777295,-3.157701,-3.465011,5.681318,2.952015,1.059791,-3.606712,6.723994,1.113333,8.510198,4.408911,-37.40171
1.42306,0.470105,-2.90724,6.038509,2.763685,8.44223,5.508787,6.884705,8.340009,6.305869,3.946637,3.152749,1.585043,-51.95414
-14.87459,26.74293,-19.72027,-8.156629,-6.848382,24.43577,29.4064,19.62893,8.37332,8.3802,7.851106,-12.09706,-3.264206,-59.8575
-3.304213,-4.328177,-7.79339,3.337127,-5.2147,10.136,1.535348,9.493666,6.135215,12.42911,12.7168,7.885615,7.682637,-50.71105
3.688664,-4.85924,2.784759,0.6411851,-1.559754,4.89595,-1.361041,3.051544,10.22843,-9.032224,14.58705,16.63488,5.11364,-44.81385
4.843364,9.150522,3.519025,5.267016,5.953692,17.83694,12.41568,10.99184,7.976521,-73.22584,18.27535,12.84213,11.04416,-46.8904
5.600869,1.043564,-3.29779,11.59757,9.134431,15.90867,7.848537,6.449949,9.91942,-70.28715,16.26016,14.20546,8.368014,-32.75171
3.83625,10.63793,-4.033691,6.283423,8.115297,19.35655,14.42137,9.225883,8.326787,-52.86045,8.429299,6.824252,-2.638868,-35.92403
12.72154,3.105619,-2.511367,-1.731602,8.221979,8.568558,9.073144,6.237936,9.413461,-43.38705,14.16213,4.419613,-3.127016,-25.16694
10.15724,5.125475,-0.05068098,-0.8975312,5.141912,5.645484,12.27099,4.481624,3.992775,-37.69362,9.813787,3.631789,-6.861178,-14.75805
8.035465,-0.4185678,2.80365,7.76728,12.57735,2.814924,6.643712,0.5187554,-2.033479,-35.4297,3.977076,9.199522,1.810706,-18.26669
3.795745,7.750894,-2.862877,9.088283,13.59601,3.782746,12.03955,-2.299276,-0.6762786,-24.28359,-5.290151,-1.745301,2.170639,-15.06639
-3.673791,0.9225684,-4.942425,8.165281,10.62802,6.409674,5.621871,-4.579791,0.5598796,-20.88818,4.271499,-0.5413978,1.363863,-3.317078
3.776867,-11.849,3.048295,5.560901,5.04908,-12.20852,-6.336995,-17.02394,-6.380366,-21.36787,14.93361,12.90998,10.96963,18.9183
-0.7148821,-0.3347563,3.254562,3.213587,0.6601088,-1.512042,5.355,-6.546179,-1.386654,-20.17814,-7.705898,-0.7112707,5.444883,21.16168
-6.369336,-3.230271,-5.346807,5.155452,9.365298,-1.60945,2.400883,-7.963601,7.730607,-12.82263,1.331406,-6.231981,-0.1979252,17.78835
-9.067231,-3.490294,1.728831,7.875813,8.04764,1.871874,0.5597488,-2.998309,0.690317,-16.65918,1.433308,-1.065111,-5.289432,16.36202
-13.75511,2.755289,2.466659,-0.158317,8.702382,6.679657,8.489251,-0.4398027,-5.512742,-15.21017,-6.990792,-5.727904,-3.419086,22.1207
-13.59207,5.296407,2.170899,3.148452,7.389308,-4.489675,9.883093,-0.1470397,2.006844,-3.147868,-2.701219,-12.3791,-10.44358,17.00556
-15.13427,6.161483,-3.44885,4.580251,8.845865,9.282856,7.765521,-0.7732106,2.666314,-3.547078,-3.676424,-15.59986,-11.7875,14.66491
-23.58095,13.38777,-12.97518,4.311461,11.92749,13.0355,17.36876,8.26444,2.788503,1.32877,-11.86872,-22.64962,-9.690992,8.352787
-27.71824,4.574022,-12.89387,4.752763,9.965507,1.752917,6.863718,9.632731,13.13972,0.6165154,-1.10333,-17.90127,-11.54758,19.8664
-20.5867,5.299152,-14.36544,-1.286996,9.382328,3.943932,7.145006,3.049963,-0.1450445,2.285165,-6.045131,-5.553971,-5.448329,22.32607
-11.28889,4.525721,-3.139905,3.403443,4.731438,-3.603148,5.499963,4.739693,3.105915,0.1683876,-9.373887,-1.173164,-8.581144,10.98558
-14.28025,6.582558,-5.901326,-0.1974961,8.980194,-1.29151,1.746605,1.896186,6.212463,12.17735,-0.2348479,-16.30607,-10.2082,10.82435
-14.97978,10.12202,-5.119453,0.0796996,10.24922,5.512894,8.283419,6.712824,2.544705,21.61208,-8.667413,-29.20308,-13.40181,6.254676
-12.96438,18.01043,-5.216944,-2.156183,9.415014,2.836508,11.20471,8.843718,6.113571,29.08322,-21.1911,-28.8432,-13.989,-1.146345
-15.95334,14.23304,-0.5637162,4.169853,16.15257,1.519829,2.748159,8.012038,-0.9184652,22.15512,-13.73602,-27.14373,-14.82241,4.147088
-20.72452,29.1386,-6.896327,11.11955,22.84904,14.03582,18.92102,19.28229,0.3116079,23.12301,-26.39451,-45.60334,-29.46811,-9.694084
-12.82107,19.46746,-0.8877063,6.192761,12.91655,6.773696,4.238938,16.79321,11.32178,37.41331,-21.8622,-36.59544,-30.12137,-12.82991
-6.770645,25.66623,8.204057,7.777361,5.640225,2.563795,6.51825,17.74254,-0.8599246,31.96477,-15.31497,-36.12483,-31.42548,-15.58136
1.159962,30.08657,14.12247,16.89578,10.35001,-1.715575,3.125746,15.21941,-5.164174,35.0743,-26.00999,-37.07835,-30.55974,-25.5064
14.7969,10.24833,30.27711,28.15691,16.47441,-7.062317,-15.52444,9.744504,-6.296453,36.17445,-25.22716,-35.68198,-26.56187,-29.51836
8.424809,23.00327,17.11874,24.08796,9.508097,-1.894107,-8.663334,15.84511,-6.691852,43.75952,-15.19656,-42.87023,-22.42612,-44.00528
-4.394439,34.72771,10.83847,24.01232,1.913932,-6.237209,-7.96134,24.48465,-2.402606,53.59198,-14.04059,-41.76604,-24.41373,-48.35307
-3.19214,34.78741,14.07333,27.3329,13.08781,2.985145,-4.351041,31.62382,-0.7049859,58.14275,-32.24796,-49.4538,-32.24223,-59.84099
-7.746325,37.09901,12.13465,28.2786,13.83213,8.831203,-6.118823,34.92094,3.90025,62.12412,-25.2887,-51.93686,-37.69296,-72.3372
3.074315,53.76339,22.85548,37.85744,13.29755,17.33508,2.805893,44.66166,-2.629019,63.69755,-27.5939,-71.85325,-50.80411,-106.468
9.084422,46.97085,31.9127,46.20718,23.28008,6.09574,-7.942457,37.23568,5.724666,76.54662,-41.615,-77.34161,-48.14698,-108.0119
9.214318,48.04546,30.53328,44.72659,15.68087,6.780321,-9.072759,38.86041,1.67254,85.93697,-34.66063,-75.5675,-47.8168,-114.333
14.30815,59.19118,31.96721,54.69824,22.80303,16.22463,-3.788089,48.99776,-3.794536,87.88022,-40.33799,-86.3888,-61.11759,-140.6434
8.29824,67.66406,27.33975,48.07325,18.58032,14.68805,-5.948932,52.54299,4.750675,95.52133,-54.3933,-80.29164,-62.34973,-134.475
10.10715,60.9702,29.82057,48.18053,16.00445,13.79185,-14.7393,53.10382,4.820499,103.4118,-45.30386,-86.71159,-68.01772,-125.4383
14.63799,69.33542,30.44915,51.15533,9.086495,15.51063,-10.48281,53.06997,8.042118,112.8123,-46.76548,-99.47874,-71.99732,-135.375
17.0424,77.94872,32.84774,52.49663,10.48035,13.528,-11.07217,60.3221,0.04099099,119.7865,-58.3551,-99.21719,-69.02292,-146.826
23.43774,76.60512,39.53189,60.31269,10.20651,19.93257,-16.52135,55.946,-17.87642,122.8183,-49.87531,-103.8311,-67.45775,-153.2288
22.25903,80.50999,38.86776,62.1597,6.091365,40.08399,-22.67804,70.77022,2.425124,129.1708,-65.90408,-114.2016,-82.7138,-166.8403
32.19237,77.67012,38.47474,61.24773,5.221451,34.99718,-27.64016,71.65388,-7.453195,126.8826,-66.31207,-111.36,-81.22916,-154.3454
55.40879,83.13556,55.76392,71.17002,1.204281,33.3465,-25.12334,68.92489,-38.38836,154.9268,-65.79483,-126.3367,-93.27775,-174.9598
82.46748,72.08949,77.66409,67.02518,-13.5802,41.1082,-38.65205,71.59576,-47.72641,80.81363,-69.61126,-102.6364,-100.254,-120.3035
114.8311,34.63654,71.7847,35.94361,-60.9785,2.918717,-72.39496,33.63943,-76.58372,24.2856,-46.72473,-30.96496,-60.54422,30.15144
115.7721,10.9681,45.69705,-2.676605,-110.5859,-12.28545,-109.4902,12.91935,-85.15405,50.89164,-36.81135,12.21345,-34.25348,142.7953
117.9288,-0.1726811,38.61329,-36.25071,-149.0176,-4.570484,-117.1927,1.939293,-62.15198,-140.9166,-8.432781,86.40122,16.20655,257.6164
100.5153,-32.26129,12.51455,-66.86491,-160.8594,12.21142,-148.2599,-32.22622,-48.63742,-131.795,9.322297,128.7995,51.90339,305.6376
66.53215,-43.51759,-18.0008,-94.09794,-164.8066,64.37093,-154.6771,-27.45598,-20.10474,-189.038,30.15399,152.0341,77.77367,320.8339
38.69249,-64.19859,-36.06696,-98.74154,-144.2547,61.08089,-216.5081,-32.61045,25.29742,-196.3488,43.2,171.4705,111.9598,337.0279
-9.524132,-113.9376,-69.2382,-120.1031,-141.9062,28.92673,7.728686,-79.39567,13.85189,-190.5765,53.00271,179.0391,120.0611,322.0711
-38.27225,-152.3569,-88.88551,-147.9592,-152.8032,-29.69101,126.9371,-121.226,-13.25681,-15.50813,23.31292,177.4588,114.6194,317.6307
-44.86423,-176.8864,-107.139,-149.061,-144.3292,-71.7906,28.91434,-135.8807,-1.260351,114.4413,38.44839,190.0828,124.4986,334.8259
-38.66759,-178.1554,-103.0992,-149.7043,-140.8633,-39.73566,46.69171,-125.7247,27.26266,-58.21531,70.04736,209.3039,138.5555,342.3042
-52.9697,-178.4709,-106.0509,-144.9308,-126.4357,-11.54668,7.636575,-137.1117,27.41583,0.469873,59.98873,196.8267,140.5099,324.6686
-51.86728,-158.516,-90.84435,-121.7136,-101.078,-18.51881,21.65701,-113.613,40.18896,-208.6035,106.5424,204.8852,163.2034,328.2773
-50.65434,-178.9391,-88.95559,-124.9962,-99.6358,-74.02259,-7.308688,-116.6823,24.0687,-35.91163,95.88967,193.4208,154.7982,308.9287
-29.59612,-179.3753,-64.03987,-112.0775,-74.53716,-71.67574,-13.82502,-132.0248,-6.9349,-78.85119,95.81724,205.9366,148.0774,313.1062
-28.80019,-150.4799,-59.63925,-102.6668,-39.0971,-67.14291,-15.39327,-96.22153,39.06465,-231.7453,108.5686,197.651,142.3142,303.5877
-35.24105,-143.3283,-75.18221,-100.748,-20.46481,-15.45659,-10.88321,-74.216,51.55181,-229.5527,100.7776,171.8069,117.9395,262.9969
-2.797414,-141.5857,-40.61639,-73.76768,1.999127,-2.535263,-27.85643,-95.08806,11.29337,-283.4616,107.0646,173.5213,117.5631,256.2669
-17.86065,-152.0804,-47.76221,-64.09866,5.049593,11.25021,-51.0732,-97.88824,42.96482,-182.1769,96.4428,140.8965,101.2171,215.1192
-20.34696,-132.3697,-61.30251,-70.74492,3.762773,26.29565,-30.12022,-76.0036,44.5402,-178.3983,87.69411,122.0825,92.57523,192.3356
-19.6234,-100.1345,-48.92558,-57.19651,20.45371,32.71866,-12.12191,-66.64092,12.95615,-215.3966,84.15652,113.5261,84.13329,172.0948
-11.79261,-70.48826,-23.7195,-34.53541,38.31762,-15.8267,0.453711,-76.38245,-12.87555,-193.1205,75.51008,96.85899,88.92669,138.6738
-63.1646,-57.40406,-50.69335,-42.82608,37.05957,-20.03078,0.8963842,-58.39617,26.25401,-138.5254,91.28405,81.24306,91.517,102.7863
-102.446,-34.23221,-69.04569,-31.94237,48.16976,42.53205,21.95757,-15.71124,50.91652,-132.3237,75.56946,43.50055,66.6607,36.39449
-78.44511,-28.6621,-39.06126,12.41575,87.80525,-24.99856,16.11647,-22.80001,5.866731,-112.7124,74.59035,25.93699,69.96191,13.98596
-72.17783,-28.57946,-23.41368,18.7671,97.48254,-16.80359,-0.6355355,-32.31199,-10.77769,-95.01625,70.75823,19.85997,69.97473,2.873433
-75.31801,-23.83732,-22.13524,3.721652,78.61103,-29.86715,2.436312,5.905398,19.0076,-57.18212,58.50734,18.79933,44.69847,-23.34733
-76.58369,-9.463132,-17.22071,10.87399,90.84894,-36.92497,11.73236,31.9863,14.57285,-95.33659,64.8805,20.50575,23.822,-33.69363
-78.32175,32.72066,-12.17493,24.4168,101.83,-25.51467,45.76999,38.33612,3.813935,-107.3397,42.20356,-5.089799,6.902349,-67.55257
-79.97139,51.14253,-13.90575,23.23476,99.45448,-30.13263,61.21506,49.72952,2.096088,-43.33929,30.93607,-32.99233,-13.92423,-103.5429
-51.37642,55.9768,4.190314,33.18044,113.1174,-52.46142,62.08566,38.38219,1.660717,-57.29347,19.07475,-38.7907,-15.81901,-111.9272
-43.1383,89.5562,8.336436,43.33051,127.6149,-69.93507,89.53184,49.60799,14.63117,-74.57788,5.438681,-66.25611,-35.24638,-138.8939
-59.31622,110.771,16.00492,41.32428,113.9223,-57.36774,108.7688,69.37708,5.306679,-43.47898,-8.133607,-86.71072,-44.35873,-166.109
-53.536,110.3765,35.63853,55.743,112.0477,-67.42467,100.2434,73.0702,14.36734,-85.93904,-19.65992,-75.9035,-49.23605,-149.7874
-40.24693,95.45927,45.13142,65.42445,121.6315,-34.24153,81.27206,67.3643,1.29631,-82.89263,-17.63277,-80.18056,-60.4579,-161.9268
-35.07122,104.1713,55.13757,71.00063,119.2674,-40.06615,85.72756,60.69333,-6.421729,-95.88815,-17.08509,-85.81131,-50.45016,-165.2039
-36.31018,118.6373,51.57074,76.01194,120.8012,-30.24688,101.4921,60.72031,0.9926406,-33.45348,-39.84064,-119.5322,-74.55806,-196.2847
-42.09704,104.7907,45.98235,79.16091,119.2295,-13.86791,104.8405,53.61355,-4.359677,-109.0826,-25.28062,-91.18661,-52.76673,-168.9761
-94.09207,64.89877,7.81602,46.79155,96.33385,-37.15094,63.72242,12.47768,-23.94996,11.49602,-3.522733,-45.361,-12.92862,-86.53093
-116.2155,46.43114,-18.21828,14.77417,66.42837,-43.44172,48.30461,-0.194014,-26.3231,317.5706,-41.18655,-75.90888,-52.84292,-119.1779
-76.65446,54.43475,9.914846,42.24614,89.66759,7.428113,54.62265,28.2058,16.48365,-22.76751,-10.36434,-52.76386,-34.13204,-106.3213
-59.37765,50.02996,19.3578,47.84658,86.34599,52.53519,50.00853,33.01016,17.14289,-90.09664,-16.59536,-50.92498,-32.93111,-106.3513
-39.30212,36.62858,33.50599,56.5826,95.41588,38.28672,43.20469,33.9186,23.01197,-144.5196,-13.47061,-42.52643,-27.52081,-93.21537
-53.93837,16.44034,10.03351,27.45372,60.06064,9.136469,18.44336,1.153061,-11.28041,220.9085,-34.20452,-81.4376,-51.41727,-131.3514
-69.06666,6.210548,-23.8875,-11.85456,-7.760504,-21.5604,6.414207,-19.98287,-40.72109,635.7512,-87.02204,-110.9953,-90.41566,-165.1093
-53.04156,-31.80435,-15.40356,-10.46118,-13.52692,-22.70286,-34.27264,-30.4754,-16.17786,577.9663,-51.67959,-83.01157,-73.40109,-142.0078
-46.12522,-28.82958,-16.47901,-22.42998,-24.48949,-24.16366,-32.72935,-36.91405,-22.69191,713.4018,-88.79903,-107.7772,-99.87474,-162.0986
-19.99046,-19.12829,4.318124,-8.082604,-10.85164,-16.51143,-20.91876,-37.6243,-10.78358,550.972,-81.13124,-97.36896,-88.64662,-144.2522
18.7305,28.85714,36.04226,24.72817,0.9395332,47.64073,27.93969,4.295327,13.04534,76.30696,-46.61154,-64.73312,-51.76845,-115.4125
54.54874,34.34748,59.55544,42.21825,14.1676,39.79329,32.86832,20.33477,33.55656,-140.2556,-35.884,-41.34681,-36.4188,-77.4852
41.6303,22.47434,47.1464,30.61231,4.01336,7.050558,18.65061,16.22389,23.33362,-67.18597,-14.01644,-30.11352,-27.66552,-72.15392
44.22431,37.64054,40.59146,33.70378,4.669342,27.74972,33.34032,27.33313,40.44364,-130.5625,-30.27577,-30.71126,-22.51984,-75.62684
47.90551,49.94201,39.89404,11.97704,-15.01197,71.03748,39.3736,21.78166,33.34333,-123.3158,-27.32579,-42.81068,-27.67817,-79.11224
47.07148,44.04461,39.29205,16.24607,-10.63234,86.63872,33.07792,25.69025,23.03095,-164.5945,-24.22054,-29.39822,-20.42521,-65.82122
31.86538,14.61536,26.27569,13.00662,-18.43274,34.34425,4.509002,-10.50088,-1.896606,97.81008,-48.09053,-45.6948,-34.38469,-63.42612
5.333956,-11.22507,-0.4083683,-21.22833,-45.26477,2.794764,-23.79461,-34.06225,-11.18735,403.4338,-60.28046,-68.16582,-55.13215,-80.81336
7.455399,-23.1992,0.01485633,-18.59845,-43.47405,20.56774,-34.84918,-31.10984,1.94132,352.2687,-60.2849,-57.06384,-44.31214,-69.35643
-2.723706,-13.10326,-9.964647,-16.71564,-43.41352,13.99486,-22.56766,-25.45192,-13.55453,363.2704,-53.77622,-57.11845,-50.35159,-68.52405
-5.484059,-10.03013,-10.15663,-20.46336,-41.49194,7.877999,-17.52648,-18.16841,-24.00106,329.0716,-49.36317,-42.46096,-51.59243,-46.21098
6.213404,-33.89484,-0.8526096,-11.95006,-40.85033,19.47943,-37.88315,-29.94188,-39.99214,303.8128,-42.82918,-28.48227,-34.87573,-27.95351
18.06245,-25.55864,8.468557,4.056151,-23.55035,18.19317,-31.03184,-12.84554,-27.47373,123.5205,-21.62112,-11.93517,-12.68981,-5.594663
22.20685,-6.373724,11.25801,16.233,-13.56625,32.99802,-11.03456,16.41646,-12.80034,-77.2534,6.355424,5.38728,4.823299,5.34995
51.09927,19.09547,34.87262,35.95473,-2.478105,12.14962,21.35046,14.53047,-26.02715,-195.0802,-2.312854,7.045845,14.05859,15.74128
51.90181,23.49203,31.65271,35.0962,-4.654276,5.354963,28.62836,26.1034,-51.91194,-227.1973,10.20161,22.18882,13.44455,35.69903
49.86189,12.70688,23.18674,30.5978,-7.116791,25.75732,13.3262,23.79335,-56.1616,-206.9091,16.4516,23.9335,12.57539,37.9968
60.46152,28.23973,23.33923,29.78631,-12.05075,14.71369,25.82952,27.57497,-49.41346,-210.0309,2.678898,11.69238,10.43587,36.74306
66.69308,16.34519,15.93619,29.4789,-13.77526,1.428721,16.60389,25.12974,-49.85914,-217.4522,23.07488,36.14954,11.22853,39.01797
82.7134,12.77492,23.22939,32.81868,-6.934666,0.3258474,5.492107,18.47659,-44.44471,-231.4451,12.10773,39.10281,14.44411,41.33893
86.23434,12.04564,17.80545,22.32174,-11.42783,6.724513,2.517581,27.20203,-21.78305,-250.3615,14.11123,37.15962,11.92053,45.52976
90.45026,-6.653731,5.862233,13.70389,-17.23007,7.810886,-12.46531,18.18991,-0.3929223,-240.3718,29.54484,43.14754,14.76355,53.64071
92.21033,10.7786,1.779755,5.910709,-16.13412,4.587301,1.815527,20.87444,-0.677047,-220.1909,11.72883,26.89315,13.266,47.15738
99.51748,0.8946867,9.185692,16.99058,-6.170008,-16.1486,-8.199615,16.52263,2.140353,-236.2812,18.3146,32.63901,17.44975,53.14469
104.7066,-9.361037,4.145449,15.89538,-10.424,-15.71919,-16.42935,10.85745,4.734455,-237.7251,34.22182,33.68552,23.11777,58.29422
109.5873,10.77213,0.6292408,0.5565035,-24.0614,12.19326,2.054297,19.2609,-3.439425,-224.7758,11.1107,26.83604,18.46696,40.80936
122.3478,-2.357072,11.34005,4.651152,-30.36332,-15.79152,-14.07329,8.590905,-6.144533,-198.3728,18.45752,36.60395,17.87173,47.23938
133.3668,7.765196,14.85897,7.299606,-27.38079,-68.18912,-0.2607619,8.682345,-8.841153,-186.4929,19.18819,34.97076,13.10807,51.92484
114.8888,18.73866,-4.147547,-18.18859,-39.9536,-40.8542,7.360076,23.15816,-1.020723,-172.6409,11.55669,37.64936,12.42765,51.0262
103.804,39.3199,-10.28451,-14.14505,-24.67398,-22.36098,26.06742,34.85281,-2.565669,-174.4615,7.677721,12.69567,2.34148,21.73271
105.5171,70.02168,-0.5946649,16.26535,0.388707,-20.4572,57.07664,37.03759,0.9506853,-167.7974,-12.28897,-36.54271,-9.389625,-40.18716
104.0984,71.21726,3.154053,29.45445,4.695557,3.913393,55.14713,25.81509,0.1572719,-158.0022,-6.365219,-54.74741,-7.037101,-71.50059
100.6201,67.36964,9.375648,25.68347,8.363475,-8.324502,54.58911,23.07128,1.234408,-155.4114,-11.63941,-49.69522,-11.96921,-53.26736
100.0333,44.33641,9.516607,18.47791,7.124818,-4.495303,34.36247,10.96294,-6.154355,-96.16933,-21.1108,-44.42971,-15.24563,-37.20929
87.44714,34.26215,0.1367145,11.2548,-2.725381,-3.289754,21.68982,16.90772,-4.555077,-57.25321,-6.634764,-33.79446,-15.12361,-48.32206
61.77935,32.27417,-14.3558,-6.411536,-15.36369,-2.119589,16.80879,8.251719,4.861076,75.04427,-22.1084,-53.96521,-23.13008,-61.56504
55.28286,12.3094,-16.37407,-5.819773,-5.84012,-1.24677,-2.719308,-9.218444,-9.812932,168.8178,-32.95411,-60.11338,-33.66203,-58.64915
55.30262,6.080036,-10.02756,-5.0096,-2.741555,-8.856313,-6.899607,-11.47328,-20.71384,159.2384,-30.11308,-46.67367,-31.18098,-46.93156
44.83574,-3.823851,-21.01974,-20.10492,-14.92447,-19.73857,-15.67728,-22.22334,-17.25244,226.7948,-24.82939,-44.94664,-24.15212,-42.93779
27.25804,-12.04539,-12.93958,-10.98008,-10.5494,-25.18895,-27.86375,-26.47437,-20.96065,268.3471,-33.29504,-41.74724,-34.29818,-39.26255
5.758035,-12.53589,-13.78894,-8.942511,-7.217609,-20.85352,-28.33402,-25.2244,-21.01989,256.6544,-21.35766,-37.44803,-29.44806,-36.24191
-0.7788118,-12.18509,-13.69916,-11.62034,-7.327386,-19.74046,-27.067,-21.85204,-13.64287,212.9142,-9.439594,-25.8281,-22.16039,-27.57303
-12.95062,-16.49081,-15.85218,-7.39451,-3.576948,-2.713475,-23.994,-15.93944,-11.06498,208.2903,-17.29614,-25.87545,-22.96355,-32.17818
-16.0794,-6.592878,-14.41821,-2.7012,-1.879626,-2.582913,-19.56289,-11.75907,-13.34595,180.0479,-14.70096,-24.94867,-20.59385,-30.88231
-24.74936,-7.280221,-6.757968,-10.68679,-6.92986,-10.04866,-24.72279,-18.2712,-6.566459,181.5947,-14.83573,-16.36173,-11.40356,-22.98034
-27.8407,-3.533096,-15.61561,-3.674113,-3.449898,-11.68512,-18.26056,-10.23673,-8.038796,182.6208,-21.61103,-16.8416,-12.03629,-29.79734
-24.64499,-0.3114838,-10.65887,-2.102463,-1.850799,-16.6191,-14.66538,-12.2172,-4.414971,161.8864,-12.6937,-21.4371,-15.74038,-24.52997
-42.44162,-12.07903,-15.73125,-11.91395,-3.54168,6.060044,-22.92681,-8.515412,8.004374,163.2791,-10.96665,-16.48492,-10.83792,-21.90431
-42.8645,-2.035517,-14.12829,-1.404066,-1.571298,6.296185,-14.42686,-4.622031,0.1987897,155.9899,-23.33438,-21.26447,-10.40264,-26.43084
-50.06003,9.045058,-12.69178,-5.329308,-0.7883739,-2.517471,-0.4774555,-4.746715,-1.95719,148.1652,-11.98997,-20.76103,-15.64094,-30.24996
-43.89905,6.541426,-8.114617,-4.054915,1.75474,0.6019278,-6.680587,-10.23432,-2.617063,124.5013,-19.81043,-4.85551,-10.31585,-22.817
-41.89605,5.195132,-10.12459,-4.449187,1.277024,6.226317,-2.017388,0.7591646,10.19611,115.788,-22.22601,-12.45723,-16.39108,-29.88027
-54.8057,0.9404752,-10.2159,-4.591858,-2.025256,13.418,-2.370942,1.21633,10.55516,96.98639,-9.037883,-6.193552,-11.22603,-22.64924
-68.16441,0.1479654,-20.00028,-6.891762,-0.8625376,13.2883,-7.251938,-3.416627,15.96898,85.39672,-1.095616,0.02853335,2.117184,-9.264519
-57.24512,-6.074941,-10.64015,-4.559675,-1.06704,23.11668,-14.12189,0.8197411,20.36957,72.61335,-6.554765,-6.170075,-2.833709,-7.651987
-56.35833,-9.363319,-9.226217,2.757933,4.134164,12.69192,-14.2492,-3.174478,17.41472,61.76228,-4.053673,-1.152115,6.274027,-7.457715
-65.35196,-9.535304,-17.65261,-2.392658,0.5983326,23.78106,-11.44085,2.944435,21.88132,50.97398,5.928399,-0.705284,9.215978,-8.244858
-52.69127,-14.49506,-6.76438,0.06000777,5.709393,10.48923,-19.99716,-2.792226,17.07475,33.72214,11.67273,3.771413,14.33729,-0.09686887
-50.30769,-4.159867,-8.595125,2.185984,7.664266,12.27637,-10.30198,2.142624,21.31387,27.43134,8.716078,-4.72161,4.055731,-7.699985
-48.5032,-2.841819,0.8668133,0.03766004,5.830976,34.00737,-5.333846,11.90293,31.1636,15.84303,-6.41539,-1.686088,-5.546125,-29.32591
-35.79884,-14.29833,2.516602,10.83216,14.25406,15.98713,-17.22999,-2.815462,21.39055,1.211935,7.024025,6.804498,11.12751,-21.00586
-27.49649,-24.81807,5.913493,12.92361,12.96142,7.510182,-24.45557,-8.680175,15.11923,-3.169208,15.76445,13.22728,19.68307,-14.48324
-21.84699,-25.8739,17.93923,16.81922,7.293577,2.917428,-20.38609,-8.357934,13.90664,-14.12182,11.10592,14.52563,17.15927,-11.0802
-17.85549,-25.4483,17.66089,19.07171,13.46147,8.488201,-26.98464,-7.78403,13.7992,-22.13148,18.01528,10.32347,16.28111,-16.89743
-16.40363,-27.34159,12.93331,7.727645,7.085287,4.01061,-27.37201,-7.387926,19.51031,-14.19747,21.20823,19.44987,23.04293,-22.26559
-28.57181,-16.59068,0.2252619,16.04024,6.803172,15.95059,-15.32522,-2.02029,22.85023,-6.973508,17.14277,4.084154,15.64307,-29.258
6.085964,-24.52803,19.05375,-0.9167951,-8.460368,-6.131608,-26.36884,-14.6725,2.341524,-32.62474,9.635931,30.03897,11.9873,34.55942
10.54339,-40.13588,11.49714,-30.3451,-39.2416,-27.05426,-44.37096,-28.99325,-9.149126,-46.76435,16.89576,82.81037,18.828,125.4798
-20.29603,-31.58683,-2.229122,-27.343,-36.14978,7.775178,-29.11488,-14.69021,-2.82264,-39.75579,20.18343,68.10593,15.31535,92.60837
-3.681129,-27.83004,15.05131,-15.83226,-26.00445,-7.021545,-29.95056,-17.65122,-4.666035,-42.24957,13.62098,55.94332,11.51996,78.75121
-10.25888,-24.76897,7.963344,-10.07025,-26.60502,0.1855682,-23.66775,-11.37348,0.4710869,-46.65201,5.056925,49.30147,13.62316,76.79478
-23.73621,-13.21818,-4.1435,-18.08859,-25.90336,-6.040032,-10.57245,-1.469858,10.85587,-38.92482,10.76192,37.50729,21.92588,61.04603
-43.5737,-18.75694,-14.67318,-29.31597,-29.48638,-4.603462,-15.87338,2.295339,20.01034,-30.89674,26.90466,48.04828,23.32923,66.59187
-42.87503,-20.08031,-5.843487,-28.55151,-30.1418,14.42436,-14.3249,4.224161,10.30732,-38.42646,15.37667,53.23834,21.57636,61.09626
-39.78883,-6.368813,-2.701344,-17.77316,-17.80109,-4.64247,-3.528588,-1.230204,16.6154,-31.09526,10.45787,33.51698,12.00114,52.33835
-33.58988,-20.892,1.408332,-16.49768,-19.64572,3.957096,-18.66795,-7.575572,13.59873,-35.18295,12.42026,39.9511,16.58984,64.12637
-27.31592,-18.86426,2.470476,-9.584142,-15.41925,-3.018119,-17.64214,-14.28203,1.872431,-31.65127,11.6611,38.06153,24.90676,58.80482
-36.29946,-12.28699,-2.836099,-9.142869,-9.934714,-0.8147708,-8.619521,-9.772396,10.07906,-34.14739,20.74784,31.09414,15.32153,46.61164
-16.89414,-13.96245,5.395316,-10.52559,-14.22695,-9.941329,-11.54911,-11.61779,3.475347,-35.14256,11.50514,30.75368,13.2204,59.51003
-22.18543,-6.672276,-0.3900153,-15.14172,-16.82663,2.474735,-4.263162,-4.399977,7.387862,-23.48837,6.72712,23.12494,6.780061,46.87285
-17.19297,1.343829,3.311838,-15.78739,-15.718,-5.709486,2.286025,-5.986877,-0.1096191,-30.57863,11.09279,23.27875,3.234371,46.53537
-12.33352,6.329159,2.285206,-16.28427,-16.52501,-5.013625,6.822462,-4.070091,1.727772,-31.65174,3.162858,15.10694,5.965343,44.47852
-11.22009,6.313996,2.799842,-16.90618,-14.80934,4.662757,4.825079,-3.73114,-1.378196,-30.51808,8.123862,14.82802,7.366899,29.64256
-6.365848,29.6938,-1.881428,-20.91923,-14.35065,-8.711919,26.29522,7.165427,0.1964698,-27.79122,-3.933621,2.610466,-4.581888,22.57445
-5.654697,23.05249,-3.42302,-14.18536,-3.695551,15.05165,21.6787,3.490599,-2.361579,-24.82161,-19.5152,-7.612087,-2.629643,20.62532
3.476196,10.32682,0.5647504,-7.45574,-0.04554355,6.6108,10.7193,-1.708356,2.942347,-30.51165,-3.446553,-6.248034,3.915218,10.86046
12.91494,8.028473,6.38581,-3.516289,2.166517,8.021095,4.637917,3.069435,6.063004,-22.71722,-9.655018,-8.870816,-3.97193,-2.555903
12.97232,4.228724,14.33715,2.519599,10.01335,11.0253,0.9543863,-6.843502,-0.1715656,-28.20527,-8.525984,-16.30519,-1.688496,5.689173
18.76759,12.89862,13.39968,12.84891,11.46798,-3.52399,9.999269,-5.579021,-2.339015,-35.28333,-16.74769,-13.30317,-2.904588,0.2987602
14.10952,4.583982,13.48368,12.56007,12.83892,5.276056,5.397276,-6.761734,-4.023194,-31.28176,-17.1601,-9.528499,-5.458457,5.964241
12.27915,3.440562,1.273216,3.954911,1.52911,7.108764,0.670056,-0.8118354,1.232331,-28.98011,-1.035832,-9.878319,-2.373703,11.59171
6.313779,9.7806,0.3158676,4.388641,2.668672,-8.460177,7.04171,-2.406256,-2.317837,-15.45237,-4.787284,-7.875731,2.956824,7.833564
2.81269,7.811778,-0.328889,1.643245,3.151922,-14.86852,6.852763,1.214961,0.6848484,-9.776246,-3.526799,-6.848643,1.704187,9.472709
-0.3285084,3.38552,0.424074,9.715356,4.992311,8.750603,4.174582,3.951159,-0.4612066,-7.638053,-7.825115,-11.74647,-3.14676,-4.24749
0.1648144,8.557525,1.277043,7.391992,7.472854,-8.298474,11.06295,2.360317,0.7014411,-9.408072,-5.127491,-10.75757,-1.413031,-3.984281
-3.749425,13.86962,-1.430301,-0.4641678,-0.4140852,-0.7351052,12.387,3.900737,-1.477774,-6.087949,-0.04988895,-11.04202,-1.606856,-3.09978
-3.339619,1.331838,1.09112,5.741854,3.435066,3.341894,3.638601,3.423127,-1.508729,-14.7449,1.973963,-4.458137,-1.317865,1.391795
-4.97278,2.741859,-2.11967,4.058083,0.3512241,2.141102,5.365899,7.835208,5.333211,-15.31275,2.524577,-4.726631,-1.233873,-1.985451
2.938071,7.933798,6.119445,3.195381,2.91987,0.3751099,10.44955,4.111659,-0.4797243,-6.955984,-1.621659,-14.4663,-4.239529,-10.27968
13.95722,-0.1081035,3.672765,10.59775,13.41446,1.901837,0.8300351,0.5054494,-1.806226,-17.54704,-10.45455,-12.8266,0.6985028,-2.835495
-6.625499,-4.054181,-8.983783,-5.411224,2.079033,3.46693,-0.23157,10.54326,8.738178,-7.319938,6.113288,-2.324186,5.023893,-1.0142
-4.35623,1.068589,-3.89752,-4.478975,-0.74356,-9.626833,-1.074868,8.801464,8.143701,-3.331468,10.86868,-1.862314,-0.8301824,1.319511
1.689569,5.156163,2.673608,1.37673,6.730005,12.97375,4.525363,10.42687,-0.473709,-13.69248,-6.995771,-7.798508,-7.659533,-8.932044
4.930024,3.957844,0.9152838,3.258142,3.044583,1.450813,4.88709,7.357033,-1.001161,-8.42645,-1.938289,-9.808139,-2.833706,-5.793061
11.45008,8.231525,0.5293195,1.296288,0.3843215,-10.55928,4.77562,7.535446,-2.468039,-14.84862,1.100662,-12.96064,6.291048,-0.7577153
5.056562,3.299882,-5.148598,1.413031,2.515544,7.117877,4.416647,19.69607,-5.424879,-19.78816,-0.2097235,-8.556163,-0.5528811,-3.835207
2.564387,-6.777192,-7.542626,7.141315,-1.446183,4.515169,-2.422866,13.32274,0.2768522,-6.786983,7.446759,-4.194765,-1.565703,-4.530905
6.622666,-1.899367,-0.1586049,6.972024,5.78167,-7.527135,1.179146,9.003901,1.124118,0.9374748,5.574406,-13.26914,9.669623,-24.01078
4.05885,1.151228,-2.397811,-3.309306,2.38813,7.053823,2.843403,12.51135,1.47204,-6.56729,0.1803152,-2.855312,2.794308,-19.32373
2.006909,-5.448106,-6.996237,-4.525352,2.309957,10.87466,-4.585104,8.30823,5.351382,-3.971838,11.80007,-1.137277,1.317826,-15.30513
11.79187,-13.4913,4.633147,7.754097,11.98293,-5.635674,-12.15215,-1.489653,3.329816,5.116791,1.749502,-0.4755674,-2.906054,-10.20778
9.377975,-20.06796,13.62368,10.0535,1.752182,-7.110112,-18.5901,0.6202478,2.996954,-1.110248,1.740946,11.22953,-4.417119,-0.09948815
7.525506,-12.75565,5.09447,9.795004,8.731859,-7.699677,-13.3702,-10.84859,-2.573514,2.203323,10.15643,-1.773702,5.550391,-0.0356649
7.029018,-16.54716,1.578555,0.291804,2.615393,8.631296,-14.95386,-7.463501,4.628558,10.30693,4.202271,-4.688368,8.523149,-4.154106
3.438958,-15.80944,1.059339,2.857434,2.519392,-3.366232,-16.58129,-2.461123,11.56273,9.199666,11.60248,-2.441559,10.40739,-11.98776
6.432565,-5.927322,0.6499001,7.111609,8.857338,-0.2165955,-8.714058,-3.043136,6.570097,-2.175001,3.393646,-6.824434,6.940231,-13.05484
4.151783,-6.941891,11.06933,7.327867,9.094792,12.21073,-6.057825,-3.333762,-8.666202,-0.8475529,1.364568,-4.923864,-2.03153,-12.41644
2.617213,7.786571,2.566919,2.082583,9.635632,-23.6171,6.32222,-3.636076,3.194236,16.55816,0.9614985,-6.496936,-4.255909,-13.719
-1.594219,-1.389714,0.2920637,-5.087883,-3.00264,-4.820665,-2.778766,3.956934,4.630848,16.18338,-8.011235,6.599658,-0.675394,-4.302373
-4.298702,-0.6337223,-0.9316725,-0.6803626,3.114146,-8.517149,-2.531388,-3.312876,-1.788553,17.01155,10.76703,-5.935165,3.166031,-5.429168
-4.691864,7.329435,-4.945425,-9.043623,3.038687,-6.616259,3.306419,2.335398,4.623429,21.01103,-3.002032,-9.59241,1.996396,-5.749177
-6.223707,-6.28303,-0.3139947,-8.426344,-6.095271,-1.917183,-6.342286,1.98339,0.6955467,13.38149,3.076721,11.67817,5.95639,-1.169907
-5.467184,-8.460016,-0.8309659,1.460274,-7.680509,-9.867064,-12.26102,-1.037569,2.110626,8.348754,8.974183,10.63441,8.603157,5.472914
1.666684,-3.783452,3.782925,2.195333,-1.276341,-6.320282,-2.46556,-2.929381,-3.969428,12.36153,-7.477684,4.899836,3.735552,-0.4197318
-6.160948,-4.650409,5.608625,6.314576,-3.084074,-5.10195,-4.656786,0.8341148,2.096361,16.71617,0.6310548,-3.315398,1.425288,-6.656632
-18.32512,0.9224278,-13.81236,0.3789178,-6.437926,5.252392,0.7407137,8.839528,6.418864,26.44154,0.7642109,-5.48827,-0.7664031,-4.928513
-6.868611,-4.922919,0.7183588,2.111638,-4.234686,-2.719337,-5.270695,-5.304012,-5.602965,14.00143,6.59511,3.585365,5.069589,2.841727
-3.63603,-10.01094,5.101284,0.1552195,-7.777489,-8.975456,-10.42581,-4.454503,-3.568529,20.37306,9.033259,4.49985,6.219076,3.467006
-4.679818,-1.91139,-2.024083,-5.752023,-8.800169,7.061988,-1.535427,0.9307587,-4.803195,27.23266,-4.864212,0.4178472,-3.611122,2.338184
-5.616386,-1.832,6.116823,7.807166,-3.542794,-0.3981426,-4.285096,1.151352,-7.71364,19.15907,-1.433161,5.415538,-11.63819,-3.190542
-4.369196,-3.751827,0.8817639,8.404309,-1.753677,-0.08262186,-3.900541,-0.7631374,-7.377501,24.54475,-2.38472,7.837824,-10.25667,-7.028762
-6.611917,1.95145,-7.485249,9.795588,-4.125363,7.16925,-0.8696653,-0.6543958,-6.605747,33.28342,-4.143881,-5.375459,-5.227243,-11.10079
1.242416,-4.456023,5.14739,5.673745,-4.674476,-13.14873,-3.846425,-5.294821,-1.198977,34.796,-1.895604,-2.358399,-2.720137,-7.265962
16.57606,1.268581,11.85049,7.352691,-1.444793,6.990712,1.218558,1.212723,-14.46605,-3.131471,-11.14061,2.763592,-10.64634,-8.404145
-7.166713,23.46211,-2.150366,5.037477,0.9166382,10.91251,19.64629,17.25404,8.453936,-28.90497,-12.63898,-7.847809,-10.84276,-16.13138
-4.034408,9.418468,-9.064455,2.671028,3.744596,9.758059,6.534716,10.63027,14.06007,-47.63082,5.213579,-1.429808,7.449986,-7.321279
-0.1110039,10.25653,-2.675048,13.15422,12.72426,13.42716,10.70922,5.822028,-4.878384,-65.9276,6.235382,-2.237291,12.99849,-9.497958
-10.73903,8.722792,-8.751925,1.134506,5.218704,4.128107,8.548299,7.443439,9.308511,-62.5041,17.16478,5.065887,15.7212,-0.4611683
1.251243,4.923464,0.1978634,3.668162,3.248152,3.608677,1.081731,5.545074,4.240898,-63.40865,10.06545,10.34057,15.5985,-0.3611288
-3.95917,16.67808,-4.734838,7.518012,2.670306,11.01504,15.62354,11.83762,1.952071,-59.39902,-6.339797,-1.39198,11.87555,-3.345401
0.9199964,15.68564,-6.898226,8.824594,2.594892,8.095114,17.56228,4.958808,1.808493,-61.84832,8.159546,-2.002197,5.45257,-3.313176
0.8218307,9.267859,8.085464,7.761566,9.630868,12.53933,10.4944,-1.874049,-12.26136,-69.38843,3.264594,10.76982,5.963168,4.924949
-12.9092,13.72701,-10.70225,-6.31286,2.81715,9.679053,11.40012,10.28802,11.09439,-47.98932,2.38043,4.898404,5.554172,6.074893
-1.848068,22.57441,3.189106,3.256373,4.977088,4.754276,20.72722,8.75079,2.391539,-49.29974,-0.8405576,-10.45453,-5.757572,-2.420314
-10.61617,19.7687,-3.259497,8.460632,11.24985,27.88484,20.03424,9.289297,-2.509182,-46.65235,-14.5824,-5.825875,-6.844976,-6.39708
-11.01823,11.08819,-5.847521,7.214969,9.516885,16.334,12.49031,2.348657,3.135354,-40.97997,3.75137,-6.902813,-2.995975,1.864786
-15.21509,14.61447,-7.093503,-1.411516,3.141722,11.46334,13.86041,2.258463,5.368537,-34.4541,6.791053,-3.611704,-1.768187,6.056114
-15.19443,10.27343,-9.17128,-1.769807,6.583095,6.351596,9.990438,7.233511,11.59201,-24.29627,-5.361543,-4.137867,-0.3215171,8.228644
-0.3659136,5.265343,-0.6786082,5.332283,3.34362,4.06096,10.07593,1.230064,-6.152589,-29.97578,-1.463276,-5.123616,-0.7254854,15.17708
-6.620369,-0.2064076,-7.458495,2.161523,0.5777083,13.17955,4.87294,3.659376,4.471166,-20.75117,-3.957486,-1.689045,4.727528,7.033188
0.9462636,-1.252442,-2.350098,1.796852,5.16339,-3.126101,1.451501,-4.705832,0.6496049,-25.54037,10.2584,2.740796,5.166131,8.801911
-8.270243,-3.757341,-2.06952,8.386294,10.45884,8.227728,0.8744344,-5.178629,-0.8528104,-17.84839,-7.883906,2.411932,5.797304,9.704314
1.81278,-0.9009885,-6.503302,5.216817,10.09626,3.164732,3.521587,2.247449,3.783325,-10.98898,-8.209019,-6.708535,-3.559385,7.027272
-4.56793,7.552155,-2.985467,-2.179045,10.2152,9.540608,9.21946,3.291529,0.02862469,-8.86999,-8.360551,-11.37087,-4.024388,2.510673
-4.411969,5.637352,-7.451249,-5.801961,5.970446,0.965551,4.958249,3.248579,5.773494,1.421389,-8.470451,-8.211589,1.443598,4.928566
4.709967,5.231961,-4.787587,-8.696019,2.606397,-7.11024,5.033518,0.331504,-3.350382,0.0647909,1.669173,-0.4075515,-5.330122,10.0346
-1.462523,-2.393875,5.700444,-1.966615,1.758559,2.56512,-1.248729,5.289371,2.22932,-2.733385,-4.715116,-0.04089159,-3.360138,0.3784563
3.340587,3.991578,6.217175,1.709408,1.523347,-16.08648,3.50374,0.4638441,-2.030304,4.390256,-2.009611,-3.650629,-3.877609,2.514701
-8.172636,4.705137,-4.989356,-8.110454,-6.557631,7.999155,6.030756,6.612268,7.999091,10.26894,-6.875783,-4.793377,-5.41608,1.299976
0.9260523,2.990223,-1.427324,-6.406817,-7.468365,-7.638606,4.091946,4.500511,6.008915,3.993639,3.395729,-1.801205,-3.510243,2.345548
-0.3223478,-4.747529,3.375553,-4.417387,-6.612323,-14.36533,1.408453,3.116556,-2.603202,8.359888,5.609232,7.588703,-4.136438,7.746171
1.314362,-5.43527,6.696053,-20.77977,-8.860306,-20.31165,-3.694203,5.566652,-6.382782,6.231023,11.45382,18.67859,-0.9365477,16.46001
3.575423,-4.737021,11.77922,-15.5194,-2.313752,-23.26181,-3.422728,-1.692294,-11.73669,1.864291,14.44813,14.92466,1.476271,14.6157
0.7151251,-4.443745,5.111654,-18.10811,-2.669877,-10.55355,-2.338615,2.757133,-2.930605,12.43716,1.880916,7.667367,1.176604,9.29854
4.556543,-3.804252,12.17304,-8.093373,0.5150756,-13.28508,-3.88367,1.022148,-11.19528,13.30531,-0.1015458,1.253366,-5.130938,12.66864
4.688806,-1.51258,0.3625481,-6.172097,0.1748341,-7.35338,-1.745477,-1.353442,-7.420986,15.45435,-1.466941,0.6921054,-1.628181,7.28044
-0.2405325,5.450021,-3.511172,-9.716888,-4.921165,-5.564466,4.562578,-1.027628,-7.68657,12.73756,-6.543265,3.265815,2.181364,11.01435
-0.1236475,0.6686192,8.438822,-1.284952,-2.936773,-4.286092,-0.9462872,-2.141229,-17.3795,8.061446,-2.21263,4.268461,-1.276596,11.15036
-0.5560627,2.031843,-0.648795,-4.513564,1.511712,-4.577369,0.8590811,-1.195496,-7.683369,18.67064,-6.431709,3.88191,-0.9155111,-0.4333059
-18.74138,-0.5277901,-7.585975,-10.83717,-0.4255916,4.256114,1.894748,-1.092877,4.112827,29.83583,0.05295805,0.2538175,2.708095,-3.903606
-15.95177,0.8329969,-7.217844,-5.87605,0.2926718,0.03166318,1.431037,-5.595984,-3.596813,24.49233,1.858317,4.169621,8.275073,-3.145242
-15.89034,-4.395376,-7.334445,-8.782866,-0.019317,-11.553,-3.934026,-2.163949,6.19664,27.96264,2.525602,9.212821,8.901995,-0.726395
-17.83382,-10.63304,-3.010819,-7.429705,-3.601842,-2.515078,-10.34203,-3.762465,9.022337,28.5101,12.13764,3.99147,10.02017,-4.552936
-6.469802,-3.287108,-0.4486409,2.14134,1.848737,5.986056,-2.954963,-4.484979,-1.740302,21.16246,-3.326328,1.252732,-1.73881,-7.940397
-8.441018,-2.212807,3.001088,-6.036725,0.6499354,-2.985599,-3.545293,-4.13971,3.389329,22.895,-4.632129,0.6166697,-0.03766124,1.478914
-16.77855,2.831769,2.890764,-3.116821,4.458858,1.229684,-1.845373e-05,-3.447978,-1.761529,18.95972,3.158175,-2.516411,-1.882821,-4.024848
-11.45101,1.074555,-5.455514,-0.7333403,10.08618,9.258202,-0.5938872,-1.752102e-05,0.70137,18.62851,-6.695329,2.013256,-6.741717,-10.09126
-1.146303,-3.147813,5.514454,4.372249,6.473054,6.749586,-6.263942,-5.130379,7.066207,11.86546,1.155029,-4.460707,-8.832836,-14.21406
1.145848,-4.232764,7.01062,1.004914,1.887245,6.478409,0.6578016,-2.040353,0.04564099,13.31449,-4.645801,-0.4894247,-6.885863,-13.25076
-5.139416,-1.901014,2.201372,-3.912231,7.683634,9.269883,-2.853547,0.8889861,-1.161808,3.732307,-1.051222,3.742989,-4.034218,-7.465716
-9.14677,3.70905,-2.027581,-2.056051,3.644595,6.529282,1.229408,4.170911,4.499183,3.48154,5.363292,-1.529753,-0.799422,-17.06768
-3.612322,5.915939,-1.766836,-4.889323,0.440267,16.68532,4.942721,8.494656,7.588924,0.7525915,-9.909386,-5.090387,0.7899131,-20.34207
7.857182,-0.1219714,6.05237,-2.141548,3.85698,8.940246,-2.394318,-2.205918,4.897604,-13.41039,0.7117646,-1.991314,-1.287367,-8.763315
15.80915,-7.345403,2.516931,1.662146,8.867567,6.939885,-3.443701,-4.67411,-6.378867,-5.781402,-9.821711,3.800067,-3.01226,0.8617008
1.125099,9.309131,-3.600333,-13.37476,5.311886,13.56666,13.39517,11.79348,5.562582,0.5166749,-12.39674,-9.1474,-10.65402,-11.40742
4.601202,-4.406351,-1.537814,-7.309686,-0.5568512,3.152948,-1.669612,5.00355,9.481812,1.191253,7.072022,1.263819,-3.600225,-12.68606
13.99142,-9.186094,6.78273,5.24004,9.741958,5.107927,-11.92111,-3.850945,4.88456,-3.978079,-6.918443,-0.2560773,-5.708069,-3.929834
22.64353,-13.52046,5.335996,4.416866,7.490869,2.206389,-12.7876,-7.732041,0.3351918,-7.786222,-0.60154,4.168413,0.4282065,-4.597621
23.37153,-13.41817,8.162269,8.366022,7.609815,-17.31492,-10.44416,-7.369773,-5.457147,-7.643959,3.025516,3.024216,7.241837,0.8469087
20.00533,-13.70711,5.125576,5.3727,-1.611073,0.9940947,-9.629234,-4.508846,-2.847893,-4.29468,-0.9312862,1.56479,2.017804,2.449823
24.87279,-10.90651,8.850821,11.81048,-0.4730536,-7.208278,-10.2729,-9.810802,-4.188065,-1.242557,5.217903,0.5140962,1.765958,-8.929893
19.93951,-10.64208,3.204308,13.28359,4.396523,-9.587229,-7.093917,-4.595935,0.02610678,1.673819,3.425481,-5.696001,1.033108,-9.367302
10.79411,-14.90232,-4.619008,6.611351,3.940139,0.4726284,-2.771022,-2.686285,1.866896,0.8906809,-3.093805,-0.8046478,9.963423,-5.662149
5.292799,-1.042104,-0.343678,13.05398,6.798915,-9.328835,3.573951,-2.446004,-7.610817,1.488738,-0.4426321,-9.884566,7.415055,-6.5248
17.39962,-1.215558,-0.509204,10.55451,7.931598,-5.90094,-2.174331,-7.497547,-8.3217,-2.162891,0.4037773,-5.753705,1.143832,-3.897457
9.427302,-2.845878,0.9355342,3.306602,3.482919,-2.192238,-2.018044,-3.694791,-3.296073,-0.6627324,-8.545417,-0.3725252,3.598222,2.877117
5.43649,-8.416698,3.692645,2.554895,-4.235814,-0.6468126,-4.578391,-5.141777,-11.34842,-0.04070441,10.80288,5.048528,4.094675,2.778489
4.825393,-0.8716454,-0.2526751,-1.4202,-5.431486,-3.023174,0.5300113,1.430692,-3.075492,2.683827,2.70779,1.733169,-2.854922,3.018713
0.6880272,-7.273893,-5.290172,1.602411,-9.501107,-5.899833,-7.700485,3.285847,1.781319,6.281664,13.16611,5.674529,-5.015125,8.200706
8.910015,0.5109594,-1.957367,9.631354,-3.097766,-8.875328,-0.214444,-6.920566,-10.25202,4.491382,2.811467,3.214138,-7.478385,9.226561
5.548703,-1.139238,-1.999708,1.159976,-10.84667,-9.650613,-0.7926797,-1.676539,-3.026614,6.190964,3.974447,2.986351,-4.036519,13.30814
5.734079,-7.424023,-0.6484995,0.9857526,-7.778413,-5.97191,-5.126657,-1.44721,-5.612673,9.833694,9.733992,5.279911,-6.12157,8.56352
4.864704,-1.808794,-5.741369,0.9622651,-8.142614,5.864731,-0.4494106,0.6805615,-7.877829,5.936156,-3.255195,2.803348,-1.197512,7.360955
3.874655,-5.012937,-0.6304636,2.013158,-6.575117,-10.51633,-1.656908,-2.183462,-8.686857,1.324634,10.36232,5.697592,2.16609,9.823618
1.125578,3.13154,-5.18676,-3.12336,-2.478865,-2.927851,4.453558,6.738151,0.4749687,9.827661,-4.45331,1.142905,-5.88121,-2.843005
7.043293,2.294382,-4.651471,2.263593,-6.989243,-1.27747,-0.6346532,-0.386312,-1.88232,6.845907,3.263899,-0.8801029,-5.556229,0.5467252
6.075931,1.249409,-2.710108,4.649957,-4.352576,-8.306625,-2.279866,-7.046973,-7.521997,1.661918,1.583636,3.242372,6.410086,7.344838
-1.238448,0.2672707,-5.609268,-5.601193,-1.180876,1.541391,-0.2439717,3.300963,3.851692,11.36804,-4.381345,-1.269298,3.980911,-4.785868
3.095373,1.487909,-3.365577,-2.541303,-4.12047,1.646658,-2.59393,-0.3398079,0.6209584,10.0656,1.77872,-6.547868,1.742949,-0.9292144
-0.8934007,2.047076,-0.4746755,-4.16215,-11.34007,-4.714715,-2.090761,1.59755,0.2591974,7.766953,-1.909041,2.634993,8.78335,2.495693
1.382306,13.79609,-5.390337,-7.802103,-12.87437,1.945054,11.65428,8.379815,8.411678,17.74211,-7.429339,-12.73556,-7.157914,-9.921694
3.877215,10.11206,6.889254,-0.01106852,-5.881454,7.686455,7.105616,3.173564,0.6448677,4.794846,-14.38195,-11.00383,-6.451162,-6.554406
-1.208266,-0.4844905,9.898046,2.299419,-4.91998,-3.440769,-1.728902,-0.598385,-8.037458,3.101605,3.075266,-3.613788,1.539065,4.118638
-5.630881,-2.334242,-5.625547,2.836158,-6.318302,-2.022884,-5.977411,-3.49885,-3.801446,9.282233,4.096814,5.470532,-0.0679959,13.59182
2.791221,-8.082218,5.947749,0.2381266,-9.908397,-13.33071,-13.32053,-3.942626,2.198462,7.217798,10.38343,8.16957,2.872238,8.765888
-2.608233,3.539321,3.366464,5.941321,-7.797069,-3.653383,0.06554087,-1.715175,-3.595244,2.672423,-5.234395,-0.8054222,1.316676,8.507176
-6.850635,6.721374,-1.476089,4.427833,-5.561306,1.941755,4.292659,-4.108772,-4.906279,5.262896,-5.636146,-1.923247,-0.1565378,7.972502
-6.260459,5.904047,-3.516208,-4.073197,-10.22333,-0.8272085,1.932702,0.016872,5.145082,7.279395,-2.880469,-2.097089,5.371837,4.228031
-6.066867,4.158733,-3.360494,-3.313675,-10.85535,4.671113,3.236958,-1.724558,0.6425887,4.617209,-0.6431836,1.822598,0.5779492,6.236978
-2.03929,7.374966,3.351742,-4.08588,-8.048338,3.464825,6.729434,-3.152255,-3.16463,2.566296,-6.142719,1.462366,-0.7374587,2.420945
-9.873381,6.154434,-8.175282,-0.3733278,3.721143,15.51456,5.555619,0.7173589,2.990602,1.505499,-2.803244,-6.205226,-5.227049,-3.5017
-7.547677,5.008591,-2.934913,0.5752419,1.194202,3.178961,7.866726,1.43999,4.967326,1.655474,-1.1267,-5.206928,-5.63221,-3.438079
-6.899068,6.293237,-6.664312,1.952553,3.455061,7.657649,4.975398,3.658342,0.3670816,-1.076156,1.302666,-4.639901,-3.844862,-6.537682
1.754114,7.215907,3.152954,0.2463569,5.967233,13.13914,2.59163,4.366763,-3.197712,-5.83352,-12.74515,-7.107539,-8.238582,-1.311581
-2.298318,5.317906,-1.729503,-0.3204639,5.892259,4.280166,1.923955,-4.473987,-4.033926,-0.2028798,-4.343153,-3.968016,0.8006592,3.155306
-10.44105,0.529925,-1.824703,3.2607,4.198215,8.050255,-1.622164,-3.983761,-2.839654,-1.092028,3.253555,0.5722319,0.6469057,1.291568
-3.512629,4.014691,-1.340115,-1.595728,-0.528047,6.840623,0.8249048,-1.36082,-0.8560295,-5.109743,-5.839962,3.034791,-0.7062755,6.134343
-0.9706323,-2.825537,1.779963,-6.881294,-5.638238,-4.009794,-1.52703,-2.459744,2.13597,-5.523914,8.137991,9.01591,0.8988928,7.867451
5.24457,-6.515163,10.59323,0.05638659,-1.161871,2.086123,-5.256423,-3.098695,-0.7153013,-4.911691,-11.1109,6.038728,-2.636968,11.38798
9.206329,-4.966162,-1.272297,7.042057,8.190062,1.517062,-1.77251,-4.717813,-2.285136,-1.968779,0.6963806,-10.18521,-1.864506,2.380522
5.234574,-5.161415,2.116325,7.342808,5.547695,7.568202,0.4786597,2.283754,-4.320459,-3.02895,-13.68479,-3.634965,-0.5218418,-0.2196002
2.702607,-2.329104,-4.044503,-2.344593,-4.630024,2.695498,-4.086069,2.989283,7.278128,-0.03956513,2.333806,-3.189819,2.393712,0.2706409
-0.8594162,0.7882752,-2.272225,-2.426825,-6.206854,6.679689,1.284089,9.433696,9.727841,0.9254653,1.717653,-7.383641,-1.873685,-9.534061
9.720308,-7.116591,9.445875,-5.714767,-0.770499,3.765854,-5.205533,4.915242,3.011311,-2.862602,-3.923282,2.806051,-1.621128,-6.450243
11.28894,-6.887422,5.699513,-3.978271,-3.014032,-1.604901,-7.497886,-6.602853,-0.7429185,-2.244919,10.82711,3.53437,-0.9869344,2.210202
2.977931,-3.447031,-6.550601,-4.462817,-3.695565,-0.1591887,-4.905215,-5.218482,-0.006398387,2.632917,3.024371,5.868723,6.421892,7.519458
-2.929351,-6.001767,-0.1835533,-5.931084,-2.485932,2.187897,-6.595513,-0.9014596,3.11686,0.2170366,15.43624,-1.817773,3.568668,2.319726
-2.350006,9.380901,-10.7974,-6.428346,-3.635836,2.197691,9.409347,4.923194,6.252258,1.989737,-0.5464851,-5.426466,-0.5818007,-4.386778
5.202914,4.626297,-5.873966,-12.78751,-1.514317,4.295834,1.246688,3.038191,6.522834,-0.3195711,3.454976,0.1327049,0.7179736,-8.743049
11.03229,-8.084327,8.202086,-4.581662,3.426771,9.055788,-11.44466,-0.9459434,-7.86804,-7.998518,2.708405,4.890742,2.299577,-0.6925128
9.24311,7.844087,-2.575501,-2.617681,1.072878,0.4228344,5.228897,11.59747,-3.641546,-1.467634,-4.000238,-5.799765,-2.287669,-13.01924
13.73339,-6.346253,7.713291,-3.250049,-0.9411235,-5.592565,-7.398324,2.022646,-1.625623,-2.396557,11.85098,3.664747,-2.32072,-9.113845
9.421269,-8.749493,12.76996,1.786227,-0.02662287,-10.87067,-10.21951,-5.477243,-6.035883,-11.96886,9.151731,10.3937,7.923563,1.901828
-0.6608393,-2.686415,-0.9527006,-6.797856,-4.950447,1.691748,-2.344625,0.1459202,-6.8504,-5.418288,9.321835,9.746905,4.851197,4.903963
-7.449728,1.875359,-4.917892,-6.547904,1.486678,10.92104,2.556981,10.88492,-1.359833,-10.83651,0.2024373,2.395261,2.589429,-1.800227
-7.923141,6.239065,-2.642107,-0.2529465,-0.3962764,-0.8878984,5.138049,9.783134,2.483778,-15.66848,5.545024,-0.04121029,0.1286164,-1.505598
-3.968193,3.716535,-2.093559,-0.8773465,-3.389363,-2.748794,6.673573,1.520965,-4.577175,-17.71496,5.610816,10.86349,2.648521,4.335498
-4.170559,4.124044,7.061217,-2.227502,-1.701586,3.26243,4.916866,1.968312,-5.892828,-20.92449,-4.53697,8.240943,6.689003,3.191127
3.037637,5.242438,10.66669,3.338038,5.382897,-11.21956,1.363827,-1.676376,-5.334277,-26.87214,3.279304,7.337008,-0.2096826,5.664191
-3.048797,7.003147,5.045324,9.566968,7.438676,-5.024931,5.539759,4.453607,1.695569,-17.12819,-5.1227,-1.21316,-1.751998,-7.453264
-2.561325,1.608964,0.7691771,10.49937,6.939194,-1.886182,2.895175,2.409123,-1.716708,-16.50357,-1.858995,-3.687837,2.771682,0.3219293
-2.25712,-6.146628,2.73491,7.578776,3.892565,-7.275932,-1.843241,-5.532769,-2.494518,-14.18057,7.255311,3.951116,8.452475,5.86562
2.234738,1.185218,0.7097529,8.828072,5.379151,-13.53865,3.724821,4.264672,-1.200043,-13.66548,-4.734426,4.297565,0.4718575,2.042755
8.040956,-2.476921,6.438892,9.707604,4.741197,-9.357512,-1.929864,0.265985,-6.881322,-20.31824,2.087641,5.354828,-0.3041991,4.630955
-12.88669,2.294037,-7.534614,4.734558,3.459283,2.937613,3.549193,5.79047,3.621035,-5.376012,-0.332732,0.05045827,2.532171,-2.83877
-4.793082,8.925397,-5.604095,8.146594,9.259445,-6.707237,8.513144,3.207315,-0.06725889,-4.473938,0.7845353,-10.95934,-4.237609,-1.993858
-7.083722,-3.484427,3.396145,7.823799,3.458654,-0.4543814,-3.853361,1.589893,5.47864,-6.265459,-4.666945,1.696978,-0.3052266,2.66941
-1.925767,6.328956,-0.8880328,5.37723,7.127116,-7.375763,7.388555,4.514644,3.858332,-11.50853,-4.154627,-2.509261,-0.9206267,-5.312221
-7.339419,4.573177,-5.158736,10.77011,10.9203,9.49142,6.785006,2.212059,1.372377,-15.10766,-4.605194,-4.649679,-2.953246,-6.310506
-14.47039,2.662069,-10.18632,4.077877,6.541452,0.1063112,4.948364,8.17978,9.108979,-6.371122,-0.4923656,3.673649,-3.073203,-4.705081
-5.597265,-0.4501293,-1.453577,2.955391,4.232306,-4.524614,-3.654367,1.859157,2.698009,-7.926698,13.28618,-1.449439,2.129454,-2.104407
-12.78793,-4.725199,0.3876624,3.029274,11.05346,-3.272671,-1.115476,-1.440556,0.1528295,-12.29049,-3.579595,7.282188,8.131072,9.175428
-3.70805,-3.028746,2.550392,-1.109568,7.575224,-1.211922,0.6115639,-1.886523,0.2084178,-7.995329,10.13261,-4.040997,4.505425,-2.602505
-7.655966,4.43933,-1.394949,1.061576,8.797873,5.302398,7.541983,1.750711,9.393908,-3.951789,-2.534117,-13.57245,1.385549,-10.56405
-13.7626,12.97288,-3.475476,-1.376951,1.966968,4.85294,11.6109,12.34784,11.04245,-0.3817744,-9.06171,-11.79772,-3.100728,-11.837
-0.08832973,-7.475579,4.946702,-0.3553144,-1.459881,-2.241422,-9.646976,0.307595,0.680968,3.572974,8.643133,3.907752,3.215957,-4.007588
2.671781,-3.532787,-3.208227,-2.358985,3.574384,0.8759697,-6.259092,-9.855751,-3.575873,15.55786,-5.552793,4.084993,10.09427,-2.515753
1.174497,2.132092,0.6898477,0.3526926,-1.927044,-4.869308,-3.305504,-7.511817,-4.740179,14.7526,1.613167,-5.098958,6.865568,-0.1276542
-4.348196,-0.5952463,-4.832417,-1.938885,-0.9597185,-4.381279,-0.01569718,2.209333,7.973265,19.55588,-0.8704637,-1.649849,2.512211,-12.65893
-2.765741,0.9662649,-8.309422,-8.017733,3.364433,11.33907,0.3268647,7.082429,2.961749,18.01901,-8.622508,-5.238134,-2.630103,-8.47618
10.48678,0.1636814,5.975458,-0.5857669,5.889721,-7.461162,-1.708108,-13.31,-13.70437,14.59079,-1.540943,-0.2934571,-1.253846,2.75122
-1.638431,4.78604,-10.4231,-3.346279,2.434226,5.054125,3.642555,-1.613313,7.081324,19.92213,-5.356424,-7.117301,-3.547386,-9.87816
-2.720793,0.7834163,-8.210567,-5.473846,2.082866,9.605525,3.254254,9.627666,6.341839,12.51619,-0.5496823,-7.942221,-9.90796,-9.406682
2.925649,0.8912665,0.5449175,-0.6029999,2.026023,7.230379,3.135023,-4.874579,-1.522381,12.70672,-8.15303,-2.716882,-9.011965,-2.578141
9.230005,-2.408899,3.376659,1.69435,0.02663868,-8.934731,-2.134569,-9.483315,-4.555293,9.966422,-0.7203515,6.090482,-8.434725,6.287323
11.29346,-7.479025,10.19385,3.67864,0.4182857,-2.598986,-9.527838,-17.67446,-8.029279,11.6976,-3.582615,2.842777,-2.95313,11.72071
-4.571598,3.303532,-5.925186,-1.665391,-1.796519,0.07785387,2.728143,-6.152107,1.661455,17.51929,-0.9124624,-3.096437,-0.9656454,-0.2049258
-11.42779,4.416777,-3.935581,0.804129,-3.777543,11.16412,4.138761,6.995172,9.160122,18.19554,-5.371318,-5.356412,-16.07838,-8.927586
-3.768109,-2.407099,-0.8115261,-0.5639206,-4.288053,3.66215,-3.383461,-4.595108,3.635158,22.47746,-2.331418,-2.00758,-6.833571,1.215079
9.20932,-0.3441613,-0.8817775,1.830306,0.3679967,-10.88627,-4.129608,-14.10784,-7.381442,18.34626,8.616859,-4.924989,3.41113,0.8742089
1.053407,2.934325,-0.8263184,1.696333,2.40565,-1.926269,-0.9078051,-6.162164,-4.864876,24.04807,-13.33539,-4.030452,-3.526962,3.442453
-1.057434,-2.441331,-14.33084,-9.310569,-4.74914,-6.58498,-4.354321,-1.367572,3.305823,24.42525,10.41627,3.934534,-2.011555,4.125864
0.5012393,-6.970196,-5.300312,-0.7291292,-6.571253,-8.359046,-7.714023,-5.687962,5.521142,24.12059,11.6723,-1.271446,0.3606069,0.4274874
-0.07962246,-3.07054,-3.974917,-6.06577,-6.462575,7.354988,-2.46711,4.037006,3.753901,21.83448,-4.313438,-4.757801,-3.513053,-2.275548
-0.2867939,-3.09949,0.09518843,-2.623436,-1.704857,1.153175,-3.160163,-1.945978,-4.482173,8.872644,3.650284,-2.618029,2.125972,4.023655
3.423846,-7.174074,6.241998,-3.385578,-3.717253,-10.78115,-9.369515,-11.34071,-7.472145,9.927382,1.646347,8.091518,12.08757,11.82176
-2.191267,8.364138,-5.375041,-14.12411,-4.519146,6.255776,7.894333,10.3236,0.4747975,9.453762,-7.647541,-9.83672,-3.82441,4.751835
-11.15602,6.922433,-10.87634,-12.04538,-10.87289,5.576173,7.12632,12.43167,3.031528,8.044742,0.3767037,-1.787682,2.860653,0.3680948
-0.89555,-2.119016,-7.212673,-6.655054,-3.259767,3.726693,0.7067606,5.426504,2.229051,4.438401,-0.6780316,3.623655,-1.212231,1.881258
6.39665,-3.92181,7.615967,-2.80452,6.23664,-1.211387,-0.5505452,-5.798908,-7.841726,-1.195068,-0.6450242,2.184354,-2.903498,4.438871
10.14346,-1.704342,3.800766,-4.347921,-5.026393,-7.671683,-0.6658796,-2.57581,-5.168297,-3.90757,-3.349488,7.251638,1.76776,11.45376
2.262676,10.91072,-5.168303,-8.572436,-1.265516,4.382548,10.57732,8.193335,7.085346,1.316485,-15.54345,-8.820022,-7.254921,1.896224
1.522544,-7.408612,-1.236866,-7.853526,-9.893802,6.979749,-7.657391,-1.613543,-2.571492,-0.7727005,10.32563,6.411571,4.67207,9.096358
9.173601,-2.344889,9.808633,0.5723397,-8.788882,-3.969485,-4.119592,0.4205499,-7.199389,2.742585,-7.385288,-1.237601,1.960387,10.36703
9.845792,0.7010514,7.033302,-0.4600341,-6.425383,4.42573,0.3967817,2.856678,-8.607526,-3.45946,0.3545675,-4.086323,-4.082042,1.506866
11.76342,-3.283641,9.44754,-8.084281,-8.352321,2.518434,-4.326061,4.625527,-9.181177,-4.507747,2.334076,3.796586,-2.246803,5.496446
2.56367,-2.742126,-4.184522,-18.10136,-9.7675,-7.206026,-3.832792,3.676994,9.216221,14.2105,-3.616265,2.70436,9.033803,8.045042
10.95955,-3.614096,2.83532,-8.783307,-10.11913,-4.51965,-5.510543,-3.689491,-2.313046,-2.522442,6.711557,4.100353,2.055863,14.40906
17.27436,-3.727184,9.28764,-2.670856,0.1926945,-7.299992,-2.777189,-7.581441,-14.58906,-10.36414,-8.662371,11.78537,7.555382,11.57678
8.723797,-1.085054,4.158187,2.318128,-1.683589,-7.260347,1.185316,-1.517344,-6.424196,-1.1762,-1.605699,-0.5441253,-0.9063241,5.817451
3.406947,8.385885,-0.50586,2.38056,-3.213223,10.70602,5.771503,5.51298,4.301722,4.036191,-16.69953,-15.46622,-6.509547,-2.107418
16.02766,-4.207916,10.40715,4.253873,-3.966014,-6.526508,-4.712132,-12.64484,-5.278022,-8.772519,-5.753701,5.104022,5.904579,10.16436
14.90501,-3.818004,10.66094,7.793573,-0.9661979,-9.306215,-4.974937,-8.112221,-2.999891,-6.744877,1.749496,0.4013441,-3.388501,4.800477
6.306511,0.4345174,-6.027504,0.5663297,-2.519506,2.342843,1.812371,3.458538,8.822563,-1.623491,-4.927075,-8.299291,2.356271,-2.703075
5.270751,0.5343804,-0.4566385,2.960693,4.458246,-0.1271582,-0.3874218,0.6098028,2.21753,-14.48608,1.138916,-5.730305,1.789538,2.20775
9.687104,-1.718492,-4.110894,-5.869805,4.891578,-4.842776,-0.9579777,-1.578587,3.576477,-8.569216,-8.72292,-0.08450814,10.61074,7.689273
1.1306,-3.05005,-4.234634,-5.907916,-5.407201,-2.666362,-0.8040165,2.417719,4.186615,-17.88992,5.302954,6.998758,9.473007,10.45044
-9.781867,3.29495,-9.541904,-7.511309,-10.09524,3.282959,0.9796076,11.18353,12.74013,-4.070688,15.65105,1.613932,2.529649,-10.27481
-0.5941897,1.119118,-5.446391,1.818739,-0.6554362,1.953823,2.433687,9.724518,8.093872,-10.73718,-4.612779,4.141736,4.797588,-12.0371
-1.031534,4.770864,6.839601,11.03786,8.073041,3.823346,5.455577,0.1775687,-1.739077,-15.96405,-1.326504,-6.08527,-2.321161,-11.71025
-4.015873,0.2569082,-1.716477,4.677689,1.163531,-2.285411,-2.901133,1.146057,3.339574,-12.75013,17.45436,0.6833552,11.58577,-16.63822
-1.955143,-3.188513,2.228715,5.189384,1.489897,-3.594193,-5.454234,1.651929,-0.06532713,-18.76953,4.237473,8.080034,12.75491,-2.605407
-18.02269,-3.655455,3.065499,1.817407,-1.31929,1.135112,-1.800385,6.350444,3.032994,-16.86522,12.8458,8.212402,3.896242,1.307127
-29.42057,5.44668,5.934457,8.663423,1.75982,-1.909791,3.764149,6.58003,6.548414,-12.82013,0.0548527,7.398275,-0.2136513,-1.785955
-18.99054,-0.4963449,14.47935,18.60629,7.243596,2.439254,1.494105,-3.689477,-6.919323,-17.09727,-1.766663,5.273174,-0.2554901,-0.3206538
-25.77872,-1.159555,4.16651,10.00422,8.072483,3.542309,0.6844156,1.907406,2.121135,-17.2911,6.20974,6.947639,0.9104272,-0.336905
-29.46512,4.673436,-5.68996,0.4597172,3.763543,-0.07945698,3.700843,5.129734,8.902183,-0.2813582,5.268188,4.849013,-3.534272,2.303514
-24.66184,1.96939,-2.108546,0.6013997,5.48309,3.688116,4.303099,6.260925,7.452946,-4.063757,3.217807,4.816503,-1.818029,-5.141099
-18.36905,16.36179,0.8395368,-0.303296,5.70591,12.36846,15.21448,11.86117,5.609428,-11.58223,-8.563845,-6.939032,-18.00543,-4.197866
-21.73364,3.033505,-9.118859,1.386899,8.746804,16.32601,3.556512,11.7046,8.987696,0.6575366,-1.721614,-3.241414,-7.524433,-11.05959
-17.72098,-2.460651,-1.822491,2.499434,10.03461,-0.9620708,1.690188,-4.024392,4.762792,-2.220915,5.898429,-0.470325,3.39758,1.398798
-11.59567,4.171722,-3.091376,3.420728,4.73614,3.023746,6.283176,-5.033202,-1.893864,-1.516056,2.9098,-3.572834,5.861526,-3.703835
-3.714261,-5.918253,-0.5270525,3.21991,-2.983697,3.972967,-1.785543,-6.35098,-3.376895,-6.520097,10.81552,10.7269,15.63604,-13.19457
2.149921,-2.149601,9.451716,8.317513,-1.107081,-1.350136,-0.450645,-5.693756,-2.28363,-2.261454,9.58619,1.064478,1.409969,-16.68349
6.619658,5.417334,3.57559,15.846,7.417001,8.289617,6.968009,1.896283,-1.584151,6.713005,-8.854482,-14.05175,-9.891166,-28.36094
-1.927038,12.47737,-2.252005,6.754205,9.773935,7.1227,18.03204,-0.003913471,0.1833165,6.770911,0.3419631,-11.48752,-10.58606,-35.19989
-12.40189,7.323907,1.482542,2.610349,6.350145,20.82849,11.44134,4.933424,6.9226,17.00133,-6.547281,-17.22203,-13.5131,-29.20981
-3.410419,8.322785,5.5807,10.07467,5.402983,13.98782,11.82639,6.266929,1.325462,5.426836,-13.55476,-12.53254,-12.06134,-26.65551
-7.73723,15.42267,0.223104,14.51964,10.16727,12.96887,16.2217,2.631632,0.5343609,4.190973,-2.732752,-18.45616,-14.89192,-33.06214
-8.946877,7.56092,-6.640344,7.730419,5.062075,7.082469,10.76592,1.949229,3.815079,11.62311,-2.815455,-6.080765,-10.76449,-20.34128
-4.880249,0.360365,-8.793414,5.275338,1.721435,5.200862,2.669669,0.3099523,7.599047,7.466543,9.132808,1.519175,-7.07571,-20.50582
-8.027448,0.4847368,-2.33699,9.049293,1.627368,8.778378,1.938568,-0.422632,3.215499,10.4859,8.949074,-1.838327,-10.10478,-21.79863
1.437575,-2.185686,7.327478,15.07642,0.7578609,-3.09422,-1.18568,-5.150527,2.492056,11.59672,-4.270015,0.8759405,-11.98467,-11.69325
1.747088,1.501197,2.879501,8.663619,-0.7988695,4.471545,0.8667836,-7.280684,4.434486,11.71172,0.324625,-6.027793,-10.38403,-12.10918
-8.547668,8.381114,-7.189878,5.657128,4.666638,16.92918,8.610872,4.042978,5.63426,11.02466,-4.609758,-13.62573,-10.20718,-20.7666
-6.037538,0.9832342,-4.336776,8.190048,2.813462,10.65316,0.539731,6.244911,6.10688,8.142217,-1.182266,-6.995755,-16.06101,-9.060298
7.721768,-1.204017,-0.9473943,13.87216,7.801276,9.926312,-0.5837645,0.5773621,-1.006718,3.89179,-0.5179859,-8.40884,-11.56483,-19.55712
1.878293,1.652208,-5.194603,8.749966,3.465873,13.36662,2.052462,2.750764,3.323045,3.371524,-3.636992,-8.9776,-0.6354049,-22.16615
-17.06932,-2.279021,-13.84537,-0.007035633,0.2495883,15.56077,2.573116,1.024944,12.29489,12.50209,7.992691,-5.775656,7.169885,-20.39156
-10.32236,-2.432104,-17.64283,3.703538,3.577876,12.9011,-1.173964,-0.1047043,8.070155,6.659226,14.07655,-6.274272,7.778406,-18.81662
-4.77572,1.564051,0.2814292,5.926713,4.568274,1.402899,0.09936729,0.9877343,-3.450107,-3.565885,5.8416,-0.7175511,4.626577,-12.78938
-8.392113,2.033483,-3.582731,7.592912,12.37723,6.120201,3.707577,5.363266,2.746688,-0.8019889,0.7134352,-11.17468,3.286379,-19.98966
-0.4331233,-14.3368,-8.064167,5.623937,10.06824,-6.736159,-10.23767,-4.072952,1.719016,-3.231155,22.20421,1.966979,7.127845,-1.598209
27.10048,-16.79568,4.506417,-10.16949,-7.259822,-10.35879,-15.29184,-9.483448,-10.77299,-11.14146,0.1953267,14.76353,2.709597,41.99815
88.19689,-44.94823,30.53675,-29.71797,-33.15315,-50.60782,-48.11551,-36.21877,-34.61561,-30.94173,1.446956,53.67254,3.592401,130.8732
103.1491,-48.52499,31.32388,-40.23849,-50.38731,-67.23505,-49.34494,-46.00752,-51.56792,-33.26121,-4.793009,76.02018,9.671433,171.1958
92.42264,-41.80224,22.37089,-55.81875,-56.86942,-67.8197,-45.06907,-39.93856,-40.43122,-25.34228,-0.7599532,73.40106,10.47289,175.1837
78.77843,-50.53775,26.84484,-45.25726,-48.70844,-68.94508,-50.72842,-37.55104,-27.84594,-14.54348,4.954798,68.92017,16.53047,148.0887
53.81976,-25.36319,20.64647,-23.8125,-29.24175,-36.93055,-27.4246,-21.52651,-31.61509,-7.982552,-21.5757,43.75761,7.867478,99.3811
29.31671,-8.453026,16.53198,-5.743144,-7.161201,-37.97886,-14.80917,-16.13079,-36.04321,-5.719748,-2.834905,23.55453,6.785747,58.68506
12.1446,-9.340168,9.680895,-5.869888,-7.744002,-27.24801,-11.34265,-14.78689,-14.77426,7.282045,5.103889,15.96871,11.1351,29.79061
-8.314803,3.115678,-4.786478,-9.487434,-1.227458,-4.627514,-0.5084776,-1.803131,-0.797766,19.50495,-7.201672,-0.07294693,8.644445,7.562602
-16.65087,8.755322,-2.199968,-10.16511,0.008669921,-2.102327,6.457812,7.371113,4.416861,20.58006,-2.226274,-9.736658,8.036345,-12.54497
-11.73864,7.770941,4.64677,-3.516745,3.410645,-8.260002,4.623879,4.138966,2.277604,14.70872,-5.832175,-12.22345,12.5477,-12.55421
-31.85029,22.91366,-14.47944,6.611619,20.41971,12.43376,21.79266,16.96144,9.899392,20.81845,-21.33567,-31.74936,6.541183,-38.97709
-32.11919,19.35128,-20.07361,-3.127709,21.86726,12.31534,18.5682,18.45727,14.71834,21.18266,-2.322494,-27.36984,-0.6390042,-40.80846
-25.62827,13.97851,-10.79282,4.495321,20.86321,5.127538,12.60254,13.43831,10.21449,9.577658,-8.36007,-14.63355,1.046264,-31.9291
-18.48618,11.04188,-5.060492,3.553722,15.50372,5.561821,9.1188,11.32186,10.7948,11.25256,-7.758183,-17.42807,4.574735,-33.99097
-24.87918,9.461625,-10.52451,-0.8688807,12.22989,7.624255,9.436646,9.471212,8.11853,7.859889,7.247696,-22.1638,17.36816,-30.38153
-23.10313,14.25346,-4.661321,4.592309,16.39164,13.78212,13.2453,13.26237,10.74507,5.443243,-10.02819,-24.01186,10.15687,-40.06784
-17.16568,8.567242,1.224288,6.010296,15.55522,11.96206,7.177372,4.982092,6.304784,3.011847,-5.983076,-13.96497,8.212366,-35.89383
-25.18282,10.28469,-2.078192,7.080727,16.71578,11.95792,8.652617,6.973082,8.894473,1.384356,-5.783485,-11.5379,7.125644,-34.48688
-25.68433,14.72823,-3.398115,5.827333,15.08338,10.43405,6.156679,12.16175,10.18436,3.496261,-5.686795,-18.26059,5.365629,-30.40783
-18.95485,5.699881,-6.282349,1.994745,5.63855,14.92222,5.07793,10.67933,8.484757,3.623364,5.908692,-15.07025,4.236636,-25.95864
-17.14795,11.34268,-3.498584,2.991129,13.90229,9.10774,10.36905,17.32592,12.73111,8.428898,-3.085725,-18.52244,-8.776052,-35.16806
-16.39299,6.738905,-4.840347,5.785842,12.24368,15.73326,2.787963,7.576081,7.267361,10.25209,-5.323068,-13.78482,-4.776784,-23.26716
-11.2069,5.857425,4.094861,3.562094,7.900654,3.307677,3.733867,5.552727,1.756983,3.132098,6.714767,-8.213014,-5.30052,-20.89272
-7.890173,2.25021,3.969507,5.305836,4.155342,3.489423,2.660331,7.122418,7.088346,0.09894968,2.318653,-3.142233,-8.192906,-19.2337
-11.49093,-2.294514,-8.806956,-1.611359,-6.676193,9.670314,-2.643649,4.772188,13.93394,15.00343,1.26307,0.7195736,-4.458748,-7.380173
-12.53356,1.779261,-5.84131,-6.192505,-5.34843,-5.415805,0.7869293,0.3394516,1.770512,8.848092,21.01976,4.43917,-0.850192,-2.801365
-6.713375,-3.086588,-6.482863,4.524175,-3.654346,10.24421,-1.48005,4.338348,7.015412,-0.3170133,-3.279651,3.486932,-2.526755,-2.068438
-16.18256,9.845831,-11.20882,-4.297295,-5.923869,15.39203,8.783195,14.77522,16.58447,9.867612,-0.5840282,-9.40283,-10.91469,-16.73425
-17.11475,5.282475,-14.66173,-3.512348,-8.405331,12.95016,5.987484,10.49064,8.598585,6.996084,15.64051,-3.947543,-8.631026,-9.673204
-7.85343,-7.394849,0.1644115,5.029962,0.7091419,-2.833922,-4.621756,-0.6779304,8.018749,5.72674,-1.658885,7.25469,-1.754225,-0.1087067
-5.163626,0.4698005,2.76244,4.782336,3.950481,8.050865,1.112675,-2.695235,1.279263,8.667343,1.336026,-4.02308,-8.45528,-12.07401
1.111147,-3.040272,-4.385854,3.343104,2.108315,11.18589,-0.8175563,-3.492018,0.8102155,11.13051,1.730156,-6.160845,-4.42924,-9.093551
-1.142453,-2.109037,0.4268658,3.055305,0.767031,-0.07536497,-1.29233,2.0848,-2.208177,11.63162,-6.327901,-0.09046796,-7.279758,2.559869
8.390489,-10.03773,0.1806452,-3.523284,-3.023024,1.2934,-9.38767,-2.13272,-1.30144,12.49528,-1.342863,7.241152,-4.237072,5.384838
16.52126,-6.211316,6.290196,0.420177,2.941452,0.339956,-2.844792,-10.06159,-12.55273,14.13345,-7.940587,-3.554202,0.6258492,1.892883
-0.05884331,7.544734,-2.274125,0.3898091,1.585642,5.795473,8.809002,0.07184044,-8.958121,11.4392,-8.854727,-14.2574,0.8069233,-2.039401
4.332863,-3.357794,-8.133783,-9.537844,-2.318295,-1.669001,-2.599393,-6.116399,-0.05338496,8.2847,7.50491,-0.2697682,5.280411,8.652778
-5.55298,9.574004,-3.833224,-9.583272,-4.10851,2.574704,9.548665,0.1419296,-2.049457,8.559245,-4.789207,-0.6715712,-3.2458,3.435478
-1.894367,8.361541,-0.7101049,-3.15969,-5.511816,6.280147,5.467336,-5.579448,-2.967011,10.14129,-13.88146,-1.809579,-0.2138531,5.477016
15.80903,-5.352108,7.813026,10.77768,-8.134522,1.055743,-4.307833,-9.461904,-9.146405,-1.892308,-7.966953,4.413717,-2.224126,8.616954
9.655871,4.083298,7.198004,13.54869,0.3960416,7.5836,5.060302,-2.764461,-7.175898,3.582644,-14.23157,-6.450999,-11.43148,-9.054051
8.732719,2.184777,0.993745,3.969608,-2.858904,-0.4992741,4.90544,-8.609816,-6.639811,8.114355,1.743291,-6.358852,-2.758981,-2.918295
0.426846,-5.513111,-0.7347425,-3.516773,-5.867226,-8.855931,-1.715086,0.1699544,0.9015896,4.505442,14.70786,5.11059,-3.188985,3.569563
5.182508,-2.865447,-1.097142,-1.980356,-6.36524,-6.536214,-1.131256,-3.543723,-0.9816225,-1.546406,4.854233,10.76839,-2.086402,7.328674
6.621866,3.773936,-7.253724,-0.8933907,-3.064834,-4.012099,2.866348,-1.731297,3.05825,-18.05283,7.13845,6.99996,0.1513265,4.398036
-1.691135,1.315706,-10.79552,-5.728446,-2.075131,-3.145973,1.861071,1.867291,7.380746,-16.99447,10.4255,10.92312,1.333351,5.323889
6.593147,3.811777,-9.111976,0.5977241,-1.643118,2.034204,4.593184,-3.524111,0.4460635,-18.8916,1.367489,13.5892,-2.512982,2.651005
10.19665,0.3700313,-2.670867,-1.270915,-7.832988,-9.849884,3.318249,-3.754139,5.007083,-18.40885,12.94819,7.584419,0.9132681,3.449755
18.38385,-7.039157,9.705484,-5.664263,-11.10078,-8.76249,-3.377871,-3.08004,-0.7008927,-20.58546,5.88252,14.41307,3.350269,8.575759
13.03114,2.720611,1.096545,-1.888145,-0.6000239,-4.801808,5.150902,-2.590111,1.351547,-15.46696,2.42029,3.221044,-6.539468,2.894443
7.040108,-0.3113759,-0.3640377,-0.5738161,-1.482253,-4.084185,1.572257,-1.566352,4.363662,-6.823117,6.728321,-2.150945,-4.75577,2.407503
18.9594,-8.350457,2.304032,1.181028,-2.11047,-4.929797,-6.261821,1.153379,-5.640549,-14.0865,5.500128,9.517914,-1.826709,4.590406
22.08334,7.447098,9.538835,7.512219,-0.9095032,-2.917572,9.042799,-1.627958,-10.00461,-17.8617,-8.913786,-3.97765,-10.02729,0.6157753
25.63112,9.913156,8.825457,5.877057,-1.965269,6.315008,13.12272,-1.491743,-14.72437,-14.98657,-13.72367,-5.792815,-10.3543,-6.645767
22.98812,-8.79891,10.03567,5.485097,-4.489557,-0.3088268,-5.344911,-6.889584,-15.18825,-7.5226,8.214938,3.567585,-3.976597,2.227819
12.66329,-6.099286,1.239497,0.1695115,-11.45526,3.394717,-2.314395,-7.026094,-0.9449514,0.04178147,3.009476,6.82116,-5.365877,5.866419
2.72264,11.73524,-10.30526,-2.738078,-0.8902198,12.25786,7.486015,6.328978,3.73158,2.477251,-1.626665,-8.040529,-5.08111,-18.0577
10.07965,9.996586,-6.892662,-2.080344,-0.1907463,8.867176,4.278751,6.724853,0.4481389,-1.465727,6.614855,-16.391,-4.036318,-15.95321
25.68376,6.853077,-2.986123,-4.651752,-3.454904,-2.273585,1.736445,-2.500826,-0.7023987,-3.363564,-1.866256,-8.119324,0.4781182,-4.832664
21.14029,1.164228,3.333197,1.238718,0.6725429,1.886008,-4.331154,-3.27587,-2.31965,-6.049487,-2.102591,-2.446432,-2.629222,-6.280578
19.93464,6.795973,-3.920661,3.865973,12.41739,7.022926,4.743412,-1.021637,-2.802317,-12.01044,-5.622244,-13.89334,-5.880205,-9.629459
12.08686,16.41335,-12.94336,0.7138824,10.49106,7.747313,13.09764,10.1561,0.3184737,-7.288014,-10.26583,-16.02429,-5.85496,-18.64822
10.13313,11.77038,-5.991001,1.326525,2.093829,10.08801,8.20813,10.78115,6.777849,-1.632728,-4.294764,-14.07406,-12.30319,-22.88325
18.24395,7.259437,-3.527943,9.216285,10.42338,-0.6260662,-0.9826111,-3.153096,0.84762,0.2735181,-2.769994,-11.05774,-7.166899,-16.97983
13.67977,6.182088,-2.101808,2.784391,2.349,-4.144404,-0.1825598,0.2081093,4.465952,1.489425,-6.655262,-7.098245,-5.277906,-5.698547
26.40736,1.315693,5.482222,8.767487,1.38544,-2.440286,-2.676905,0.5769174,9.43546,-1.826749,-9.23634,-10.98177,-13.83806,-12.37048
29.08288,1.040643,8.59184,16.12907,6.206989,-5.921649,-2.291423,2.034016,4.506165,-7.018716,-4.87228,-10.18398,-17.38953,-19.91403
30.42703,0.3903322,10.80197,8.575606,1.751909,-7.138067,-4.729385,0.4612478,7.80233,-0.8404946,-9.481958,-11.17651,-11.54271,-15.30129
26.40004,-5.230255,4.797521,3.985301,-3.953497,-4.484073,-12.25072,-4.831073,16.02001,7.508073,6.487719,-9.071322,-5.224245,-20.15348
21.61854,0.06759409,6.587425,8.703238,3.30022,-4.944562,-7.645505,-7.919237,14.56362,4.530127,-0.1315556,-13.50112,-0.8631331,-24.36565
34.4882,-5.242712,20.24182,13.9149,9.028202,-9.271389,-9.417481,-6.855932,15.03148,-5.127357,-18.63963,-10.01895,-8.857914,-19.27325
16.05245,-4.186446,11.77727,4.382016,12.51794,13.56439,-11.03607,8.135829,26.05663,-3.556926,0.02008229,-16.57061,-23.32894,-33.82763
29.10249,0.0960679,9.952337,11.22526,16.35467,2.301978,-7.418609,0.9541224,20.24708,1.848785,-10.89141,-16.88392,-18.32333,-38.56552
36.04918,-2.41892,19.56873,20.66661,18.6403,-13.39383,-10.63673,-6.799398,11.42722,-1.530157,-10.12538,-16.87651,-12.73222,-31.83889
21.27436,-3.90028,12.92218,14.27623,13.47556,3.953032,-15.18274,0.2166957,24.02,-7.486701,-0.7942361,-17.51258,-6.324875,-38.93666
19.71467,-3.32173,10.66773,16.18141,14.77882,6.144086,-13.61375,3.133806,32.51226,-1.12592,-12.87341,-17.29235,-6.585842,-48.31978
20.03733,-9.617398,19.88678,19.43667,15.12007,-4.038811,-19.88302,-8.140584,25.73294,2.127615,-1.93785,-16.44998,-3.925993,-38.34779
23.24645,-7.966907,22.99019,28.87443,22.60372,1.442263,-19.74243,-15.7129,20.10387,-3.801012,-11.96939,-13.81586,-2.357721,-43.89472
4.130178,6.743448,14.14985,33.01536,30.89937,18.67286,-4.113165,0.7197763,31.95677,-0.2724378,-19.94929,-39.18557,-11.87072,-64.89643
3.293554,-8.016992,11.90383,28.60055,24.65289,-4.097644,-19.00387,-10.83083,41.26009,-0.4514994,0.5082891,-20.96226,-3.344005,-43.51211
6.999403,-15.94361,23.36979,38.65925,29.24623,6.676235,-24.82609,-8.244001,38.07927,-12.33832,-8.98127,-15.94106,-7.578696,-49.17716
-12.02004,-16.28687,26.0442,43.29708,30.22016,9.078354,-23.91713,-8.09451,31.12444,-6.808781,0.06931947,-13.64693,-11.16776,-47.89154
-21.53884,-12.83379,25.91528,44.60702,33.69424,6.883018,-21.44052,-17.24688,28.69999,-6.937983,6.202972,-14.81169,-5.437872,-45.75497
-34.91412,-15.11548,25.60336,46.30371,32.80867,16.59847,-20.1893,-8.763478,31.93921,-9.179161,0.4336662,-13.51229,-5.404791,-46.60848
-52.00821,-18.53586,34.7341,49.04607,34.28802,0.2830864,-22.22133,-8.571317,33.16711,-8.509689,9.398379,-6.942624,-3.860042,-40.26771
-65.82622,-14.73755,44.30372,61.31882,34.54597,8.12227,-22.84711,-10.39448,28.77633,-13.7965,3.659631,-9.520697,-2.946853,-40.65736
-80.68461,-13.3411,43.14153,62.55415,40.99913,23.84588,-18.90486,-3.033387,36.87178,-7.321994,-1.512524,-19.65149,-12.61977,-50.34277
-97.41144,-15.96206,45.23971,60.8139,46.14485,17.53627,-18.93165,-12.55582,32.08163,-0.05833787,7.943164,-18.53991,-2.117406,-44.18293
-101.9419,-26.75512,53.9256,57.70158,39.34822,6.478641,-29.53221,-31.60764,25.65679,2.101207,18.52833,4.236789,6.853169,-24.99346
-98.28773,-31.96205,70.42226,61.52003,36.38983,11.43693,-32.4692,-29.42126,35.33248,-16.35996,5.874131,3.11145,-2.277784,-13.30915
-123.1932,-59.34888,50.9922,31.22966,11.78002,1.339253,-52.83597,-46.94077,19.28835,-1.373248,8.146156,53.86285,16.7397,90.31384
-172.4911,-92.84447,14.91002,-9.306908,-15.74836,-28.80264,-78.9099,-73.47984,-25.18246,30.57651,43.48055,127.5313,58.84502,221.4222
-232.2549,-105.2126,-8.281503,-33.33392,-47.68901,-53.4836,-90.95107,-87.23382,-57.18916,98.56185,67.85143,165.8874,93.05013,290.2786
-276.9634,-93.11182,-14.31388,-18.88284,-33.59916,-30.05825,-72.80595,-73.1963,-50.39144,-87.08659,84.05569,204.7536,130.4277,331.1725
-321.4931,-81.93447,-28.66311,-11.9728,-25.03391,-20.29266,-52.11207,-44.42624,-43.88356,-231.0638,111.9382,225.9093,170.1924,352.8356
-356.3187,-93.70271,-38.7689,-6.734008,-13.05919,-17.31582,-45.92892,-8.537146,-61.20331,-287.0678,160.4223,233.828,191.7701,342.616
-416.0326,-90.92191,-75.78468,-19.39988,-1.563337,-50.24892,-39.20923,3.359778,-69.64465,-54.82549,136.4756,207.2034,175.3589,295.2329
-472.5604,-48.68042,-108.3025,-34.02687,-7.87301,-59.24015,3.427561,27.6209,-60.37069,76.11831,117.9243,168.0321,155.5667,242.364
-475.0596,-18.25072,-95.94127,-34.22991,0.05831722,-39.53474,35.53053,77.08057,-19.95582,-140.1366,144.2197,174.2178,166.3578,225.644
-527.2127,20.47133,-140.4205,-92.46606,-45.93458,-81.51063,71.62701,65.06992,121.1743,286.9728,47.74,67.06192,75.6873,131.7398
-543.8669,78.166,-125.4058,-105.7925,-81.86012,-51.68875,125.5711,121.6123,167.2557,291.6807,11.28316,17.76236,29.35019,65.93272
-558.6415,252.6681,-139.9344,-125.273,-79.4457,-31.58858,294.9474,190.9483,4.288353,387.533,-58.47946,-87.9192,-28.84909,-20.25372
-513.0936,297.6723,-96.26266,-91.70122,-42.95809,13.3725,343.9484,200.1354,-59.35612,150.7668,-50.1757,-99.92197,-20.62525,-31.80046
-483.1997,137.4253,6.631844,-59.04979,-20.79455,49.2179,185.939,162.3744,-28.32409,26.79645,10.94328,-10.74786,21.79737,0.9906157
-435.7681,123.088,55.1918,-31.28223,25.01315,55.25063,173.3634,155.55,4.697523,-179.7727,22.69348,2.232296,23.4017,6.341222
-365.6732,87.47887,133.5951,-4.042013,23.45615,83.7738,133.2146,151.7758,-2.235769,-419.4617,48.02039,43.50315,52.31038,34.28449
-318.1186,46.33701,184.8851,2.49311,20.98386,62.338,87.01252,136.0753,-18.57816,-389.3039,56.24007,47.88081,50.71345,31.0416
-224.5875,9.178658,168.7217,18.13268,28.91414,95.00092,49.28339,112.6067,-46.73215,-387.7754,66.19553,42.16615,46.49768,22.3975
-135.1685,3.123808,177.0548,34.31966,30.02103,152.2002,35.29329,94.86665,-46.72236,-496.9027,64.41036,32.87891,37.87354,16.75128
-89.54944,-56.97203,126.8948,-2.761098,-24.73372,68.047,-23.0476,37.36258,-74.33219,37.48452,20.61047,8.777739,-14.0605,-13.72053
-5.28025,-67.52477,66.37638,-25.84237,-48.73252,13.49046,-36.89217,2.441953,-128.3656,344.4084,-11.52857,-25.70065,-34.97506,-41.87531
174.8724,-18.09176,98.68425,18.45373,-5.408362,69.34075,8.455717,40.61538,-61.21959,-322.8381,17.4797,-5.222559,-2.265265,-12.85626
273.5872,-21.00244,72.76328,-13.80801,-27.076,77.78664,-0.7809603,12.13603,-87.73338,-88.56332,-26.20783,-54.21955,-47.32056,-69.56111
381.2337,2.038264,-37.71673,-36.31215,-42.49857,46.84556,15.94873,-4.837348,-174.9042,206.0463,-75.90559,-94.66022,-81.80402,-103.4736
484.8751,-24.03313,-68.9848,-53.42431,-67.53961,7.941293,-18.775,-40.42035,-83.66998,240.1392,-75.78893,-100.2033,-86.91418,-113.2021
562.8253,-46.91236,-82.23541,-57.32301,-44.8046,2.574956,-52.10986,-65.39786,-24.16592,286.2278,-102.7165,-124.4426,-110.2653,-141.2547
630.3536,-73.92577,-89.84019,-62.06649,-45.54678,-14.6239,-88.21925,-81.53419,-60.64489,347.5423,-102.0756,-111.4435,-110.1677,-137.8076
659.8409,-97.83077,-56.62309,-60.63255,-49.87378,-34.56954,-118.1644,-103.3576,-46.87879,313.104,-84.81247,-96.04524,-96.39449,-127.7622
675.5662,-70.25909,-56.64087,-49.82248,-43.29259,-25.49445,-91.97162,-89.7264,-30.2343,181.5998,-95.54214,-87.87529,-99.73101,-116.5758
677.2173,-49.59839,-26.93809,-43.10052,-35.45615,-44.74947,-74.80845,-82.33686,-30.11729,108.5927,-84.30138,-96.23481,-97.70742,-120.4611
691.2452,-53.25048,-13.43624,-30.71579,-36.83212,-45.23248,-79.23562,-78.62322,-14.62455,59.00442,-97.62046,-91.56725,-94.39927,-114.7122
679.2269,-52.44535,-28.43137,-24.66456,-29.83728,-32.80722,-84.3063,-77.20501,-18.67528,37.53252,-78.40597,-81.81419,-91.82258,-116.3443
642.8729,-39.011,-26.57205,-25.81028,-18.51513,-44.8557,-71.16997,-82.7532,-24.91404,29.03607,-62.84881,-88.44255,-75.61006,-111.4062
581.747,-22.78516,-25.78797,-22.69601,-14.80894,-44.06289,-51.89475,-72.57201,6.942815,-30.25584,-67.37296,-69.84296,-73.91746,-92.69293
516.1549,-22.10093,-41.43988,-15.83459,-18.24843,-37.86498,-57.35654,-67.53242,3.855144,-19.9768,-43.49076,-54.49311,-61.73086,-79.94083
491.9569,-7.881953,-49.72425,-1.350678,-2.554046,-41.25865,-42.34787,-69.38238,-1.447383,-19.63069,-62.61851,-59.16595,-57.43936,-77.15521
441.5922,-2.895184,-50.85292,-4.714259,3.157585,-33.57746,-35.40275,-57.00831,17.80932,-60.38317,-45.92297,-44.74619,-56.66479,-70.39111
397.3033,-0.4257543,-65.00596,-6.967504,-3.797747,-28.20503,-34.17709,-46.04006,3.679868,-34.90437,-37.60957,-37.74164,-43.21138,-62.89719
356.5727,8.813854,-71.27569,1.180913,4.437084,-23.12019,-26.48604,-37.46246,12.48158,-26.73019,-35.46029,-49.36164,-46.76799,-66.82161
275.3923,18.72793,-63.70967,3.607423,1.094113,-4.710749,-8.392831,-24.48643,21.874,-40.82861,-27.07248,-41.06928,-50.04725,-60.37842
238.8438,19.51019,-61.46545,10.2864,8.060316,-18.12116,-5.850828,-28.2232,12.6654,-27.25556,-33.92069,-25.06219,-41.66108,-47.80593
206.3169,3.296498,-67.09617,-0.588174,-9.320421,-26.32073,-26.11586,-36.22672,15.81431,-9.863712,3.839324,-13.21116,-15.04147,-25.48261
159.4872,28.39252,-69.51397,-0.8836141,0.2565646,-1.495266,0.1897846,-24.68514,13.54229,-12.70598,-15.4993,-21.11379,-17.66287,-38.30842
143.9267,37.9096,-51.39051,5.336341,8.418437,-14.7857,9.642242,-17.63233,20.34904,-9.111287,-26.3084,-36.03621,-29.74488,-40.57304
115.1271,24.19869,-35.76141,-1.728028,-7.980172,-15.2054,-0.8060006,-30.15413,11.27573,69.49335,-27.57002,-42.31974,-22.08145,-36.48855
75.49779,26.80751,-42.94882,-13.49074,-16.18214,-8.34512,6.044344,-29.76282,-11.27637,189.9337,-42.92103,-49.84751,-32.83136,-50.6774
36.98497,30.64109,-48.14199,-9.32058,-8.203141,-21.40138,7.46508,-20.99933,-6.845787,203.913,-36.69098,-51.5839,-37.52306,-38.29401
0.4478944,25.80677,-35.94944,-14.66818,-13.36555,-14.49626,-0.09692708,-18.61211,14.85102,171.5374,-28.66829,-38.02488,-24.48044,-24.28101
-46.06517,23.36498,-39.5041,-19.26642,-15.31284,-15.92124,0.08653602,-16.01563,12.58527,199.4453,-25.87852,-25.7366,-13.87803,-17.90351
-40.78119,30.16258,-37.63147,-16.37991,-10.94458,-20.96987,13.70434,-15.32954,10.33626,178.9442,-25.65467,-31.31605,-18.21621,-15.92387
22.47316,31.45933,-38.66235,-8.602359,-7.916814,-23.01346,14.58154,-17.55278,6.64853,145.7447,-37.88785,-38.04649,-21.96017,-27.26499
53.10946,22.34048,-42.14302,-10.99722,-10.17959,-25.78633,3.801855,-17.47458,13.44996,123.916,-32.84045,-31.21289,-16.97532,-29.00837
69.10895,20.12361,-33.85894,-9.170049,-17.63555,-19.11188,1.798708,-15.05277,15.67615,29.25705,-7.151623,-15.09682,-6.049814,-12.83702
94.24271,20.71431,-23.92595,4.34265,-8.631092,-13.98537,2.248093,-14.1942,20.68461,-21.23128,-20.61575,-16.45459,-4.680975,-18.51317
99.50874,19.07011,-22.90755,-1.950184,-7.242315,-30.78013,-0.0575869,-23.52959,12.41545,-1.296161,-17.47033,-11.09215,0.3807126,-15.04902
84.34271,-6.50891,-35.95526,-25.6077,-30.82485,-41.53016,-23.584,-42.00356,-19.70634,267.0172,-35.37563,-32.03294,-25.87478,-32.35578
55.01384,-23.41062,-41.11248,-35.6752,-44.33843,-60.81523,-41.72308,-49.14203,-33.50312,467.0243,-51.62234,-45.93947,-42.58216,-52.174
7.215245,-12.33473,-31.52107,-30.76476,-41.0383,-45.47277,-28.71165,-39.23915,-21.07964,423.0617,-48.10567,-44.97865,-34.01801,-53.01262
-19.26073,0.0005287165,-16.86563,-17.06016,-24.09561,-25.90879,-16.30356,-16.15616,1.583775,214.4859,-14.19213,-21.69193,-15.19855,-29.33694
-9.890103,24.18762,5.824397,11.4839,0.5788441,-6.259023,8.801537,9.335066,27.00147,-126.3519,14.93429,16.00497,19.78121,4.567714
2.281995,38.15333,20.74773,24.41212,10.17851,6.615232,24.48482,17.35563,38.29157,-250.0897,20.43648,17.17517,19.46688,10.49031
14.11756,40.96013,34.78456,32.84904,25.9817,9.224737,23.77667,16.18885,39.77444,-312.2538,16.18979,21.52821,19.55224,17.32587
-1.610543,38.60922,31.40617,20.89744,18.75937,14.31499,26.23695,18.91603,32.13156,-281.0459,21.95234,20.6918,24.72251,14.01813
-35.86599,51.87417,24.4907,14.76115,17.87536,26.03524,35.66124,28.11894,41.3178,-274.4511,20.93094,18.34361,17.0522,13.85579
-75.44448,54.332,31.29785,18.75693,21.6317,24.09412,37.44281,32.74044,41.70988,-255.6525,9.181949,22.37014,17.90999,19.62925
-98.38615,41.4046,34.70023,31.95737,35.72515,24.85178,31.7876,27.18298,27.68459,-249.116,23.27606,19.98251,25.11814,23.83109
-120.7673,48.81333,34.84888,37.6921,35.70826,26.01302,35.26211,26.17688,32.32224,-229.0206,16.00243,13.24716,22.91186,20.78963
-156.0982,41.86902,23.87499,31.22955,26.18823,29.09285,30.869,26.21367,34.26808,-198.2035,25.38802,24.02965,30.85983,30.4188
-185.3521,38.3273,25.92315,32.49812,37.93943,32.13823,32.55104,22.18145,25.48767,-193.0552,25.31259,27.03892,37.02786,41.98162
-207.9459,33.97786,34.13974,37.11478,37.17522,29.15243,23.80508,27.0984,22.36103,-172.6306,31.91353,34.6971,31.3239,37.81746
-204.8362,26.45152,35.07566,35.18994,36.80817,29.87438,20.73364,23.74136,19.50193,-161.1631,34.80798,43.39859,28.50699,31.90912
-184.9496,28.65047,32.92857,24.23275,37.62135,26.81928,24.77441,25.21034,20.74761,-156.2369,25.45769,32.70369,29.8226,32.21774
-171.8931,24.2904,25.19648,22.76777,32.73875,32.30902,22.17055,19.8253,4.855903,-134.5521,26.46708,33.41143,27.05164,35.36095
-150.3478,17.67509,21.2633,22.11649,28.13086,20.72432,18.96981,13.59835,8.389568,-110.1772,29.97297,36.43555,27.8292,15.4195
-153.3932,17.41676,24.11041,14.34483,21.59541,7.858289,12.73444,12.22843,23.65317,-105.2416,30.3095,37.01992,34.14804,23.21568
-144.1512,9.239275,25.44677,14.26657,21.47565,19.02499,10.71107,11.37332,21.06003,-93.53231,28.62815,24.17061,29.69452,22.59252
-130.3823,10.58227,29.23819,21.08901,27.56146,13.64971,13.37013,10.65397,19.47684,-75.13969,10.42363,17.51401,19.60019,12.36257
-122.2791,8.129665,29.12691,18.68001,29.51614,12.72014,8.910218,6.465353,7.937998,-70.99862,24.50473,20.71602,12.43565,14.13492
-88.76852,6.658794,24.44041,13.9912,24.2596,3.129273,7.943646,6.340101,5.103309,-63.92443,23.45118,13.30339,14.30972,9.762331
-94.62414,-1.059755,23.28015,14.29017,12.7651,9.976239,-0.2629849,1.633849,7.320498,-53.58472,19.46597,25.31077,22.11002,13.37883
-102.145,-1.301552,14.69209,15.44888,19.46831,10.34313,6.193333,0.0326276,5.873061,-48.05499,18.89621,20.10115,20.78,19.6727
-93.11965,12.52038,9.700574,13.35848,19.42542,6.941684,14.59191,4.75099,2.71936,-40.82468,2.052339,10.28454,13.30024,24.29843
-98.06244,7.427793,10.08554,4.658541,9.033216,11.28472,5.161492,6.435699,5.963339,-21.21618,16.42899,13.81772,16.17262,12.80896
-81.62285,7.531936,14.00616,10.22149,18.08053,9.318241,8.674849,4.56703,-0.5165163,-21.73137,-2.919464,13.75202,6.516864,14.12108
-88.39145,8.339008,8.632674,0.287293,4.446283,8.369325,8.536295,8.046107,3.695914,-9.796859,19.20467,3.298207,7.308251,18.02428
-90.76849,3.385736,6.422544,-0.2358664,10.96327,7.454378,2.782012,8.125572,-0.09250202,0.8251473,10.68132,14.9553,11.1184,14.38318
-76.12962,2.187115,7.318567,3.581037,11.58839,3.661852,-1.074777,7.398721,-9.203604,-2.774682,12.60707,13.92315,6.768802,20.14798
-47.21698,-3.957212,1.153874,-0.707192,0.3154146,1.120907,-5.475221,6.239626,-1.34019,-3.337692,13.56134,8.721214,7.440101,23.48201
-13.07362,-2.40744,-11.402,-4.512285,5.859063,11.18758,-0.9347705,8.884923,-3.569141,10.94255,-3.489231,3.481163,-5.982525,5.015728
8.487819,-10.99411,-15.21405,-9.492058,-6.875991,4.66681,-9.898717,1.698702,6.070138,14.93015,11.86653,0.7087418,-2.812784,6.858816
1.459067,-21.87482,2.772213,3.054694,-4.645178,-5.449213,-20.78963,-5.094908,-7.171547,11.6047,3.989483,14.34657,7.914282,19.88427
-30.356,-8.516508,3.994985,7.493222,14.18908,-5.896803,-11.01457,1.233195,-4.239753,10.03408,8.76131,6.006803,-1.789657,10.10061
-21.35333,-7.288041,6.499592,5.242961,4.186299,3.80935,-9.756044,4.495735,-7.680397,9.809421,-7.992529,5.45707,-4.888262,19.45817
-16.82128,-11.55498,1.388861,3.769701,4.755547,2.173363,-10.19319,8.254192,-10.95915,28.26533,2.227298,-0.9692775,-6.345634,6.009207
-33.37363,-8.174619,-2.11936,9.888152,1.285571,7.146257,-10.46872,5.139569,-3.407961,21.94032,4.279386,2.723985,-5.243386,10.38443
-51.45833,-4.908425,-3.847064,6.531936,-5.509194,-2.183589,-6.305066,6.056617,-7.332002,33.15051,-2.74276,9.803125,6.119696,22.62454
-60.16953,-13.73881,11.57974,5.647792,2.123697,5.354418,-12.50821,0.7471958,-7.88135,22.11644,12.96447,9.857754,10.42121,13.48518
-94.50008,2.069523,3.918856,1.627006,-2.579972,9.138759,1.17759,9.21722,-0.6980371,39.3998,-0.1155986,10.27711,7.566185,13.50165
-105.7039,8.767068,8.633478,7.836375,0.4296192,4.131258,8.214862,15.167,-0.7459359,42.03352,5.57265,4.51266,0.6315243,0.5198731
-96.43269,-5.01274,15.73616,1.286232,1.373515,4.93042,-1.786045,4.683778,-12.92207,34.26706,8.268919,23.60429,8.110868,13.89231
-110.4609,-9.288056,11.82311,-11.45312,-2.528431,-8.328017,1.346508,1.243125,1.38739,39.80897,12.44736,27.1496,17.96295,28.88949
-103.7563,-9.963832,15.46541,0.8962111,5.931714,8.863548,-1.886511,2.662739,-0.8078271,25.62896,10.14775,18.15289,10.58632,18.07895
-99.47935,-7.81289,12.3752,1.63157,1.553522,1.974165,-1.713821,3.96753,-2.836929,36.05142,6.152322,17.22186,14.87046,16.04495
-86.62464,-13.14075,22.85651,2.792175,-1.040629,0.7492679,-5.649428,-2.676817,-3.375134,31.26656,12.48348,15.26989,11.95247,15.13704
-71.34374,-20.2806,22.97423,3.539903,5.420938,-4.933988,-11.5873,-6.067647,-10.40376,29.47482,10.50635,20.49471,12.75096,19.4551
-66.39952,-21.35308,11.33573,-1.937233,-2.323816,-9.023493,-15.54188,-4.015707,-2.56345,30.97418,14.82001,21.75031,17.64525,26.63268
-66.90955,-18.74986,15.58552,7.746893,4.749919,5.503948,-9.821751,-4.918336,-3.083165,28.41082,8.454386,9.9749,7.717609,15.33867
-80.67327,-13.03973,23.33722,14.25955,11.10948,-4.567188,-4.119065,-2.506748,0.3175118,32.08789,3.464575,3.173118,7.584782,9.571866
-78.20516,-21.32509,20.42413,10.61566,4.457264,3.544658,-11.62775,-4.162314,-1.1813,25.16034,5.944783,11.64975,15.47224,19.23277
-57.78844,-15.21265,15.67497,1.146214,6.133512,-5.350816,-8.285177,-9.083191,-12.72882,23.27313,13.47381,10.97336,19.13206,18.64202
-16.85162,-16.11468,15.29964,-10.33334,-12.47999,-8.193686,-11.92443,-5.880186,4.184043,23.15734,9.041285,5.247436,11.52323,13.32496
38.92881,-24.36522,33.88083,-1.347794,-13.3009,-10.42206,-15.83543,-9.142851,-9.055964,8.622519,-4.969882,-2.466306,3.200347,6.273892
57.30294,-23.9207,32.32436,5.154713,-1.105753,-13.52771,-19.13502,-12.19769,-14.14702,7.920002,-8.863683,-3.580051,-0.2311983,-5.993208
42.1515,-15.885,6.137831,-3.085018,-8.030197,0.7655547,-9.239133,2.323708,7.011719,20.34346,-0.3985937,-12.62036,-7.254302,-22.22118
62.79788,-19.77592,8.821391,-3.730856,-11.34205,-8.853715,-14.87778,-8.68656,-8.260878,9.483315,5.043479,-1.316365,-0.586034,-8.715929
58.18181,-7.097489,-5.650843,-13.12558,-13.11014,4.57763,-6.990691,1.861953,-1.005948,11.1599,0.1276318,-9.517632,-7.349765,-12.06083
38.42963,-6.073469,-2.897534,-20.41246,-9.087839,-5.772897,-2.85341,2.321402,4.297074,23.01749,0.231717,-6.496527,-1.67205,-13.03113
45.80424,-9.029645,7.274301,-8.951991,-2.762661,-9.573771,-8.33961,0.1666273,-5.216817,1.596341,2.332489,-1.547043,-6.524246,-5.228222
40.62999,-5.491568,0.8423019,-3.281399,-5.198464,-3.198726,-1.603479,9.968293,2.9936,14.13837,-11.21549,-13.31509,-13.34537,-11.92298
43.54617,-11.06768,1.607866,-0.6729523,-1.876887,-2.251953,-4.713953,-1.088265,-4.220492,12.27175,-5.029685,-6.587643,-9.554403,-10.36187
33.05309,7.646451,-4.657702,-1.191502,3.329606,3.241492,7.439165,6.481163,-2.895925,11.37986,-10.90686,-19.98527,-19.37463,-13.55894
4.418294,1.820856,-10.95155,-3.431769,1.087422,-1.832546,7.862206,11.56835,12.33184,15.87077,-10.60899,-14.94243,-8.846157,-4.34629
-5.328963,0.02036886,-20.56002,-10.62592,1.716203,12.88994,4.178801,8.627703,3.483207,17.63415,6.000657,-8.917647,-4.164037,-4.954441
-22.68323,5.044547,-11.97713,-5.649948,1.572343,0.1166243,9.373467,4.802123,1.138028,18.47723,2.725873,-3.871397,3.433723,-2.502254
-45.44808,10.06407,-10.50432,-4.71178,1.638397,7.449885,11.26924,8.321903,8.121312,9.569043,2.978305,-1.600337,2.080219,0.7721574
-46.89854,4.783311,3.236301,0.565846,1.552082,1.5588,9.447134,7.93351,3.390753,21.3544,0.6181961,-2.420246,-0.1803118,-4.941228
-35.84799,-11.1425,5.279246,4.885872,0.01074957,0.02453407,-4.663538,7.667441,4.820664,20.82366,0.1881355,0.7796968,6.985196,0.1888352
-29.32895,-10.49649,1.993018,-0.888431,1.254079,14.31831,-9.948017,-2.171251,-0.5189107,16.43567,8.640109,1.054466,5.322529,4.333851
-32.55799,-7.936167,-6.532977,-0.3875224,-3.201614,46.85247,-1.063894,3.612695,4.038584,12.99507,-6.428668,-3.854699,0.3324767,-5.867763
-24.98576,-10.78992,-7.372851,3.214293,8.881559,34.32701,-5.893002,-4.926258,-5.769465,19.39696,-6.744028,-2.00107,3.789928,-1.127402
-26.36634,-7.143283,4.95377,7.792037,8.750073,-10.85136,-2.228982,-0.8807137,-2.72447,10.83046,3.573544,6.004579,5.464244,2.826433
-14.08582,-11.8408,3.482047,-1.769855,-1.551691,-12.61941,-3.978897,-0.8860971,5.628995,6.821825,-0.7906739,11.7155,14.82187,5.053011
-11.49065,-5.64915,-0.7705267,1.405392,14.3162,-7.998233,0.4684349,-3.875178,-2.944869,11.81369,1.065457,-3.792169,7.589858,-0.1382621
-9.98218,-3.067543,6.357126,10.91468,11.96603,-6.13045,2.961787,1.455545,-5.145221,3.423438,-9.050263,-2.612072,0.726413,-1.817282
-16.59888,-1.042738,4.283255,10.60126,11.50733,-9.767145,1.889653,-0.8691071,-0.5415678,6.125991,-0.7744663,-3.954169,5.254329,-6.113742
-24.85139,-3.095962,2.465436,12.54224,7.938706,-1.919453,2.563755,2.80327,1.001793,3.203942,-1.492345,-0.01224361,5.053353,-6.201107
-33.48141,1.673903,0.7146688,7.18891,5.698225,-6.201823,4.372702,0.8811981,-1.792868,9.975313,5.492816,0.5391665,6.17714,-1.237932
-32.22863,8.215174,-3.951784,8.153001,4.496577,-2.012606,9.884051,11.45793,6.715217,13.45592,1.879188,-4.549628,-6.671086,-14.84332
-35.59455,3.737756,-4.472214,7.307974,5.514008,-9.823742,7.183949,8.932892,4.635371,10.87127,3.197814,3.611542,-1.227233,-3.874829
-42.17501,7.826671,2.530982,6.212744,1.850735,-4.711681,9.007881,5.892625,4.857283,5.259731,10.11014,0.6283889,-3.500576,-3.789909
-28.87326,5.749995,1.696621,6.507902,-0.5058751,8.528591,9.749001,6.895178,5.085257,5.154788,-9.857706,2.337876,-3.974577,-8.493785
-29.00733,-7.552694,-2.633508,4.425282,-5.304875,9.221657,2.842039,4.328557,-0.9168698,2.406543,19.49752,5.333997,2.544698,-5.185016
-43.45232,0.4913435,-2.631594,6.598371,-8.416585,15.88504,8.027554,8.931812,4.908031,8.208846,1.826272,4.145709,-3.070643,-1.451832
-63.41853,19.58584,-8.634526,4.205631,-2.281386,16.38459,23.69834,17.45178,11.38155,22.63546,-4.749798,-7.822692,-9.933703,-18.50254
-50.5616,-2.013237,6.449663,6.540115,-5.675697,5.512182,1.447274,7.055914,4.087022,12.73411,9.182849,4.131842,2.562728,-1.453158
-58.05727,0.2385215,2.926604,9.842585,0.287039,8.675713,4.135824,6.154312,0.3692079,8.851188,2.678207,3.337337,7.340701,3.220031
-53.75488,2.495101,-1.067985,9.977787,-6.653422,5.378029,5.132385,4.221437,-3.944479,8.656954,18.05299,9.350832,1.409012,0.7462374
-31.52695,1.957889,4.512103,7.774014,-2.254771,5.175707,0.03441221,-1.659019,-0.3920807,12.19648,-3.535118,5.333024,1.183607,1.200701
-36.55518,5.423298,-8.713395,0.6078986,-1.209669,11.95908,5.879939,-0.6828025,-1.806891,20.34597,10.2348,-3.038433,-0.03336659,-2.411227
-15.19126,-0.2098674,-0.6995776,0.2902792,-5.62596,4.374975,4.163221,-6.055465,-7.115967,13.52474,5.308712,4.279485,-2.372285,5.328981
-3.250716,0.8039543,8.542129,0.3085228,-6.148417,-0.1320908,4.746432,-2.071884,-13.01269,5.40777,-8.34081,9.967112,-1.280979,4.461677
-3.425006,-0.2718653,1.905169,-3.422455,-6.226461,2.896371,5.136837,-3.550517,-6.71017,9.988325,3.489717,0.5732747,0.4492728,-0.8324854
7.143268,-2.339443,8.798462,-0.2667155,-9.360041,1.793277,2.76786,-3.282929,-3.274679,15.13645,-6.056838,-2.892393,-7.182858,-0.9834132
24.18827,-4.629972,6.095619,-2.039796,-9.654044,-8.672114,1.748842,0.1996014,-6.816913,2.573431,-3.759977,5.551011,-0.9723667,-3.811587
39.87516,-7.662555,4.387614,1.380697,-5.769818,-5.543625,-2.86405,-8.358893,-11.41961,-8.621143,-4.348639,8.109408,-3.818131,4.653578
29.42112,-13.09126,-2.655006,1.54038,-3.87406,-7.063957,-12.28207,-10.73946,-7.761731,-3.644476,8.82653,14.51821,-3.522497,10.32825
22.44012,1.756655,-19.13572,-10.42515,4.544079,-6.954326,3.666258,5.120582,6.022791,-0.5036122,0.07857339,-0.06768754,0.392619,-6.935182
45.32482,-10.3229,5.609136,-8.873629,1.843787,-4.503275,-1.93728,-0.1273238,-3.987423,-19.97096,-2.458098,2.870332,-5.115324,1.648139
53.42503,-13.21484,14.77548,1.428124,7.87654,-7.663275,-10.44766,-12.23139,-7.886494,-16.58206,-4.37733,-2.187505,-8.907276,5.992651
29.58386,-9.072248,0.6766233,-5.129241,4.11656,-7.771492,-9.909735,-2.648175,-3.574865,0.7912109,1.258747,4.064747,-11.57484,9.188837
23.11285,-5.556051,-2.853972,-8.429462,-0.2275285,-6.547337,-3.981304,-0.8498812,0.1118278,-19.16627,6.281454,10.16098,-3.184572,11.12925
20.28074,-1.223108,-5.032002,-7.946376,3.206705,-5.156723,-1.750161,-0.4926223,7.648368,-19.07784,2.223622,1.900991,-1.532589,6.950999
23.37366,-4.747766,-3.197855,-11.52085,-1.600001,-8.717961,-7.385936,5.632521,4.34705,-17.38541,6.935822,11.23764,-1.944262,4.973337
22.86821,2.48687,-7.285244,-8.566995,2.992136,-9.80495,3.493506,7.366799,7.022336,-11.41947,-0.7095961,0.6151477,-5.147161,-3.911586
35.04133,-5.499654,2.189226,-4.655304,-1.492019,-1.071481,-6.943746,2.304559,-1.23088,-17.07177,0.8194522,4.723936,-5.392954,-1.720706
49.01472,-9.030048,-2.228644,-4.556674,-1.212904,-10.31642,-7.891344,4.615603,1.7061,-11.69158,1.071162,1.739806,-0.5559598,-10.66383
53.12394,-3.020589,-5.113264,-15.58963,-12.76013,-13.24256,-0.9740452,5.70757,7.289728,-2.80984,-0.6953402,-4.260986,-0.6757886,-6.979074
65.39408,-3.894596,10.43362,-4.470706,-3.402591,-9.231751,-3.002645,-4.513547,-6.185058,-17.81982,-10.35356,-6.044722,-4.385376,-2.52333
47.84319,4.281673,-4.650043,2.961515,8.397764,-11.53947,3.532914,-5.846427,-1.2843,-0.9802529,-5.823282,-18.18572,-1.830213,-16.87735
39.78543,9.770967,-15.82464,-16.64482,-13.48417,5.020012,8.80406,3.040644,11.65297,2.235552,-9.465529,-13.75183,1.680358,-12.81898
55.74274,2.63849,2.836581,-7.156601,-5.377096,-6.899757,-1.675567,-7.614419,-5.153676,-0.9776776,-3.794253,-14.76003,4.184253,-11.99299
56.11984,2.151145,12.38021,5.021008,-2.402784,-10.33206,-4.822079,-9.394963,-10.23164,-0.408,-14.3594,-17.69032,2.543103,-8.57406
44.4821,3.289154,12.71159,5.97822,0.04243881,-7.025495,2.174546,-16.41159,-17.01212,4.250424,-21.69735,-16.80843,8.754821,-2.728304
16.4911,13.76383,2.570738,11.06094,9.423348,-0.8431822,9.351889,-6.009228,-17.20762,3.704734,-7.411787,-26.93998,1.319646,-9.274429
3.571001,14.98491,-7.668062,1.266945,0.3760116,17.44868,9.080216,6.04632,-6.8222,9.304309,-15.96554,-24.79214,-2.397573,-4.432851
7.221125,5.608903,5.694662,2.071606,-1.503893,0.171522,3.587816,-5.389917,-9.55205,5.904672,-4.696374,-15.43228,0.1644596,6.149754
6.160869,8.871942,10.13985,-1.365188,-12.34525,1.224811,7.547976,0.4594077,-9.884359,-1.718736,-9.293489,-8.517477,2.351026,6.36863
0.9141716,6.547847,15.24007,2.747889,-7.612411,2.696144,4.531159,-4.358041,-14.21797,1.214151,-14.43412,-5.144588,-2.736055,14.61175
-11.39705,14.83949,19.80125,21.66446,7.158524,-0.8540137,11.73094,-3.972242,-6.936262,-7.523446,-15.04913,-19.06211,-7.492779,-2.907616
-31.5826,17.72065,2.037915,13.67827,4.854849,21.70459,15.46711,3.8717,-5.407365,-6.900926,-16.37809,-15.72113,1.458709,-4.803668
-46.68056,14.00621,-13.03351,3.045043,-2.307085,17.38712,14.77321,3.361092,5.858759,5.527504,1.2467,-7.229971,3.810365,0.2351453
-27.29966,9.654395,-1.331967,10.77399,-3.536503,6.608785,11.091,1.335118,10.59699,2.047507,-6.367707,-7.710547,-1.367455,-4.493932
-16.80647,6.501093,3.117132,18.19142,2.157139,10.95853,9.36615,1.54314,-0.1129808,-10.31714,-14.16796,-3.987616,-6.293071,-0.1493669
-18.9878,7.220062,-1.068502,17.2376,6.439301,1.705356,9.269339,5.306445,8.031507,-7.884601,-9.348773,-12.90765,-2.352292,-2.659984
-24.78594,1.629953,-7.412769,9.561258,-2.040643,2.003361,0.8299128,3.176865,9.852893,-7.487196,1.271717,-2.030465,7.449965,7.981096
-30.36207,-2.812634,-15.93741,-0.2241312,-4.21546,0.5729911,-2.729362,4.094636,13.48246,-6.000474,8.731044,6.488098,18.15535,10.75697
-30.78352,4.414908,-20.22584,-7.104888,-4.112956,-0.4324535,6.461922,8.119214,11.02571,-6.118776,8.659781,3.304916,17.73454,9.057462
-30.40025,5.670361,-24.61142,-7.238218,-0.9369501,-1.321459,4.911575,6.171331,12.76099,-6.600991,6.903672,9.297981,16.99283,8.400554
-23.25828,-3.654848,-17.10382,-3.656673,1.702628,-2.833822,-2.284159,9.401175,15.59079,-15.09972,9.993752,9.503382,16.56577,5.133814
-21.445,0.6538725,-26.60576,-6.776813,0.5692255,11.1765,1.590411,12.66788,8.829599,-9.264135,9.520662,6.165246,14.62116,-1.702849
-12.89942,9.78138,-20.30334,-4.366578,8.059139,-0.9105946,3.916454,12.25889,8.232664,-11.97392,-2.766922,6.151472,20.76275,-15.94196
-13.1465,4.03005,-15.69817,-8.227476,-2.110589,-6.917364,2.48214,13.20648,14.93977,-17.44907,11.42573,12.83184,10.21882,-5.585659
-12.93944,-3.574783,-20.43182,-14.73921,-7.405777,-7.387759,-8.691372,2.952869,8.063286,-10.83721,18.40291,34.72747,7.945611,13.91524
-18.54461,0.6295176,-23.7978,-10.94269,-2.739904,-7.757587,-4.348846,3.09447,8.464229,-10.76605,12.20779,30.60355,8.995093,14.90282
-26.9293,-5.96766,-29.04993,-10.05357,-6.355556,3.919993,-7.307145,14.59937,9.61855,-11.15938,28.83615,24.90644,8.432253,6.509783
-43.91979,8.003136,-38.03724,-11.959,1.566834,5.412278,4.262956,17.62409,14.44392,-11.53195,11.55364,18.86595,15.26099,8.454194
-45.74966,-2.458656,-42.463,-13.89205,0.2561676,-7.265449,-4.254614,5.162876,12.92939,-20.13366,25.8642,31.25258,30.8446,29.90728
-50.17033,-20.75437,-32.49585,-14.62795,-0.9223605,-5.451904,-19.62916,-1.263077,3.782694,-18.16784,31.22891,43.06956,37.20298,48.19869
-72.47527,-18.34423,-52.24614,-18.31221,-0.2814036,-3.096793,-16.59994,3.133566,11.29056,-17.19746,42.69373,51.91233,42.27697,47.24627
-75.87376,-25.60173,-51.13153,-24.13834,1.779179,-9.776615,-20.49154,4.369893,9.775285,-18.22612,39.65007,61.6253,46.1816,61.85828
-71.66469,-30.44156,-45.09395,-23.81095,7.644915,-17.82782,-25.04037,-1.976935,3.078872,-9.568703,38.49864,54.34565,51.43154,70.42535
-99.08015,-41.91941,-58.29392,-28.58387,-2.809298,-3.267586,-29.68745,2.398223,3.785588,-10.91163,70.26976,68.15369,61.73501,68.21101
-133.1314,-43.0937,-63.79148,-34.731,-2.045873,55.65054,-29.45792,2.46724,8.282869,-18.73618,52.77563,72.84986,54.6758,78.28555
-140.1204,-39.78166,-67.0779,-26.12987,6.91718,50.876,-21.24513,3.738671,-2.749392,-27.76763,56.29482,71.65208,53.50899,81.88425
-152.245,-48.92708,-68.86168,-26.66323,3.360131,-7.284908,-25.78776,10.75932,13.62197,-15.74688,69.04466,81.94572,66.92122,99.86343
-146.0856,-66.70882,-63.87815,-28.39379,-2.533267,-31.39408,-40.12505,-7.262831,21.66267,-16.57666,69.05297,101.5657,80.68002,129.9969
-161.7668,-79.80935,-69.93037,-38.2435,-7.350454,-14.72703,-46.6638,-3.557437,34.04201,-19.87135,89.80872,100.7015,86.37612,130.9917
-169.8392,-94.29655,-78.9371,-47.75299,-10.05381,-11.23716,-60.81973,-2.478059,61.50286,-9.964385,89.23392,101.3212,100.1519,133.1691
-165.6458,-95.59859,-77.64115,-61.53675,-20.51001,-35.94122,-55.18004,-4.126533,48.27541,-12.977,102.6145,124.831,106.6557,146.7804
-157.8418,-131.7822,-65.14027,-55.42232,-7.011493,-36.45996,-85.68442,-12.17968,40.63842,-28.54354,113.7555,145.2206,105.5819,174.8691
-176.0905,-132.4542,-77.25768,-54.16481,-10.1668,-36.97376,-81.80408,-16.41455,36.34203,3.560748,113.964,142.4645,113.9142,175.0808
-163.2327,-167.2776,-73.80128,-46.25399,-0.8976598,-48.24008,-112.6555,-23.38909,39.01263,25.89696,126.489,151.171,116.0134,177.1647
-168.3335,-175.6592,-87.12853,-59.09701,-6.077291,-43.34944,-116.8965,-28.15104,38.24045,44.64791,125.0342,159.392,123.9982,193.3796
-153.6794,-165.5544,-85.78661,-82.17713,-35.51626,-33.46225,-101.1289,-28.60498,30.72944,36.10592,135.1046,160.8268,126.2523,196.8907
6.800233,-278.5112,-0.5861313,-44.52332,-1.984698,-85.58795,-208.0448,-113.9413,-5.26896,92.57249,109.0813,185.7908,100.6249,243.5784
128.795,-237.3619,46.46978,-73.41612,-77.11399,-97.15901,-169.3586,-121.1952,-56.00103,211.8517,55.62189,137.5412,35.69283,215.6333
253.6495,-253.6461,113.5289,-45.22147,-79.40918,-108.1926,-179.3443,-123.3991,-43.63137,141.6666,40.80163,107.7491,-3.258249,178.7063
323.5002,-297.7713,170.3101,-6.210407,-32.67566,-166.2888,-214.9842,-168.1336,-64.54861,337.4065,3.666447,63.79814,-44.52735,96.45822
342.5714,-299.0144,207.516,16.64818,-13.47878,-146.7063,-214.9529,-161.4525,-64.20303,338.2747,-3.719763,37.92723,-71.80344,32.39328
386.1432,-263.6001,234.3557,43.42941,17.13836,-111.5506,-174.7676,-124.7736,-25.73999,51.80756,12.9457,22.04462,-81.21284,13.77993
437.4898,-228.1457,256.4635,38.52735,-6.942894,-62.81865,-135.2522,-119.3045,-48.78411,18.20652,-22.53027,-10.01083,-104.9695,-11.92895
495.4477,-282.526,295.0271,78.86475,36.86353,-91.92754,-190.7061,-164.007,-41.94746,-37.55083,-3.047413,9.067422,-99.97683,-3.581503
497.2804,-313.5509,301.2004,121.3476,65.36264,-50.16472,-229.001,-171.4276,-32.32374,-17.52271,-11.32475,-14.08268,-111.859,-33.93419
471.3973,-230.1189,286.1418,112.3027,23.71095,22.56833,-137.019,-132.4709,-41.99512,-38.83104,-45.36402,-65.3299,-125.5566,-99.43589
422.5002,-249.6514,255.9944,93.15434,26.16887,8.947631,-160.9527,-127.3266,-61.10627,231.082,-39.33493,-84.16125,-139.5412,-175.7732
396.3467,-232.6726,255.8707,136.1574,94.42667,80.67701,-129.2013,-68.84341,3.560882,-118.9653,-22.84128,-80.80534,-114.1912,-199.5191
401.0932,-169.2758,272.0548,160.9464,107.3739,89.08777,-69.0752,-42.1814,-40.10044,-301.4699,-16.93077,-84.1323,-94.83669,-212.5538
341.7573,-89.17259,237.6576,145.2705,84.18758,105.9601,25.36708,-19.64061,-94.52103,-206.9965,-48.45588,-118.7024,-106.1371,-256.574
255.5385,57.67721,156.7112,113.3395,70.55868,125.0574,156.7206,57.04544,-69.77944,-204.6114,-88.34184,-186.785,-130.1407,-312.9903
197.0997,178.9071,101.4303,86.50042,55.7655,132.0175,312.9441,99.44382,-64.29365,-262.4061,-118.0024,-234.7654,-153.9203,-330.7205
143.4285,327.0049,66.88994,81.4214,39.57512,119.7049,360.4061,133.8651,-109.833,-208.8583,-176.1396,-280.6172,-181.4149,-315.4327
94.94892,404.1704,33.42555,86.38792,55.58157,135.1945,138.4319,173.291,-102.8139,-62.92039,-180.8967,-297.8008,-182.104,-294.8956
52.72077,445.7812,-19.60535,77.89748,40.51653,139.2169,195.3266,194.3192,-46.35892,-126.6341,-182.4218,-304.069,-170.991,-295.6982
13.2077,428.1477,-39.10297,38.98878,4.334834,86.43618,209.2901,144.2548,-101.3655,97.98159,-182.4056,-282.7423,-163.0509,-253.9739
-28.89687,489.816,-65.64899,7.903683,-7.021009,110.1374,277.5056,171.4107,-61.36425,-104.0134,-167.8412,-265.9627,-140.5556,-215.4687
-42.88108,543.6998,-82.58784,10.86268,16.18265,139.6157,353.95,191.3687,2.047068,-363.1612,-166.6245,-266.7343,-123.7856,-211.9516
-52.89164,521.8303,-69.45477,19.55878,28.53892,117.4908,343.266,149.4523,12.00459,-420.133,-147.2411,-233.0094,-101.7684,-167.6428
-87.08243,529.0416,-101.269,7.738442,6.702019,122.0397,371.9962,154.7654,10.28514,-424.1916,-141.407,-212.2557,-94.2291,-142.1332
-111.4636,528.1197,-116.2967,-10.95214,2.034625,128.5362,373.5847,158.1212,10.35575,-408.8192,-131.0783,-205.0221,-90.49061,-126.6289
-138.3764,563.553,-122.9688,-32.04396,-14.88202,83.27046,412.1147,162.516,-13.53413,-368.1872,-139.0363,-199.6983,-79.90952,-112.8172
-146.4449,550.4379,-130.1019,-40.26523,-32.14249,62.28551,421.3341,154.5649,-25.80785,-336.6096,-131.184,-183.8994,-60.63596,-101.5306
-146.7986,490.8215,-136.7925,-36.54053,-30.91725,30.95827,378.8523,146.0222,2.637216,-338.1585,-97.91183,-146.0526,-48.35385,-67.7653
-156.558,447.6739,-131.4472,-13.31598,-34.20065,24.07653,343.2424,112.5325,9.331514,-292.6411,-94.29652,-123.8539,-35.69658,-54.84661
-147.1182,368.112,-115.1853,4.844315,-24.79276,78.92293,269.1257,65.08473,14.55237,-291.3292,-70.73436,-94.67747,-16.61274,-40.19157
-142.146,287.605,-107.1335,-8.618511,-32.82199,78.90746,202.8533,39.05359,36.75053,-256.2466,-44.05182,-59.68645,9.529096,-3.993921
-133.5386,271.3459,-90.81815,-2.959383,-9.186689,66.4226,196.8022,48.91149,56.88106,-410.1181,-26.61586,-28.83995,36.75103,24.96273
-165.4377,215.2519,-114.6227,-29.33643,-34.16958,26.07618,145.5199,2.149285,21.4283,14.77577,-43.45448,-42.7413,4.629047,-0.06804505
-193.6113,133.9968,-150.2179,-50.79362,-62.1451,-24.5492,81.87527,-70.29732,7.982572,478.9431,-70.54478,-52.58537,-7.513981,-20.53897
-228.1638,141.6907,-175.2126,-65.28545,-74.60642,-32.94213,95.72873,-74.31441,0.3577425,624.3214,-80.15197,-74.68024,-13.82825,-42.91299
-203.2805,94.82287,-145.0915,-41.00212,-46.78939,-4.31487,66.94796,-61.38518,25.8018,363.7743,-33.4358,-27.31014,21.46426,-10.20164
-145.9462,45.71328,-90.06968,4.094147,1.796272,1.325068,25.97041,-60.50201,68.39217,-51.74402,8.520902,54.17326,80.43447,57.84198
-161.6125,-22.7603,-102.112,-25.90788,-32.88449,-49.94496,-34.18382,-61.68719,21.01821,299.0186,12.1646,54.64589,62.90476,41.341
-204.9233,-115.6137,-135.4222,-64.74944,-67.42358,-90.53846,-113.7461,-43.16452,3.852284,654.2906,21.11303,69.32999,57.64505,29.35028
-176.7668,-73.60381,-117.2604,-69.24616,-95.27996,-70.03395,-80.7065,-30.77857,-14.18753,693.6293,-14.26412,29.56548,33.51696,-14.58396
-70.44007,-76.45503,-49.21695,-16.98882,-47.09752,-64.56112,-85.91175,-37.42343,-17.57662,555.5685,-25.99241,-8.767541,8.450549,-63.58794
-44.19809,-58.94646,-27.73216,-2.414684,-15.16894,-62.84365,-65.71227,-13.80944,-26.61287,511.1707,-45.08437,-29.85409,-18.43795,-100.3558
-59.99578,-36.65523,-34.18153,-9.711684,-21.7068,-50.04983,-41.43701,23.18952,-35.15928,457.2686,-42.24186,-27.82936,-26.48606,-95.00364
-60.86634,-77.40147,-30.94868,-11.50479,-28.60515,-53.3848,-67.16555,19.20421,-7.062141,403.8413,-26.58113,12.1473,-5.060047,-66.61277
-46.239,-125.5221,-12.34245,3.129527,-7.492934,-52.16032,-109.124,9.548357,9.271413,346.9982,-26.17555,48.81264,10.13627,-48.84016
-42.43607,-168.7767,-9.995947,3.600967,-3.70915,-65.32018,-145.4883,6.898926,48.16437,304.3831,-0.5121682,70.46371,22.17682,-19.44952
-49.20436,-165.2265,-11.95046,-7.901505,-21.15185,-64.51849,-138.8042,7.505943,62.13321,276.8278,8.420867,72.50266,32.18019,-0.8134791
-34.94599,-172.468,0.5731105,2.996913,-7.754344,-48.67544,-142.8941,5.820937,65.99031,160.5283,22.54538,87.7198,35.88915,24.67385
-22.0166,-160.8984,8.830752,7.628724,-4.771074,-41.74234,-130.8816,7.087044,85.37238,46.90369,29.57126,92.28046,42.67362,39.96196
-32.70971,-147.6744,8.740075,7.362929,-12.81721,-33.54336,-120.9261,9.234913,81.28655,40.30013,29.07731,82.10119,44.12035,45.4472
-21.07286,-147.859,4.763274,1.860054,-13.23432,-28.09822,-125.134,6.081614,65.31406,27.51578,44.23804,86.03786,48.94624,50.64136
-17.53417,-160.5699,11.1151,2.615227,-4.393511,-29.8761,-136.0248,-5.53694,62.25131,17.39286,43.34846,93.35063,59.55951,64.30217
-8.457505,-137.9962,13.8135,-4.042213,-13.9817,-23.14529,-111.6459,-0.1307673,54.77495,8.46663,41.94149,84.408,46.1023,49.89262
3.486221,-125.8064,14.35601,-7.02632,-8.847275,-23.36739,-104.4877,0.4276749,37.40074,12.73383,41.25523,74.60365,41.66074,43.61088
-7.704888,-129.5049,15.09042,2.894864,6.7675,-25.19664,-104.4281,-4.769972,27.84191,22.30679,39.0676,74.1479,35.02202,48.46539
0.499498,-108.5824,17.7005,1.670716,-6.318874,-17.89096,-89.33677,-8.052963,14.79148,5.34672,40.81665,71.02116,32.50962,45.82557
5.527245,-116.907,18.19225,-0.3548824,10.82917,-17.46957,-97.57607,-16.29152,20.62288,2.132769,36.40923,67.68562,34.75421,52.44553
3.706715,-98.98495,18.90892,0.2093605,7.669482,-17.72947,-83.12624,-7.331765,25.69406,-1.845006,33.50253,60.31924,28.53708,30.46996
12.06229,-110.1327,29.13004,8.506759,16.87024,-28.01996,-94.4698,-22.25598,16.71463,-13.74231,45.26023,71.33669,35.77488,32.96494
15.79144,-112.4702,31.04595,7.461458,12.27586,-34.63427,-98.08128,-30.39309,12.07599,-24.44135,55.59607,78.27018,44.69354,42.80964
16.45725,-102.1062,32.75614,2.788176,13.66215,-27.93813,-87.65799,-23.83503,22.20161,-29.62158,45.22577,70.93327,35.06388,32.07057
18.01386,-89.99241,28.57387,-0.4694735,19.11633,-14.58059,-72.42141,-20.84887,14.63589,-41.39426,41.72411,61.58344,29.0884,26.97103
19.73598,-97.51625,37.26323,8.930328,16.7865,-25.05239,-81.75901,-26.61696,14.94658,-50.78377,55.24459,60.68866,36.2072,31.92523
12.24959,-71.98048,19.4873,-3.185873,6.439485,-9.007042,-59.72469,-11.89121,16.06847,-43.60085,37.52028,49.40895,29.14244,29.07356
22.77185,-67.10413,30.45578,5.298838,15.45733,-7.319184,-52.45821,-15.06683,2.09135,-67.7113,35.16421,46.95072,20.95483,30.5147
19.51795,-72.54259,32.42355,5.886252,20.59119,-13.4346,-54.06886,-16.79058,4.076248,-63.29562,40.06149,41.42986,23.38811,32.75752
13.18571,-53.53797,13.27823,-9.711598,8.006386,-1.339213,-39.03029,-11.01362,0.4245525,-57.31939,37.40771,40.0494,24.07868,35.52134
9.309971,-44.29328,16.57261,-11.07868,11.12983,-9.711261,-37.78647,-9.982161,3.512158,-61.94246,33.59295,43.64022,21.42389,35.61264
6.57051,-36.22002,15.02131,-3.579797,12.81191,1.71941,-20.31344,-0.8026202,1.568,-55.65242,22.54661,24.50359,8.971347,22.85558
-6.336219,-19.89678,9.469564,-3.383644,16.69112,7.93118,-8.667412,0.7070222,3.82066,-52.15155,19.21889,15.1222,2.126798,15.34816
-5.207735,-13.62488,3.331089,-19.5968,-0.1737142,1.181076,-11.62461,-2.980028,4.612309,-46.94334,29.70416,31.60473,13.17157,16.54615
-11.12739,-22.1898,2.976039,-13.0341,5.242078,1.706195,-24.58406,-5.551661,10.64652,-50.58361,31.87015,35.36919,12.57152,26.68892
-12.7821,-12.80399,3.704439,-10.61944,2.733653,4.018876,-15.94041,-4.039688,5.452406,-41.07292,16.5888,22.70838,8.490336,33.56165
-6.475477,-21.29463,1.408515,-16.26275,1.031081,1.766976,-24.65464,-6.522404,6.824831,-49.12188,27.1453,28.88466,19.02874,38.24164
-13.47712,-5.16199,-1.055032,-19.84078,0.2035326,4.495756,-9.512308,4.53102,18.33727,-65.5395,28.33453,15.79318,13.01322,29.87821
-4.618261,8.971301,0.07606879,-11.16957,0.9257604,14.24365,8.50622,7.444585,-0.04647454,-69.20596,0.1535728,9.679951,10.64968,24.38948
-11.53079,-8.716056,-3.125069,-9.900479,8.460271,7.027849,-5.243127,0.6749105,-2.441796,-68.95255,24.16031,22.13918,19.9734,27.47393
-7.229996,-15.95076,3.773523,-12.41214,8.165483,0.4701873,-5.110485,-2.464328,-6.234281,-64.03614,34.70944,16.98492,17.16669,32.16787
-6.538305,-2.83621,5.320953,3.078902,23.70496,14.61264,8.426939,2.610867,-10.78157,-53.11293,-5.249749,-1.274923,-0.2064161,22.24485
-4.03952,-5.965489,3.948211,-0.4477299,26.04325,15.81725,5.633963,1.647722,-11.30504,-44.0332,-1.042161,0.2687233,-4.805313,18.27933
-7.992084,-13.82414,2.958482,-9.259315,18.22364,10.45806,-2.305166,0.9084588,-12.27684,-48.35115,15.10826,10.35427,8.173092,27.82441
-9.608417,1.077093,-1.63222,-12.96204,-2.169086,14.33495,11.14613,6.986841,-10.31183,-41.25911,5.506408,7.235506,4.548652,27.10713
-9.408029,-10.93112,-4.034859,-10.14526,0.4960439,4.47361,-2.384623,1.576685,-6.478974,-38.18652,18.10423,17.33795,5.336388,34.24446
-4.716143,-3.375054,3.849117,-7.946267,12.4027,-1.238279,-6.208246,0.1102867,-8.247831,-37.87764,14.74108,10.82072,-1.446919,29.13247
1.342366,-3.397474,-2.256339,-8.766554,3.264504,0.3810447,-7.574633,-4.203694,-2.029504,-30.17114,8.187009,14.47636,-5.304465,36.05251
-6.113577,-1.350934,-3.072234,-15.78581,-6.522352,1.273425,-4.883524,-3.765268,0.9695711,-20.33445,19.9646,15.99874,-3.025363,26.64718
-2.375454,11.68776,1.338727,-12.72509,5.941856,13.67469,8.075614,3.482398,-9.565621,-30.00519,2.485928,4.938387,-12.49931,15.54531
6.017716,-5.267796,5.529584,-5.648452,2.546802,-3.297412,-7.617387,-8.420277,-9.653245,-22.78049,10.06205,11.24483,-3.931361,31.21543
-0.2365152,-15.77041,2.730434,-3.349725,1.641632,-1.770272,-15.88218,-11.16925,-3.481742,-20.5554,26.80322,18.03126,4.81191,18.19703
10.0801,-12.56576,7.292798,4.110369,10.80083,-1.717201,-11.0285,-10.36436,-10.73087,-23.78194,13.26615,11.36567,3.43173,9.840976
16.8776,-9.647308,13.48804,6.215018,7.244272,-9.493937,-4.235006,-8.992857,-13.98272,-23.26301,9.53446,4.415106,1.727048,10.11328
17.04914,-19.76959,6.335243,7.116889,16.10309,-0.4413041,-15.00545,-15.15304,-10.18543,-32.2353,14.93256,10.52727,3.786974,16.93893
17.96224,-14.52931,3.846422,4.982696,14.96388,2.647015,-9.323077,-10.06541,-4.090919,-26.82498,11.63296,4.074885,-2.355089,7.078663
15.06962,-9.1687,1.352341,1.36827,9.590855,-1.035396,-1.20647,-8.233765,-1.354908,-29.66475,15.17072,3.73909,-5.939591,10.31268
18.12964,-5.480747,7.108291,6.237634,16.13587,2.606836,-10.0993,-9.715507,-3.19168,-33.86427,4.747305,2.097576,-3.638723,8.927066
11.07063,1.028788,4.88764,1.088719,-1.910246,9.382309,2.841389,-0.2075276,4.209865,-30.85904,6.912083,-0.563908,-3.995579,-3.885127
21.18216,-11.33915,8.697183,4.225352,-9.730077,-0.9600524,-6.179532,-14.66114,-2.70126,-35.3727,11.29357,5.883669,6.959727,22.70224
22.59093,-4.746401,4.24943,-0.7063927,-14.88557,9.135145,-4.752894,-6.228518,5.502872,-31.05668,5.399223,-2.938455,9.155568,9.281737
12.38754,6.519951,-3.527291,-5.183668,-11.53118,16.41236,8.715543,2.294351,-0.2557118,-28.86063,8.301357,-7.575846,2.743814,-0.4405908
11.01838,-2.148372,0.1567646,-2.390301,-7.207478,7.195507,3.035051,-1.060476,1.217307,-31.09814,8.336358,-2.557803,4.315619,11.18758
12.16042,-4.483045,3.048331,-2.167704,-12.24537,10.85245,-0.7662594,5.16381,4.993309,-36.39271,0.7629588,0.3640193,4.617631,14.09215
0.3922515,-3.365878,-11.93907,-10.26591,-13.63966,1.854404,2.108879,4.519925,16.83046,-22.42474,10.54165,2.199117,9.55156,13.63701
-2.387682,5.870015,-11.41294,-17.1336,-17.9729,7.085462,8.122478,7.140766,12.69349,-20.71351,8.675159,-1.509168,5.838776,15.70366
-0.3461666,11.77626,-4.364054,-8.610471,-13.11343,10.31532,12.36716,10.83563,7.323964,-26.82871,0.353655,-6.703146,-3.319321,10.31332
3.119951,1.201168,-2.263455,-6.218972,-9.157297,4.532509,7.364576,7.423537,13.05665,-23.88976,4.708507,-2.660274,-3.917476,6.70034
4.586616,-1.361883,4.312616,-2.471419,-6.043594,3.460149,5.350047,5.874046,4.091372,-30.17037,5.270605,-2.929073,0.1898016,9.841093
7.06951,-2.131524,3.162684,3.028943,-8.487268,-4.798633,2.644343,-1.80292,4.660997,-22.88542,3.950924,2.242522,1.128537,12.21731
-2.556112,1.32751,-3.42252,4.457695,-8.96148,2.288771,6.679249,3.329955,7.176351,-14.54557,3.529212,-0.8993011,-2.326651,3.92289
-13.03241,-4.501531,-8.386065,0.6386535,-1.334196,0.4769684,2.1241,5.179471,10.34297,-12.91658,12.12677,1.727275,0.762819,6.791753
-5.159633,-0.9904253,-6.183468,-3.5037,-7.605298,-0.05299178,3.978979,1.271811,-1.031669,-15.01736,8.429679,7.37472,3.934905,14.55445
4.596869,-12.49787,4.547809,7.199092,1.193394,-10.83256,-3.638076,-2.616459,5.283415,-25.1299,6.495214,4.703385,10.86619,9.829484
-4.574457,11.43656,-10.44933,-4.58512,-0.122723,-0.08873932,16.80798,7.00677,8.85321,-24.60491,0.1994796,-7.523431,3.715364,3.929366
-6.432315,-3.04417,-10.12455,-1.344997,-1.050193,-4.698464,-1.963545,-1.949186,5.312605,-30.79703,6.904858,12.81725,10.95279,25.41694
4.036356,-17.58413,-0.5114627,3.29278,-0.1406991,-14.95697,-15.82789,-12.31943,6.54884,-26.89905,14.76852,15.01384,19.64151,24.93777
4.380984,-1.66836,-0.7465155,4.921209,4.943159,-2.374279,-0.8658501,-2.48454,-2.195782,-21.04203,2.271227,0.4809094,9.000768,5.379102
21.34781,-10.25335,16.27614,14.06167,-0.5991862,-6.107887,-7.858925,-9.291333,-9.267878,-29.82794,2.208654,5.069777,4.058865,10.18356
21.15424,-16.47491,11.76565,11.47234,1.7965,-5.410944,-11.47634,-12.16979,-8.010138,-39.48092,12.9641,7.148054,10.53265,16.18949
14.19149,-14.84766,9.941003,6.15879,3.880898,-9.792068,-10.65826,-4.810128,-3.324712,-34.17318,10.08231,6.047343,7.526288,19.77786
21.10316,-10.70185,16.77976,0.4934661,-0.4092441,-7.532826,-4.500192,-6.842741,-5.521935,-30.66817,8.977555,3.077059,1.496596,14.24936
22.4608,-3.30525,17.74334,9.874042,13.32222,6.026863,-0.3317855,-3.774982,-16.37691,-37.99817,-9.643665,-2.331078,0.4371852,3.897398
21.22934,-1.893783,20.74422,5.352574,9.956659,-3.752798,-0.06139983,0.7023431,-13.98858,-35.51038,0.7356564,-3.065196,-1.360194,0.9115475
11.31735,3.120901,6.572054,-0.860486,-3.233637,6.509651,6.597672,1.678514,-8.005581,-30.23593,13.88318,-4.966287,3.246029,-5.623428
10.09149,0.4885581,19.27538,5.472386,-1.224435,0.6970123,2.214183,-3.516206,-7.094358,-31.56823,-0.08856024,-1.207616,8.635535,-2.175143
25.90074,-15.58685,18.03352,12.46231,14.95257,-10.49144,-12.88459,-10.4342,-6.874557,-36.00066,3.173261,4.657913,12.64242,0.4495494
18.60664,-1.496546,11.74411,13.22477,12.37113,-6.745871,-4.322823,-4.850432,-5.651973,-29.11076,-0.6251007,-3.527536,7.783762,-7.399378
20.2136,10.03797,17.07848,11.14055,6.601835,-4.633172,8.213364,-3.01945,-19.17633,-11.12501,-13.78859,-11.76994,0.5915358,-10.36483
22.15832,-19.39681,17.24629,0.09237269,0.6480771,-12.93994,-16.86024,-11.8263,-2.558254,17.37507,2.26759,2.957042,5.229395,-4.39262
17.72622,-11.20929,15.67533,7.427926,7.881216,-13.6197,-15.73825,-17.82719,-19.98024,12.83047,0.7015388,3.755921,8.636732,3.739318
5.865384,17.01011,-3.759836,-0.9910758,-3.220598,6.21372,13.16385,0.1589023,-8.883424,28.66455,-19.0906,-14.53346,-3.616372,-16.98113
2.305251,4.087013,2.498002,-5.104267,-7.006881,-2.64819,-0.603916,-0.4040031,1.358998,24.75246,-1.016185,-4.395086,-1.953179,-11.87001
14.51335,-6.553935,17.36611,7.684712,10.62732,-13.98308,-9.641313,-18.19444,-27.6611,23.25077,-1.733124,5.913123,-2.054381,0.4659804
4.356192,-1.414572,8.093539,2.086003,0.7414665,-7.778469,-1.285084,-7.287969,-21.8771,55.48647,-11.25106,-2.26261,-8.241955,-9.364854
-1.535111,-0.7153384,-1.356342,-5.528442,-7.792656,-5.231291,-0.5206069,-0.3730165,-23.23182,45.78799,-0.64478,2.074313,-3.462247,2.529338
-3.650769,-6.370731,-2.786185,-9.203282,-5.601892,-12.15341,-8.134232,-13.41235,-28.5103,48.50277,7.052973,11.73146,3.129847,19.40608
-2.567631,-2.769725,-10.70078,-6.564344,3.03251,-1.837274,-11.01864,-5.290415,-16.60941,42.75128,1.654976,3.765743,-3.070698,9.224401
-5.848067,-12.83603,-14.99429,-15.91407,0.7386174,-8.917216,-14.95801,-10.74983,-6.618847,44.47637,14.89151,10.53404,2.307034,17.88876
-0.05078731,8.184772,-5.500265,-18.99531,3.222491,-3.799187,4.223384,-4.168349,-14.57986,47.29092,-3.024991,-11.77248,-10.16889,9.138554
-7.206157,12.37144,-8.226166,-17.35946,7.546202,7.070175,6.118527,1.472285,-14.87,46.28331,-6.353469,-11.93916,-13.95941,-0.9481117
-14.50938,1.650085,-13.86036,-20.12302,1.785959,1.653253,-1.10526,-6.592147,-10.32216,38.8699,6.825763,0.3015492,-0.1459016,15.57171
0.3858781,-7.193097,2.539057,-3.99236,9.397683,-1.745449,-12.32235,-9.403107,-9.243862,22.67531,-5.940694,2.18397,-6.016562,18.67557
6.758172,2.96344,3.443267,-6.483716,1.837705,-3.832268,-2.429237,-9.526281,-21.64948,25.3603,-4.217828,-3.53946,-6.283832,17.59921
6.125544,-4.673894,-5.337097,-14.42167,-7.382696,0.3674727,-1.886953,0.3053331,-1.717886,28.59566,0.451827,0.4283009,-13.75002,12.89608
-5.520721,-13.80927,-9.568786,-2.259421,7.403198,1.357871,-10.91767,-2.79945,1.93214,30.34754,-1.773969,2.85331,-9.923606,12.67882
-0.2663905,8.905762,-7.091407,-5.457756,-3.992928,3.119232,11.56741,3.019795,-11.57249,24.01077,-11.6445,-6.81491,-10.75652,6.973947
0.4097951,-0.3884142,-2.575839,-5.649063,-6.505723,-0.351157,1.662623,3.67031,-2.943876,19.73959,-3.181655,0.24832,-10.76331,6.628393
-10.89464,1.196335,-4.842281,-2.883489,4.545644,4.929525,1.32533,10.2702,0.3976755,15.45826,-0.9256122,-7.542921,-7.627665,-3.406358
-17.12318,5.579009,-15.826,-4.801045,-1.468427,4.180387,5.662866,6.447344,4.472498,27.49103,-3.711093,-3.469234,-6.431002,-1.003151
-15.65074,0.5193273,-11.72593,-3.702833,-3.167967,-1.329849,2.968911,1.816414,7.097382,26.5043,0.4620264,1.639951,-6.447618,1.01663
-5.167595,-2.007599,-5.168181,-12.86118,-14.11076,-0.4911945,1.643225,3.290246,0.4864058,16.86609,8.281817,6.652382,1.250586,1.335755
-2.558633,1.538928,-0.9938459,3.221103,-13.04706,-0.4142766,3.504794,-2.336198,2.413579,20.17933,-6.316206,-2.456054,0.205509,-2.940965
0.7657807,-11.95943,-1.123626,15.90845,-3.670762,-6.75164,-10.41144,-9.323522,12.83648,23.53547,5.669142,-2.984636,0.07637632,-12.56667
-18.2195,-3.529087,-17.95067,5.4561,-10.03712,0.9663973,0.4598848,3.528122,15.28664,20.24227,14.57823,-0.09184834,5.147964,-15.83738
-1.374271,-0.5248476,-10.73033,20.24972,-6.92556,6.252951,3.526646,3.3659,7.096233,5.542621,1.244793,-11.10164,-5.293906,-11.32832
-2.169524,-0.7280004,-3.091133,8.298926,0.07810353,2.651688,0.3902442,-2.180055,-0.2879229,10.09668,-5.225832,-5.373429,-2.674306,0.2145532
-26.99407,11.83271,-9.228424,-8.553813,-7.394765,4.659533,14.55869,7.574488,2.740822,9.313164,4.473862,-3.793243,3.335099,-2.524048
-17.75972,-3.022115,-8.349476,1.037166,0.5387195,-1.232195,0.9704148,3.306225,6.785514,1.264889,2.369808,-0.195578,2.723145,11.5632
-30.06839,-5.701316,-15.3129,-2.985182,2.919523,8.295225,0.5299436,5.140167,14.86455,9.498571,1.916194,0.1639329,0.2860037,10.45368
-32.43363,9.361871,-13.54863,-2.845811,-3.250173,12.90968,11.67624,12.09837,6.296434,-3.860645,6.796828,-3.922125,1.799821,-1.078218
-22.24267,3.119824,-9.844127,-1.022947,0.2532322,-0.1681571,6.070676,-0.2583477,-2.471571,-9.924472,4.016346,6.166117,12.10381,14.2023
-5.328802,-1.01389,-0.3248588,-3.230233,-2.382343,-3.591065,1.661406,-5.683286,3.629368,-9.199951,-1.424491,3.140244,14.68522,9.06268
-3.013782,-3.164194,-0.8603334,-3.069369,0.7507347,1.724674,2.196127,7.699121,6.642581,-13.72929,-5.804634,6.276533,1.339723,3.012107
-15.19781,-9.47988,-14.93069,-2.468264,10.85771,2.703078,-1.14907,3.675731,7.95073,-10.82582,16.29604,5.42467,7.113322,0.03024215
-12.70567,17.07129,-11.28284,-5.27002,7.015003,11.80512,19.07658,4.240709,-10.85104,-10.92169,-2.603548,-7.087305,9.521456,-8.008028
3.681944,9.436885,1.668381,-1.018105,5.680164,8.746417,12.37717,5.196805,-16.82035,-18.38094,-10.81014,4.080958,-3.43546,-0.4037259
0.8513022,-10.24109,-1.364649,-3.804005,9.071636,7.856865,-5.878084,-6.770376,-15.41957,-17.88274,1.140141,12.97445,9.936372,19.52974
-15.57492,-1.046031,-16.377,-16.83333,-3.038928,14.46169,7.343784,10.57785,4.115636,-7.861453,1.613672,1.55563,12.62775,8.435635
-7.257308,-9.489172,-8.65435,-6.510602,1.212354,1.540206,-3.013299,0.4379652,-6.163727,-16.68014,18.18238,14.80834,16.59356,4.993785
7.375269,-0.5310415,4.934684,3.831004,3.159598,-0.7226951,-2.369746,-11.86391,-25.98003,-28.22033,12.26403,9.440073,16.20782,12.47528
5.531932,-3.779295,-1.342006,1.628941,1.799037,7.565784,-0.220045,1.339781,7.236052,-15.44494,-7.536132,-2.947134,7.426836,-1.258809
0.1835586,-0.5974273,-4.963266,0.7893254,8.620422,6.638192,1.693477,3.322588,4.66615,-17.53528,-7.923943,3.86534,-1.397872,2.638738
7.742174,7.76916,4.6902,6.906454,13.48282,2.749676,7.39499,3.335876,-11.85868,-27.26289,-7.071322,2.960989,-7.815487,-3.023962
3.452932,7.499733,9.454386,9.896044,10.72433,0.02655926,10.17625,2.785471,-16.63194,-31.33946,-9.708821,8.775433,-5.251166,0.1402595
6.086847,-3.990886,10.29287,7.076437,4.130609,-3.608192,-1.295912,5.279816,3.793963,-31.36019,10.25983,6.731633,-4.061756,-9.335081
-5.299015,11.59123,-2.156468,-5.521386,1.836724,16.70745,17.70553,14.42888,18.06233,-7.953618,-3.759339,-10.48091,-17.4469,-27.7145
-3.024506,10.50286,-5.005741,-1.804943,-1.655137,10.73919,13.25462,4.61176,11.38866,-9.468637,-2.536548,-1.559354,-6.178081,-19.26413
16.94553,-13.46993,16.64102,12.68592,11.00569,-1.968602,-6.92944,-18.44176,9.943996,-25.50737,16.14826,0.4750487,-0.2008553,-17.32752
21.35631,10.57546,14.71234,16.29899,10.55023,9.119889,17.28575,-5.838745,-0.1863668,-18.84405,-10.458,-23.25104,-5.721671,-35.59909
20.77921,12.23269,16.46435,19.05132,9.922877,12.53244,18.42548,6.952874,19.06506,-21.77952,-19.13633,-29.67829,-14.21957,-50.61257
6.174559,8.252497,6.617879,15.26771,15.25101,14.43521,15.90637,9.101445,29.46679,-16.68781,-0.8348069,-32.5059,-18.53348,-51.91147
1.229893,12.03546,3.72794,13.03073,10.45554,13.29268,18.19903,6.830782,10.40467,-16.58393,7.496344,-26.54312,-3.185022,-50.39098
8.37946,15.17154,13.97496,12.28994,5.277805,13.4448,13.66389,10.68672,18.22001,-14.02573,-7.164197,-23.55294,-12.71597,-53.65027
31.36969,18.76913,21.95757,21.68022,13.24247,12.07014,13.79616,11.14305,13.65312,-12.32304,-17.55466,-42.08036,-24.07982,-61.64365
29.7162,20.28189,30.80009,25.93843,20.46839,16.9569,22.22974,12.06996,3.665337,-8.827744,-24.05063,-51.21675,-33.27716,-64.75465
33.21478,8.581246,24.81861,37.43786,33.54351,10.77685,9.045307,9.939783,1.364722,-10.15614,-23.60961,-39.27241,-33.16484,-62.51967
36.36784,26.54697,22.53197,32.36631,26.13653,9.492456,22.66805,16.28885,-0.9774152,0.3766169,-26.97126,-53.50343,-33.24492,-78.07854
27.97706,24.37427,23.26628,27.05989,22.70737,14.94773,19.55084,21.20829,6.425492,1.969987,-29.59734,-50.9376,-29.62853,-79.32373
40.48418,18.2702,26.06718,29.11966,29.00826,11.19601,10.99666,20.68802,6.843565,15.39205,-33.47953,-49.8895,-39.10924,-85.58749
33.64762,37.51388,23.49598,28.95292,21.73777,19.718,27.43919,30.13881,4.284846,23.65113,-34.7522,-64.09454,-47.77873,-103.9546
45.60212,30.02097,33.42466,38.71635,27.70406,11.67096,19.06528,22.05261,-7.796851,27.24151,-34.15884,-66.63142,-35.44348,-111.4679
59.25036,18.99944,42.78165,41.02599,27.18654,-7.580832,2.141327,14.02355,-8.518613,40.14386,-26.21922,-57.20462,-32.75129,-113.2781
67.85696,25.29517,45.4881,46.09304,23.47104,-4.217502,7.32612,22.52814,-9.529294,47.2438,-42.04846,-69.21233,-42.92599,-117.3688
62.49208,30.35273,38.14344,44.88678,19.22494,-1.642907,8.106681,25.85899,-6.915531,65.88451,-40.87619,-68.1999,-52.18013,-125.1355
60.77818,27.69755,36.18599,45.08805,21.4635,-6.885541,3.204295,24.8839,-9.641099,71.51289,-32.11204,-68.38881,-48.95962,-124.8272
80.79481,26.49114,49.61918,51.13153,22.4668,-11.04044,-1.615825,24.6306,-10.73123,81.33587,-47.86735,-75.16163,-52.38744,-137.666
92.68324,36.09596,56.83591,56.03238,31.67312,-6.588476,4.868251,30.61239,-14.12961,99.02566,-52.91639,-100.3602,-72.62415,-161.208
88.56124,48.75182,52.28003,44.91161,22.09504,-3.801956,12.67513,42.37074,-14.13979,114.5889,-62.03853,-103.009,-76.67181,-166.5733
78.06953,42.90627,46.65064,44.46909,25.03763,-2.731066,4.459884,42.10482,-7.813728,126.7823,-48.51388,-98.98357,-73.32391,-179.114
79.77848,44.75567,51.58402,51.64125,34.44895,-8.066253,4.821636,40.66296,-11.1982,134.9725,-60.55184,-108.2378,-73.31721,-181.2942
83.17833,57.42821,56.99716,50.13073,27.1563,-8.810723,8.724873,41.50302,-17.33289,156.6844,-69.22904,-111.7387,-81.72618,-192.9655
94.18404,48.39778,63.33248,46.65997,24.31091,-9.166597,2.601995,48.91992,-10.42868,157.0575,-65.87112,-113.1867,-91.33552,-195.476
102.8034,47.32061,74.2756,54.56806,29.18316,-7.697647,-7.190436,43.75344,-16.88785,170.5324,-75.06566,-115.1841,-97.42678,-202.9842
126.1499,53.80471,80.52848,47.95649,18.73221,-10.88485,-7.83631,29.35769,-37.96378,177.0582,-72.44958,-115.9994,-96.08472,-192.369
175.8309,14.5999,101.2084,20.33302,-13.45295,-57.28331,-51.79591,2.264293,-57.06353,149.2341,-65.43301,-55.52729,-87.80651,-75.10809
199.1305,-18.51795,95.78207,-2.629338,-31.56971,-92.10031,-92.96296,-24.61297,-64.86249,100.1795,-65.06747,10.40457,-66.96166,53.78827
163.3693,-18.63549,43.54283,-58.3191,-83.57,-92.35075,-92.51371,-36.44424,-76.82252,126.7026,-35.94666,52.35559,-33.78586,142.418
112.9005,-14.53036,3.46785,-84.00907,-108.608,-92.94542,-97.15282,-47.26826,-70.4539,156.7353,-37.62965,83.04531,-9.281687,205.7303
37.45184,-30.64804,-34.2276,-78.56133,-83.6963,-91.99925,-112.0313,-61.67804,-27.96605,77.16396,-2.494792,118.7116,36.56597,253.4093
-66.7947,-7.252906,-84.37724,-103.4045,-98.2776,-83.27639,-87.13914,-38.29604,-15.17276,81.01372,35.17562,131.0229,77.76376,259.0152
-116.7904,-14.07684,-106.7507,-102.2621,-101.1173,-67.70737,-99.36636,-55.51393,-13.16782,83.88182,43.17249,155.9614,108.0105,285.7265
-138.8531,-53.11503,-117.4314,-125.3839,-110.5432,-80.07296,-149.65,-95.88353,-27.4917,112.3947,85.94016,199.4907,151.5933,349.0059
-154.6321,-53.62737,-135.2178,-141.226,-120.9015,-87.5117,-146.3125,-88.12321,5.257684,99.02648,75.12482,210.5257,152.8878,384.7295
-185.0535,-91.82485,-149.6288,-144.8642,-141.8658,-92.65041,-188.6177,-104.4206,-20.63248,186.7829,99.09004,240.1595,172.7679,420.7579
-241.2233,-68.33254,-180.2437,-153.8512,-137.3799,-57.03421,-156.2289,-83.53876,-28.92619,182.2533,104.1484,232.3411,184.9356,403.0804
-290.2496,-41.5462,-200.934,-143.9852,-115.4148,-60.56366,-140.0777,-45.11172,10.08124,141.1925,117.3554,217.8536,192.8167,358.5833
-315.0106,-81.53182,-199.907,-139.8318,-124.3267,-80.96266,-157.9969,-60.16232,16.84846,202.3445,155.3761,225.4119,217.1771,342.5715
-317.4229,-90.5311,-182.6759,-116.8844,-113.2453,-24.85599,-219.3699,-80.98885,25.65041,216.3492,148.3984,219.6858,220.09,315.8004
-330.7547,-98.78197,-190.5347,-124.53,-119.846,-50.17418,-119.0119,-76.19857,56.87886,284.5907,144.3723,179.19,193.5503,251.2498
-302.6096,-135.6903,-180.0654,-124.719,-129.1106,-40.58894,87.59385,-93.01829,31.88549,284.4626,116.9605,135.3833,155.3726,194.1436
-234.6868,-165.5364,-128.6548,-96.46964,-102.6795,-17.79728,26.86245,-122.7864,5.739425,291.0488,94.76122,132.2119,140.4707,177.5163
-233.0605,-136.1365,-145.9775,-102.9317,-95.73708,37.64262,49.71817,-96.0785,17.82597,332.2251,84.23582,75.01164,105.6055,107.6568
-205.3258,-124.5183,-136.7358,-85.41829,-62.26967,83.29973,39.51443,-77.47626,50.74747,274.7478,56.44859,43.69891,82.82489,60.46218
-113.2974,-85.46519,-49.86926,-7.010818,13.35485,85.84056,59.01987,-42.06105,93.78378,-321.046,84.1506,78.16574,93.88329,110.551
-48.34452,-23.16537,10.12706,43.62478,59.41719,157.8284,118.6292,21.59953,128.744,-951.6745,122.9872,103.8008,114.6735,141.7528
-30.82202,-18.46893,13.53234,37.26424,56.6796,171.3961,111.7,24.90265,143.5828,-855.1393,95.19653,69.8708,86.71965,93.58546
-5.016324,-16.7039,34.32618,45.5475,78.58314,110.1787,104.1666,20.52931,113.058,-728.7563,76.48911,46.08715,61.32347,60.18737
13.19854,-27.1351,52.16389,57.28121,81.97573,100.421,84.0957,14.60632,95.30312,-712.1038,82.12271,51.81998,50.9144,55.3363
8.834155,-5.803232,37.87106,55.66764,69.6991,121.6932,100.4885,39.75143,95.90901,-638.7335,52.69097,20.85592,25.25395,15.82181
24.49487,9.079741,45.81784,51.15543,76.79181,123.8513,95.72507,41.63932,99.10716,-569.5683,26.89553,-5.159922,5.063206,-24.89304
27.0786,-2.52335,57.76079,57.72334,72.35892,116.2522,79.9664,28.66649,74.04713,-507.2329,27.02446,-5.552113,-4.921357,-20.64858
19.05141,14.38733,59.58589,56.7806,71.45156,109.15,88.20165,44.89731,33.63707,-438.1382,11.77047,-15.48063,-26.7052,-28.58924
15.93531,18.0974,55.00957,53.82883,77.21921,109.0747,86.27161,43.68724,28.33441,-374.9301,1.440461,-33.47947,-38.63698,-41.85215
11.08383,-4.828902,52.03627,50.54961,79.35287,93.93507,66.7317,33.83698,26.26732,-302.2357,0.3029776,-28.21057,-41.85693,-36.96459
21.80427,-7.355732,44.63591,38.63797,65.3036,101.1839,59.10106,32.88319,9.355908,-265.7483,9.494746,-23.36623,-46.8332,-39.0971
31.7003,18.47135,53.46688,56.27647,77.40685,117.5758,84.97218,49.33616,16.94016,-307.6421,-18.22879,-44.8251,-68.55215,-66.89796
-1.899616,17.4649,32.27075,39.90705,57.25537,104.3843,77.92093,47.22964,18.23715,-275.0564,-10.9007,-29.73526,-46.78046,-30.29761
-52.4809,7.336754,0.3066289,16.11718,39.67872,55.76524,57.1725,37.83381,-0.08102611,-258.2231,26.19894,24.98718,-3.270945,48.65907
-79.42898,38.98366,-12.23318,5.304212,36.00775,70.99319,84.18204,45.76344,-10.43607,-208.1282,2.552212,4.481212,-13.37154,35.33029
-88.06128,61.49632,-26.75921,-4.94445,33.31355,53.22652,99.38666,53.04537,-20.20546,-114.8264,-11.72938,-22.65241,-26.21457,14.92481
-85.68078,52.67813,-25.61557,-12.37376,18.20035,34.74639,85.03677,50.72643,-27.33334,-84.92155,0.6890607,-6.613387,-21.28084,21.74216
-96.90731,54.84659,-34.02392,-17.66475,15.59011,53.35844,79.1393,56.90913,-22.65006,-48.22964,-7.715328,-14.15779,-27.37079,8.87609
-84.57124,38.26559,-25.46744,-27.71061,11.03296,61.80226,63.21642,48.8719,-28.8936,-11.34592,-16.21683,-8.759066,-28.30494,8.080577
-73.04456,20.51614,-23.75629,-37.27718,2.307488,17.26367,38.46799,30.03591,-40.29044,16.84241,1.653947,19.70241,-9.902245,37.48078
-46.16039,12.24258,-16.92825,-39.88425,8.848705,-16.78664,25.4486,20.73347,-47.55353,24.657,8.971242,27.61551,-6.894,45.68998
113.0269,-14.77689,62.80119,-9.050868,21.24527,-50.83004,-0.9692703,-1.753563,-64.28186,-10.10732,-27.76143,3.030175,-45.30836,24.73603
288.4169,-26.02333,149.4913,20.04803,35.25909,-84.79812,-22.81589,-15.54243,-86.56889,-78.8797,-56.0232,-28.88803,-89.75143,-3.924359
370.0203,-3.407584,194.8677,64.48633,77.80469,-106.662,-10.34192,-15.395,-96.09425,-102.4156,-82.85712,-84.82228,-105.2786,-99.90461
302.0143,39.37536,158.8842,95.99833,85.14082,-48.32096,28.05718,33.03882,-67.64236,-32.56934,-100.022,-147.851,-110.9431,-235.1602
213.0462,76.82032,113.5381,102.3761,83.25226,-9.683059,65.92391,57.6402,-70.505,118.3194,-98.89321,-204.3303,-120.6745,-326.8304
177.4725,98.89555,95.93594,103.7551,87.48945,-7.216597,88.46773,61.31506,-87.81258,165.9928,-106.6767,-212.0529,-119.8408,-345.7244
151.2115,103.5342,73.19028,80.94795,70.20572,-16.22836,86.27464,57.31477,-75.14936,173.3969,-94.10532,-191.2269,-108.6251,-310.7409
116.3487,93.45752,49.33058,58.39269,44.79125,-25.59675,74.4595,41.56718,-46.92095,202.8649,-79.34,-167.645,-95.95633,-265.7533
102.7985,90.65902,33.11131,44.58654,29.95544,-13.02767,77.6083,36.22963,-56.94098,189.6851,-81.19437,-144.5297,-82.11435,-226.8266
104.0063,90.15468,22.71838,30.30269,19.91452,-16.93107,70.35803,28.68546,-55.54421,163.3041,-67.62389,-131.0727,-75.10052,-183.1717
90.65341,86.9973,16.91286,26.03711,13.88311,-44.73863,58.67986,29.59986,-30.80991,153.4806,-62.46674,-113.2723,-66.23245,-158.724
59.65238,81.48455,-2.339118,20.13853,22.06128,-28.69715,54.92876,14.1252,-37.10474,156.7477,-50.98709,-104.9475,-54.06,-131.0027
52.10509,84.10886,-12.92903,13.68561,23.86785,-28.68925,62.38889,21.83083,-19.27062,137.2613,-59.34578,-99.53198,-55.17871,-120.303
89.27908,75.57538,15.47346,26.90639,36.63834,-79.81849,52.9283,3.468232,-22.71787,95.31236,-56.67023,-81.74354,-48.90545,-105.7259
73.04957,64.63236,10.01526,24.5099,27.25412,-56.74757,49.91424,-3.087971,-24.14893,74.3423,-30.05739,-74.32552,-43.83587,-91.51443
64.53797,62.11012,6.694324,17.04804,22.70944,-66.83903,44.9677,2.360394,-3.553114,78.87901,-48.23663,-63.11446,-39.30127,-78.26243
51.46247,47.18538,-0.5535922,13.57798,11.29002,-58.06531,26.7423,-5.271009,-1.176021,80.46693,-34.36742,-48.02709,-28.378,-54.88658
31.63737,38.22216,-6.874647,11.71837,1.207945,-52.4941,17.76179,4.882024,-1.105476,88.04045,-30.94959,-37.14721,-21.91096,-42.98812
23.41467,16.76776,-10.18047,3.960583,-2.038265,-41.06707,-8.568629,0.4566883,5.509847,97.94533,-29.53107,-17.89063,-9.123214,-29.6555
17.42075,3.818121,-6.17566,-0.9278092,-11.38205,-41.68938,-22.83487,-8.117249,-1.046725,106.5405,1.035131,-12.97162,-1.870637,-21.79844
14.77608,-0.5997487,-5.277491,-0.4052675,-9.074906,-33.08312,-23.9768,-12.71708,2.932455,113.1243,-11.20446,-4.4691,-5.631541,-24.39333
-3.96737,-20.62382,-20.45577,-11.28973,-11.39098,-25.90441,-41.45432,-16.54034,18.36775,108.692,1.093937,17.79901,4.822099,0.8519432
-4.838938,-17.92961,-12.17571,-12.45191,-13.4189,-25.03595,-39.67393,-15.97811,21.53626,91.61075,-6.256294,20.80255,4.235458,9.574324
-13.8618,-8.355697,-16.60509,-7.783522,-11.1446,-7.370041,-27.95277,-3.706367,11.17931,88.19607,-14.36324,16.06999,-0.7732497,-3.529011
-10.15185,-20.30824,-13.23947,-6.041388,-10.60864,-29.31441,-43.76413,-17.37283,-4.382515,80.17781,10.63044,32.35882,14.92689,17.08949
-24.76482,-26.82598,-13.92646,-13.04995,-19.51973,-15.43761,-48.62398,-17.12545,9.890182,80.46127,17.61922,32.88013,15.29495,23.1282
-42.58401,-34.91803,-22.35036,-21.10497,-27.67412,0.7002878,-49.744,-11.85976,22.04147,89.78793,15.94969,39.17733,14.72532,27.85317
-34.1726,-34.44617,-16.9582,-21.88449,-26.63336,-16.73349,-51.43929,-15.74232,23.13546,89.23131,18.044,37.47071,18.54171,31.58669
-36.97927,-38.98393,-19.4801,-17.81863,-29.77101,-13.23438,-56.2581,-26.84589,24.08964,92.56991,29.06863,34.76456,26.64213,32.23641
-41.3462,-44.17984,-17.65393,-11.20642,-30.42193,3.263457,-61.43802,-32.17329,23.65333,84.78736,19.7444,42.29907,28.02126,36.65073
-45.14756,-39.04723,-14.08149,-10.53587,-33.13113,-2.814186,-63.00591,-26.90866,24.06658,79.37,26.20024,40.7434,28.65317,35.6386
