102.7188,-0.2217285,-17.00359,18.33197,-4.239564,-99.55824,-40.48494,-24.43978,99.90041,-3.983017,-1.60157,-14.67705,-17.73682,2.995153
94.5707,-1.331844,-9.130204,9.620316,-9.333866,-89.65278,-50.04387,-18.66548,95.3807,-8.909034,6.18784,-10.84013,-14.55897,6.70662
73.40664,1.975128,-16.14122,2.714184,-19.92772,-66.66101,-41.10258,-13.89546,118.4957,-7.373255,-8.079017,-6.131498,-16.41639,-0.8635114
66.62739,21.74842,2.202299,18.705,2.480216,-43.21616,-6.673966,8.770679,-92.62788,16.94878,-7.09619,7.905826,-4.811042,9.036637
68.75356,19.70024,20.68756,21.20092,4.502071,-25.51901,-14.2457,30.49577,-211.1596,26.22338,37.53137,23.63341,-25.39892,23.59501
50.41874,27.8286,12.90542,38.41772,7.410265,3.081624,5.550371,31.81918,-191.0318,33.18991,6.354968,28.25454,-52.18594,-2.01361
57.21956,15.30845,6.078896,83.51667,25.39906,13.11135,2.499305,13.35721,-189.8682,18.721,25.40995,14.66195,-63.16192,-22.25327
83.5309,14.63785,4.752374,90.59533,31.97364,49.66578,2.209501,-15.62285,-183.568,13.32306,-15.75147,14.744,-64.68073,-25.80937
82.4855,3.695367,2.121398,61.19976,6.794553,56.57094,4.237696,-43.75603,-75.02137,-3.166722,-7.436028,0.09506121,-62.28389,-25.53625
24.1525,-19.86918,-11.78971,43.70081,-10.05317,70.56418,-25.54749,-57.20058,129.9158,-22.88932,-6.499203,-15.51921,-56.60068,-42.36473
20.31711,-19.73865,-1.904505,40.04511,-14.33263,90.33891,-31.77663,-63.97999,112.1027,-26.78093,0.6765754,-4.047124,-61.33035,-39.58961
23.72098,-21.41319,4.550677,7.325927,-16.60236,79.04947,-24.77532,-48.84988,114.4717,-25.54428,-0.3538531,-1.719216,-61.57815,-28.28259
-23.7548,-8.903234,7.004418,12.41636,-5.53031,67.75702,-9.086234,-48.11411,129.7157,-13.979,-35.75879,5.840961,-46.89203,-30.71593
-47.14378,-12.17608,4.181141,10.04407,-6.915999,49.61694,-16.3535,-42.47141,121.1739,-20.11224,18.63692,3.136252,-50.61017,-11.00606
-81.54153,-7.933005,-1.973779,6.936088,-4.465763,39.21795,0.8140008,-23.93142,145.4307,-11.50206,-5.258802,4.71048,-38.03961,-22.46327
-93.04799,12.30563,9.297526,18.07604,15.22495,50.63739,14.69764,-4.913093,-24.60583,6.922151,7.190975,23.45364,-16.79656,-18.44247
-97.90056,21.05092,18.8244,18.09977,20.45526,45.78222,17.2567,22.09298,-133.9705,14.62813,13.24504,31.04703,0.4687575,8.919873
-90.43027,15.88146,18.03701,9.114307,14.70804,32.6251,21.54571,16.23219,-104.1193,10.81634,12.86674,14.42634,15.88016,12.41622
-88.28602,13.79403,8.247115,5.327452,11.28131,23.18967,31.27877,20.10974,-109.4174,5.94468,45.96334,7.707816,22.54448,2.315017
-77.33067,14.80038,17.49235,9.632476,10.19233,24.47704,38.23358,15.4053,-105.4284,10.00539,12.23102,16.05652,6.016993,8.215645
-88.5305,17.77446,12.34188,8.645201,8.935888,27.56554,43.59943,23.55369,-109.5102,13.38818,29.56927,20.10987,-6.678853,-0.7638439
-99.68451,15.70043,13.14536,8.675492,9.3799,16.08354,45.34707,32.53633,-97.832,12.87015,16.55743,20.05487,-6.76714,13.93307
-98.66696,8.710589,16.99102,1.597577,6.430971,16.70591,31.5648,32.4832,-103.7435,9.528984,38.0776,13.74204,-15.64456,42.22229
-82.43248,8.456944,23.64043,7.000134,10.6264,24.97562,26.01059,28.03209,-89.86115,10.79493,13.32762,17.14671,-17.50337,19.78555
-52.31418,12.07065,36.4475,6.648409,8.111987,33.98146,24.47214,13.41053,-82.09035,8.885545,-12.96513,18.54641,-8.941713,-6.263232
-69.62484,8.056896,21.72003,0.3463696,4.131474,36.57737,29.2518,27.01659,-61.10877,9.355523,-8.914248,20.93265,-4.819478,-12.92136
-77.07495,2.487078,12.29071,0.3862214,5.41534,35.07436,24.17675,29.56307,-51.13197,15.26611,-9.087654,21.01442,-5.57676,-2.802727
-86.60157,5.58071,5.397206,-2.18084,7.757537,37.40083,27.85597,20.74178,-53.50926,17.35775,6.95152,17.36025,-7.648697,3.536821
-91.8736,3.309503,-0.7302793,-0.4605851,4.505531,28.79184,34.46972,25.4412,-50.06607,16.90113,16.46012,17.01887,-15.22427,11.4569
-69.9991,6.09151,3.762302,-5.925663,6.999968,24.06202,23.89957,24.44183,-47.22359,21.99825,-3.477541,16.7667,-14.15132,12.75507
-50.97532,-0.06654774,7.070661,-18.15379,3.229326,12.96562,22.70858,27.72521,-44.78321,13.48855,18.66209,11.32514,-20.6034,17.40709
-59.61362,4.008624,-1.371998,-16.69822,3.380883,18.6727,30.47892,18.34242,-44.22989,19.43404,-2.221881,15.96082,-0.07297684,13.93019
-82.22897,8.057922,-13.01419,-18.92073,6.907054,26.79391,26.4094,17.39876,-32.56758,26.4143,-6.696413,13.38952,22.47024,5.586762
-59.72874,-1.793174,-11.00969,-28.23574,2.229067,18.15295,27.6,21.09421,-33.80342,15.81246,2.18763,2.643876,19.08688,25.7637
-36.37894,1.105545,-4.986574,-22.10402,5.086478,17.22437,20.83136,12.15558,-29.45338,15.76985,-19.82309,2.780604,23.30555,14.48666
-23.65116,-1.608641,-2.377854,-28.32911,1.331504,5.762102,12.75082,9.194584,-22.0349,13.27943,5.632158,-1.452116,16.31144,15.19174
-7.108341,-4.256832,2.811902,-16.39944,0.4281327,5.955568,12.34724,6.11648,-21.01455,12.79447,-23.31553,-4.04743,11.30942,24.37891
-13.34969,-10.14667,-2.694466,-5.560092,-4.706585,-4.501791,10.456,14.45184,-21.44853,8.560562,6.444111,-7.943961,9.58674,20.85252
-17.66686,-3.437255,-1.211951,-2.500409,-0.3711092,-1.21909,10.09621,10.58496,-11.13741,10.92803,-9.669523,-8.486797,14.40529,9.685914
-29.41915,2.96104,-2.421539,0.0749057,4.064759,0.3564637,9.891341,8.320972,0.6081137,19.52404,-29.52184,-6.015786,25.36386,-3.787178
-35.61102,-1.750356,-4.007566,-2.214733,-0.258882,-7.15751,15.242,18.53706,-0.2681172,11.9302,-18.03649,-5.656017,23.12476,6.126671
-43.92622,-0.176477,-5.335793,-7.115197,1.306171,-10.38113,17.19001,11.40565,2.021085,12.40638,-13.89847,-2.856814,20.06161,19.29918
-32.62924,-7.248272,-5.436831,-13.89602,-0.05837424,-13.61945,12.28869,6.710948,4.89703,12.14227,-5.594702,-6.359913,15.83297,32.97088
-12.92887,-6.590251,0.7368678,-14.57296,0.7164345,-9.95815,14.38048,7.901643,5.36589,14.42917,-29.8727,-4.84094,13.06741,22.16597
-21.63245,-8.532198,-5.724461,-19.50237,-2.223982,-8.981939,12.93167,11.54434,7.915259,4.022247,-21.16469,-6.864266,32.27563,25.93719
-31.20267,-6.348749,-9.310883,-15.82473,2.286198,1.488212,17.79184,5.512951,22.52052,-22.38779,-12.54179,-11.38562,52.41224,6.990272
-23.05737,-4.644714,-8.371132,-8.136549,2.919965,-2.100181,18.00638,8.441957,28.46172,-18.25682,-42.4173,-10.47397,52.21374,7.41428
-17.80487,-5.135283,-10.07721,-6.948076,4.010054,-3.927384,5.109746,8.385134,31.75067,-18.17072,-20.68597,-9.096732,43.63027,-1.039617
-13.714,-2.432852,-3.931078,-3.038209,6.727856,-4.253764,1.794972,5.612159,27.40314,-19.92118,-25.91312,-5.329824,42.62827,-5.632384
-27.8535,-2.137172,-9.819983,-8.480458,2.946137,-5.576417,8.577595,21.96157,21.67746,-17.30303,-11.70264,-9.770547,41.40083,-3.919837
-25.09797,0.941358,-9.646622,-7.102122,2.723356,-9.949311,8.049519,24.58096,22.03357,-15.47958,-22.06864,-6.961494,48.37263,-10.39566
-18.20832,-4.447596,-13.82296,-7.831549,-0.7872837,-16.22799,-3.852036,23.21323,16.12871,-23.75674,-0.6831058,-10.06836,54.33129,6.012722
-15.02425,-6.276852,-10.36155,-7.905174,-1.122018,-17.51122,5.223349,24.4297,19.47763,-23.84435,-5.17578,-15.17367,48.38366,4.880524
-1.334226,-3.267795,-0.0494092,-1.930415,-0.4584175,-18.92413,5.731332,19.89011,15.50704,-22.86911,-22.54499,-9.294359,39.46632,0.07805388
5.017347,-10.22091,-1.559,-5.837587,-6.94394,-24.77608,-3.556484,28.98277,10.52672,-29.43956,3.032449,-10.83274,29.10506,16.50194
3.695544,-11.27716,-2.493723,-0.8028923,-8.471775,-24.44564,1.656184,23.78063,9.445937,-32.67811,4.153234,-8.717593,33.41867,12.73668
-10.9586,-0.9927531,4.409399,9.515038,1.605133,-13.74828,2.811284,18.38166,13.44197,-24.88083,-27.34129,-7.497356,37.53576,-2.281139
-25.11041,-7.742783,0.9352705,4.210895,-6.076477,-16.28197,15.89733,11.33044,8.322678,-24.10395,6.321124,-12.45463,32.37204,12.38044
-24.54462,-9.995734,-0.9488684,0.1478039,-9.691587,-16.59974,15.98267,18.99777,6.110434,-28.7401,10.10773,-11.59603,28.88108,21.8892
10.87408,-14.33718,8.848092,0.9942023,-10.99574,-22.47145,-2.054947,21.38332,9.222778,-34.28812,14.87777,-13.60567,19.1935,12.35935
31.49992,-7.670481,9.075777,4.539051,-8.144396,-19.46667,10.13829,3.320677,8.626577,-29.392,-13.4076,-8.068022,18.94683,0.002039063
21.28997,-5.6426,0.995334,2.550165,-10.36741,-25.92293,-8.789848,12.89907,7.757306,-27.67572,14.33102,-9.928631,21.03787,7.466397
31.7298,-9.349995,1.357353,5.7522,-8.452225,-25.7302,-9.497544,9.383142,3.490889,-28.52427,8.945981,-9.022735,23.17063,6.746979
29.43101,-5.837468,-1.330049,6.930531,-5.394192,-20.6822,-0.7181709,7.266412,4.748573,-24.28213,4.792305,-6.780613,19.61505,-7.759064
55.20867,-4.514493,10.71615,16.12961,-1.682954,-20.18531,-7.767608,1.762454,5.285473,-23.43109,-15.01025,-4.635944,19.64719,-31.52191
69.60217,-2.891046,14.38776,-2.451279,5.154671,-17.58703,0.4261402,-6.647062,2.578477,-22.97717,-11.29272,0.2904935,21.76563,-50.35904
67.26411,3.906571,14.25597,-27.70163,7.731762,-15.87326,-7.189761,2.636275,6.991302,-19.27401,-16.83332,2.935107,24.24364,-43.09275
82.54111,-3.405888,16.10958,-28.6701,0.2872993,-21.5749,-5.505365,-0.9520337,0.2780258,-23.73995,-4.569514,-0.1969688,17.47718,-28.07848
78.9809,-2.080234,19.12729,-28.2601,-0.6348691,-19.23578,-1.136073,-2.796167,-4.060683,-22.47652,3.865624,-1.190145,10.46308,-30.56633
67.73228,5.476085,15.35676,-25.60866,-3.166578,2.587999,-6.169457,-0.1413239,4.279862,-15.29258,-7.957072,0.9656737,3.090395,-41.15339
67.53448,-2.496368,17.68757,-40.45227,-9.354724,8.567085,-6.425203,0.3661045,-4.768498,13.38757,4.57817,1.012849,-7.743006,-41.89377
58.40063,-5.313817,18.90629,-39.9598,-7.105372,-3.391527,1.209502,-1.564887,-8.372206,20.56798,11.91429,0.4263049,-10.95431,-34.76308
63.69783,-0.295853,23.99889,-37.52158,-7.291928,-5.055324,6.933545,-2.908488,-12.46269,15.45278,-9.498912,5.19486,-12.07438,-28.16874
67.49553,0.09383213,28.91409,-30.54873,-5.838645,-5.99702,-15.76777,-11.38247,-16.32431,13.24442,4.021853,-0.3612682,-14.10859,-13.44091
60.11988,-2.272974,20.52256,-17.81535,0.1366202,38.68447,-20.08988,-37.06349,-6.509871,11.51942,3.150201,-1.782121,-25.02644,-23.57305
41.18687,-0.6014393,13.24438,-6.552518,-3.015517,106.4665,-17.2564,-48.83813,-5.749854,12.29909,-24.24158,1.486461,-29.5905,-38.83741
30.02767,-0.4206543,7.023187,1.583688,4.116353,98.70218,-24.01027,-52.15318,-1.246384,11.69342,1.797773,1.797132,-35.47046,-43.44045
37.5034,1.297477,16.46835,2.315989,9.383926,77.2608,-14.85346,-57.41335,3.180565,17.44349,-19.20968,6.364634,-37.15617,-42.58595
44.09663,-2.114287,14.36132,-0.8740337,-0.6623253,52.21291,-20.64492,-39.26019,-2.557004,11.57798,1.251322,4.038476,-34.49316,-26.93271
56.74415,0.3016161,15.18912,-4.672197,-0.7718563,40.70766,-19.25591,-28.6717,-6.321678,8.295871,-7.012259,1.066059,-34.65191,-20.94697
45.71198,5.76355,10.17091,-3.067292,1.74309,34.94814,-2.336381,-24.97762,-3.724211,12.724,-4.6866,1.913512,-30.13403,-44.04905
32.06385,5.464826,-9.368704,-3.686883,5.940166,27.10828,-2.172248,-18.28824,-4.046629,16.48837,-8.82346,6.294038,-17.24574,-29.72762
11.28672,-3.094768,-22.56966,-8.964609,-2.392483,19.67846,-2.291881,-18.70419,-13.95743,4.457416,23.05796,-2.092864,-24.12875,39.71607
0.2612456,-5.166667,-23.96982,-8.596302,-6.172958,25.50515,-3.340855,-21.69577,-12.11465,4.308832,35.54755,-0.9835913,-28.4922,44.91002
11.31887,-3.949803,-24.90325,-6.816329,-5.443874,23.25278,-10.76416,-18.02962,-7.256365,1.535782,23.70998,0.1811525,-25.27273,42.43756
8.436041,-3.722413,-24.91063,-2.01999,-1.06252,19.54955,1.043971,-14.61582,-7.018407,1.242842,16.77994,-1.3046,-20.07096,27.67299
-1.416305,2.508107,-23.27371,-3.963786,3.055124,19.18901,-0.2920714,-5.94179,-5.914836,10.00292,-6.627917,-0.3710852,-3.787684,16.83402
-33.18419,2.90507,-30.93697,-11.78419,0.880325,6.618656,-2.314987,-12.91705,-2.123658,7.575111,44.53867,-4.161156,3.258586,31.64579
-40.99585,5.354794,-27.81447,-8.777788,1.554415,13.4901,-4.740908,-3.48498,2.809422,11.77638,16.77353,0.5766551,9.103475,24.37522
-46.71448,5.518983,-27.34032,-7.321375,6.003167,8.352427,-6.065105,-3.506603,4.639663,13.5381,21.82839,2.97447,11.11415,16.97853
-36.21307,0.308045,-18.58453,-12.84635,-0.7281326,-6.055228,-7.969295,-13.12009,8.956069,10.11062,34.61214,-0.4540813,12.46447,29.51943
-43.46471,3.676754,-15.71618,-16.2813,-0.09822317,4.179062,-7.019914,-1.697946,16.47231,12.27334,3.501011,0.169059,16.721,27.28574
-28.05196,1.498752,-14.76867,-16.0418,-1.206249,-2.570287,-16.17306,-4.796637,11.02451,6.641277,13.90063,-4.245635,18.40898,36.38014
-9.089097,0.6686844,-5.641665,-12.01405,-2.977041,-8.250685,-17.84799,-8.619647,13.48414,4.115564,-2.262478,-3.474997,19.21117,32.69809
-30.44664,2.03549,-9.59211,-11.80483,1.141196,-7.089905,-1.18951,-12.67385,12.53798,9.227836,12.70366,-1.671789,21.53808,15.2844
-33.30591,0.7776951,-14.2375,-14.0619,-1.346958,-6.524611,-6.02646,2.421053,4.549908,8.051922,21.04753,-2.64852,20.99781,20.30594
-18.55403,-5.097645,-11.23032,-17.91999,-5.344242,-11.63865,-8.786254,6.360404,-2.789941,1.860301,28.41567,-5.897224,16.94188,33.68003
-28.6343,-0.4940308,-6.712292,-16.83267,-1.381026,-7.569678,-0.6666481,-4.429542,1.612733,6.584602,9.544112,-2.057308,23.8002,27.23585
-26.62865,2.401932,-5.938446,-8.551004,0.2867453,-6.073097,2.029437,-2.749961,2.552055,10.44898,6.388044,-0.3037328,23.07002,3.067681
3.606967,3.539897,1.743469,-4.613985,2.859176,-7.584653,-20.6835,-1.005814,1.26296,9.238389,4.513506,-1.294255,10.4342,-2.016361
-16.29206,7.897574,-2.390497,-5.753877,1.130764,-1.344105,-7.721508,-0.2113193,7.697544,11.93941,-0.7047275,7.850394,10.20165,-12.29923
-18.49358,6.591522,-3.605355,-6.502141,3.476745,-0.09237736,5.575397,1.834114,7.886995,14.70502,-19.16776,7.955783,7.588379,-7.752744
-6.820072,3.839113,-4.742053,-11.06315,4.593924,-2.292411,-3.110193,0.9439852,3.681623,12.45267,-4.554825,1.72747,2.270727,3.073187
-0.7891968,0.4803034,-6.011684,-13.52221,-1.555836,10.48028,-0.1395355,-4.727572,3.503024,8.789747,7.850433,-1.596192,-4.813437,2.051876
3.917043,-3.935405,4.573291,-15.77962,-4.38524,46.70857,-5.915061,-9.15054,10.48279,4.09093,-6.383312,-4.89588,-23.74624,4.418669
-8.308164,1.774837,-1.483794,-4.691763,1.255239,50.45101,-9.841591,-12.78147,24.13608,15.32771,-16.92974,3.931183,-30.98702,-11.85252
-34.0146,-2.6804,-10.10976,-2.002989,5.384003,49.81007,-8.011076,1.614079,28.66362,19.10294,-18.25226,7.748847,-28.17118,-9.081296
-14.07085,-7.054097,-4.984788,-13.0873,-3.165437,38.93222,0.4986488,-0.6469383,19.26932,9.13006,21.01342,2.253315,-51.44221,3.354631
-5.478359,4.469591,0.7006069,-2.808541,3.802231,34.37147,0.3764393,-4.715201,10.42702,16.72768,-13.07528,4.755232,-45.62971,-3.923182
-8.244214,-2.788739,-2.63046,-7.041987,-1.470955,20.64588,4.845714,7.641572,2.42687,9.128073,16.5644,-2.860978,-36.55546,0.3402779
-12.4281,-0.468479,-0.9225187,-5.862404,3.775931,3.363026,9.318479,8.132713,6.617166,5.906445,16.06816,-0.9003804,-39.4895,6.889465
-13.12653,2.14369,3.419377,-5.824228,4.512172,5.428495,9.313371,4.917292,6.94601,7.995981,4.170833,5.539958,-40.83942,5.403005
2.002284,3.344029,8.478053,-6.663082,1.279358,-5.790785,10.86522,3.530202,3.332436,7.694471,1.989179,0.6121544,-49.50341,18.82989
-14.81935,4.850904,4.819194,-1.593364,5.507933,-5.428555,17.72769,10.15019,8.008834,10.86549,6.557266,1.310643,-49.64744,1.690578
-5.386897,3.394581,12.20112,-0.7231321,4.403191,-8.429606,28.6693,-4.581924,19.03515,7.77884,2.372302,1.261873,-50.05764,-9.937151
-6.358811,2.299561,7.471214,-0.8759458,6.489481,-15.15627,21.16913,-2.505916,24.42856,9.97468,2.829062,-1.068823,-46.79127,-1.904651
-6.024781,3.917019,8.7176,-0.591171,3.570879,-15.18323,24.96698,1.048773,24.45888,7.900239,-2.845196,2.707377,-45.92707,-6.716294
11.26062,-2.820013,16.05982,-0.2621309,-1.560267,-23.89619,17.57459,-0.2074423,18.78285,2.305569,8.479086,-0.1348096,-52.9894,7.40771
-4.765625,2.292228,12.18612,-5.432882,3.019448,-28.60473,29.53801,3.623489,15.11453,4.997963,11.90829,0.1502861,-40.0337,-3.993415
-14.40343,5.182128,8.599648,-1.95788,3.81018,-28.93454,42.99291,3.247551,7.635682,10.63065,3.514162,-2.211255,-20.28454,-17.82125
-15.42675,-1.61609,12.30952,-7.420546,-2.493713,-39.11645,22.95702,12.8129,-1.482945,13.21555,16.26093,-9.12837,-2.178844,1.307794
-15.53315,6.310278,16.79731,-8.187339,0.3738882,-45.01756,23.40867,2.877203,1.112412,7.211225,13.03596,-5.36114,4.567485,-1.595232
-9.443261,5.406964,23.6594,-8.901025,-1.916534,-51.59294,25.85846,5.61982,-5.485474,9.792506,13.01992,-2.802796,-3.414145,0.1991078
-9.310145,9.008786,27.45086,1.455711,-0.5605532,-59.43682,17.32508,5.182238,-11.80711,5.128686,2.61336,0.03544847,4.131991,8.782466
-31.6023,5.921112,27.01577,14.86594,0.1970759,-62.84546,27.48866,6.132092,-7.432823,1.527424,12.88098,9.354774,2.612987,-6.11623
-33.01337,8.415958,29.16129,13.04986,0.5813158,-75.87302,22.19084,7.684288,-3.556158,-25.83736,12.94053,12.09974,32.1335,0.02259096
-31.50599,12.89689,34.89753,18.48137,4.261008,-83.94075,20.18831,9.005696,-1.983337,-45.96658,11.03799,8.844361,50.20203,-6.418516
-34.92737,11.31178,34.84583,23.03882,11.42452,-90.10084,26.90629,25.5257,-9.115142,-36.8252,11.08376,6.296033,31.82651,-11.2907
-37.93385,10.01243,32.42776,41.80258,18.66079,-103.6495,19.23807,14.01047,-15.89304,-51.38662,36.55028,2.923515,26.46228,6.774802
-36.2046,4.066107,42.0337,61.55854,1.522372,-114.8911,24.05248,15.36902,-14.27772,-64.66381,29.58713,-4.492544,25.00149,31.33896
-52.31518,17.27822,48.43224,70.64972,6.587099,-117.3457,2.485252,19.00526,-15.67802,-53.44971,25.01977,-0.1960189,28.43532,21.09174
-73.04174,24.36852,55.86791,61.03902,21.74018,-126.0409,15.69928,18.64633,-11.10946,-44.50673,14.01546,13.96581,33.67056,-4.314181
-53.37483,15.37446,68.47497,37.77649,11.31395,-146.7122,21.43106,22.84298,-23.61722,-56.14338,54.68531,3.661511,29.31174,14.97521
-51.50163,22.52872,82.9213,35.20505,17.20584,-155.5141,17.78161,39.94547,-26.83756,-53.17543,16.73244,13.79186,32.42104,8.495464
-68.17101,28.93929,96.62085,40.94764,22.36776,-164.0895,22.17616,64.08475,-28.87069,-46.3103,-26.35517,20.09914,27.89788,10.66318
-78.49214,31.47297,104.0692,42.08086,20.69449,-171.3764,22.1034,61.8491,-31.86721,-49.35424,9.528833,19.9392,27.42456,-8.07262
-83.98647,35.34425,103.2358,41.08852,18.58171,-173.8989,34.741,71.46288,-34.06357,-49.27169,-11.49414,25.34308,29.45158,-6.534
-80.97778,27.80223,109.9707,35.07038,12.92623,-199.9227,13.11843,78.99094,-44.91351,-50.37793,48.41316,15.20379,20.20525,14.49086
-84.36911,41.01706,120.1416,48.98976,22.86521,-196.0122,37.98193,71.91682,-42.53219,-41.26949,-10.42769,32.73709,28.08471,-29.12345
-79.64651,44.04864,132.7752,58.64247,20.21909,-217.1534,-3.35894,88.67117,-45.05785,-44.91548,23.99813,38.40847,16.92391,-33.55483
-81.76749,39.42123,138.3785,85.32544,22.04591,-211.8094,18.17053,73.16624,-51.39553,-43.59274,10.52849,41.96853,21.63453,-62.07423
-100.7902,34.87173,143.0394,159.3887,13.06759,-203.0457,17.08576,71.6866,-65.3728,-48.51549,14.40224,40.58666,-20.04539,-56.35904
-133.6912,31.38907,143.9214,157.3969,-15.0418,-155.4146,-7.784968,92.10088,-80.06862,-61.71755,42.9449,52.69036,-28.54387,-38.18081
-171.0475,20.5398,154.9341,123.3479,-25.59081,-32.24028,6.804625,65.79059,-95.66058,-65.51059,35.84204,41.15558,5.23415,-63.59894
-162.6253,8.766131,187.0441,204.0087,-7.044372,-64.86353,-44.77198,63.26088,-123.3966,-62.56282,60.54113,24.90696,-32.59489,-50.6685
-111.4323,-18.80238,186.1071,167.4629,-47.29443,66.32095,-66.52312,38.77947,-139.4576,-95.62125,63.84383,12.07312,-39.34592,-16.1104
14.33313,-47.49429,163.0453,34.72379,-100.9238,212.6894,-80.56207,16.97278,-183.319,-103.9841,76.99184,-2.110496,-3.529836,3.167292
133.954,-77.33166,128.5412,-29.73338,-133.1922,221.901,-105.2835,10.47427,-209.3478,-87.84258,79.28494,-25.39771,54.74642,39.22699
80.23396,-71.33516,56.36355,-48.43485,-117.9042,219.4359,-109.8687,12.60639,-121.7563,-64.69069,77.35372,-38.19291,67.21069,58.97855
21.57595,-52.91617,-37.43542,-36.20274,-116.2053,235.1954,-83.71681,37.87036,-88.64911,-51.25603,68.51236,-3.627785,54.63508,52.22013
64.97959,-53.38095,-53.48513,-60.09956,-79.86809,249.0606,-97.79173,47.75233,-149.2705,-29.13843,45.21845,2.313229,96.15994,17.55017
76.21187,-55.1911,-50.96153,-65.55804,-83.74329,247.3392,-148.7204,23.17061,31.91748,-33.99349,16.31964,-18.23696,123.8362,-62.39024
88.08852,-59.87582,-71.03567,-60.97591,-119.5462,279.1302,-159.7108,4.911239,182.3621,28.46534,-18.74213,-20.00565,39.44405,-112.5093
108.8555,-66.82713,-103.3391,-66.63264,-84.34747,214.7805,-199.6788,-16.61007,58.34927,299.9488,-22.49081,-24.15399,33.57336,-131.4274
180.7515,-44.15577,-207.2094,-121.7592,-60.92607,187.2155,-203.274,-34.91569,56.65235,337.1792,-42.89802,-6.799226,142.0979,-181.959
292.7708,-22.24618,-274.0384,-39.5153,-44.3984,181.5222,-224.4723,-80.12516,46.11182,321.1103,-112.9074,15.60652,169.8899,-229.3083
383.4735,-3.042377,-252.1624,-27.81933,-24.10452,182.0089,-275.3193,-85.7601,35.51864,339.649,-133.1115,34.13028,149.1705,-322.6312
401.5773,19.75043,-222.3673,-99.577,-24.96161,211.9711,-241.1524,-79.21674,56.00475,338.6573,-159.2097,48.38213,127.5749,-377.4333
416.8446,7.742435,-235.9512,-162.0334,-28.48491,217.8926,-294.2,-31.4579,49.81773,306.4275,-99.48589,42.98587,182.4521,-372.5495
448.8496,6.370061,-244.1278,-4.153413,37.81451,202.2969,-322.3605,-9.478692,89.46966,236.0357,-163.7437,39.8654,155.4111,-472.2488
435.8306,3.987313,-247.4732,215.9881,33.50581,130.1797,-310.0773,-56.90279,111.5876,198.1928,-192.1811,-6.135899,126.9567,-443.4583
404.3791,8.074873,-240.9131,161.9561,26.08458,38.85229,-314.321,-26.18756,111.1777,185.5692,-129.0284,-37.12179,150.7859,-339.3079
287.6031,8.828308,-217.0089,135.6462,59.49973,2.241149,-274.9413,9.389187,119.8863,189.8974,-159.0663,-58.02198,89.8334,-193.7863
216.4213,19.78732,-194.3925,-10.352,78.39521,2.280676,-208.1935,-44.03668,84.74141,202.8375,-119.4429,-20.08935,58.64619,-66.60269
170.072,31.11701,-139.9671,-47.12264,79.45534,-57.64857,-149.4503,-54.68692,60.56683,217.7709,-148.8521,6.49734,129.5463,-97.29801
119.168,27.90652,-114.236,10.18879,66.96542,-47.07639,-140.0502,-21.71468,29.84679,201.0893,-81.02554,-13.36703,70.2231,-107.9181
94.24781,30.69741,-94.58981,38.5201,83.45416,-31.0592,-61.46224,-26.91826,32.78295,202.7151,-99.54195,-19.03494,-55.12374,-94.68734
75.90552,14.92155,-110.6976,27.88576,81.48858,56.38658,-18.25984,-76.63032,49.6512,165.3455,-93.36291,-48.12812,-54.39044,-70.11544
52.20243,10.16469,-79.04352,-7.660825,82.38403,169.1866,-50.82247,-129.6143,92.35841,124.9415,-61.10186,-47.70264,-149.8635,-5.428539
-21.2703,-5.937334,-67.26426,29.78736,79.20956,127.9888,-43.335,-178.2074,136.2583,34.25018,-79.1879,-26.64869,-207.7371,222.0937
-28.13342,3.113723,-78.85919,-3.103764,81.37717,166.0044,30.63162,-245.0751,177.0507,-214.3444,-131.4737,-2.560398,-140.484,385.8564
47.02554,-7.399664,-40.84672,-102.1063,76.77648,139.8546,32.60056,-215.0188,153.3606,-321.3171,-90.94116,4.505224,-119.695,443.2018
97.06979,-26.87868,3.205489,-138.998,58.51829,111.3668,15.70663,-181.4213,130.9567,-321.842,-12.16487,-28.22115,-127.6369,420.3393
64.14674,-33.14786,11.28631,-155.7401,42.21228,87.88194,101.533,-143.4547,99.62753,-326.8699,11.58464,-36.45778,-147.7523,425.1501
-27.29477,-51.90876,18.00236,-150.8978,9.880405,50.10363,353.5434,-143.4319,53.79849,-336.0745,-1.797153,-45.13944,-155.2688,426.4848
-163.2394,-53.1894,-14.74439,-134.0949,-4.813724,32.74633,566.0073,-133.9676,12.3228,-353.8839,-81.60847,-62.12981,-148.3099,538.905
-310.101,-98.47002,-82.62775,-175.1804,-50.07251,-19.30911,788.6905,-111.0363,-26.40956,-355.25,-38.11626,-121.8188,-155.8493,755.5503
-345.1512,-134.5496,-107.5721,-177.7685,-84.69954,-61.17923,1126.277,-116.8621,11.87924,-366.6023,-61.46732,-141.0331,-201.3079,660.0369
-321.7183,-165.1074,-125.2634,-200.2627,-105.6688,-81.21377,1427.784,-115.6505,26.50657,-426.2073,-60.87274,-154.5575,-216.7797,519.0111
-279.2704,-149.1031,-100.7339,-215.0968,-101.1235,-79.50955,1413.114,-96.92563,36.07346,-407.2932,-60.55856,-161.6996,-202.6027,404.7294
-239.22,-87.77245,-54.9567,-173.1615,-43.71486,-86.6062,1078.357,-22.28952,-0.5295924,-347.7204,0.7436073,-90.98869,-206.7732,274.6329
-186.6178,-73.99737,-20.48639,-97.03452,-29.69052,-92.04908,747.3641,55.40692,-39.55918,-340.012,30.99654,-72.58681,-128.7843,247.0504
-183.788,-65.81198,-28.4075,-61.75079,-11.79577,-27.69578,601.8568,86.26595,-29.8079,-325.6974,61.7952,-64.41503,-109.595,158.8473
-96.21049,-37.3239,11.99925,-78.9436,-42.95657,-4.038931,337.0719,120.2087,-33.38923,-312.6581,109.4302,-27.59445,-94.13096,148.5361
-63.24755,-0.3982617,43.07041,-62.94209,-51.34515,-28.12131,95.81152,118.6591,-86.38158,-155.2514,119.664,10.35893,-73.52605,133.6493
-65.22272,17.90958,44.88958,-43.38401,-23.39342,-47.51944,-154.6738,162.5955,-88.37929,46.09162,122.2477,11.65669,-75.59921,92.7813
-84.09683,23.39299,49.92833,-25.91505,-23.69514,-71.07681,-337.2108,143.4006,-136.6435,304.3167,120.3695,16.94,-50.30536,70.59523
-86.44769,21.77895,59.02446,-33.22496,-3.960066,-91.15175,-246.12,124.0316,-114.6454,354.3369,78.12373,17.01944,-85.40992,6.644641
-54.98384,30.47752,64.46308,-30.24631,-2.927542,-83.68059,-200.2799,100.3726,-76.18277,318.8993,36.515,13.8826,-84.31665,-31.99248
-106.986,40.32056,41.6955,-17.46068,12.13343,-60.45604,-141.8344,74.31049,-70.04226,192.4111,79.17703,23.41957,-51.31211,-15.37622
-141.6,35.55416,14.70765,-8.233938,10.33401,-50.4887,-82.8958,77.85001,-37.0891,81.62562,101.4805,17.50967,-38.23857,19.48456
-159.2157,35.6815,10.24244,-2.108191,3.608649,-47.64158,34.91999,27.17572,-58.7896,73.28152,80.56493,-2.396257,-22.51361,27.19018
-134.6242,37.61464,14.88684,0.7878914,7.643114,-42.73856,-10.15498,9.633166,-66.47225,115.2944,86.41389,1.753032,-16.35395,-3.682985
-114.3241,31.52176,12.81733,15.48225,-5.94406,-35.30252,-107.0445,14.11982,-4.707736,143.7016,79.04225,6.571034,6.435434,-42.36863
-124.9127,34.42677,24.06285,29.48042,3.975618,17.49606,-122.7099,11.27875,-70.34943,140.616,65.13569,22.98644,44.73171,-76.21821
-123.3063,32.94609,5.600114,41.63026,2.996913,89.74016,-224.4943,36.81787,-70.37593,157.7009,53.72702,41.64558,55.09565,-99.72403
-133.554,5.190221,14.65919,22.81382,-20.16032,69.06561,-160.2732,22.06931,54.94901,170.3303,24.34785,15.50297,51.91727,-136.858
-94.21288,7.844003,68.69211,34.67715,-8.06083,54.33164,-175.8414,36.58904,97.65148,37.21412,31.23721,17.74104,40.92893,-148.7916
-69.66418,32.68309,90.45095,43.37072,29.42466,-31.72178,-78.61924,42.94641,158.6223,-132.7393,9.957072,33.78994,29.65003,-158.1507
-42.39709,34.96199,110.3764,42.60953,37.2024,-93.51665,-103.1231,55.28352,137.4745,-118.7082,40.6125,38.9384,-0.229884,-139.4843
-30.38013,42.51867,112.6641,57.03335,34.28307,-10.989,-260.9507,79.45247,106.0122,-126.8894,34.46149,55.90789,32.41715,-125.5411
10.8956,21.44627,119.2704,21.61331,9.590693,23.97118,-288.97,91.29771,77.068,-126.7258,48.12886,46.45036,41.03743,-95.07404
116.5464,15.7318,142.1835,19.85701,3.306345,-2.599405,-351.0449,54.85588,39.61021,-123.0583,42.52369,31.81947,35.29247,-25.02423
145.4874,18.38699,139.8579,28.01447,-0.2563227,-19.91999,-347.9337,21.46028,22.06521,-126.4742,34.39772,16.82692,56.34044,11.74683
85.1751,16.00425,113.7281,32.34227,4.725919,-28.16139,-308.6524,43.11842,14.43661,-119.7119,55.61827,10.17432,62.53632,18.66621
-3.454128,37.09735,89.08556,53.03263,28.7334,-13.33554,-282.1069,26.44552,35.52484,-99.06187,30.12861,42.40171,66.35192,-10.84301
-20.46646,28.79483,88.73422,41.99519,15.3682,-28.97081,-278.6686,47.36807,33.25407,-90.94859,74.48997,32.47348,77.64301,-21.06652
-35.83316,43.91514,78.84727,48.40546,35.29313,-24.84108,-259.1374,26.34156,53.45684,-76.08986,36.13453,34.53753,109.1894,-70.21926
-43.37792,58.73721,75.26881,54.1297,53.53938,-15.66839,-293.1279,16.87204,57.79136,-48.47993,29.68317,48.23385,91.94941,-85.55079
-20.27293,59.61403,59.43251,50.47328,50.05437,-21.66186,-279.4247,27.39515,56.4533,-67.32578,35.66411,42.08463,73.43692,-65.92301
-14.16437,63.38175,3.730623,45.88326,50.00517,-16.46362,-259.6917,24.58587,58.20613,-43.51991,40.2489,53.0492,79.87715,-85.12832
-20.33149,79.7979,-0.5641798,52.34645,69.00371,-13.1948,-212.1055,-15.65627,76.93566,-52.98711,3.023547,73.42426,79.39303,-119.0852
-12.39009,66.92735,12.13166,35.75621,58.26616,-21.52591,-190.8887,-2.436311,60.89437,-42.25667,17.49972,59.75608,69.30573,-111.0396
3.614806,61.86378,12.02873,26.46547,51.89333,5.167016,-180.2672,5.418425,71.11259,-93.85564,25.61838,49.04015,62.22833,-100.3281
-10.20676,51.7918,-11.32247,21.90332,39.1916,7.498343,-153.8934,-17.54331,42.50518,12.06097,14.18822,43.7767,61.44053,-101.3907
3.020608,31.00068,-10.61511,4.364175,15.47887,-25.74958,-153.6181,-4.153077,-4.908524,158.1418,15.13541,29.7084,36.19024,-93.99573
22.15046,35.02202,7.306906,24.92762,25.40113,24.00982,-148.5902,1.131431,66.76595,-83.45169,19.38319,43.51632,38.1529,-75.72585
-0.8317161,10.75565,-13.97711,7.814418,-4.111364,49.32257,-125.8277,-7.518002,20.01095,37.08705,23.55389,25.45227,30.16611,-51.89703
-36.02124,5.035258,-31.47766,31.14175,-11.01276,55.721,-84.19895,-45.46541,-54.62453,285.0566,-23.48397,10.92365,-24.558,-77.03574
-41.20235,-5.687861,-36.69291,56.81377,-7.987358,24.00177,-15.91896,-40.01307,-68.04892,268.3852,-28.4833,0.8615021,-26.4992,-79.52834
-26.08194,-10.63755,-22.72643,40.20671,-7.982495,-11.29728,4.873546,-10.25466,-75.94941,224.2998,-31.26279,4.30755,-5.974763,-71.52029
-55.21142,-4.331047,-23.77504,13.18218,-2.011121,39.65783,14.4044,-54.0562,-51.18649,213.7813,-58.30783,18.66474,54.16376,-104.975
-40.86423,-25.87123,-34.55214,-23.56949,-10.06777,86.71725,-19.19501,-29.46321,-43.89421,184.7269,-26.94731,0.4783937,55.65823,-73.1562
-37.78223,-25.70311,-32.89247,-21.74918,14.59206,87.43777,-39.89288,-5.038857,-50.90023,181.793,-27.77587,-5.385471,28.63249,-65.33503
-38.78699,-21.77113,-28.32663,-25.9195,19.84938,83.1535,-53.54279,11.37563,-50.9277,180.0877,-34.93277,-7.665328,12.61368,-45.20708
-46.56057,-22.96952,-29.80901,-20.45563,16.46361,84.01437,-22.89536,-4.575899,-58.41362,178.9931,-20.39428,-10.00245,2.078302,-45.47305
-69.24245,-17.68822,-31.59981,-19.38315,22.17092,86.23273,0.1717237,3.099119,-50.58849,172.7501,-24.30255,-11.95921,-1.108005,-58.5527
-63.06346,-23.45042,-14.54537,-22.40405,9.968405,71.86307,6.9207,19.06716,-46.09733,161.9729,-36.72888,-14.01501,-19.73204,-29.75569
-100.5881,-12.83437,-46.29942,-18.61474,20.2406,85.41674,33.65076,-4.673639,-21.26839,157.7712,-33.72681,-8.720123,-4.362557,-45.99109
-93.21004,-17.61054,-65.66597,-4.825179,10.71155,84.01158,3.814565,20.5633,-15.1606,165.0782,-33.57628,-15.53672,-20.41232,-18.18153
-74.80169,-22.1744,-51.7282,21.50347,-11.09134,79.4312,12.3492,1.555691,-16.13129,153.2227,-30.23613,-22.86309,-28.39162,-10.64455
-79.91405,-22.61907,-59.27527,15.07248,-15.50812,72.85857,39.75365,-15.35765,-6.766178,162.0145,-19.88857,-30.65248,-34.30148,-5.416325
-108.7001,-11.61399,-52.78882,23.24515,-9.792686,77.11766,76.95113,-38.90583,0.1506076,155.9383,-52.72519,-17.79924,-31.77406,-9.302895
-116.9305,-7.100685,-57.98322,18.31248,-9.367557,27.71335,94.03164,-31.22522,-53.56691,194.8564,-24.04631,-13.41117,-20.48859,-0.7936174
-68.56987,6.146204,-31.2048,31.86709,-2.669547,-17.79308,104.3844,-36.71909,-0.3929431,56.58469,-24.81721,-6.04283,-17.96325,7.190302
16.91699,17.14559,-5.00885,47.90973,8.786833,-26.30119,122.6908,-69.15651,70.27613,-136.0723,-38.58095,-1.421674,-4.321531,-2.863046
149.4098,8.905339,-3.922487,25.80663,3.369454,-81.46692,104.0178,-118.2169,66.85513,-110.4483,-56.41205,-5.770694,33.21814,-15.34491
186.6769,4.760308,5.724423,15.39155,0.5272989,-124.5973,111.2591,-125.2758,99.05202,-126.9058,-53.14759,-15.04487,48.39277,-26.81305
168.0814,11.15047,3.816947,-6.461002,10.99571,-122.2913,111.6682,-104.4746,84.50849,-94.62653,-53.30331,-7.325753,32.83702,-34.57567
165.8948,19.10787,19.08017,-5.285377,19.50692,-94.04994,110.0843,-122.4547,77.67167,-93.90967,-85.68551,10.57738,25.79587,-46.33385
181.8286,3.60768,27.79394,-21.31666,10.17344,-111.9546,118.4413,-111.067,30.08283,-111.4465,-25.59438,-5.996527,18.64494,-3.197044
173.4177,-1.694174,19.17566,-35.47028,2.543794,-114.5722,100.868,-81.60513,37.25035,-100.5664,-17.03813,-7.462961,21.77857,3.375166
142.8811,8.431308,14.17912,-19.21547,5.606921,-110.2212,98.64091,-104.2916,69.00193,-79.7289,-44.19199,-1.067104,39.57788,-19.60285
145.1983,-0.08618023,19.65243,-26.11652,5.7401,-117.9624,82.41467,-79.50611,65.77219,-79.05532,-18.69143,-14.45282,35.70082,-18.60778
146.4404,-8.288078,32.25942,-23.25298,-1.770944,-103.1126,57.28831,-45.38548,45.83723,-78.21672,-14.80649,-20.1914,17.49778,-4.298515
130.0014,-9.876242,35.97035,-17.75715,-9.173892,-76.91489,56.04399,-28.82715,22.84003,-66.51412,-2.581636,-24.70724,11.13566,-19.63913
87.99868,1.53007,24.49702,-1.842305,-4.312945,-60.34102,66.43114,-51.90388,31.16886,-42.95736,-24.65192,-26.11718,35.81754,-35.31672
49.45679,-5.227049,8.697341,-7.545998,-14.70713,-81.81676,5.216947,14.37348,14.87935,-33.30851,19.45099,-33.65812,35.79437,28.39428
50.14697,-6.468643,-0.157975,-4.087929,-14.03961,-83.57013,26.46532,24.52807,1.777181,-37.94614,12.01003,-32.21991,31.67006,31.89269
19.56134,-0.8545462,-1.831802,3.43279,-11.02941,-63.64768,48.61152,-14.94859,39.00473,-34.25499,4.499368,-16.98095,25.14134,3.29688
0.2558062,-14.00273,10.56071,-4.93396,-20.13642,-16.31549,-22.19331,31.89205,69.28468,-57.07636,38.24846,-13.8997,-22.42065,20.73691
-20.34366,-9.861744,-3.720464,-1.529454,-10.39081,42.21811,-23.51724,23.15975,82.981,-41.37988,2.872335,0.2665323,-47.87999,7.125525
-51.92911,-12.75047,-28.56179,-7.516077,-12.39655,105.0201,-22.21865,22.76703,76.27638,-36.08141,13.41321,8.668083,-59.87287,5.18213
-33.87594,-14.57278,-17.29657,-7.05189,-14.49049,146.2178,-12.77175,23.90875,-63.98117,-29.02519,29.26274,15.41083,-35.73369,13.99927
-26.835,-6.445768,-7.601562,-1.785949,-11.134,146.1694,-8.925845,22.70689,-119.8896,2.279508,3.564123,22.65919,-26.63938,11.87801
-17.68818,-8.057772,-10.83901,-3.970061,-21.91409,114.5077,-3.57381,32.0021,-107.8782,4.601695,19.70709,17.86462,-37.31158,22.54952
-32.32155,-2.225604,-9.807386,7.403535,-12.41472,61.13851,20.81205,24.90697,-118.8266,26.34815,19.19863,20.1823,-17.69788,13.30363
-47.94363,5.762528,-10.26422,15.10369,0.07971414,52.86731,6.722772,32.18068,-111.2447,15.60511,15.60728,26.12377,0.1444063,-0.7446539
-29.39738,5.264465,-5.569282,13.3237,3.320719,14.86085,7.91094,44.22375,-107.0038,-12.04968,30.65967,25.05221,1.808295,7.595587
-20.18513,5.263267,-7.605391,14.56897,8.855383,-28.44988,6.75105,46.09291,-95.41714,-14.91293,45.59032,19.84373,20.22645,-0.621613
-24.99737,8.529731,-2.080143,16.3055,17.03558,-21.90236,6.508016,40.01526,-88.17638,-5.256526,22.19449,26.98758,21.66686,-16.83024
-10.39594,1.560259,3.337738,8.596851,13.16179,-26.21917,16.55631,47.37188,-88.04586,-6.717519,26.38977,20.5832,-4.412243,-1.767064
-10.09224,5.53376,-1.321451,7.177597,10.31067,-21.23924,23.1223,36.8601,-83.40695,-2.227449,14.98035,21.45469,-1.734785,0.582673
1.116584,8.225533,5.72599,9.808064,7.8634,-36.64292,28.83449,39.01868,-80.95463,0.6572763,15.4682,16.6251,-10.9367,-4.80906
0.7591521,2.815269,2.284384,15.42303,2.951139,-47.26147,20.35063,54.52361,-68.91326,-16.70233,41.70886,9.173944,-6.506389,-10.60657
-8.28065,9.907255,2.556139,10.97256,11.24694,-39.63501,37.12397,35.09593,-56.16766,-10.89703,16.26747,19.67719,1.283401,-29.15051
3.162269,6.343408,1.124711,6.219548,6.176096,-51.03338,26.07839,42.68044,-44.80109,-14.68328,25.91652,13.88708,0.231105,-21.30183
5.108558,-0.8840804,2.441827,10.57234,-2.567638,-60.50426,15.44854,49.42805,-49.03069,-21.5192,57.66075,4.576614,-4.777729,-5.95308
16.38248,1.594883,18.48712,14.17972,-0.5248526,-44.29132,-0.4316472,43.12632,-41.89465,-14.6723,9.420175,1.897271,-8.134902,4.861705
43.2709,-4.678383,22.68745,29.26684,-3.6337,-51.48029,-17.78975,41.88127,-41.92915,-15.74644,19.62424,-5.946492,-11.20473,-4.321775
43.21157,-1.69278,17.49851,29.41103,-2.556131,-35.03284,-15.51468,28.53773,-41.40879,-10.90299,18.88879,-8.462344,-7.831876,-14.14524
33.52173,-2.870752,13.25619,13.01055,-4.092188,3.484692,-16.03276,36.45326,-26.9181,-29.29653,3.454384,-7.796821,-3.933703,-12.23994
39.37378,-6.537971,18.40881,1.265991,-8.07172,-18.54667,-14.55902,37.46952,-34.18319,-13.36643,34.97222,-13.72054,-0.87497,-21.62982
31.05712,-0.07759353,13.09327,13.06185,-0.6902533,-8.835206,-21.26828,36.01111,-24.74138,10.23902,-15.47163,-10.73033,6.767622,-28.41532
29.7382,-1.640317,17.37022,17.66142,-1.927919,-7.872364,-19.39292,8.147998,-14.06544,-5.922328,11.53767,-10.84358,0.0173077,-22.80796
18.67106,5.876517,32.02654,19.82467,2.746556,0.4692825,-30.50916,7.111494,-7.287668,12.836,-14.88095,-3.206465,-12.03492,-31.64297
31.35763,-2.721102,30.36135,15.60356,-5.640497,-6.607986,-26.90096,23.3265,-15.59773,0.5336248,1.963333,-10.05404,-19.09445,-16.52924
34.68761,0.7268715,31.43457,19.01818,-1.881101,-3.782458,-28.94288,-29.76034,-0.5402836,-1.194287,8.776012,-9.160019,2.219192,-21.60107
28.61092,3.582496,30.95577,15.94115,8.009145,-0.864634,-46.40761,-1.118445,5.867361,2.854908,-21.69067,-6.016497,-0.7330033,-18.99089
16.9458,-0.1308581,27.2881,5.869878,15.26972,-5.714144,-40.7916,2.325974,0.2996915,0.6759617,-2.506501,-0.1629599,-3.932824,-15.43624
4.47069,-1.133055,18.30996,21.26049,8.66973,-9.078575,-44.48106,-2.023259,-2.468098,-0.822704,13.26359,5.286035,-2.505697,-8.748049
-9.212347,2.081231,9.848638,35.13053,9.984974,-7.493098,-28.79716,-4.291293,-0.945605,5.746204,-31.11575,10.40689,2.779254,5.877532
-15.98892,0.8711189,10.49525,3.57811,5.741546,-9.54179,-28.13919,13.60735,-3.595723,16.52143,0.3313235,8.076976,-2.248952,0.2914611
-17.1385,-0.2873591,12.56534,-9.268001,6.385683,0.8699943,-21.34926,7.298569,-3.812351,22.72764,2.994133,5.385582,-3.348439,-3.023032
-33.45402,1.832141,8.87216,-11.34948,13.86086,24.69735,-25.9193,-2.833372,9.142374,35.24627,-18.10636,6.339079,-2.727365,-5.60033
-28.54305,-1.689823,7.248835,-17.10063,6.517596,36.25642,-27.74678,23.23852,3.835991,22.81934,-1.001373,-1.928947,-7.526262,-14.37985
-35.16983,-4.381826,4.940072,-17.57967,5.669482,39.56646,-4.693988,8.890844,7.215055,19.65142,-2.869901,3.107912,-11.40887,-12.93716
-36.16049,-8.636113,4.507091,-22.45201,-2.251137,32.26464,-9.975666,25.05658,-3.723109,19.8417,-0.2330333,1.277907,-6.086242,6.569887
-46.15877,-6.213225,6.467773,-19.8467,4.259216,22.69325,2.803732,-2.19366,-0.4222638,23.32498,10.99208,2.849064,6.6156,-5.17109
-38.35068,-6.854118,8.895494,-19.55771,0.5991644,11.25224,4.992048,12.22446,4.701708,15.88583,3.597929,8.649107,2.432928,-8.468407
-41.43119,-3.654649,-4.578666,-14.79129,2.353667,9.296023,13.55222,22.09499,1.907128,9.134923,2.003236,11.12973,1.221676,-8.237803
-95.80574,-5.827752,-21.32379,-2.790599,5.977085,7.696273,21.89983,19.44894,12.22599,13.8088,30.37271,12.56085,-3.57387,5.331266
-125.0316,4.536525,-25.86593,2.256826,12.02823,18.25535,29.26539,19.25022,23.4024,15.3425,16.61139,15.79184,2.566154,-8.409299
-116.6354,5.28335,-41.11062,1.51501,13.59532,21.63702,36.19001,25.33755,20.75034,23.81323,20.95862,13.96137,7.205351,-32.50118
-57.47799,5.804886,-25.28506,7.265281,12.99451,17.45709,33.70407,18.95035,14.37335,26.78047,-8.401784,10.36428,6.23706,-62.7665
-27.98916,2.913504,-11.20295,3.036879,16.45368,17.26178,38.88154,22.50634,11.98205,26.5518,-18.09676,6.998218,2.668879,-91.9658
-31.72327,0.1875077,-19.44886,1.30774,14.05369,18.99358,39.71655,4.828318,10.34176,23.23567,12.16201,4.015449,1.133304,-78.80344
-3.632319,11.73795,-18.45625,8.428727,20.12709,18.4712,33.58501,8.31152,45.48725,-105.5148,-3.073268,8.456458,12.25459,-36.18314
-23.22636,10.61988,-24.45627,14.32513,22.40721,20.8054,56.55693,23.74251,52.48804,-140.257,-1.462555,2.688045,15.85584,-30.08677
-35.92784,22.75295,-19.40944,25.28548,30.62978,29.15025,65.27703,-21.73505,58.94901,-107.9766,-33.66451,-2.986505,26.85457,-37.19908
29.46802,8.113156,-24.50802,9.03784,13.42476,10.21975,43.3484,-0.07129325,46.61911,-125.6019,-17.01982,-15.39573,16.80939,5.556321
54.81724,4.674985,-17.27638,8.744243,10.1855,10.31753,23.91255,0.3952308,36.36073,-129.009,-3.085884,-23.90342,3.905299,19.96144
56.35029,3.940231,-9.555593,8.234612,9.716628,12.52686,25.78999,-11.46552,32.8172,-126.0473,-19.96137,-16.708,-5.631875,39.99387
57.63787,0.7101977,-15.11292,5.440898,0.5665065,18.47314,28.49929,-26.99513,31.54,-135.7977,-12.03292,2.519256,-11.88546,56.437
56.54979,0.3571285,-1.088139,4.218831,1.763995,12.87142,25.45838,-8.759087,30.40335,-119.726,-14.98057,-3.426858,-21.65948,38.01725
34.15805,-12.02204,-10.67513,-14.15453,-1.669047,-8.398794,10.50617,-4.567137,-13.18089,6.273001,-8.542292,-16.62404,-24.66955,63.56622
-3.39754,-19.17016,-14.22932,-18.29532,-18.83002,-3.341947,8.172571,-17.15175,-20.66974,19.05949,18.41652,-20.00715,-37.36975,126.8141
-8.758615,-9.842265,-9.928865,-11.76158,-14.67505,-3.057528,17.10588,-36.23508,-5.929433,18.45979,-5.241944,-11.45227,-34.17057,115.4875
27.86752,-15.85787,-11.13325,-20.07018,-15.10816,-4.785388,-13.24632,-20.30556,-11.86396,11.17495,5.079893,-18.6564,-24.42869,111.3334
66.97685,-24.5657,2.49803,-23.16698,-23.83446,2.113619,-4.82992,-21.49787,-16.51174,-2.554701,-2.907128,-26.15378,-25.93986,100.3736
27.29618,-16.67661,-4.027525,-22.07327,-29.92544,20.65492,-6.020953,-26.95025,-12.37775,7.490803,0.2936406,-15.09273,-11.71594,89.12492
28.5758,-17.57665,-5.833895,-30.66565,-32.71058,-0.868908,-14.16611,2.056911,-12.38743,2.701838,10.50796,-9.069166,-9.146717,88.58259
34.45915,-14.07358,-4.498539,-28.86291,-21.88763,-8.384934,8.845592,-25.128,-4.617284,8.875614,-21.84712,-6.896993,5.724193,78.29243
31.19739,-15.41817,4.704297,-28.19977,-26.1749,5.450166,-5.687076,-28.28446,-7.794555,-2.40794,-8.206861,-6.549425,1.936591,85.4347
55.82487,-22.04381,13.96368,-25.94583,-26.05812,-17.56855,-12.74972,-2.169373,-20.34192,-14.23652,10.14478,-8.759976,-11.94068,81.88113
47.48975,-21.88081,15.01371,-28.70549,-14.21835,-19.25251,-16.31853,-3.515343,-22.15807,4.956928,9.088655,-10.38793,-10.20503,70.09299
25.36232,-16.55059,8.151987,-17.48746,-1.066004,-13.95821,-16.25542,-20.53011,-10.87217,17.62957,-14.12565,-1.242024,8.840155,52.10361
2.436234,-11.33481,-1.041699,-10.30611,-1.611345,-13.81347,-5.968591,-8.19359,-9.905704,14.94294,-4.328271,3.611126,15.27446,30.23882
30.26457,-9.437407,11.31683,-12.1103,-3.85594,-8.337355,-3.683449,-13.44884,-8.85015,18.09124,-21.7286,-0.4399074,12.51865,9.700649
65.11364,-7.10686,25.57882,-7.686646,1.895047,-3.65215,-12.1094,-18.38824,-2.623027,6.021389,-38.17314,1.520607,9.311692,-19.70174
63.41658,-10.54293,23.14795,-13.5879,-3.909671,-15.6642,-19.45139,-2.805223,-7.455135,-0.617382,-2.008369,-2.847896,1.935163,-9.609612
54.67697,-9.746037,20.23162,-9.10253,-13.26701,-22.66128,-9.263342,-13.47529,-7.143329,9.5232,-9.708221,-3.119826,2.910288,10.14478
44.00513,1.490482,18.49853,0.4317271,-1.287281,-10.3811,-14.84565,-11.49858,3.609638,21.73549,-36.43278,6.337053,-0.271365,-21.3913
39.19587,-0.5225827,13.98316,-0.2440031,-6.08672,-27.18016,1.4913,12.55497,3.630516,16.43871,-17.72918,4.896837,-4.756424,-35.67229
38.91507,3.531893,16.42401,6.915111,-17.54812,-29.38042,17.18813,0.05441063,9.297696,11.62438,-36.4021,8.793124,5.389086,-34.80226
29.31418,-0.5285392,12.00993,1.425332,-26.37089,-18.84839,6.973913,14.38994,-2.613483,3.676489,7.123781,3.827597,4.146434,-34.52629
42.51006,2.64332,21.45521,3.759897,-32.40427,-16.83974,-6.602057,22.12449,-16.90501,0.8928454,-16.00218,0.3725327,0.09331777,-5.098416
35.36965,4.773709,17.751,6.27476,-32.0517,-14.13788,3.780735,2.041183,-9.455377,9.255098,-21.00459,4.035292,7.592682,-14.22456
20.59796,2.836557,11.99011,6.384639,-27.50518,-13.72562,22.10991,10.49002,-8.746349,6.589427,-0.5554244,2.977916,4.534537,-37.97852
46.86401,0.4376566,19.55044,2.015463,-30.26596,-22.50915,-1.228604,28.77825,-15.25527,1.441413,-14.0808,-0.6917515,-8.031693,-7.024012
39.89243,-1.176625,19.07377,-0.8220565,-30.26526,-23.82453,3.264302,11.58712,-15.97876,2.343919,7.848019,-2.564679,-4.953172,-4.42448
-19.27485,5.767898,-5.941749,6.442746,-25.2083,-18.97793,18.49263,10.42311,-5.454285,2.573315,5.625425,2.823928,4.000278,18.70778
-39.25138,-0.1954175,-15.53737,5.238593,-24.74219,-23.28041,2.270384,36.54344,-8.223896,-6.181081,25.47662,-0.3329701,-4.585031,52.80072
-7.870446,-0.864039,-1.859384,4.602348,-21.41827,-20.87224,10.21996,17.7179,-8.568737,-7.202744,18.87236,-1.821389,-4.090517,23.15519
-19.10699,0.651453,-8.757226,4.920455,-20.18262,-27.19232,6.250838,17.18066,-5.890342,-6.320876,21.08517,-4.28581,-2.957942,44.60555
-24.58698,3.835441,-6.63321,9.404895,-16.06163,-19.72219,-3.324467,23.05591,-6.522021,2.082621,5.735355,-11.48573,-1.140853,45.36288
-27.43606,7.405022,-2.58498,8.775018,-16.84048,-10.0929,10.47575,12.6446,-6.076437,12.32329,4.564694,-10.26791,-0.4845025,17.5949
-25.23319,1.505651,-5.562788,1.457003,-16.65368,-16.30006,12.43012,21.49489,-11.03172,12.7442,12.97162,-11.38244,-3.920817,27.4812
-21.03716,0.8622491,-2.5363,1.023535,-18.31689,-16.02716,8.934931,25.61517,-16.63674,35.74358,6.612052,-8.959886,-7.548635,12.27125
-21.59662,5.053905,0.5514248,4.067458,-10.74077,-10.05517,1.924241,1.261479,-8.607547,34.96915,6.063144,-5.204932,-1.069007,3.383245
0.9051694,1.638951,4.298985,0.3458459,-12.1506,-13.36591,-4.1152,14.3644,-12.20647,22.21578,-2.428079,-7.738687,-1.750293,9.986113
-6.160105,-2.527026,4.392342,-1.106946,-15.57238,-9.141384,1.76136,25.93676,-11.38141,28.51259,-19.94662,-6.391729,-3.886014,15.51055
9.36548,-4.899228,11.80767,-2.649451,-17.29907,-10.69806,-0.4408334,16.2151,-10.96089,19.51245,-3.536956,-11.89737,-7.885798,13.36695
3.902579,0.4121509,12.15452,0.1572604,-12.55717,-2.67302,1.85103,-0.1607952,-6.22497,26.88866,-17.82636,-6.017931,-4.823735,4.917778
-23.08385,0.9277989,4.622045,-1.413603,-11.51385,7.928202,-0.3936183,7.034817,-3.541494,38.38754,-11.26027,-2.397127,4.234713,-9.531302
-18.91655,-5.789827,-0.1258426,-7.746873,-19.22678,-2.692174,5.761017,26.63783,-6.14367,24.67228,-1.667817,-9.448208,-0.5243917,15.211
-38.0242,3.496246,-6.997558,1.884688,-7.394345,11.51516,12.6717,4.619915,7.851454,29.93477,-9.415601,0.6942573,5.355848,-16.19233
-19.4537,0.1131008,-1.259917,-4.680598,-12.71177,10.82413,6.816293,15.40644,3.204132,22.89772,-6.217711,-2.767823,-2.183601,-9.98671
3.839102,-11.11389,6.361803,-10.31323,-15.01459,-1.008995,-6.037126,15.18592,-6.091081,9.570291,9.327239,-14.19861,-8.030982,27.52413
-10.57664,-6.357147,7.015376,-2.018815,-2.683567,6.879488,4.290889,-6.873992,1.48179,14.55503,-1.849123,-7.878404,1.105408,2.909704
-20.68642,-5.831832,0.844501,-2.251729,-3.978946,10.54464,5.973083,-1.908963,-2.732339,13.83591,-2.36755,-3.26288,0.2492111,11.57331
-24.82473,-5.198421,-3.476308,-2.114139,-6.378382,16.96191,-6.428276,-5.511299,-4.068406,14.81543,22.40968,-2.312846,0.9949943,5.130782
-15.80414,-5.051249,6.954622,-1.954836,-9.721159,15.68578,1.972179,-3.822208,-4.352786,9.259505,9.787162,-3.691987,3.47746,-2.738352
-14.73878,-2.223861,2.90671,-1.076059,7.549293,18.93672,-7.146148,-13.57761,-4.316195,9.075235,4.641402,-1.313631,3.059497,-1.776583
-26.69826,0.1109482,-5.511369,0.4572474,24.90814,19.38589,6.953356,-9.832623,-1.657265,11.65721,-4.702391,7.296979,5.473217,-27.84108
-42.51283,3.171361,-12.9326,-0.2158528,20.50142,15.11201,-2.666713,-2.963265,0.4701329,9.41546,25.80932,10.72155,6.712275,-30.62227
-24.37123,3.549555,-15.7041,0.6664757,16.42907,12.03794,0.2363471,-11.58776,0.7285473,7.624091,9.74422,10.4925,5.701858,-15.54751
-14.24271,-5.85322,-5.993203,-8.147776,9.412993,13.76434,2.81445,-4.458823,-11.29459,0.9612096,17.6724,5.461275,2.042384,-2.138741
-34.8316,-3.466745,-6.073354,-3.931844,15.36713,13.88923,-4.335391,-1.516378,-9.776943,5.165458,34.25909,2.69994,4.058768,-11.50737
-8.881877,2.142615,9.488317,-0.5540646,15.53596,5.516243,6.505866,6.881843,-1.175424,3.921533,-1.332882,-8.894059,3.885022,-33.03909
-1.176152,3.602933,11.79037,-2.078571,13.70931,3.004669,5.877305,-10.92607,-3.709141,2.832119,24.86809,-11.57936,2.146312,-38.36182
10.43914,5.914222,18.29846,3.988644,17.29195,-4.089466,-2.581203,-12.90492,-0.3104961,8.961461,-4.641979,-1.966533,2.959091,-41.35836
2.653826,4.087072,15.59202,-2.227853,11.28491,-2.026993,-2.188727,4.91866,-4.571633,0.4239707,17.81877,-6.559016,-3.818501,-35.3865
-23.06321,8.097357,4.185058,4.135829,16.47637,15.31314,-4.964409,5.569198,0.3219884,2.751292,17.30308,0.6577285,0.454152,-47.23756
-8.036751,6.043053,4.799728,4.474397,16.71415,7.406171,5.010135,-7.439924,4.642769,3.639491,-1.291755,-1.128813,3.548863,-38.38151
-2.227818,0.6379574,1.047631,-1.55378,12.24512,-9.940903,-4.120657,1.456577,2.102025,-3.156618,31.14838,-5.851078,-3.05294,-18.73389
-3.189469,4.904275,7.19591,3.578636,13.00709,-10.25351,-2.233182,2.665175,10.38283,0.4335205,0.09368889,6.825854,0.866954,-34.27777
17.34365,7.659003,15.44724,-1.562751,6.481785,-21.74946,-5.155226,-8.832437,5.740934,-4.015699,22.41237,1.060571,-4.398031,-30.43195
22.67291,6.672727,17.85484,4.303159,9.663733,-23.59161,-10.07798,-5.232991,8.496282,0.04191868,2.018576,3.222109,-2.46431,-33.57935
19.97803,5.268864,18.01091,2.395769,13.22988,-24.23387,-6.439177,2.824271,13.35213,6.667921,-14.01073,8.507654,-2.928032,-42.62361
-2.088665,9.244953,9.007954,2.743977,12.78174,-24.09963,-6.692147,-3.841359,9.143262,4.124606,23.93143,5.606658,-4.360218,-35.50256
7.538805,14.13279,13.00876,11.09347,15.08938,-18.88183,1.95422,-15.29172,16.87842,8.887531,-28.80897,8.267815,-0.2861293,-33.58254
12.6377,6.206995,9.79179,3.959272,10.49877,-28.43952,-13.95938,-9.306895,10.49477,2.099703,22.42047,6.133001,-0.36399,-32.17268
-1.574822,5.149267,5.089439,5.403858,9.521023,-29.41732,-8.72171,16.53868,8.593116,1.469024,7.725059,7.221079,-4.866232,-22.13046
8.392002,16.70126,7.284809,11.80222,16.7011,-27.61339,-8.960179,-6.631892,17.75122,9.235882,-28.08239,15.12624,-1.670615,-30.03625
14.07227,5.375551,6.512841,6.884471,8.280914,-47.90427,-14.63103,-5.637397,11.71668,0.9230855,20.49237,7.830399,-1.039468,-12.87641
9.187334,6.705391,4.591616,9.566388,7.323271,-47.99905,-6.980336,6.11266,18.19213,-0.1656905,-6.424102,7.493402,-1.586557,-6.016458
-1.766709,9.563549,-2.834174,13.73635,13.60177,-41.66659,-13.46594,-3.798882,22.19134,7.916876,14.58216,12.6385,2.809841,-33.50809
-0.259106,14.85256,2.394667,20.45786,19.38397,-44.46261,-6.671576,-1.355607,24.89627,10.48046,-21.88355,17.12012,6.093343,-41.04678
14.77732,11.50429,-0.1295727,14.58275,12.5966,-67.74114,-11.69125,-8.95143,15.45249,1.561115,6.720273,14.40003,0.7053744,-3.78683
19.50374,9.471032,-0.6576976,10.26222,10.92267,-75.63091,-12.63857,5.250895,11.5526,3.329308,6.441975,9.158543,2.562183,0.4719996
15.14766,12.92622,4.577403,15.3879,13.37637,-70.66588,-11.27361,9.200835,15.97413,4.01024,-11.84767,13.25243,8.492204,-18.55823
29.57097,10.7788,10.3608,16.50241,10.92413,-79.20832,-9.815928,0.1629763,17.56173,6.319731,-5.737024,14.67649,11.48359,-33.58034
24.72303,9.800878,8.062138,15.03352,10.95468,-91.14337,-5.273324,-5.828279,15.17173,6.492404,-0.006366055,14.39122,10.79455,-13.17282
27.71148,4.936138,14.86137,9.16391,7.523377,-102.7207,-6.798578,-1.308789,12.80112,0.6480883,7.632943,7.302174,8.032372,10.21507
18.70321,6.087184,10.64721,11.56376,7.937687,-105.9929,-11.79688,1.813913,19.84895,1.082469,8.414854,4.98617,9.25621,17.44814
21.05749,5.532599,12.64689,12.3178,5.247162,-115.0093,-5.919247,8.994867,11.08365,-1.451659,18.66722,4.926039,7.479656,14.4268
42.08923,9.469664,10.1003,15.84299,10.06636,-118.7112,0.6656997,-1.917802,6.757551,4.926982,-13.27198,6.493617,10.15633,17.33228
21.69754,13.20468,-5.11207,19.37131,14.24378,-120.4607,-1.765675,-15.2032,10.25507,9.789289,6.738634,10.08279,14.21147,22.94706
-17.90507,12.52951,-12.17831,15.70162,12.97657,-121.4636,-0.5427222,10.16453,12.69039,6.400548,33.81228,8.133292,15.05393,24.62705
-32.22634,16.21683,-9.37595,18.92396,14.62844,-129.6899,3.842454,12.90457,15.64984,10.08474,23.98935,10.0417,14.56434,30.44594
-27.4261,16.00099,-3.273896,21.94669,17.48356,-122.8287,7.809196,-2.408827,10.46265,11.12313,16.25733,13.42444,13.56129,27.86823
-34.93052,18.50248,-2.866129,23.20548,18.4767,-146.2383,4.542639,7.505702,15.74578,13.24291,13.25768,14.05185,13.11837,42.38535
-60.83065,15.41798,0.580232,17.51303,14.57998,-130.5871,-3.217579,6.927107,11.58438,9.064466,33.30165,12.08556,20.61259,52.96836
-50.53662,22.24664,10.35897,27.99627,26.76944,-196.5507,-2.153008,13.00485,16.99806,17.29949,18.78841,19.16786,30.71911,45.89123
-98.90714,9.152677,-16.38793,10.63791,9.639322,76.17075,-5.685511,11.92084,5.372121,2.01,-15.10908,4.486754,11.77362,-5.074342
-108.6593,-14.44321,-35.40523,-9.97587,-14.73979,330.6318,-11.84088,-22.72422,-14.07075,-20.44779,-31.3241,-19.1855,-11.56574,-16.24944
-82.85115,-13.34459,-22.23373,-9.028626,-13.40863,232.8197,-20.09971,-14.99787,-16.88731,-18.29171,-10.07065,-17.40709,-13.03062,18.83201
-33.25044,-24.85471,-9.289647,-24.70885,-26.30195,222.4459,-26.93702,-19.04935,-28.11821,-31.86998,-13.80616,-27.24119,-16.67649,59.65805
35.665,-41.21925,2.88748,-43.76151,-44.32811,170.9712,-34.13279,-18.73951,-41.12647,-45.02591,2.080061,-41.6186,-32.28508,130.6334
42.9182,-43.57495,6.703468,-42.82407,-45.41875,165.7133,-33.81522,-16.76984,-46.56643,-49.22544,-14.70927,-43.04255,-33.86377,154.4753
24.23032,-41.14305,-3.463423,-38.44053,-41.0568,147.4135,-23.04202,-32.15137,-37.09431,-42.1455,10.41921,-41.28177,-29.83488,147.5906
-38.77404,-30.53892,-17.71548,-29.2142,-28.87695,153.3887,-17.73546,-13.16475,-28.60919,-28.39601,10.05898,-30.04749,-18.85096,118.4757
-49.18791,-20.63109,-20.7684,-26.40362,-24.07215,144.5878,-10.89392,-2.103972,-24.39006,-26.09388,3.36984,-22.29051,-12.74755,91.62534
-58.6597,-15.92367,-23.07558,-18.83973,-21.16359,133.621,-15.34885,-1.350068,-16.89623,-14.90459,8.796501,-13.63425,-9.433323,66.81203
-62.73994,-5.053401,-18.55322,-11.93401,2.444169,130.6244,-0.1711222,-10.8274,-7.820406,-6.307099,-40.63311,-6.589922,-0.6145875,38.17568
-53.26178,-9.954893,-23.14244,-16.81564,-0.3925237,112.2201,-3.487876,2.975853,-10.38429,-8.673461,-4.392226,-7.42153,-4.953335,27.68404
-59.896,-4.531969,-24.14762,-9.506703,-2.618927,102.1484,0.05743935,20.30501,-2.196623,-6.867479,-1.850415,-5.049682,-1.798492,-4.04694
-31.73228,-2.053876,-21.98007,-7.174189,1.900118,91.8999,4.503227,6.256431,2.152423,-2.351142,-4.956874,-0.2380569,3.179311,-39.40493
-17.94496,4.504999,-19.11622,1.907725,9.722683,94.55913,8.408895,-5.812863,11.48878,9.547813,-3.817514,11.18159,8.472065,-113.1021
-16.64941,3.956877,-15.68161,-2.388296,9.998336,81.89114,15.81483,-8.210861,7.758363,2.694552,1.186522,9.524529,7.345521,-97.24048
-2.666523,-1.746721,-6.366189,-3.273926,5.883757,67.89708,7.554335,-6.438435,5.501003,1.691241,9.126505,6.684724,0.023849,-83.8707
10.07107,3.25339,0.6453246,-0.2453999,7.784303,58.62894,10.42016,-12.43261,9.238448,5.448452,-14.95998,9.572279,3.195526,-90.6199
17.05439,4.254464,4.87488,1.737828,7.398324,43.86583,7.795465,-20.02862,4.227371,4.732316,-1.504989,9.628547,4.698221,-88.73403
22.85183,4.195929,5.672711,0.0693963,9.843534,37.10977,12.23465,-15.19857,8.918386,7.70467,-15.00232,6.196368,5.364991,-89.96133
15.97013,5.758927,5.905975,-3.63941,5.691199,26.91925,7.544603,-13.98674,9.688816,7.036852,-16.43086,9.469269,11.73022,-71.65822
3.868278,5.945931,6.742526,4.324576,0.6774162,23.81663,-3.972287,-15.53346,9.214229,10.01506,2.403251,13.4007,4.961085,-65.86395
17.2892,1.339622,-0.1171368,7.715199,0.6798263,8.153662,11.77149,-10.63567,10.68994,9.949851,-13.58501,11.48336,-1.905246,-52.82907
12.31463,-1.852597,0.5016005,3.959062,-4.102319,15.14835,3.372085,-7.137855,7.305312,9.881618,1.298867,8.402163,-2.136537,-46.95438
18.57815,-1.517472,9.986187,3.863365,-8.366906,25.60558,-1.95601,-13.66968,3.960436,8.634342,1.823076,4.778824,1.017686,-52.73757
-0.4955043,3.428774,-8.544296,13.41541,9.805529,13.75049,7.722729,-8.247954,5.115744,15.43476,-25.28679,13.38221,8.082573,-47.56367
-13.68866,3.505486,-18.29308,16.06268,8.46347,10.08711,11.50105,-7.16028,-2.787619,14.79386,4.555168,10.83941,2.949879,-40.82847
-2.248427,5.540514,-14.56689,13.44409,6.028133,5.231869,5.340422,-6.888231,6.300394,15.3473,0.9373426,9.859759,5.376986,-49.70326
-0.6199668,3.556545,-15.84976,13.69488,8.929479,-8.156507,9.634137,5.041945,7.015661,16.55742,-21.64291,10.04049,4.335061,-32.53646
-3.724804,-0.6976357,-13.24398,7.033101,0.6826071,-18.96194,25.49956,-10.90725,-1.182774,12.0039,13.56176,3.882248,0.1882057,-14.133
5.360458,1.250072,-9.851313,6.415937,1.147383,-27.41612,4.239445,-6.231341,1.068219,12.41688,6.749954,5.846982,3.670649,-4.667205
10.56093,0.945673,-6.871639,6.749321,-0.7795835,-26.3376,8.13062,6.598394,0.2005935,15.87772,-14.95983,3.89846,4.270791,-8.283856
-2.95074,-3.259757,-11.5125,3.07382,-3.97399,-21.92233,5.353378,7.740784,-0.1237551,13.30313,17.45343,3.370806,0.7896972,-7.341985
13.42701,-3.751774,-7.455184,2.805383,-5.066977,-15.78604,12.15936,-5.666665,0.05269996,12.70278,-5.439605,-0.707902,0.7392436,1.987667
3.111793,-4.600027,-9.800977,2.677251,-7.415013,1.774525,2.739392,-4.950917,1.111446,14.56765,-2.620315,-6.054669,0.289661,9.170196
-9.223263,-5.311554,-12.9658,2.560678,-7.212814,22.97357,1.729433,-8.736742,0.6344131,14.71506,13.9654,-6.874039,-1.43048,-4.823859
-5.245134,-5.11469,-11.80629,-0.6734842,-1.110878,14.43777,12.90078,-2.157865,1.443101,17.08803,-18.60019,-2.252523,-0.2029063,1.294282
-10.29506,-3.182319,-11.63669,-4.661582,1.59505,2.355187,10.60505,-7.631675,3.056057,18.72232,4.742053,-2.616239,-0.828309,-0.2238493
35.18063,-6.232473,2.424844,-3.121587,-5.533613,-6.126479,-0.1386345,-5.078424,-0.3875727,15.69528,-4.86589,-7.635612,-0.1463573,-14.03412
57.24525,-2.196591,10.92482,-1.866194,-4.774132,-13.50305,3.619087,-9.253942,2.166502,14.74213,-27.15426,-5.331059,5.771502,-30.39007
41.29236,0.4922459,12.45211,0.8499686,0.6821762,-13.0696,12.55899,-9.855524,2.386116,17.68751,-20.92229,-5.413949,8.310467,-47.45058
57.3386,-5.217465,9.759913,-3.62213,-5.898292,-21.18003,8.92427,12.46411,-0.9722653,4.724585,-21.26297,-9.134706,0.228219,-26.15185
41.78858,-0.1214383,4.428295,0.3032775,1.015178,-11.70713,11.34842,7.794367,0.6204373,8.615485,-36.75844,-3.924207,-0.7964537,-22.60638
32.4244,3.307912,-1.078871,2.351393,1.124659,-14.60857,-1.297193,-4.600236,2.352397,10.85911,-8.458602,-3.090136,2.531264,-21.81753
36.8954,-0.07349222,-0.4860041,-0.4083312,1.453234,-11.79851,10.22336,1.115574,4.203409,7.821839,-21.62917,1.676327,2.438834,-31.43248
20.6359,6.111914,0.5823222,2.130354,6.817874,-7.399282,16.13237,16.59614,9.372517,11.05968,-47.05455,9.402013,-2.401433,-41.98582
12.93335,1.052104,1.123038,-5.957772,2.138162,-13.13692,12.51409,8.148975,-3.018312,8.304567,0.2105766,3.742482,-5.128147,-22.92619
15.16298,-0.08175221,3.543244,-7.732852,0.3752644,-17.89885,3.379425,11.99301,-8.850086,9.04653,-23.49233,1.55143,-5.299695,18.30369
14.63427,1.655629,-0.4896747,-9.223558,0.5324301,-16.20067,-2.243375,6.064314,-13.19246,6.595836,-1.297816,-1.11957,13.21007,1.074575
9.435701,-6.943275,-4.250643,-11.04305,-3.019384,14.48894,5.757217,4.815824,-19.76497,2.201915,-0.604715,-7.704731,25.06103,-8.429862
4.609096,-0.02769916,-3.836389,-8.875444,2.282121,18.37314,4.582222,11.28577,-9.791551,-17.43753,-28.48889,-2.362926,19.15545,10.53263
-14.30606,2.477814,-4.850757,-5.600083,7.324663,21.7704,12.74583,9.550553,1.617102,-45.6493,6.997815,1.291042,13.18041,-6.549441
1.864112,4.175913,1.547138,-8.274231,4.285401,22.39245,10.73272,15.17528,1.544993,-50.6665,-11.05036,2.0446,-2.859026,9.087507
21.39059,0.1744758,8.486314,-13.54914,-2.712664,4.404222,12.22634,20.31714,-6.108407,-53.3114,2.379615,-1.756103,-12.3304,20.3894
22.77398,1.95813,7.285371,-6.971011,0.7752978,2.283417,5.18368,20.47455,-4.546182,-45.99028,4.091494,0.7344332,-13.05029,4.997415
19.58301,3.723043,2.391559,-4.539798,4.069861,4.241716,4.568155,16.81027,-2.559491,-54.35667,3.710989,5.36083,-15.54265,12.53918
24.99809,-6.796025,0.2272755,-12.4196,-5.430075,-2.749508,-7.657846,13.16264,-7.214836,-66.18286,31.05891,-4.597537,-18.11502,61.71639
20.44954,-4.773789,-0.1045827,-8.97899,-4.32034,-4.793366,6.405504,-2.469733,-6.468632,-57.82364,13.89363,-3.153884,-16.28147,68.41974
10.69986,-9.417205,-0.8145691,-7.949884,-8.808958,4.576888,-2.087658,2.929349,-11.3988,-57.73315,37.01872,-3.832576,-24.60788,71.42586
25.64223,-4.245072,9.100012,-9.376032,-5.854212,-1.23267,-5.445782,-3.41777,-5.600778,-45.59034,29.32394,-3.927685,-28.31155,48.9357
26.73976,-1.248657,9.118005,-10.58892,-4.61376,-15.09398,6.608463,10.18378,-0.963182,-40.02734,5.133282,-6.334753,-30.14826,51.23555
-8.679384,3.668431,-3.687966,-5.483946,0.7411067,-6.064903,-1.285887,1.363551,14.37515,-32.16017,23.30041,0.6429859,-20.31745,33.58807
-4.505251,0.8411705,-3.326236,-7.535517,0.1649728,-0.03346927,-11.8763,6.561699,19.23447,-33.42046,29.54336,1.968727,-22.67189,25.05472
12.20703,1.795772,-2.468264,-6.104395,-2.994381,-20.12541,-5.202669,12.50771,13.29934,-39.42889,12.67925,-1.706557,-19.79738,45.33884
-5.572941,4.537018,-6.651863,-2.999538,0.3888922,-30.65446,16.49752,-7.900432,17.21731,-34.69538,22.63517,0.881808,1.645523,24.67139
-4.69331,-7.509732,15.08251,-13.83337,-8.522092,-26.8242,2.722595,6.989174,6.374481,-27.96078,12.25709,-8.85038,7.907652,46.86037
-6.067319,-4.392467,15.59533,-10.67181,-7.025684,-20.30785,-10.17042,7.604851,-6.164176,14.47607,12.85833,-10.43713,9.973211,14.72904
-4.547919,-4.964247,11.15567,-10.0699,-5.19568,-8.338463,-0.1741381,1.455519,-9.320585,21.81115,10.67401,-8.478628,3.550177,2.443033
-10.18774,1.513535,14.60283,-7.312728,-5.782683,-3.455359,5.832477,-0.08133706,-6.102054,11.33885,-4.574086,-5.577934,4.666619,5.119604
-19.0554,-2.148314,10.26741,-4.936978,-8.304622,-2.441646,0.2460742,1.611129,-0.3323865,13.35531,7.862165,-4.478268,5.123061,3.232473
-7.942325,-2.732119,10.26386,-9.174395,-6.1727,-5.397673,-6.293409,8.448512,3.920422,9.231006,-0.246441,-3.417561,-7.712374,17.2252
-15.3413,2.800288,6.483366,-1.725989,1.2484,8.166148,-1.079093,-4.117271,9.673232,13.43686,-9.917103,-3.50144,-7.331189,1.205092
-3.467151,-6.147254,7.533226,-0.3771135,-7.234555,7.95639,0.3477401,-10.3794,6.559797,4.377341,7.227815,-11.0644,-7.699455,12.36701
0.5523309,-7.520061,9.028155,4.95174,-9.686112,-2.19222,-3.552769,-8.511624,3.848946,9.521008,-4.942354,-7.000288,-8.632742,24.13598
-14.06966,-3.390094,5.248445,2.243235,-8.410493,-4.808142,-5.685512,-4.231646,4.769142,13.84781,20.17595,-8.768808,-2.996628,6.076404
6.493389,-6.691793,8.123329,0.6809044,-9.923039,-6.775333,5.88943,-2.298489,2.177877,4.5026,3.062001,-13.76382,-2.905636,11.42857
-11.18927,0.8865515,0.09661684,12.88176,-2.539376,-7.22891,7.311965,-16.96546,7.083175,15.84495,-11.61063,-3.592606,3.782802,5.238423
-10.61338,-5.626272,-0.9221696,5.227042,-10.81536,-12.84047,2.769538,-3.533057,2.328535,9.853223,26.05044,-10.24456,-4.635414,13.0019
13.39945,-14.29058,8.38608,6.946496,-14.77319,-10.6925,-0.9298734,7.620204,0.5500768,3.560579,-0.127204,-13.73738,-4.721936,18.80976
15.10522,-12.06079,8.12971,10.323,-10.45572,-6.960802,0.7265905,-17.42401,-2.146563,3.38533,10.23187,-10.16536,-0.6384335,11.94995
11.18978,-8.989325,3.129739,7.511287,-12.70061,-5.780828,9.247592,-8.197852,-2.638074,3.122066,8.168331,-11.09159,-4.55953,11.58901
21.16358,-6.461491,7.831857,4.704796,-11.83805,-8.14261,-3.900903,0.7320545,-1.25619,2.337876,-1.885851,-8.835044,-6.797956,12.34791
23.96769,-9.698018,7.373554,5.171897,-10.64506,-8.069284,2.377679,-9.677441,-4.540189,-3.834893,2.926322,-6.043063,-8.851579,19.54238
-5.103022,-1.619954,2.299099,6.147066,-2.274177,1.03841,2.777249,0.8816211,3.483715,6.090319,5.410438,0.08507807,0.4911955,-19.70704
-15.9396,1.915131,-4.606632,7.759373,2.765395,-3.54087,6.477625,-11.20522,3.474072,15.93222,-6.280506,2.235334,1.984106,-0.9704273
-18.58447,-0.5444099,-3.700095,4.334627,0.9726099,-8.435814,2.077854,-10.75037,2.511177,13.11972,-2.729271,0.9076794,3.183808,17.63696
-13.38769,-2.451098,-4.030643,-1.168013,-2.449464,-12.08982,-0.60155,-7.947815,-0.09304255,9.070518,27.13726,-0.01573383,-2.573393,10.60048
-3.771099,-2.199222,-8.741759,-1.110846,-1.675943,-11.25035,15.15516,-2.11298,1.172785,9.371212,-6.696226,2.042,-5.352357,15.16962
-9.81209,-0.2408465,-7.84219,-1.046719,-1.686361,-14.1652,7.34737,2.009873,-1.301402,7.174661,19.97302,-0.4509669,-4.585676,4.626522
-18.98158,-1.560427,-13.16145,-0.9226683,-2.531,-21.13391,16.8101,5.456974,-4.913991,7.69832,20.00522,-0.3519492,-6.874581,20.46093
-11.37978,-0.188128,-6.223011,-1.643629,1.206002,-16.15459,25.04917,-2.02864,0.7184075,13.44583,-13.53871,3.233299,2.189946,5.313841
-10.34186,2.320622,-3.82716,3.431258,0.06562928,-22.10989,8.562325,7.836012,2.861137,11.76886,8.314859,2.502136,2.812281,-14.19622
-7.584006,0.8843765,-2.273624,3.606439,0.2107838,-25.67133,9.136959,8.790965,5.965442,11.69316,1.26,1.578524,-2.186934,-5.410763
-17.69771,7.005558,0.8750621,7.241497,7.70107,-19.14095,-2.109516,-3.229311,10.92317,17.17501,-18.89054,9.72621,7.167523,-6.747068
-29.91205,14.40826,-2.794661,10.83734,13.13767,-17.2233,12.63906,-8.259499,12.25205,23.03736,-33.01438,12.86366,13.8105,-21.782
-32.17015,17.43602,2.773041,18.36707,20.66325,-12.07051,4.966908,-16.17504,12.98508,28.91289,-38.59657,16.09385,13.22137,-36.4072
-17.47795,12.18568,-4.745905,9.157959,11.64268,-19.41956,1.947661,11.96955,7.778859,21.72404,-25.35386,10.75306,2.55147,-22.71367
-7.017019,4.212661,-5.84834,3.208314,7.59068,-30.99532,11.42205,-2.148225,5.418556,16.97228,-4.301648,5.198408,0.9222991,-4.634692
-6.960252,7.202598,2.368468,11.23604,11.60788,-29.57672,-5.89951,-8.31933,6.503234,20.31117,-24.82419,7.355557,7.187488,1.807583
0.8873389,8.240009,-2.023131,8.614637,7.86607,-38.56131,-0.06451897,0.4541003,1.530232,16.96278,-13.45676,4.724953,5.737903,-0.9122927
-13.79545,13.38548,-4.453592,13.41805,11.54422,-41.33032,6.159852,3.466911,3.232492,21.9258,-23.03305,9.709,12.64994,-12.8793
-17.22253,13.49028,-5.132539,11.41347,14.27413,-43.9586,9.683139,-0.1083856,6.49717,26.83642,-27.32771,11.74383,17.27421,-17.46288
-11.94064,11.4868,-3.923626,10.16544,11.63505,-50.96759,7.269406,-0.1816083,1.684554,23.92857,-16.24983,9.328347,16.32396,-8.558832
5.849555,8.602272,2.271357,10.13536,6.434151,-55.17418,-2.92653,15.51842,-7.182948,19.10221,-27.30612,7.651911,11.90461,5.11994
13.48039,11.04706,3.816041,14.66414,6.696259,-62.25711,-2.048029,0.007177055,-8.272087,19.2533,-8.368022,7.726963,10.82899,-6.575058
9.594805,12.22338,4.086225,17.64397,12.637,-65.45814,-9.527718,0.982927,-7.3737,28.08786,-23.95542,11.42393,15.06572,-5.430836
-6.365024,8.961707,1.540104,17.00211,7.664602,-73.37183,7.644223,8.305869,-10.15125,22.4387,-10.86986,10.30048,16.3192,0.5809749
12.10355,5.341051,6.038914,22.33339,1.819386,-57.883,-0.3834424,7.436119,-16.24122,18.67284,-4.120217,5.191113,13.44055,-13.74902
42.15251,5.768491,17.82225,24.52982,4.234351,-63.10528,-16.54197,16.03624,-17.77266,23.00002,-30.23076,6.304041,16.07437,-28.27141
27.10026,13.72784,16.59255,29.82311,5.714719,-69.15773,4.807494,7.150747,-13.66602,37.64527,-41.9586,12.06956,19.96012,-49.80931
19.40685,11.25486,7.820227,23.22177,4.00032,-70.34547,1.739309,15.57927,-19.94767,34.11524,-14.65313,11.7839,20.83148,-44.80695
11.58831,10.84799,5.981249,28.70553,3.031005,-93.02783,-3.95068,36.15055,-20.28451,36.55145,-17.38777,11.40911,20.61132,-30.22572
-11.19445,18.80676,2.4143,29.76081,14.25893,-90.0145,14.61277,13.36831,-6.557497,18.29939,-14.0217,20.5077,30.72088,-40.96169
0.4869512,19.35556,11.88442,26.74127,15.40745,-97.43513,14.81715,24.29966,-4.672168,-18.91098,-16.29972,18.09412,41.28951,-35.05808
1.764113,20.35426,13.1654,28.59002,12.52489,-103.5222,2.761652,36.25874,-8.507572,-19.45593,-32.04462,18.0467,49.07808,-19.0135
9.21765,15.87845,8.465252,22.62274,8.958086,-125.2667,-13.17693,34.21116,-13.92079,-19.69645,19.74282,12.07033,45.29536,-4.400936
12.97248,22.96171,19.42196,27.0516,21.47851,-126.0085,-7.640168,30.89487,-10.24245,-6.293328,-28.08125,19.37832,48.82864,-24.72241
-7.347789,27.51329,18.35984,32.87096,27.14799,-103.8153,-18.86613,8.698335,-4.766485,-4.865011,-14.45812,24.82189,52.14145,-37.43491
17.13206,14.04017,16.03424,22.34143,17.88885,-96.63281,-47.79307,51.09209,-11.94897,-20.24658,-1.737807,11.65749,43.51687,-15.34396
24.90158,9.665509,11.44987,10.60429,21.40157,-58.35046,-51.92958,41.58091,-14.41762,-19.72449,6.088362,-0.456847,41.28078,-22.09386
16.57268,1.864569,7.29143,4.316236,5.146132,-42.74285,-84.36272,58.73381,-29.24472,0.6946037,19.564,0.3634008,24.12506,17.67838
-0.7668422,9.819956,8.475511,-5.117711,9.454835,-29.57443,-51.49381,9.404038,-24.21388,18.98654,-18.69868,11.56441,46.69955,15.46052
-1.523199,-9.621202,-19.7754,-40.82466,-5.312439,-5.439385,-73.07064,49.7255,-33.53922,9.56275,52.94091,-11.09747,29.31741,58.65705
8.038743,-9.704027,5.072227,-51.19779,-5.744655,-8.699666,-56.43056,57.10293,-38.90425,-0.9670857,30.19177,-20.31383,21.74019,69.816
-4.125065,17.07229,15.47173,-33.72856,20.02248,-11.16982,-23.97957,-18.03515,-9.277905,-15.86141,10.7656,0.781832,33.83438,18.22918
11.32453,-4.755417,-21.35578,-64.29237,-1.806284,165.6585,-108.4925,27.62999,-24.8164,-41.07675,39.69726,-7.041335,-16.92526,46.25185
-2.464378,-18.66086,-20.33433,-65.00011,1.150897,251.454,-96.53542,-6.393486,-48.20652,-12.20247,30.36357,-9.4466,-19.86826,16.14397
-9.097595,-16.81927,-26.155,-49.6371,5.412494,205.5958,-78.0132,-15.2082,-61.57094,41.67532,26.88775,-13.90063,-9.930023,0.7605652
13.22145,-10.87735,-20.61237,-28.31648,2.99198,206.3546,-70.38631,-37.6481,-72.72173,33.36541,6.914083,-8.2655,-8.733595,-5.286135
9.43629,-26.83617,-32.31394,-24.58105,-9.481771,178.1753,-67.83176,-11.57991,-76.97109,21.90226,42.74421,-0.3767218,-14.33603,12.05032
7.840209,-12.05168,-30.7986,-5.868132,2.381117,187.7584,-35.09916,-72.80669,-69.87843,53.69876,-0.2577527,-6.751716,-19.33683,1.170474
31.22288,-16.82316,-28.66766,-8.608666,-6.22213,161.6316,-52.96222,-56.28723,-76.63715,53.38329,40.74401,-16.38858,-43.14018,18.75518
42.13933,-23.05728,-0.8258824,-22.88024,-9.039831,145.8072,-64.21475,-28.75164,-86.38052,51.62162,30.10114,-19.38412,-39.29453,24.15945
16.74377,-9.486464,12.68189,-22.89746,1.999667,141.9841,-23.88673,-66.31385,-77.66593,73.04363,5.379104,-14.76804,-24.40235,-12.41129
-5.843349,-19.98277,-9.867876,-36.84972,-5.40429,120.472,2.086686,-38.84715,-96.96798,65.59707,43.20897,-20.94643,-17.82228,21.16715
-29.71383,-16.08338,-17.5307,-38.37524,-3.264615,112.1822,45.85353,-74.20076,-54.16597,70.93439,-1.098848,-18.06171,10.11822,13.40671
-50.7435,-33.17525,-41.54037,-61.53229,-24.81197,82.45764,80.73458,-62.10453,92.02912,56.40779,8.52011,-37.88945,-14.36175,6.009823
-41.35248,-39.77457,-42.05632,-64.37395,-29.14933,60.57774,116.8657,-52.07017,91.64314,52.57624,13.8868,-46.30901,-16.60681,-3.857037
-45.7377,-28.7032,-33.8903,-47.21707,-18.51993,58.63478,109.7426,-70.74779,74.60715,70.55186,-13.03357,-36.53785,-9.8989,-9.250073
-43.52274,-29.3917,-30.76958,-55.71979,-25.84041,48.81864,87.8023,-49.92348,67.34409,74.69801,7.710088,-36.50903,-17.09868,2.402251
-36.55243,-31.26757,-28.01875,-53.39378,-29.29142,35.03651,79.15862,-39.68003,50.93812,86.76508,20.6355,-38.32553,4.012072,-20.01642
-38.63111,-11.52956,-11.65844,-37.68638,-7.480954,44.88778,106.9464,-20.13823,111.1172,-80.79784,-15.66082,-23.61305,6.178865,-21.93387
-39.54882,-4.715453,-15.70937,21.04872,-7.12158,40.29324,92.84025,-21.78224,105.9445,-118.568,3.701547,-14.56045,-28.42022,-13.40212
-43.92373,-17.99988,-28.25298,60.01203,-18.58823,16.59342,45.25653,-13.74344,111.804,-64.78958,22.13678,-17.92961,-35.11678,-15.45856
-53.72683,-8.263152,-5.083762,44.8432,-8.091372,22.9915,44.08628,-9.397878,139.3358,-80.31075,-30.25556,-8.834779,-13.77359,-33.51913
-45.09752,-8.873703,-7.024889,30.13494,-1.664928,19.44853,17.08159,-15.46363,109.5245,-46.63454,-17.73166,-3.214314,4.148264,-34.63264
-52.20014,-11.01897,-22.40485,8.175208,-3.415377,14.15105,9.297231,-39.50738,66.71078,93.94769,-34.91563,1.250134,16.77122,-46.84097
-44.06599,-12.65377,-19.0444,19.07385,-8.992574,2.445947,0.6965866,-52.33489,24.66597,172.056,-55.12177,-6.252102,21.23591,-41.70879
-26.14474,-1.280198,-7.043767,13.13388,9.392988,7.443505,34.75093,-41.21978,74.88518,-11.11133,-50.08545,5.193304,23.21877,-31.13328
-23.95053,5.368394,2.170422,20.18975,16.11929,7.271046,56.74861,-46.58806,74.23763,-32.7678,-42.04572,5.785538,-19.66703,-22.87154
1.166417,-0.8646406,8.831424,23.82796,11.1175,-4.397319,3.455486,-17.2874,54.07484,-47.18635,-13.22794,8.445945,-29.35935,1.403432
-19.45223,16.25243,12.50833,23.11428,28.86282,7.738689,-10.08397,-23.40604,67.86859,-50.62417,-31.28629,23.90009,-26.96051,-18.432
16.98088,17.24674,29.76164,14.20526,31.07485,-1.074083,-4.721411,-38.45876,54.38147,-67.02151,-11.21971,25.16959,-50.80722,-15.51771
53.30141,11.0677,41.35669,6.421863,15.97259,-10.24878,-1.835081,-5.673277,34.91782,-117.5391,8.398812,22.28237,-72.33263,13.90964
33.36227,15.09386,34.30191,8.772559,25.50273,-10.60996,4.106366,-4.66476,25.97995,-114.25,9.602963,27.6067,-71.97024,17.16563
50.11472,8.844277,36.81601,10.84473,-1.559549,-13.1526,6.090068,-9.18225,23.95927,-126.9824,18.25461,27.61645,-71.15684,39.49351
55.47814,3.770126,38.36491,11.95951,-25.50952,-18.49453,-6.451728,3.39263,20.80149,-135.1148,41.00711,24.13771,-78.24839,64.90734
56.72336,6.900175,37.56776,10.50854,-6.889565,-14.84481,-3.301948,7.114874,24.37452,-137.4033,39.31569,27.41634,-87.69407,40.21243
59.40166,6.244653,38.70629,18.06335,-15.41808,-17.07927,5.077674,14.64427,25.79663,-129.419,11.19037,29.08236,-87.53692,41.24603
27.29934,4.677871,29.66508,18.27098,-12.05054,-21.25389,16.08445,6.16792,22.50495,-132.0397,38.3194,27.53442,-72.64788,47.46766
16.14266,15.25919,32.21307,22.36812,1.306103,-5.410683,10.45996,-8.653054,23.97396,-125.179,5.55041,36.91439,-68.09316,43.14807
28.07305,13.42288,38.5027,18.64658,-0.9688953,-12.36068,-2.122955,4.711228,31.46808,-133.2639,12.57331,31.86885,-75.05018,44.49997
40.04103,8.805749,36.37963,15.47743,-0.4781355,-25.43942,0.057484,11.83888,33.0517,-142.5269,30.23146,24.87371,-77.10692,44.79428
37.74099,4.737987,38.80439,14.05691,-5.802336,-34.24313,7.149997,20.86425,34.97293,-143.676,7.937251,22.38883,-70.21561,65.28354
23.63603,12.6337,36.76706,26.85455,-8.14484,-33.81824,8.62534,-3.862461,37.29655,-142.9809,20.4068,26.59139,-69.08536,65.08038
39.86608,2.711428,40.28395,21.43058,-17.8074,-50.3525,2.844558,25.65625,23.3077,-163.8263,45.85888,26.55276,-63.41076,66.8848
51.11183,7.914232,45.42696,27.84353,-26.08192,-47.1096,-12.20031,36.42002,23.56443,-177.5871,-2.297801,23.38617,4.419758,45.18975
33.46607,17.85164,44.00491,49.05632,-22.71341,-36.16954,-9.204345,21.99029,40.01072,-202.296,15.95948,27.05574,3.070009,17.91808
32.08424,19.52988,40.46753,44.54538,-20.63016,-30.04171,6.958292,30.47076,53.26337,-224.4736,16.24559,28.92599,-30.62588,33.28035
30.5026,15.36951,36.19057,32.30746,-28.08728,-24.17321,-9.519611,43.52866,46.52636,-244.7711,25.42984,30.62652,7.14362,38.92611
21.63167,17.6616,38.92237,20.39281,-22.19544,-23.95484,7.529028,44.38561,38.37386,-251.5127,30.30516,22.59535,35.00271,20.86287
12.19386,29.04587,33.82746,23.94091,-4.388625,-13.22611,6.071187,7.971619,56.80021,-245.1437,-1.439126,17.78153,54.81086,21.75412
23.63077,14.82043,32.80948,10.75466,-15.86949,-18.59122,-4.06204,45.66996,40.22028,-271.3203,32.79227,11.65224,63.02142,34.47157
16.40936,12.85726,37.3274,13.8759,-13.54075,-10.09841,3.532725,45.86813,37.80476,-280.9418,20.84167,7.384236,83.33078,25.34875
-0.5317189,18.18023,44.3727,22.64422,11.07406,-4.845172,18.10688,0.643913,42.08867,-282.6613,8.137943,13.98556,80.19325,28.61082
-1.357797,7.186825,40.49041,27.88665,41.30861,-1.504976,16.58702,51.7509,19.70438,-301.1799,28.22119,19.21969,17.3716,34.31536
-2.409839,-5.689964,33.79784,126.6645,62.22385,-7.778978,0.6466298,41.2164,6.709985,-335.6517,23.23407,21.23177,9.0631,26.74235
-5.683988,8.703524,39.38858,78.48908,69.07258,-2.726255,-10.66466,27.76905,21.1832,-316.4879,32.87677,15.56563,19.42793,23.08646
1.596107,8.125331,24.6402,-4.304307,52.6903,5.472822,-9.402296,76.94805,48.58009,-269.6242,43.30963,-27.29941,-3.499349,52.76702
1.545347,-25.19483,-7.28212,-38.3243,9.946694,15.53384,-39.51717,36.86288,-94.44936,206.1069,7.296982,-71.05181,-50.61169,49.13863
-16.25483,-38.62183,-45.66945,-81.6881,-22.38137,40.35443,-68.36153,39.38402,-166.6201,480.7522,7.283759,-70.11847,-99.40886,41.3501
10.29019,-13.24245,-46.48105,-92.67709,-18.14544,60.99193,-41.70279,34.4368,-136.0546,413.0396,-28.26956,-43.80304,-112.826,14.44342
44.15732,-16.77402,-44.62143,-100.3508,-19.75724,29.39141,-62.87202,45.06656,-147.7536,403.2621,16.31534,-49.1759,-108.0534,11.16573
1.84224,-1.558056,-55.21462,-65.16074,0.5773483,35.61197,-42.58213,26.46869,-105.9945,377.0052,-19.5472,-43.04621,-78.75275,-29.64929
9.537559,-7.558843,-50.26936,-64.83167,-9.587357,39.35481,-38.97241,7.268118,-103.1737,374.5921,-21.53664,-38.98045,-72.9145,-22.92771
26.18438,-17.89433,-47.26635,-61.9104,-25.77906,16.09852,-56.42428,14.58161,-128.2802,329.6295,23.82045,-42.05409,2.585136,-33.29089
-7.579614,-8.65652,-45.52997,-53.96322,-24.0068,22.4057,-52.47183,14.93931,-134.3315,322.9131,-15.09563,-15.59147,86.28162,-89.31311
-3.495951,-11.67887,-35.66945,-45.65419,-29.39735,23.25797,-50.08713,28.0646,-141.8846,290.4511,-8.487729,-14.00183,73.56395,-74.98052
-33.38027,-5.295663,-43.81937,-36.06424,-7.107991,33.54779,-28.44406,13.93193,-132.6115,280.2541,-18.7823,-14.76494,80.13643,-87.59994
-26.44699,-15.60885,-49.04971,-30.18949,4.497957,37.68322,-43.20568,11.2693,-118.3559,248.2925,19.55722,-25.06075,65.26272,-78.64564
-28.67442,-12.66426,-48.69916,-11.09363,9.187613,41.35157,-19.52896,17.05159,-123.4343,225.2392,1.246964,-33.549,79.21274,-95.64592
-52.41514,-7.580846,-46.24432,-5.640298,7.89592,42.99254,6.166723,9.318836,-111.4229,214.5443,-19.68775,-22.08709,81.42636,-97.26638
-62.96991,-13.47955,-43.89997,-7.290766,-2.404122,40.26999,45.12542,-15.09277,-108.3254,191.9855,-15.69322,-17.11985,92.77941,-83.88478
-105.6521,-11.50234,-54.75224,-7.091508,0.4739407,41.61189,106.5621,-1.104598,-92.04778,164.1775,-48.84055,-11.91454,113.4171,-93.33688
-98.89306,-5.05401,-40.34835,-0.2736064,2.911524,47.40919,71.9661,-13.16249,-84.6459,139.5242,-19.45146,-2.860031,97.87386,-94.99597
-69.03275,0.1637725,-16.04354,11.22578,-0.5281562,49.79437,41.47413,-9.966728,-80.4401,129.0089,-49.10209,9.48227,81.08596,-97.1218
-46.08158,-1.017195,-12.27345,11.60797,3.398096,50.43675,24.85839,-13.80569,-82.32469,115.2359,-31.0179,13.40168,65.83629,-98.25454
-7.103032,-4.381419,-12.19557,-0.5761072,-7.064402,48.25767,19.94477,-23.34751,-76.1885,92.49642,-35.18023,12.62396,59.06555,-66.35161
-23.73946,3.072184,-5.425637,6.777186,-1.00705,45.83836,28.02723,-29.7104,-51.79945,80.54273,-54.83685,14.83891,49.8467,-62.42446
-20.05554,11.57327,-5.431016,16.64191,4.18224,52.40196,29.73313,-40.49697,-37.68737,78.96233,-64.82027,17.52048,47.54531,-90.06947
61.63466,-4.74868,-14.1511,-3.779507,-16.09549,32.56743,46.78138,-31.58618,-59.77332,43.36012,-32.95616,6.072195,25.95202,-53.27738
61.5598,-0.6137044,-16.11198,-4.788043,-12.27214,45.89825,60.86892,-54.21297,-39.10653,40.44114,-25.86003,9.775373,1.004051,-66.58215
66.52596,1.373588,-10.00695,-0.461653,-11.32633,51.90979,38.58687,-55.77531,-7.596682,41.75107,-53.26725,16.03466,-22.38698,-55.36078
69.68555,-6.804095,-7.799057,-8.569216,-20.63702,49.8791,20.46167,-58.62471,27.68838,11.26694,-12.82752,5.822185,-25.30957,-44.23263
52.9315,1.229312,-9.888615,-0.8550397,-13.23366,57.67307,24.17983,-43.76419,44.08766,7.677989,-43.18397,3.14589,-34.36201,-45.63777
49.44519,0.526071,-4.701922,-2.511285,-19.39263,67.04456,21.62796,-44.99704,28.52768,-4.324546,-21.14142,7.430546,-34.07587,-43.45729
8.944307,1.778011,-10.65488,6.889395,-56.88424,24.44453,-11.05291,-40.20823,137.0428,16.77959,-32.84218,12.55566,9.810678,-66.60251
23.42325,1.319991,-15.6003,-4.858098,-44.54715,-78.24429,-12.49742,-16.39152,138.0016,11.40729,-13.90067,1.1712,-4.978845,15.69498
4.001355,12.50024,-11.18532,-1.45849,-11.90365,-156.9877,32.23913,-1.252896,98.03202,1.473869,3.585115,6.974309,-17.58357,41.56564
-18.97411,19.21514,-11.41468,18.87831,-11.44175,-147.6107,7.491244,1.559382,103.0586,11.04384,-9.582787,1.686408,12.18814,23.90299
-0.3969477,17.23659,-9.045963,8.318642,-10.08681,-120.5921,6.122721,-10.56092,85.58931,-0.4900316,-5.241723,-15.84128,11.63523,43.35329
9.778761,16.0845,-5.030502,-1.793585,-19.50623,-165.4234,5.31648,26.2641,75.47803,-6.929805,12.69932,-8.016047,2.743323,58.33505
-1.722982,18.37024,-7.807423,8.623857,-11.60184,-101.5236,3.046345,20.12627,69.08092,-6.270444,-12.34794,4.272489,-19.67627,37.43044
-27.50268,23.43108,-3.143426,19.02142,-7.763829,-68.58395,-9.661498,11.30821,62.49616,-10.86891,-9.509439,1.304562,-14.41122,33.88356
-16.52311,11.24101,-2.068425,10.43947,-19.22093,-60.37291,-14.43515,28.05065,44.08332,-22.32371,15.90354,-7.285248,-8.205241,40.71676
-4.947535,14.3355,-0.1553252,17.6194,-9.780913,-42.52729,-9.239632,16.30361,40.20274,-23.06558,-28.72236,-5.516226,-2.427225,37.92086
-15.44966,10.54306,-2.770541,9.076888,-4.051206,-51.81726,-34.16903,23.23616,45.98146,-33.22494,21.28485,-9.883868,3.912222,37.33187
-18.90544,7.218709,-0.9012093,16.14275,4.414203,-37.37032,-26.66984,8.144017,51.93033,-23.72559,-26.94878,-4.036671,13.1771,37.53074
-21.33762,6.065068,-0.04873584,14.77661,7.984758,-59.22006,-23.71826,6.453151,43.06327,-26.66957,-4.145036,-0.08419357,26.90983,29.9708
8.080633,2.923743,1.510972,3.130136,0.4648603,-72.49425,-31.14196,18.73334,29.46697,-34.18651,12.18401,-2.181678,23.55521,39.95453
12.5528,-1.465105,3.481206,2.337962,-7.433303,-58.30446,-24.01463,21.78761,26.25424,-34.38659,-10.01108,-0.1498492,19.83302,49.51818
-1.549555,-3.646291,-5.849792,-0.1971112,13.30274,-30.13639,-30.18307,3.55883,30.96596,-33.50843,10.13759,-3.658632,18.29354,32.47061
-13.05671,1.844898,-7.498291,0.4893572,44.25474,-36.15556,-25.05968,-0.8170412,33.56123,-31.44889,-9.83311,4.853066,11.03171,27.83427
-2.075107,1.7089,1.293181,4.991137,37.4586,-43.7602,-7.523476,13.50157,32.26954,-33.19856,-32.90693,19.44898,3.465772,5.326599
25.17211,-7.170238,5.201033,-4.636836,25.32108,-41.74129,-22.57533,0.5893725,28.68511,-30.8549,-10.30891,21.27945,8.440691,2.598659
26.04261,-7.792601,9.710375,-1.67511,26.14524,-35.53912,-13.7444,5.839443,22.74857,-34.18101,-10.89865,8.688726,9.224944,-4.569042
15.75108,0.0679061,5.531259,4.980962,28.52279,-12.33834,9.716227,6.908494,30.45611,-31.73696,-39.5264,-0.4620059,9.67171,-27.54283
3.067977,-1.470862,0.5535445,0.6069447,22.70897,-11.00861,-5.170152,0.05234606,34.13914,-34.20304,1.568984,-8.701159,7.354417,-9.498498
26.77829,-7.687241,13.98406,-3.280964,17.82345,-9.919665,-12.84616,4.06217,26.17223,-39.71886,-17.01109,-16.38468,-2.659432,20.68788
26.13737,-4.333468,12.43137,-0.7422738,16.49958,-6.844018,5.125753,9.930253,21.53448,-36.3328,-16.49416,-13.70777,-32.64945,19.44512
4.75058,-0.1365188,7.295157,0.5322727,17.57947,-4.446434,7.598357,3.794845,24.06364,-27.38246,10.61431,-5.423315,-32.14827,-6.691639
21.54034,-5.597894,14.27126,-10.02802,12.47462,0.244994,1.740079,0.2904078,22.59411,-12.27456,-28.49115,-3.15588,-31.13085,17.52253
12.10305,-10.24646,7.624492,-17.10957,3.329844,-5.715199,-0.9718513,11.88875,14.04054,-17.5672,28.68909,-6.136142,-43.29817,23.36881
1.927407,-3.878726,6.430935,-12.55781,6.331957,-7.848341,2.301172,13.33816,18.65244,-16.33963,9.259876,-2.205706,-21.65043,6.238688
9.155432,-2.563254,10.88125,-10.90906,5.828712,-7.703712,4.37256,5.367555,13.29206,-10.20793,-8.969469,-5.751369,-8.598207,5.805425
9.751291,-5.594719,9.30925,-13.22399,0.873212,-8.842403,3.293546,-5.159689,5.422005,-16.10072,26.26331,-12.14083,9.418452,-3.268721
19.63525,-4.040765,8.679329,-10.18337,3.335691,-5.726276,5.031662,0.6585622,3.590739,-16.68849,-13.87945,-11.06491,11.90962,8.742407
-4.646169,-7.397344,-2.428576,-14.43299,0.07311997,-5.794377,-15.2017,13.44668,-0.06418096,-17.77443,39.03584,-13.96443,13.24582,15.90271
-25.41013,-7.736387,-16.04787,-17.3012,-3.210828,9.06035,-2.564384,3.334383,2.048882,-11.17932,25.55317,-10.37268,8.740844,45.08516
-29.01957,-4.064898,-9.992832,-12.2294,5.649055,11.59731,6.667888,-16.62899,3.267152,-3.281519,11.90338,-5.823101,8.253196,33.70232
-40.06021,-1.957888,-0.671141,-9.647776,4.688477,11.84952,-6.334603,0.7380506,3.373127,-1.860327,25.88227,-4.91292,1.394848,17.51857
-24.34899,-6.404676,-0.7859472,-13.05844,2.523849,9.83103,-5.457169,7.22718,-1.720413,-1.467538,15.90239,-6.06157,-11.02924,34.84953
-22.08094,-10.87321,1.63108,-10.17409,2.402627,7.464223,0.1950628,-1.749992,-4.125938,-6.503181,33.36409,-0.7561464,-10.48692,21.69332
-26.04836,-6.092417,-2.390745,-8.716219,2.477346,11.18132,-1.165694,2.070743,0.6650059,-2.932126,17.82241,3.482958,-7.407106,17.05288
-12.21563,-6.696177,-2.298612,-9.862151,1.276741,9.608781,-2.283702,-12.21763,-2.795503,-9.694283,21.17158,3.636673,-5.028231,27.39813
-22.22328,-9.569242,-3.266401,-8.189643,-5.142751,9.963879,0.2454188,10.60208,-2.526767,-9.156907,34.13081,7.551249,-8.690024,6.271566
-27.84406,-8.761613,-3.060411,-8.398161,-1.225364,7.473342,14.2886,9.348557,-2.356906,-6.967828,23.58109,9.539023,-4.364041,-1.252238
-26.60046,-6.759588,-2.23314,-4.743767,-0.7433229,17.84581,9.798272,-15.14888,-1.150787,-3.830696,12.90065,9.58235,-1.638204,12.72176
-17.67725,-9.708128,2.026658,-5.912532,-8.23264,13.81209,-11.84089,-5.766147,-24.29652,-9.202176,50.188,8.416537,-2.004508,20.19749
-4.069343,-13.00307,0.2435634,1.101614,-9.185472,9.412157,-0.8266704,-2.450237,-39.22197,-11.84451,32.59019,14.12127,-1.188657,24.32113
-28.08457,-10.32994,0.815899,6.508769,-9.264569,13.194,-11.86091,3.814316,-32.33304,-7.238509,45.49057,13.30632,-1.733012,17.71467
-35.2658,-5.769677,-0.7656045,4.784853,-9.21389,16.25626,-5.021183,-5.322948,-27.54509,-6.477665,38.69695,13.76361,5.83157,16.04861
-18.63129,-9.305713,2.368217,2.25292,-10.98333,13.18421,10.11687,-15.03686,-30.05708,-5.779235,21.23985,11.4886,7.686078,21.45675
3.036954,-6.764388,15.25102,1.496544,-3.92849,9.839788,-9.773993,-8.501317,-34.47926,-4.622328,41.23516,1.918923,7.989844,-12.69847
44.54723,-4.786701,25.17436,2.171158,-10.01103,-0.1394509,-5.115551,3.404812,-32.75681,-8.775747,-5.473112,-5.31945,7.862499,-10.78221
36.21477,-3.296572,23.59671,-0.1381045,-1.336359,-13.38416,1.364418,-2.291158,-28.64828,-10.12173,11.17925,-3.097636,9.074295,-19.11543
6.774797,6.426863,15.06986,7.164541,10.06687,-4.315019,-3.440677,-11.49316,-14.61088,-2.023652,19.88314,-4.842895,20.84895,-45.50872
21.74026,2.859776,20.007,6.036967,6.73997,-0.6045144,-2.70989,-7.766903,-16.87014,-5.544736,-30.30217,6.992154,25.18086,-25.75863
28.50343,-4.006096,17.06124,-1.639927,0.7052627,-10.76886,-5.335471,-7.726406,-20.64807,-9.461402,18.70143,8.451033,18.41742,-32.25358
20.64645,2.074939,16.0702,3.135525,1.681313,-3.07964,18.28223,-14.78827,-15.19406,-1.900968,-21.06545,0.4330752,16.23599,-22.53134
9.950627,6.886081,15.77948,9.799786,8.037951,-0.6213228,8.748768,-28.71802,-12.37883,1.192086,-8.619642,-2.616173,15.69322,-23.13401
10.8226,2.621356,13.3398,6.858537,3.634734,0.5690614,-1.329668,-6.121037,-18.90897,-3.787867,23.40229,-19.69858,3.536892,-14.93915
21.98668,11.05158,21.08964,12.51676,9.349211,22.81888,-2.423851,-9.085704,-15.07099,2.476839,-12.88966,-27.78668,5.320045,-39.35273
15.33861,12.59636,20.01914,16.85221,10.55203,16.8888,6.514981,-9.143096,-16.21482,0.5891052,4.321826,-32.41222,5.186399,-51.08932
19.60851,8.662627,24.76185,21.96441,6.870433,12.91574,-4.911633,-8.554551,-14.38009,-2.630994,-22.96614,-28.53276,8.458718,-21.26611
1.381319,9.923136,12.44442,25.87958,8.896127,4.915623,-7.50455,-8.272208,-14.29298,-1.552638,2.668511,-22.79536,14.04943,-25.7404
-5.877189,9.972174,8.306086,22.25554,5.984951,-1.197763,2.482381,-0.9791185,-11.21802,-3.010221,-0.2972511,-15.85458,12.87232,-23.43929
9.484921,10.91474,15.4086,20.80977,9.185086,-3.283223,-8.409019,-16.16048,-19.48499,1.733024,-10.37552,-11.43066,16.2887,-14.68094
-9.647454,1.736108,1.808154,7.904774,6.255672,-20.7345,0.4929094,-8.283461,-22.27957,-9.751378,28.28577,-13.04159,12.26387,24.9907
-42.78643,11.23619,-6.302248,14.58861,20.74352,-31.295,3.896202,-13.34918,-6.779267,3.521753,14.9656,-2.869724,23.47521,10.95476
-35.86715,11.76811,-6.755278,16.08989,24.92109,-54.00399,12.7803,-10.99982,8.205853,2.486654,-12.03652,2.240388,10.87908,30.2914
-32.76246,-2.507585,-4.513329,0.5128429,16.25846,-50.28865,-3.860723,-6.083302,32.42265,-12.44928,26.7214,5.70511,5.451154,25.39371
-37.87776,6.214556,0.09219171,3.802496,28.81665,-77.05785,13.02674,10.45592,26.78387,-6.857256,11.74204,13.28171,13.9004,-6.323708
-14.75147,4.668093,-0.3390547,3.260923,22.24282,-95.79974,25.45742,-11.58413,22.9107,0.6147916,-9.147206,14.97173,13.46708,24.02805
-13.8059,-0.645026,0.9128577,-7.691379,11.64037,-101.3668,2.060485,-4.54995,14.7777,0.5487351,31.11466,18.57107,3.155778,45.27736
-21.55157,-0.1180311,-4.913057,-8.977585,7.537664,-40.97732,7.522521,7.792408,9.364955,-0.3019354,-1.145992,16.18599,-9.93137,39.51331
-38.00284,8.425451,-13.98065,-19.32176,-1.053396,49.33504,-6.948443,12.94597,26.91067,6.511049,-10.90799,24.28821,-52.92027,14.71894
-31.2954,16.63357,-12.73989,-18.58671,-7.571214,73.12223,-5.013233,-5.255069,29.14572,4.114209,0.6294431,31.97559,-59.38396,-15.77528
-13.47843,16.07718,-8.041301,-15.42648,-12.8129,72.76907,-7.827022,1.010167,25.56692,5.931428,-18.07553,5.239893,-58.05795,7.124959
-9.223671,-12.81619,-9.644218,13.67586,-24.50942,40.88199,-16.54374,30.21242,21.29903,5.878778,33.08607,-8.827725,-102.0851,38.61589
-46.43491,-11.20459,-20.83024,51.36846,-16.03097,53.90008,-18.81839,2.405966,30.73974,25.56341,-4.164805,2.013549,-50.19439,1.687094
-71.90382,15.09627,-27.29315,20.51046,-8.582186,41.47202,1.422165,23.05672,35.73901,31.18332,-35.3603,7.154729,-19.58096,-12.91425
-44.15432,5.040951,-16.40598,4.468434,-15.06958,-2.966961,-3.30951,38.78869,14.25139,13.47669,27.7643,0.1166373,-17.77213,-4.228601
-16.85371,13.21066,-5.339195,16.36115,-5.482328,2.915103,1.051546,-1.55707,17.32878,25.46994,-41.48598,7.697145,-15.15638,1.840354
7.421532,1.622785,-4.157421,-1.23018,6.027527,-22.88056,-3.990482,-0.05855281,0.8754166,15.48545,1.599874,-5.798162,-30.23967,35.32244
-17.08466,9.787213,-4.791128,1.826223,19.5812,-26.62748,1.191345,16.50413,-3.527657,22.31871,-3.590057,-5.118085,-21.13311,10.66336
-18.56993,15.11257,-5.863944,-1.455219,11.74948,-23.05219,11.59131,15.80636,-0.3908683,25.06794,-9.81661,-4.314235,-15.3833,-0.4813572
-46.89067,8.816797,-19.22475,-5.569895,7.165976,-15.4978,2.092152,11.95968,11.75109,23.00955,17.26975,-5.354097,-5.019815,15.49204
-49.70013,8.489061,-19.03126,2.624312,9.16959,2.961925,4.663697,4.029846,12.91364,23.40611,-2.575841,0.7239674,4.076257,-1.751164
8.129342,-6.86295,-4.196698,-9.285491,-4.856607,-14.25384,-21.64058,14.34296,8.455954,1.537167,7.936015,-3.925694,-3.16725,27.78767
-24.445,-12.1349,-17.79439,-9.505197,-6.363708,-8.065207,-12.08845,-16.45074,75.74203,15.65544,-14.60422,5.325596,13.83178,10.89697
-14.52013,-7.437859,-14.09943,0.9659352,2.616688,2.855356,-14.34823,-14.64651,31.31321,24.37997,-33.35991,6.409567,34.01458,-4.143241
-9.855021,-2.266588,-6.02764,7.88393,18.8331,-0.4594256,-14.11357,5.788153,-27.92009,24.10774,-2.137897,2.123617,17.87119,-13.82749
-5.941883,1.856552,-0.00182924,12.61443,16.7701,10.38582,1.593001,11.21169,-4.277114,21.25786,-22.96424,-12.35375,-12.50749,-17.64312
11.08655,6.495134,-0.7208344,-1.773483,-3.06635,38.04763,-11.51669,11.40254,0.09899914,8.995839,-16.66384,-15.94947,-25.12274,-1.313295
-2.378104,4.956261,-6.64165,0.2709132,-4.480921,55.7196,-21.58334,-2.534924,0.5287561,-9.907381,16.26605,-6.193446,-18.2624,-5.759411
11.94757,-0.5968151,-1.832797,12.93444,-3.427438,63.20502,-15.70792,21.94423,-19.23692,-24.35528,-28.11322,-8.661565,5.349391,-13.4487
21.29378,-3.803815,-1.577781,12.14299,0.007372296,56.55252,-17.656,13.30123,-19.1317,-23.09171,-3.727931,-2.666694,10.42684,-42.0691
46.73712,-4.074824,10.57549,8.810647,-2.243815,45.86021,-20.62899,7.95911,-35.61032,-19.0259,-11.49512,-6.782505,-0.7614135,-19.31968
38.02106,-2.419877,10.53805,8.632578,-1.869405,44.36788,-9.683825,22.88523,-36.18433,-25.59249,-14.45455,-6.624615,-5.851657,-21.76404
32.56564,-4.284488,3.955127,10.14057,-0.2643454,41.11073,-17.44962,23.41498,-45.78355,-26.51725,26.4813,-5.454592,-22.1905,-15.72399
37.24243,0.6685598,7.393041,2.856569,-1.865831,34.89548,8.109258,-5.203317,-54.03448,0.01412844,-7.375738,-8.345028,-11.78501,-2.570061
47.8306,-4.316338,7.756451,-1.627867,-2.285419,33.42614,0.3808809,-1.964252,-53.83047,-4.260483,8.760689,-9.179399,-5.638662,-15.05187
50.00497,-5.785076,8.790429,3.236994,-0.09069189,33.46722,-9.220649,13.50869,-49.52032,-26.7979,-13.68453,2.985429,2.473154,-9.367722
44.05766,-11.51337,7.906562,2.040577,-3.480917,20.17204,-6.995928,9.184168,-26.92722,-12.19295,-19.81802,5.051665,7.197544,-14.68182
19.41933,-7.154678,-2.409823,-5.450602,-2.223662,21.06075,-9.898246,10.46283,-20.35835,4.424869,-12.15388,18.85831,4.555843,-19.13271
19.98141,-9.163206,1.542021,-8.784038,-3.002198,20.25034,13.58144,-13.13607,-5.459007,-15.67225,-16.80195,33.83579,11.99232,-29.16462
44.76197,-12.08932,11.84402,-7.738959,-7.122215,16.11067,0.5076108,-1.203284,-16.98468,-31.28521,-32.53255,28.65022,17.92742,-10.8457
31.65871,-22.68659,-2.37962,-18.03832,-18.35835,9.061772,1.297693,-21.86873,40.68605,-35.43755,-9.481765,18.15677,31.00409,-3.614201
18.74988,-9.735265,-1.796378,-9.782111,-5.419903,17.2141,1.261095,-32.36025,31.05936,-43.78836,-8.763898,8.147831,49.89754,-14.68364
14.62244,16.26894,8.491947,-4.191231,11.6805,38.67384,19.7623,-23.85612,-48.74004,-44.64879,-37.53653,10.11993,48.94202,-9.589212
-4.610501,17.15446,-1.626033,-42.69724,0.3376187,15.81497,14.89293,-11.77824,2.893417,-27.24954,31.8431,0.03358488,-16.38655,21.37802
-16.25554,12.58838,1.029474,-5.892356,-9.85383,23.0457,17.90324,-16.15367,31.44286,-6.802251,6.692972,7.269232,-81.55148,36.53727
-46.00462,-35.03537,-23.55655,26.0899,-29.92494,31.59479,-14.34945,-30.56926,126.1807,-10.96173,1.521818,19.01269,-37.94195,23.94402
-34.17927,-30.97005,-22.05947,-18.89643,-21.06791,23.83159,-21.16879,-36.22308,123.0626,-27.61091,4.766152,-4.211894,28.71338,36.01404
-12.27909,-15.54297,-13.65065,-25.23865,-13.87094,24.99209,-3.279616,-40.29038,57.31036,-25.79481,-10.84779,-1.771272,31.40846,48.85523
-26.71982,-22.96852,-18.47013,-23.43395,-27.43287,-1.066042,4.067792,-20.34725,51.1266,-32.89743,34.91291,6.863425,30.89046,45.47479
-26.82279,-9.179616,-6.06859,-14.76802,-18.19824,-3.87677,29.08331,-42.38059,31.20018,-30.5249,-12.41813,5.617043,52.75529,45.5818
-41.07483,-10.97496,-15.405,-15.0564,-20.66257,0.7972383,6.474769,-30.70852,2.750829,-16.69999,33.11493,5.958339,62.89322,38.59295
-42.23449,-12.78298,-13.96432,-15.19726,-22.63293,1.164319,2.363491,-16.75483,4.244142,-4.760898,21.43221,5.463964,65.21415,28.44542
-24.10611,-10.18765,-6.897461,-9.250939,-19.03,3.547009,3.04583,-30.1402,16.68069,-3.864535,-10.63579,8.43702,66.01531,16.38681
-18.89207,-14.96602,-10.73455,-17.89839,-23.3143,7.566219,13.1885,-39.36007,8.886774,-17.44364,16.56805,2.319466,66.69795,27.38207
-50.49229,-5.000224,-17.02352,-10.10041,-16.87785,44.15322,13.02931,-47.39859,31.90532,-4.708304,-19.99913,12.07798,65.01068,5.423809
-43.33291,-6.862021,-14.88989,-9.246251,-7.338597,58.15881,-5.013534,-62.28629,43.11632,-2.74865,-9.01492,7.861388,65.71921,-14.12265
24.59151,-17.38425,6.99858,-13.14867,-16.77012,59.34206,-10.50939,-70.74261,43.69522,-17.11441,-24.107,-3.450923,47.79392,-9.193931
31.06313,-6.157705,10.73584,-19.65438,-14.32564,71.79269,-2.77025,-70.9752,39.15459,-12.0998,-33.17995,-8.502052,43.99249,-29.07379
53.33333,0.5209631,21.44929,-15.72756,-6.281561,59.79117,4.364695,-54.12725,3.99432,-3.870322,-42.64046,-13.20996,14.77382,-22.37048
28.50151,4.693484,18.40205,6.807679,-2.026995,53.94576,2.017383,-29.90759,-23.31458,9.89606,-15.23621,9.03196,-21.87091,-40.93959
3.63604,1.549749,10.24262,12.69688,2.409101,50.13153,11.03258,-30.34231,-8.690974,10.58932,-20.77329,11.55247,-10.24016,-43.79355
15.03646,2.236787,18.36833,9.109367,1.630579,39.41634,12.86534,-22.92673,1.973844,14.11636,-43.37289,-12.21001,-5.138233,-31.10556
10.92938,4.48931,16.77396,8.956792,3.298386,54.36037,4.644845,-16.53639,-7.880035,13.89445,-21.92822,-23.26222,-1.153977,-46.58665
35.0536,1.628821,23.01574,15.73043,7.037481,14.27848,5.285438,-4.356108,-10.46407,3.681179,-26.53011,-23.5758,-18.09657,-22.6885
19.42525,6.171786,7.748704,24.8403,12.5246,-40.70699,8.689159,3.570057,2.783109,4.674695,10.22818,-16.0801,-18.52628,-25.34246
25.84581,10.01298,7.149235,25.76605,13.74486,-48.1549,24.32685,-4.63028,7.530574,9.549376,-17.58158,-8.820753,-17.6793,-27.05891
23.10908,13.23916,8.792109,23.26232,13.76566,-60.02568,0.9865776,5.836001,23.32674,14.71554,-15.37557,-6.59864,-14.61182,-30.42148
19.50593,13.35411,9.497269,24.54956,13.78724,-67.55637,-2.29796,23.08843,12.19238,15.42048,-3.2193,-3.39771,-13.7588,-41.16525
13.24438,18.87535,11.44057,24.0897,17.58563,-68.71284,16.88022,27.05068,1.334063,17.35916,-15.14499,-2.410629,-24.30465,-37.28661
6.423913,14.82178,0.9848623,10.63362,11.95205,-76.88934,12.33007,13.53718,-5.76386,12.85437,27.24173,-14.51117,-17.34236,3.727168
2.051351,11.24161,1.47197,7.910356,12.02165,-74.07723,-1.156261,29.19855,-20.28493,15.69462,-2.579518,-8.728748,-9.218275,36.45486
1.72714,9.406483,5.103823,2.123234,11.78182,-70.13469,-20.03486,42.31772,-27.64812,12.1304,28.65287,-4.009014,-7.721806,16.305
-19.34519,8.263668,-2.702115,-0.3017632,11.78532,-67.95702,-9.691293,41.07545,-24.64901,11.53386,12.36282,-3.570897,19.55919,23.63699
-24.89448,2.736517,-5.817495,-6.322106,7.432681,-71.89054,6.543754,49.49247,-23.96719,8.219683,8.653229,-3.005592,17.1622,35.65687
-13.27834,8.859224,-2.591637,-8.712646,10.57824,-64.28419,10.41828,46.56142,-33.0652,5.893508,21.57217,2.517395,-17.10127,32.63305
-13.51267,14.77777,-0.3724644,-5.524316,17.02928,-57.80585,15.61264,63.16541,-44.15036,10.78126,3.092764,5.82236,-35.86972,26.95392
7.549071,8.842486,0.7434033,-8.270614,11.55467,-69.14587,-4.275537,86.86675,-68.28872,11.84458,40.16979,1.641247,-55.02924,35.79799
9.635745,9.335757,2.590189,-5.965645,11.06597,-57.30063,-5.045184,91.39881,-84.20699,12.61841,32.03892,5.664985,-64.49535,42.66503
-10.56938,8.331184,-4.522581,-5.129805,11.41046,-51.75802,16.28008,77.84354,-83.57905,12.77752,35.9922,11.02023,-56.16735,38.07097
-7.288966,8.036019,-1.085277,-2.295187,12.47944,-52.72081,7.676555,85.05385,-81.01427,14.37584,22.62621,16.26698,-49.04892,26.93856
-13.24579,11.97225,-5.224234,-1.912693,15.50102,-51.76641,14.71007,101.7364,-85.17021,16.25739,12.9281,14.18216,-44.41528,14.44726
-4.509086,4.308227,-8.240687,-7.152928,7.481725,-60.46943,12.90264,101.8023,-92.2416,4.84613,36.38681,4.107196,-34.13667,34.91538
21.78449,1.253701,1.521837,-10.86775,4.399525,-63.43208,9.866179,91.53529,-99.0049,3.811995,33.25269,-2.838409,-24.72155,33.43898
37.40237,5.672092,9.999639,-6.52706,6.504977,-55.81569,0.0005916996,90.92661,-100.0224,7.737622,-0.6628234,1.829178,-17.10986,20.06476
39.30885,3.162622,10.77563,-8.760622,6.830869,-55.74151,7.051997,101.1916,-102.8763,2.753462,13.9034,1.017521,-14.26048,-4.357079
42.13083,-4.084916,7.119881,-11.40414,-0.2446809,-58.84977,1.622205,108.5783,-105.2515,-6.383449,31.05434,-5.432808,-11.57448,12.72024
10.45465,4.2661,4.141341,-1.184306,3.800817,-49.26634,-3.426804,105.6701,-95.74909,-0.9585809,10.61725,0.598398,-0.6688077,11.70523
3.287758,5.951568,-0.4707688,-9.008228,5.758234,-47.14262,7.930914,93.42254,-85.68031,-0.3561476,23.20608,1.949479,8.001417,-6.849921
3.25404,1.158665,-1.916975,-4.986138,4.677855,-49.47887,-4.339713,90.94696,-69.94788,-7.822552,21.02352,10.54344,14.71857,-7.830919
5.333549,6.441686,5.852153,2.501306,8.462675,-44.40106,-4.56785,92.33859,-58.12934,-11.91641,-3.698355,16.16912,15.9866,-30.37266
16.18869,2.953852,5.5228,-2.536519,1.393296,-41.95869,-5.763987,81.49153,-61.14609,-15.93285,31.0913,7.8785,-12.86717,-6.314668
3.928986,8.717128,6.578963,5.671486,7.933834,-34.74947,1.497115,58.43776,-52.72079,-10.63753,3.776592,15.7634,-13.71489,-0.4825722
17.30594,15.6082,10.68226,12.57304,11.18535,-29.44024,5.301402,28.53769,-49.80791,-12.00535,-0.5657679,8.754211,7.590869,-25.71968
23.19233,18.58261,10.44344,14.68937,13.07533,-24.79916,5.515848,-1.264413,-48.99462,-4.672738,2.088888,7.961869,14.77445,-30.59318
43.44822,11.39003,19.72605,19.81733,8.566317,11.12498,8.885969,-39.05755,-50.10497,-11.89663,-13.10392,2.638,2.095751,-13.52956
70.35369,8.553593,19.96927,8.665682,2.14564,25.73691,4.630737,-64.24369,-42.72612,-19.80267,19.3776,-5.554151,-25.85468,-1.251809
61.12054,10.60831,13.61037,4.429465,2.549762,46.99992,4.886679,-75.90835,-5.851658,-18.21423,11.87668,-6.571565,-29.40919,-20.12673
17.10701,10.13121,2.828681,22.64871,8.240607,74.65646,5.669639,-88.4136,26.08227,1.449516,-32.90419,19.82772,-16.93646,-50.38755
-14.65977,-9.971658,-16.93191,-3.532867,-6.180211,38.78685,-0.2339117,-111.5546,218.5464,24.47895,-50.36568,30.12235,-6.990103,-91.5139
-24.29457,-7.167844,-20.72849,-11.98611,-13.36597,26.65731,-6.940384,-132.5438,293.799,39.18185,-69.25849,23.16116,3.706113,-100.2198
-5.018095,-8.655746,-11.20846,-10.45867,-14.92955,14.00634,-12.0384,-101.4572,191.2939,31.48215,-51.86246,21.95468,12.20506,-55.31361
39.51042,-20.79288,-5.298703,-21.82659,-26.49327,1.396579,-24.01621,-110.8065,135.7341,22.71156,-16.02413,5.921515,6.879266,13.10482
71.21049,-22.11622,4.069997,-25.07102,-27.43186,-3.489317,-17.02726,-128.098,70.10683,14.58426,-24.64025,-5.086468,-3.334914,96.32368
57.59355,-31.0147,4.21782,-29.89374,-31.91226,-19.35217,-25.95191,-92.22623,49.20939,1.906801,19.27378,-14.14867,-18.79194,131.0902
26.51048,-26.05026,-3.714764,-20.62629,-21.23685,-12.00143,-9.993638,-68.57162,15.99648,3.219621,44.00632,-15.71476,-36.28136,124.4581
-13.3589,-7.826287,-5.943763,-5.839643,-1.120613,12.44113,-3.949605,-81.69658,10.1088,9.910996,11.32882,-2.861335,-12.64772,91.4547
-34.73844,4.012901,-6.672287,0.7441096,2.302313,19.7295,-18.85717,-57.81194,13.31017,16.57993,8.925253,9.743544,0.710508,42.0216
-20.28188,-5.181709,-1.447646,-8.363393,-10.50441,-3.241308,18.88375,-34.54568,-7.768121,11.68738,27.94563,-0.5692648,-10.53852,43.92515
-12.40468,6.457753,10.3575,-2.839158,-2.425016,-8.354406,20.14849,-32.87917,-49.90133,8.29635,17.73951,3.225752,-5.666997,48.24541
-18.41167,5.949451,4.786716,-0.5715462,1.409819,1.62819,12.24418,-10.65682,-88.80697,2.35411,33.13493,2.939712,4.001734,49.99817
-11.19109,3.814182,4.932539,-3.48113,1.606167,0.4323898,-1.904214,-7.186636,-88.21355,1.471035,34.52064,2.08161,7.613876,55.50419
-16.31001,5.972857,1.856594,1.123166,2.194083,-12.17541,6.256667,9.379065,-85.481,0.1072209,44.82278,3.518568,4.543913,34.19152
-25.53032,4.334912,1.217672,10.01503,17.79439,13.18344,24.11413,-7.415148,-91.16936,1.824761,15.75841,6.54664,6.145395,23.18006
-14.33267,4.626818,3.255353,10.4013,12.60035,9.761282,-1.548504,-8.521154,-75.37529,-0.5547838,26.15824,5.291073,-5.342321,33.58031
-13.41216,6.050084,1.709974,-6.273999,2.034743,-7.889359,-7.436296,-4.880191,-38.21645,3.541517,31.72119,4.150897,-1.869596,30.76964
-30.66966,-0.3582507,-15.04853,47.48922,13.85061,18.56256,-25.40742,-23.3557,25.13639,2.446036,-22.54255,2.973529,-1.488889,8.412654
-39.31263,0.1374671,-17.39505,69.81818,17.67002,1.997155,-21.04639,-33.67548,82.22208,1.412215,-10.3904,-5.296664,-22.04472,-24.09579
-64.43607,-2.645047,-15.85965,9.404787,-3.420076,51.08206,-17.49373,-8.328174,88.47681,-3.040144,22.07965,-9.911958,-33.12352,-12.78496
-67.59736,-11.08992,-20.26518,-10.08462,-15.81376,121.5376,-14.67677,-15.37292,92.99556,-14.338,0.4364205,-17.40922,-4.033,-24.28888
-18.94802,-8.125962,-0.7124878,48.61156,1.890961,80.56516,-22.70446,-23.55352,75.40185,-9.868922,-52.97221,-17.824,7.499726,-59.25969
-10.86402,-9.609606,0.02232579,62.22854,-6.783395,55.38025,-21.66883,2.872203,54.90435,-15.84518,-15.56349,-16.23902,-26.5946,-52.23956
-21.66358,-17.83068,-6.854394,32.22691,-15.79971,88.77383,-0.4105994,-20.4561,73.88601,-28.02601,-6.508138,-18.95885,-16.37901,-41.99971
-31.3145,-6.942097,-8.01594,24.48658,2.354445,110.0837,-9.175133,-21.59152,87.1515,-18.23259,-54.82122,-14.60432,7.033849,-66.41275
-32.82765,-3.50959,-9.675974,4.873273,0.839128,106.4017,-11.61314,8.580958,62.59461,-11.95563,-45.04796,-14.07644,8.353356,-62.93666
-30.0768,-6.476693,-8.279227,4.199248,-8.303457,96.67012,-16.08911,6.304078,47.48397,-10.68677,-6.266471,-14.26238,-1.137131,-53.07939
-19.41608,-5.924546,-4.802322,2.375645,-3.255762,101.054,4.430307,-16.34561,51.88921,-7.222711,-39.30535,-15.08126,0.3502514,-48.74574
-7.005585,-8.817899,-8.566994,15.81545,1.3406,78.52005,-3.383585,-11.75418,59.03333,-12.13398,-46.20762,-22.91342,7.101101,-41.02728
-0.5501448,-2.944442,-7.701508,14.98765,6.928757,-2.912241,-2.313627,4.427194,50.71538,-5.318774,1.020562,-26.14682,16.71933,-46.91132
5.106255,-1.535141,-5.075706,13.05711,10.10955,-43.02511,22.19649,13.89072,50.49862,-0.1114902,-29.30417,-19.4724,14.7552,-31.08993
-3.668259,-7.419451,-6.513052,12.32776,2.844225,-45.71123,21.09599,2.38345,46.23971,-8.472202,7.962505,-20.02852,19.88481,-20.92575
12.92237,-6.06889,-0.1885868,3.618693,4.922065,-56.37659,-0.6936391,-7.483891,60.51423,-6.030023,-2.300887,-19.31523,27.64585,-11.16547
-1.038282,4.913944,-6.50398,20.22851,15.41222,-32.66151,17.59274,-2.406109,66.27458,4.442649,-51.24086,-7.072355,12.31229,-40.25383
-9.931604,-1.696924,-10.58355,16.20182,6.996087,23.03122,20.19048,-25.07041,53.14851,-3.186298,-8.009409,-5.127849,-20.1842,-35.77788
-0.03183969,-17.98887,-15.10615,7.039877,-6.08798,48.27892,-7.596736,-9.775016,40.02962,-6.877923,-16.87411,-10.65585,-12.76323,8.409258
-23.68088,-11.02455,-18.01697,16.47277,-0.4085579,35.31238,9.706699,-9.02494,44.52589,-3.049556,-32.78783,-5.873392,12.49419,-14.64524
-20.99505,-10.12816,-16.41684,16.93746,2.005393,12.23009,7.242784,-14.12695,29.25005,0.03070376,-6.794533,-8.261793,13.20729,-4.180456
-10.75443,-10.27036,-8.443501,7.895471,-2.316009,-8.864459,28.32672,32.64791,-22.74517,-9.907761,-9.463474,-8.390021,20.04527,2.239807
-2.131466,10.61013,12.37192,-12.38773,9.850991,-61.7783,48.17384,1.82913,5.674725,4.387982,-31.72943,9.746606,25.166,-19.78439
24.16439,8.236115,14.50087,-23.67472,14.08118,-100.0267,9.91603,16.57232,-10.37149,3.552258,15.26326,4.903695,14.43057,8.452247
30.22867,3.452104,17.5314,-18.38125,16.75315,-87.06763,14.81573,20.8883,-40.93166,-4.611587,16.80581,4.818727,4.894588,20.80366
8.823912,4.144769,16.83566,-15.29165,14.82026,-80.44313,17.41252,26.57682,-29.64595,1.300959,24.50513,9.428223,-17.30342,18.8359
16.78122,7.687077,14.51168,-11.07284,-9.522124,-86.01676,25.04555,24.28635,-32.62527,1.679527,20.675,14.83606,5.173649,8.560903
28.70132,6.323823,19.58894,-9.377126,-34.61298,-98.9677,32.63517,21.81745,-30.41513,-0.8970373,17.85951,13.08692,15.39759,18.85925
24.89421,5.920508,18.2468,-12.77932,-31.43594,-95.15153,33.34561,45.834,-31.1597,0.2419264,11.34504,9.590991,12.47079,8.63662
7.147781,9.927079,13.55994,-9.605309,-24.2999,-89.49828,39.15266,14.98271,-19.36811,4.996861,20.99368,11.92395,27.88887,-7.801931
-3.61235,9.910093,11.44255,-10.00384,-30.72278,-79.01324,24.24098,39.04414,-18.37708,2.660122,14.72829,6.150599,39.76441,-6.211894
-10.61598,1.255894,6.846241,-17.29852,-27.97077,-55.04922,30.58878,35.12018,-14.40569,-3.064059,27.05365,-2.519675,26.90851,3.150651
-5.906037,1.688515,12.95321,-15.57093,-0.8214789,11.70474,27.57444,-10.71104,4.97218,-4.129141,-5.914183,-6.946068,1.353186,-10.24739
3.414736,-2.371773,3.861932,-26.79893,6.410283,62.53393,4.790215,-5.880041,3.809233,-7.68473,4.344894,-8.262793,-17.96081,-20.20615
13.92759,-7.688333,-5.060932,-37.1134,-1.756808,72.86586,7.880934,-6.28311,1.701157,-14.70347,11.05521,-6.502512,-37.40941,9.087228
2.799778,-3.932985,-0.5563859,-34.87522,-2.830016,88.51151,-8.435979,-12.91232,5.339628,-5.549296,-18.21033,-1.657925,-17.01523,9.324759
-2.332722,-6.888273,-0.5684047,-34.86084,-2.273137,87.39535,-17.57456,-8.853539,-11.22818,-0.9769762,17.91162,-3.070575,-1.372095,-15.30768
13.20773,-5.831105,3.665319,-32.32761,-6.587235,88.56472,-52.15008,17.95896,21.37131,-6.834321,-0.3709868,-8.001277,-11.58706,-21.07838
0.004266335,2.294118,0.4703929,-26.71336,0.5887275,68.08011,-43.04705,3.841512,45.87584,3.140584,-8.172144,1.752027,-19.15564,-28.95938
25.81467,-2.865705,4.340427,-26.98485,-0.8470784,14.8673,-47.96136,38.20878,-8.830944,-4.854087,31.7747,1.157375,-22.65862,-1.160623
-5.06097,13.58153,0.187193,-10.67437,16.43572,-11.0429,-48.0802,27.20393,-8.098303,9.408596,7.614865,10.12389,14.23954,-15.83848
0.9069014,9.45393,3.1652,-6.419404,11.57446,-39.92706,-24.60141,20.37007,-15.49285,8.542032,14.32339,7.63711,15.05944,-4.591809
42.67442,-3.421467,16.88847,-12.97121,-10.99331,-69.31419,-29.00843,43.70621,-28.42796,-2.179897,34.21955,-2.934261,11.12537,10.6367
32.05012,6.01414,21.58439,-4.028881,-8.967362,-67.34862,-25.48488,34.07969,-13.33266,6.885505,0.4493578,2.977383,20.73222,-5.610413
6.908935,11.43914,16.26193,0.7452477,-5.624797,-62.35151,-45.17885,35.98002,-14.12148,9.868009,31.15795,10.30405,-0.2702563,4.881614
16.53768,7.126655,12.17197,-2.821177,-10.77388,-59.78461,-44.49339,41.35196,-18.99274,6.165712,28.29326,13.14997,-22.41364,34.48224
22.59509,4.425844,14.47037,-2.60248,-11.69913,-65.58492,-45.92912,45.05178,-22.83352,1.856218,46.59924,7.86645,-37.67681,43.46099
17.34151,6.445417,11.59724,3.640792,-9.299175,-54.80588,-27.11052,36.12363,-17.20998,4.76946,22.95611,10.41299,-24.15008,19.28849
17.7732,6.255898,10.39527,5.600939,-7.81495,-14.1847,-21.55196,15.96438,-10.01373,6.721706,-14.85073,14.04205,-5.566459,-2.770919
2.735137,4.297417,-0.5638096,7.112625,-11.28638,-0.7423772,-34.44051,27.23054,-8.056978,1.135358,14.55894,1.060486,-11.61716,8.576708
12.67752,-4.735428,-4.810879,6.391636,-17.74519,-21.02919,-13.68311,18.45009,-2.321414,-4.215661,14.10502,-4.804356,-7.997169,29.71814
9.433754,1.496378,0.1666946,-4.850787,-14.99057,-35.73005,-8.551672,9.315463,-5.126301,-1.064758,17.21655,-1.626022,4.62891,29.68242
-5.749271,10.07666,-1.255953,-3.009268,6.987871,7.523811,-17.33868,-12.2331,-1.338417,6.754056,-18.96616,7.96734,15.49475,5.086373
16.56527,-8.192267,-9.456365,-26.54434,6.774742,54.0121,-18.71489,-15.19941,-6.90686,-2.467357,-3.790679,-3.931467,6.339323,11.5122
12.94647,-8.504051,-8.768753,-30.30044,-0.8229892,57.45426,-7.93466,-10.37617,-11.19049,-5.393191,-8.038344,-8.685177,5.9578,23.65573
6.631422,-7.776903,-13.66341,-21.25895,3.202883,45.29863,-13.82173,-11.73575,-12.92862,-8.107014,11.33914,-7.984482,8.247598,22.55718
12.27154,-3.779158,-4.984938,-13.9971,1.995631,41.74973,-19.26414,-5.406379,-11.64704,-5.676428,-7.201,-3.887511,4.645349,15.18145
9.256688,-1.135397,-0.6080813,-5.074207,5.849113,29.21204,1.78992,-13.52723,-22.68298,2.066994,-28.37568,2.089897,28.87067,-7.731744
5.417966,-7.124612,-5.439332,-14.7419,-0.1540551,14.04718,-18.31478,10.2093,-22.79653,-4.126321,6.715578,-7.210129,38.0746,5.443029
-7.730019,-1.106635,-1.307479,-12.09369,-6.381668,25.42155,-0.9247437,1.468469,-18.71936,3.60346,-32.04037,-2.204767,44.56767,7.447582
-17.25809,-5.998308,-6.301282,-15.95553,-10.99692,1.137571,5.973352,0.7577944,-29.99121,3.870439,31.72876,-5.132835,40.85297,7.3133
-3.960846,-0.286619,9.896532,-8.916871,-6.335804,8.978122,10.18937,-4.404238,-21.40687,3.415324,-10.55703,1.038557,11.46685,10.88351
-4.930958,0.7742728,7.83983,-15.19692,4.60542,36.31889,4.596046,-11.41907,-7.87347,2.103701,-12.28855,1.266243,4.422918,-10.21837
10.55316,-5.62043,6.758726,-14.60107,13.56807,42.44711,-0.1563285,-16.56649,-14.11487,-3.243203,-18.86689,-5.821095,10.02988,-4.366571
-0.0890591,-2.853244,3.756026,14.04815,22.6012,64.05221,-5.414397,-44.42018,-15.39322,1.029768,-40.50071,-2.222871,15.89276,-10.48643
-12.67946,1.468266,-2.040253,16.0657,19.80508,44.39027,11.60724,-58.72014,-10.65709,5.81577,-7.480947,-1.157433,20.11463,-26.53163
7.487164,-1.915965,2.019429,10.07619,6.253551,24.72637,24.02247,-33.14274,-19.54164,3.052029,-28.08856,-6.582973,9.062759,2.57191
3.446394,-2.197048,7.200739,8.184171,3.687001,19.96396,24.8219,-27.58448,-21.12528,-1.818322,-7.026705,-7.883547,-6.649227,6.980438
5.467402,1.226075,9.198504,6.584958,4.166648,37.02715,27.54927,-51.69492,-11.51187,-5.759135,-1.784515,-7.916779,-15.85542,3.302639
5.291894,1.157655,2.78192,9.607892,-1.629967,34.44932,12.46812,-20.56451,-11.94176,0.2067625,-15.78736,0.4237314,-33.94021,17.47651
-14.70118,5.864737,-6.841704,8.927684,0.3638297,5.982767,24.01246,-19.52631,-6.668853,1.083662,12.74204,8.231151,-29.27344,9.803159
-20.5685,0.338868,-7.621178,7.111821,1.959639,25.53949,17.81693,-27.6226,-9.106839,-0.9824747,13.0664,4.536383,-14.13294,9.664999
3.659193,-2.982939,-2.285476,11.54674,1.651877,15.34313,3.51993,-18.1153,-9.189341,-1.866056,-16.33978,3.09657,-9.665237,21.62669
-15.67931,-0.7944505,-9.018986,14.69164,1.456185,12.83317,7.357852,-19.62593,-1.457749,-1.28644,-0.7184436,4.644142,-1.298856,8.897187
-32.21132,6.912528,-9.413339,18.41345,8.821137,6.59973,16.84344,-15.13487,5.004864,3.94832,-11.59317,8.307323,4.34684,-10.84492
