52.28399,-19.36652,-47.10666,-31.1746,117.1709,-36.0924,-70.24043,-55.68222,30.54103,88.7995,-55.43181,-32.4819,-0.02542447,58.80646
43.92236,-31.00481,-64.0011,-16.71889,80.339,-39.04633,-76.62698,-69.67978,43.61742,165.3664,-59.36328,-35.46583,-18.92929,77.59103
20.18497,-36.50219,-78.20148,-25.87427,19.77778,-53.6613,-118.0288,-72.1503,96.42089,330.4132,-76.44059,-48.25674,-42.8212,85.13994
16.50204,-28.04748,-114.0128,-41.80613,-45.24286,-59.2832,-198.3643,-83.36332,155.6361,495.9684,-89.51154,-59.59646,-60.41933,111.5408
-2.349191,-35.39986,-108.8377,-12.26307,-78.14645,-56.25747,-242.2595,-100.1456,157.1629,585.7316,-81.96898,-75.0415,-69.15295,118.9276
-18.57703,-44.16442,-82.52386,-19.2502,-85.54517,-67.68565,-240.2389,-95.95415,146.44,615.3317,-81.72884,-70.26453,-67.88161,112.0426
-40.31736,-36.75891,-66.82159,-20.50803,-92.06087,-49.53569,-218.8406,-76.49438,165.685,593.545,-69.19519,-77.08678,-91.86826,80.25764
-46.247,-45.29825,-56.22855,-7.634907,-135.8392,-61.84293,-213.1721,-68.68943,173.5118,582.868,-61.64867,-63.90606,-71.72394,75.85124
-31.84557,-50.73587,-27.47044,-1.590187,-160.4129,-71.37915,-212.31,-65.04762,164.247,559.0626,-77.05291,-47.96307,-60.32476,82.82279
-15.33047,-62.05142,1.281999,8.632612,-158.4306,-72.0288,-212.6858,-64.24135,147.1635,516.0103,-105.5408,-28.76698,-47.80883,93.79656
-17.27129,-45.00709,-2.540777,8.085544,-183.3558,-51.56677,-132.9542,-33.10772,122.726,444.9296,-73.96056,-22.76671,-76.55653,63.34626
-32.3567,-30.38415,1.684207,3.880696,-200.0789,-41.44344,-69.40923,-1.804053,116.3206,365.9974,-36.59132,-20.83425,-76.73128,21.75032
-29.34913,-31.63733,0.1442526,13.57611,-173.6433,-62.79573,-71.23433,-1.93455,82.76295,300.2935,-18.5837,3.263765,-35.28565,24.42307
-31.2337,-36.0728,12.41152,20.9047,-109.9031,-60.53932,-45.03432,-10.57415,54.16404,218.8573,-19.78895,4.652658,-18.25865,20.41467
-28.76435,-55.19331,6.55503,-7.093471,-125.486,-67.48705,-28.61932,-14.97668,58.99395,186.3629,-15.57251,32.52994,18.33655,40.41426
-28.10108,-38.90645,-8.973487,-6.811678,-178.2559,-54.67534,4.306739,6.660331,59.71738,151.533,10.78275,39.65527,17.67592,25.39252
-32.03315,-35.97501,41.12347,0.1076697,-185.2953,-41.09063,33.34212,10.24463,53.61383,93.50015,9.745621,35.1222,8.140192,9.454177
-52.17957,-23.72866,74.99316,-18.55997,-145.0077,-23.88503,92.55931,38.59877,48.34837,23.51284,19.30132,27.92282,-24.46347,-37.41224
-56.12352,-17.17645,59.83861,-16.66682,-83.05202,-14.36819,133.8532,50.26331,25.69205,-58.44735,29.63479,24.87222,-17.80321,-60.51666
-65.72826,-7.001171,58.5381,-51.04502,1.475515,8.908361,158.2821,55.85142,-7.280332,-143.8148,36.31702,15.50729,22.20272,-82.21297
-81.32413,7.855457,51.91341,-72.84924,53.357,34.56568,203.5573,72.73572,-33.35197,-226.2454,39.71869,15.68428,42.19262,-107.8094
-82.12955,-1.762291,42.56429,-55.57613,69.07654,21.60134,203.9117,62.14569,-47.72884,-261.412,46.53328,22.68799,80.80702,-100.719
-92.96664,18.62801,39.6406,-47.59161,91.0644,29.00644,201.938,71.35664,-62.47974,-297.5292,49.57313,27.38747,85.86965,-113.8971
-93.67015,37.57612,9.635966,-28.08513,106.0828,46.28551,206.8953,77.91454,-71.78947,-311.0912,60.85459,23.77953,56.88011,-121.2685
-68.93775,26.68205,35.6436,-8.435024,118.2579,30.23409,179.9499,56.24062,-59.93424,-321.8661,57.34287,19.54624,38.97819,-103.7023
-31.89785,1.129752,19.65217,20.1441,112.4897,10.68864,145.7575,33.62906,-48.61337,-331.2849,58.7681,40.97871,31.12431,-62.56592
-10.22446,20.18028,-30.3073,48.29242,99.20473,31.26763,136.7759,40.17021,-53.80747,-326.9973,50.46315,35.75001,15.41434,-56.18219
18.2737,23.97146,-7.807944,59.51686,70.38843,24.91175,100.6989,32.34694,-87.03132,-328.8702,54.65152,51.40186,20.83932,-33.29128
21.80908,31.72393,-18.71239,43.5419,82.99112,20.35115,73.08538,29.46185,-106.3576,-342.5038,63.38111,68.5742,53.38638,-20.73226
2.969637,41.53056,-27.31348,24.38259,88.94558,31.36502,67.06406,30.10179,-101.2251,-334.6065,66.83183,63.29726,73.54994,-26.8931
-4.374928,44.4556,-26.20667,40.6673,74.05452,37.4767,62.67175,37.24572,-98.97188,-337.2905,75.54597,61.38886,71.31572,-37.97807
-0.273281,56.88118,-26.85652,39.63295,65.32387,44.07838,68.45074,49.14507,-95.02804,-332.6908,64.28363,55.59825,59.1438,-47.68914
8.479971,51.41219,-17.26743,56.95507,36.95733,58.32187,64.82335,44.21185,-95.11198,-347.7149,69.68826,53.20423,58.69907,-42.65882
30.65812,38.80098,-20.81461,71.99091,-2.246154,56.27953,42.93295,36.66817,-96.39957,-350.1811,74.17716,68.28208,69.31139,-19.45978
41.76243,48.47258,-12.79675,71.34597,-49.17073,75.59345,50.90686,49.77571,-92.01622,-353.9736,81.89507,58.3794,60.49146,-30.66561
51.55958,53.20924,7.726735,80.51087,-80.4089,96.08253,53.03533,52.50509,-99.92086,-343.3366,65.84953,53.56929,37.84062,-28.22233
60.37565,42.10939,-0.2446268,73.70414,-116.3842,93.68237,48.88192,53.92629,-82.66956,-295.9364,51.60329,56.39798,30.79896,-16.24513
48.3409,46.82656,-63.9084,67.85494,-134.8919,92.79198,47.27249,53.08596,-47.70957,-231.8062,58.40501,45.84757,30.10711,-12.2164
54.18129,43.57957,-80.61095,54.13689,-134.1537,82.43401,39.13156,42.37423,-43.29887,-188.9257,50.431,52.20953,18.82138,9.689847
56.03685,34.28823,-72.18123,57.91292,-100.4638,61.59472,30.66025,39.59797,-36.84932,-163.5047,43.05246,40.191,6.716475,2.948174
51.92373,32.37004,-73.36197,56.76145,-70.03366,60.13905,28.65579,32.96131,-39.81254,-143.5897,41.48611,32.26715,-13.18005,3.413329
46.58877,27.84972,-99.01429,49.06515,-41.41555,67.77347,20.56009,27.34184,-35.44862,-117.3951,34.60183,30.90752,-22.99308,11.57824
29.70646,14.30815,36.89988,28.62006,-19.84106,44.72586,1.146773,10.96326,-25.08952,-87.00283,16.56739,2.642425,-45.37056,-8.276255
23.82087,-2.426416,157.6761,24.46121,4.414646,21.3635,-8.614178,-4.026978,-27.44672,-77.84501,-4.255558,-18.03791,-66.56452,-22.519
12.25545,3.231405,113.6565,16.34753,47.50642,23.13611,6.035418,4.496723,-24.71564,-48.13366,-6.232766,-25.73133,-89.32379,-32.52841
-11.73418,-6.819779,75.66796,-17.99504,49.0274,20.28041,10.39262,-3.911924,-14.45999,-16.30089,-4.149713,-19.6729,-40.05711,-20.26687
-32.11604,-21.70691,27.59759,-32.6689,44.53878,3.236468,-7.336143,-19.41887,-0.03055266,41.46266,-9.467674,-15.22073,20.88509,0.2452098
-44.0159,-16.66605,47.33169,-48.97269,13.43151,4.456222,-5.586221,-9.372895,8.209579,82.62731,-6.290936,-24.2618,12.85921,-13.74905
-49.18475,-19.20268,38.87688,-57.71998,-2.116161,11.53715,-3.968221,-13.87168,21.19938,107.9382,-4.736839,-25.96333,4.094051,-6.882032
-45.08693,-11.67655,27.87246,-48.58215,-13.58372,11.83522,-0.2658885,-5.350324,32.33785,129.0222,-8.270699,-39.37808,-11.28148,-17.59193
-37.11724,-15.08241,70.94903,-46.55434,-35.04663,2.098093,-1.926124,-10.75329,29.34192,135.0697,-10.03419,-41.85162,-23.79054,-15.30235
-41.29441,-8.173038,63.51999,-42.69535,-56.89973,1.581744,-5.67157,-10.44599,35.45464,152.4622,-6.291506,-41.76713,-26.01832,-13.7616
-34.26186,1.972802,68.24171,-50.59557,-97.19386,0.2325621,-11.29147,4.167642,27.35336,140.5116,1.313667,-22.55467,-14.46993,-13.42598
-33.89909,3.683495,112.1094,-47.94637,-100.2123,2.152198,-9.133358,5.333901,12.01485,108.5315,7.915796,-22.41549,-15.74625,-22.38824
-35.71421,12.14194,109.8892,-40.66338,-70.01488,7.323753,-11.26881,7.202517,11.18104,87.01689,6.094233,-34.28084,-14.08505,-34.82243
-25.57222,12.03327,62.95379,-30.60836,-59.93443,6.916372,-17.46821,4.789788,3.852583,70.2609,3.149273,-12.46564,-3.915514,-13.99158
-18.26719,16.24769,38.19421,-23.29932,-58.39713,6.680093,-18.18183,1.202014,1.460461,58.64344,5.29287,-6.340503,0.558319,-3.793109
-7.993026,4.121127,39.06865,-16.84982,-56.67261,-4.53156,-36.79798,-5.41792,5.020806,56.1586,9.260589,2.417789,4.704487,7.510864
-10.91097,-7.4262,36.86761,-9.226336,-53.05585,-12.63249,-39.27378,-6.084387,17.1639,60.46429,11.39534,-2.090241,12.06411,2.744985
-15.27045,3.317441,8.344674,-20.35748,-49.16323,-13.24261,-37.19686,-10.38969,13.30444,62.0006,15.80678,4.05359,26.21052,12.58229
-20.33285,-4.718867,5.83493,-17.56913,-20.20614,-19.05909,-40.94489,-13.52186,19.01937,78.48866,-7.889721,-0.1012732,27.90517,13.09569
-18.10786,-6.966997,46.86276,-25.97409,12.37152,-19.92554,-42.26896,-15.10332,10.79305,78.92579,-30.24693,-7.582813,9.652932,7.570437
-3.153947,-25.44097,40.60309,-29.13938,24.35251,-29.00741,-53.52979,-29.12962,8.853838,78.03756,-33.0317,3.454267,16.41963,30.71189
-18.60857,-15.98494,9.334208,-28.7283,23.76682,-16.88542,-46.75081,-19.05951,16.76737,86.13217,-25.4806,-1.98662,19.44695,18.03723
-22.22163,-13.98268,19.87208,-29.01859,51.09628,-16.49604,-47.0009,-18.02739,7.757666,66.7481,-17.10767,-9.516723,21.84486,6.052636
-13.13169,-23.53035,31.05495,-30.25904,89.68918,-19.39561,-55.16418,-27.64401,-3.788406,43.92609,-22.05938,-9.774648,27.8911,12.18597
-21.64211,-7.012391,23.24927,-38.02917,101.0261,-12.43467,-43.67989,-17.73468,-3.516947,33.16107,-15.76402,-12.92141,16.71289,-1.414041
-12.38621,-9.97153,27.44304,-42.96322,75.52238,-14.27108,-37.05477,-18.63692,4.25679,19.96508,-11.24414,-2.949077,14.6971,7.592546
-6.018791,-3.185725,10.26383,-38.89089,53.83969,-5.788661,-21.45792,-5.035444,7.026141,19.19177,-10.71122,-3.360722,3.365937,0.761988
-19.01425,0.8868937,1.320113,-42.03253,51.63396,-1.347694,-3.613744,4.220483,7.825771,18.0593,-3.145243,-3.555617,-0.2156328,-11.02181
21.94087,-5.418633,16.63333,-43.18456,26.7261,2.033266,-3.986281,-0.9207147,-4.867845,-10.35916,-7.744542,3.430768,-3.526774,9.244165
20.55133,3.738002,14.84739,-39.50791,12.95236,8.870605,12.86856,12.35297,-3.740695,-17.47742,-6.681787,-0.6434616,-13.33506,-4.794881
-0.5129171,10.82197,9.246045,-35.68149,22.97236,13.1002,30.08534,18.86153,5.549128,-20.04112,-0.03696084,-9.009322,-22.30323,-23.05152
17.16667,6.368183,15.56652,-37.06282,19.23378,7.13132,24.18467,14.28501,6.29375,-27.12935,-10.95429,-1.514806,-24.20145,-9.367177
10.74974,10.26953,16.41018,-46.1839,19.67831,15.88968,39.27116,28.84807,9.78802,-45.54323,-4.508981,-1.510393,-27.25692,-25.90126
2.002516,20.67445,23.36082,-43.38465,48.76633,23.98672,43.17068,26.97449,6.450947,-60.27156,-5.534508,-15.18477,-33.38305,-37.62841
4.722192,18.99311,20.13285,-32.42675,64.12957,12.05968,32.88937,19.37238,5.914344,-48.62059,-7.993849,-23.64425,-29.48757,-36.04047
1.044499,4.885394,15.65679,-27.72975,60.44714,14.98657,35.97854,17.63272,10.14613,-49.68646,-2.842617,-23.48397,-21.19014,-35.84484
9.926572,3.252121,16.67069,-20.57249,50.85651,12.15834,28.11323,10.35828,5.052113,-50.28044,-7.850016,-15.64019,-20.63674,-21.40798
5.225616,6.590055,11.40241,-42.26923,40.92564,11.60231,29.60776,13.8243,14.76134,-42.74385,-2.350305,-10.62433,-15.28618,-20.66553
12.37803,7.840572,18.85447,-34.75611,27.80735,11.33167,23.59585,5.963123,15.28925,-43.40385,-5.740041,-11.79166,-15.49234,-11.8763
19.91119,8.917551,12.28067,-34.10774,22.14574,17.25829,21.30955,12.32787,9.611673,-42.3582,-3.555463,-8.398012,-23.47639,-11.86672
14.47006,1.105215,15.91517,-14.16147,22.42975,2.615287,21.99732,8.599937,16.42078,-44.64043,-0.3252562,-11.58562,-16.56026,-16.28049
22.68987,8.618157,26.6831,-43.58467,23.76523,-8.023203,23.44287,9.177564,15.10753,-51.13523,2.399128,-3.249977,-15.31391,-10.57645
22.77247,-2.589777,23.87689,17.50305,7.163043,-12.64192,11.05626,0.9674046,6.433547,-61.7415,-1.942373,13.84503,-27.80975,3.107615
17.10611,-17.18938,11.60675,194.0392,-18.26881,-26.73712,2.632399,-17.63502,-0.6191159,-68.37759,-21.43398,-8.975363,-42.65834,-3.489807
30.0554,-14.11186,17.99367,175.9706,-36.01502,-23.82894,7.663977,-10.24298,-7.987973,-74.89307,-19.76015,-0.4796908,-44.4075,0.04354816
52.34094,-16.81901,34.6389,166.6529,-48.54675,-27.45414,2.372657,-10.32248,-14.24656,-81.63779,-18.34827,7.059478,-55.61247,9.922598
27.06124,0.2380838,-10.50016,163.8202,-37.73227,-12.78321,13.79782,-2.21283,-1.66606,-69.91258,-7.1079,-6.765436,-48.73458,-7.502326
24.1572,-5.504686,-10.25201,151.1786,-44.24371,-14.89981,4.557825,-7.640774,1.852752,-59.10628,-6.398422,-2.974607,-31.19361,0.4675395
35.33149,-4.078275,-9.068482,148.363,-42.83667,-13.14572,15.0232,-0.2505178,3.695189,-60.09781,-8.313877,-15.48987,-39.36448,-9.767191
27.64913,0.819855,-11.2583,129.9885,-50.0541,-7.931019,16.75011,5.970184,15.832,-55.96799,-4.886129,-10.63667,-43.46033,-12.81526
38.53899,0.7490355,-5.60318,111.2716,-53.87957,-13.0614,2.298445,-4.046812,1.512213,-30.18617,-12.3301,-3.291095,-39.98418,8.012204
54.03783,-5.18668,-1.92238,108.86,-44.18929,-12.27083,-0.3409981,-5.340902,-36.86964,-23.658,-11.24889,3.96066,-44.39706,18.5662
44.62909,-11.92665,-7.25345,105.7307,-28.2248,-13.44462,-7.348768,-7.538705,-49.90077,-0.07927235,-8.321558,1.547245,-35.54685,17.67841
50.96748,-16.37124,-9.760113,90.42687,-26.61613,-15.89427,-7.029709,-9.455175,-59.97443,12.29982,-8.799074,4.082597,-29.05666,25.18001
49.30066,-15.75711,8.588299,83.94157,-35.19545,-15.27524,-9.90728,-14.48049,-62.56421,0.7240835,-8.700983,11.01384,-23.06713,31.37943
50.25586,6.395143,-16.02233,78.81374,-28.65158,-0.2870014,-2.056791,2.563963,-68.58347,-6.058878,-4.818642,7.349994,-36.4214,17.5214
48.5757,4.13584,-8.037298,68.32967,-15.23083,-1.358415,-0.3364224,-2.238329,-98.32698,-10.84842,-0.9273533,10.90797,-16.6456,22.00046
55.58934,-16.6478,-3.052425,37.34955,-14.25773,-19.85464,-25.64157,-24.22198,-95.30798,-9.528811,-5.196956,30.45107,34.97925,55.34065
76.04131,-23.87145,16.38056,15.57775,-12.35138,-30.92484,-33.65886,-27.75365,-85.65936,-32.87188,-10.33074,35.32817,50.22035,63.874
36.88916,-22.84243,-36.36586,1.490968,9.841917,-32.60593,-38.09724,-33.55278,-72.33331,-16.07845,4.253915,41.82999,92.19716,65.37286
-29.5036,-20.77765,-97.7869,-26.60814,22.05213,-11.43109,-27.57986,-21.63388,-44.79873,19.18087,18.94305,45.93853,127.0515,46.95371
-66.02349,-4.99822,-94.62511,-42.01147,45.00321,-4.294317,-15.88004,-12.71432,-36.59653,14.60775,26.18969,39.33088,129.7693,22.24265
-72.16082,-10.65666,-105.1819,-47.22326,63.86459,-11.04261,-21.08128,-22.77143,-25.65858,33.90484,21.13122,35.8643,131.7116,29.29996
-84.98346,-0.9321958,-106.554,-52.76255,54.69363,-8.097166,-12.38575,-11.63983,-5.753118,49.92803,20.98109,25.55947,120.2237,11.72223
-80.47424,-6.936298,-106.372,-51.19383,42.40976,-6.282681,-14.93193,-12.45857,8.838069,52.57213,23.37015,20.00457,120.3819,11.07301
-69.43784,-10.95359,-95.9837,-40.80129,25.04687,2.279783,-12.75544,-13.05843,37.72693,39.49317,17.81827,16.55431,91.81144,12.25952
-50.55654,-7.140691,-63.71801,-32.81566,10.61604,-1.417219,-3.51561,-8.054951,15.59902,31.5598,14.96075,16.58222,67.69961,10.20124
-49.00102,4.300868,-59.81733,-41.88822,4.803166,10.55725,4.480619,0.4228235,-17.29644,35.70716,22.53487,18.50395,60.47724,6.215076
-58.93179,15.46161,-56.59519,-33.72723,6.036884,18.44072,13.71408,9.924823,-25.70548,39.3997,29.06019,1.452772,57.23916,-15.77023
-36.98036,-3.276736,-46.89235,-25.47301,0.1706909,15.393,7.744074,-1.416667,-28.74143,30.3372,16.58323,8.835868,58.97604,4.74043
-35.1818,11.9814,-30.08153,-28.2872,-12.25224,27.71125,19.85991,11.90636,5.726657,5.060437,11.285,-1.343312,28.01647,-14.40138
-27.55066,-6.618679,-1.830617,-34.57064,-26.71405,8.626553,9.818771,-0.240957,19.54326,8.277239,13.67285,4.333681,35.28655,-2.033299
-27.89064,13.54555,-1.639253,-39.83823,-39.50913,15.71516,26.36001,16.62123,30.05647,-17.13771,15.01367,6.084969,19.63799,-17.02007
-30.93486,34.43765,7.008012,-34.70952,-39.38557,34.03497,45.82633,38.54929,49.46229,-48.05422,18.25023,-11.13838,-12.63977,-50.70643
-40.78456,37.77861,6.178002,-30.45199,-34.95822,42.74965,45.9324,45.40467,74.81687,-52.57028,18.44041,-18.71369,-28.8117,-65.01013
-37.17617,43.04007,17.65277,-30.06812,-44.95814,38.00756,51.90888,42.63785,74.58452,-58.05096,18.98087,-26.55164,-22.66804,-67.3394
-31.73121,32.6926,29.96619,-36.78371,-76.36298,26.84862,41.77065,33.88083,74.59711,-50.85785,23.32328,-12.72998,-4.869932,-49.74358
-26.88714,31.27659,34.5951,-28.73702,-76.92303,19.55236,37.11655,37.33801,78.13268,-54.12751,20.19263,-14.05577,-3.276902,-54.1965
-24.57103,41.80833,32.5464,-18.74562,-62.95837,24.4706,43.49419,45.3422,80.78164,-55.68827,15.09531,-25.91868,-27.75773,-67.89892
-6.205513,37.88671,42.30332,-12.52008,-57.62385,20.45009,34.43538,38.51418,76.68713,-51.32193,11.63341,-29.68275,-45.11687,-59.43919
-8.554451,28.93015,38.07679,-18.176,-39.74448,4.512161,29.50588,31.54665,79.97066,-60.01229,14.52685,-13.75109,-38.83064,-48.00015
-4.774267,18.41283,27.91693,-19.95096,-38.23633,0.6151463,17.74701,18.84137,89.96095,-55.66422,7.235679,-7.266376,-25.15945,-29.67829
2.069379,19.1424,28.32886,-23.94788,-34.71638,-10.98677,10.62318,20.91406,99.90698,-53.42693,8.653748,-10.02645,-23.90424,-32.62995
-3.900302,26.50177,37.32243,-17.51881,-5.705606,-8.074548,19.2293,27.21241,55.91346,-46.22639,7.09794,-12.26408,-36.82003,-42.7675
10.3451,29.4756,-0.08560044,9.168738,32.49189,4.775779,19.34722,25.32636,-47.11733,-14.19021,14.98554,-18.19279,-31.74807,-34.58218
4.002985,23.2045,-35.1344,-5.613461,31.31631,-5.309821,14.07271,20.46548,-40.76467,-1.442184,20.78392,4.08368,-14.53919,-15.12582
11.14025,17.28331,-31.78827,-9.548549,43.72868,-8.850225,10.28784,14.67636,-39.55515,-1.686602,11.20294,1.408198,-8.935971,-9.362795
11.57996,19.25991,-19.26853,-1.199482,57.76587,-7.92765,10.02829,19.59261,-55.89154,6.659145,10.41944,-11.83594,-16.07979,-23.10228
9.620038,10.78414,-7.715577,-6.500936,68.87511,-15.77341,0.9192972,9.759567,-37.09662,0.4581333,3.279974,-3.421386,-20.6911,-12.49723
-14.60226,13.96057,-24.03004,-17.78366,81.23459,-16.13353,5.797694,11.23001,10.10694,-6.30779,8.942073,-10.54478,-15.86603,-26.00378
-9.683961,0.07907923,-31.33105,-18.40466,85.13462,-23.07366,-4.752393,1.474296,39.87084,-11.0807,3.445285,-7.884155,-9.073896,-14.71965
-2.306787,-8.436661,-46.94944,-21.93793,88.52115,-23.81775,-11.15761,-7.501201,35.07343,-12.62227,-1.799152,10.54075,-6.339418,8.732874
-6.26275,-4.62703,-47.37296,-15.32695,95.66199,-24.55515,-7.834684,-3.717738,37.59974,1.184657,-3.305527,-5.663278,-10.89761,-4.882719
-3.013311,-5.79793,-47.35371,-20.12108,85.00275,-21.16174,-6.774246,0.05508933,31.58243,12.13942,-1.691255,-12.43201,-1.397007,-9.037404
-14.04387,4.672798,-57.62948,-13.69199,66.19017,-11.49005,9.431977,6.507646,21.77537,5.884508,-1.268545,-0.4271135,-7.351378,-8.56003
5.603551,-1.924727,-59.00592,1.919053,57.68192,-18.60804,1.931165,2.283684,15.10206,11.45595,-2.883218,-3.227101,-9.762425,-0.5659506
-4.632818,5.905585,-54.0236,-11.89764,40.73639,-12.28952,5.58194,12.3228,23.07183,6.251091,7.527331,-2.055179,-4.440775,-12.05743
-11.43537,9.62695,-37.38831,-8.478027,36.05448,-12.0468,10.32263,13.14594,9.042234,4.468871,-0.6406581,3.739153,-4.282835,-12.12825
-28.696,11.73081,-31.44877,-16.5341,36.97942,-10.70189,13.05925,21.03128,55.13244,3.272773,4.699405,-14.52325,-6.809151,-37.19223
-12.28148,5.373957,-22.99348,1.305693,37.04864,-14.49824,6.141794,11.32991,64.77259,-10.05179,-1.195189,-11.04408,-29.57821,-24.33011
59.7969,-17.06078,14.64316,4.489952,1.279438,-42.73239,-20.86215,-13.52482,59.7987,-26.77361,-21.52465,8.610869,-34.30362,28.16298
81.16732,-21.01955,34.00149,11.93341,-2.05759,-46.88704,-25.23057,-16.12447,35.00311,-33.97767,-29.45222,12.7248,-37.53527,37.45424
72.10973,-12.59374,28.37817,18.67091,11.05638,-26.6213,-16.95306,-7.949475,-8.703192,-16.52059,-28.09396,6.555782,-46.84247,27.50681
57.24142,-3.519545,28.63894,11.4602,10.47177,-6.872437,-10.56406,0.3450362,-49.09715,-2.093879,-17.69774,4.349448,-40.22562,17.56361
41.83436,-1.344423,24.26402,11.19206,1.487955,-4.162905,-2.10674,2.14987,-52.44106,-2.675931,-9.007715,7.211966,-29.5645,13.16304
34.27888,-6.085456,10.01121,4.497296,-8.962382,-10.7997,-5.651083,-4.467241,22.40226,-7.019046,-14.35802,-1.072134,-25.63575,12.86116
30.84551,-8.266427,4.207781,-4.946248,-9.535287,-18.30721,-12.38663,-7.500163,114.3641,-23.03912,-20.17171,-13.72545,-36.67096,5.131804
16.85892,-7.085848,3.10251,-19.04308,-5.1576,-9.104334,-4.576755,-5.369963,128.4948,-23.68224,-15.87275,-16.75259,-39.88419,-1.926848
4.971468,-18.38882,-7.019688,-7.608974,-18.1849,28.42443,-18.07015,-12.39933,101.5137,-8.674727,-18.66748,-7.657275,-31.65472,13.41645
2.482982,-20.31533,-2.165498,3.671332,-18.46931,33.70193,-21.11639,-12.48912,103.6202,-4.114157,-20.89764,-20.88111,-27.93175,4.903811
-13.47973,-14.3213,15.50019,-12.36076,-12.73791,28.36397,-13.28369,-11.41166,155.5565,-15.4339,-29.53617,-34.89026,-30.10573,-11.85954
-13.02309,-19.47128,20.03951,-18.28903,-21.72601,22.53033,-19.30576,-11.72262,168.5968,-29.94069,-27.82617,-17.24062,-29.24516,-3.376276
-0.1063034,-30.22409,21.8154,-12.18495,-14.89011,11.05385,-26.62236,-23.97017,155.9928,-32.56514,-30.33674,-12.08835,-18.69641,12.8226
-6.736763,-33.77206,5.016747,-13.45586,-12.50288,9.015366,-29.82201,-27.86134,189.0352,-29.29227,-29.33368,-21.02916,-9.460921,10.19964
-11.93015,-25.73064,-4.395233,-1.108544,1.091738,11.79709,-24.4235,-16.41573,173.4196,-34.96587,-22.34941,-23.15371,-17.19148,-4.644158
-8.918351,-32.83229,-3.423993,-3.527926,-5.517483,6.631384,-32.87673,-25.72136,210.4599,-43.13411,-30.32858,-23.38442,-11.50427,4.078185
-23.01702,-30.04726,-18.92814,-6.164796,-12.44163,9.034473,-28.80194,-19.4563,217.7759,-37.24577,-24.43047,-18.38199,-6.940459,-0.9546443
-12.44252,-32.99056,-10.85856,-8.353457,-9.528524,2.969116,-24.87037,-20.56742,155.0699,-20.36153,-17.77585,-7.299772,-3.14594,10.1555
8.104339,-42.25075,-4.117546,-23.75506,-48.20302,-15.88087,-42.86993,-34.54491,206.4384,-32.41094,-24.85093,11.66543,2.840587,39.83521
-0.8324055,-21.96115,6.531187,-19.59403,-43.92923,-0.9311056,-24.00239,-15.12879,132.5455,-13.6343,-19.30055,2.945808,0.5026406,16.78877
-5.716315,-8.337546,35.66399,-13.65915,-23.65714,10.7924,-4.382601,5.059631,-26.47679,20.40397,-0.5540082,1.207852,13.67436,-4.01866
11.57509,-4.202137,51.99835,-2.13662,-18.45513,15.48222,-4.763197,5.164477,-128.892,27.46605,-5.587894,24.38719,12.2856,15.67803
18.504,-0.3457657,41.04913,-2.165074,-19.94833,15.7919,1.390154,5.744957,-240.7606,80.01911,7.241823,29.67375,36.48964,27.31531
7.19836,2.65443,22.94777,-0.7838333,-17.84477,16.32979,3.607579,9.35142,-283.2498,96.77849,20.07093,39.86749,54.10308,28.969
12.92497,10.3688,16.88207,15.63631,-3.466484,24.08091,-0.88608,10.32673,-313.8944,101.1437,17.6724,28.4925,56.56069,24.15784
13.25213,16.32493,20.02018,16.13301,-4.65138,25.17201,3.544599,14.44615,-306.4784,95.08619,19.6586,25.51094,44.23282,17.74821
17.82029,13.02999,17.96271,16.06799,-7.45909,21.95518,-7.486988,-0.454577,-313.1729,99.18413,18.57557,36.2851,47.72286,39.96969
22.18372,20.78004,-1.576154,14.12492,5.087121,24.18018,-7.79637,2.482751,-374.344,125.8035,26.14492,35.09032,65.3483,42.49071
12.7786,10.64045,1.769149,3.46484,-24.13362,13.96204,-13.95375,-2.288754,-290.9442,108.0055,23.32549,43.20045,67.56485,46.60894
15.1354,6.2029,9.135607,6.304098,-43.16177,10.81809,-20.45154,-6.169226,-253.3909,107.2352,21.81217,37.50594,62.22512,46.79892
18.08025,22.62203,27.28976,12.8065,-45.00124,24.78326,1.665856,13.03866,-394.156,140.3227,32.75844,44.35155,63.53499,37.90321
17.25543,26.39831,30.07935,19.5146,-40.4694,31.89392,15.38785,18.13349,-447.5769,148.9564,38.15823,43.5467,65.17643,33.54557
31.61032,31.03618,36.83688,42.05581,-39.71143,36.40533,15.54282,20.96506,-446.7573,146.2146,32.92781,29.56709,37.30427,26.00264
30.7639,30.72021,46.10888,45.06665,-48.49434,31.6663,15.97463,18.45986,-402.4873,127.9712,33.24556,24.76167,24.67173,21.57109
27.63268,29.78628,42.7673,36.32135,-36.82331,33.27047,19.87644,14.44015,-407.2967,117.8255,30.57515,30.42597,33.6511,27.54764
31.30278,32.07281,47.36148,44.35764,-33.76789,38.84657,24.27001,15.72568,-505.4552,139.8334,37.41483,42.24486,48.91489,36.8782
22.07406,34.32717,35.42332,51.62069,-30.28424,39.94009,28.41925,10.83713,-470.3891,131.0213,35.68058,32.17297,46.82875,32.32803
12.70671,43.26734,31.09483,50.3169,-33.82287,49.02432,42.2271,21.86232,-447.9469,114.1384,34.2201,26.49058,40.31222,16.10896
38.85945,23.31151,35.184,53.43232,-24.3174,31.82519,33.83865,10.91824,-476.0227,120.7923,31.825,37.41103,44.31578,38.62666
101.9873,3.045502,54.3474,34.54982,-34.64759,4.170624,18.24602,-16.80975,-473.0719,105.961,11.08083,60.23709,35.79463,95.10906
164.7378,-8.318631,88.49654,29.54774,-58.06563,-10.3347,4.137677,-28.55967,-480.2568,83.56281,-1.367641,67.20411,23.5815,125.6349
162.9319,-23.56005,78.36312,25.67177,-69.66677,-31.56898,-14.54224,-44.61867,-220.7279,4.160041,-19.71434,39.66955,0.2164564,113.3861
106.6027,-16.48582,44.97745,8.414582,-45.37777,-23.41475,-11.2797,-40.24566,48.67514,-70.21204,-33.40131,1.883552,-33.85348,63.71712
62.58861,3.800459,35.65366,28.69966,17.58802,-5.640843,3.359461,-22.37014,-3.816019,-59.19883,-23.24715,-15.80064,-43.31525,21.699
39.61689,10.03711,33.84101,46.98031,63.03553,3.195987,11.63148,-17.78354,-34.60078,-58.88294,-22.92181,-27.24166,-48.20272,1.295136
7.285642,21.71852,14.25294,32.17293,75.07639,11.30812,22.5525,-9.481853,42.85969,-73.4284,-19.62429,-44.10711,-54.60161,-25.98344
-3.259768,22.48099,-3.060411,29.7978,92.88335,15.62577,21.90191,-6.885935,71.11073,-84.76254,-16.98692,-44.78278,-61.42884,-32.63332
-18.55318,17.58695,-23.66294,23.66865,103.8617,17.82907,24.03638,-9.582395,95.2579,-77.62166,-14.21646,-49.0022,-54.24195,-35.35986
-31.25218,23.7873,-32.03541,3.924126,92.46635,17.79987,27.84326,-1.715918,118.9064,-65.88933,-11.41604,-45.44617,-55.75506,-41.2172
-40.69875,19.30641,-41.2898,-1.488645,83.33035,14.24998,26.27774,0.8909408,165.2126,-55.56909,-8.384629,-55.52084,-54.97445,-51.34183
-38.0745,22.09697,-50.08506,-1.470719,79.20048,16.93531,37.76514,1.735816,142.3648,-65.16038,-9.720529,-48.70586,-41.00666,-45.87475
-33.58081,23.44605,-44.90088,-5.149559,48.99805,13.00361,35.52027,7.111969,163.6319,-71.21378,-15.54914,-37.28185,-42.08103,-41.95475
-39.48733,26.7755,-53.15081,-11.85772,31.00474,19.93686,41.04669,13.45384,134.6017,-51.24559,-4.764174,-39.53613,-20.21259,-46.56499
-38.44408,21.31285,-61.0141,-9.772522,16.25724,19.16064,34.31819,7.191438,211.2037,-65.52362,-6.279503,-50.97282,-29.29745,-48.13997
-26.09953,23.76233,-56.70137,-12.25936,-15.041,29.54939,40.17539,16.20811,151.0551,-63.37346,8.075546,-28.08166,-30.44325,-36.82615
-43.04465,-14.33828,-85.21633,-32.43868,-59.33971,-8.769238,8.893924,-11.06286,535.7668,-136.6333,-23.19884,-45.97121,-49.34493,-35.30277
-65.97315,-37.56548,-100.7922,-47.44966,-78.08318,-46.43502,-27.86155,-30.31249,892.0677,-241.9481,-51.57196,-52.07276,-69.70618,-42.2961
-47.79223,-10.52118,-76.13071,-26.59378,-57.01188,-23.15556,-10.57312,-11.58292,532.5686,-156.2392,-20.86536,-25.84422,-36.18256,-30.07587
-57.66823,-15.01942,-88.31286,-32.51084,-73.35211,-39.5461,-26.10794,-15.25048,557.775,-118.2997,-18.9797,-26.26368,-19.90398,-26.56
-45.05786,5.142225,-83.29781,-19.82565,-23.50417,-23.2639,-8.03274,5.649731,221.8075,-48.38214,10.05048,8.974439,14.46422,-14.72432
-39.41507,4.344179,-85.04517,-10.09352,17.8947,-15.93763,-2.611016,7.964177,60.5475,12.27801,19.08957,8.891308,32.02888,-9.935918
-54.0337,9.737986,-81.50666,-24.80257,49.38193,-7.978747,8.784826,12.97013,14.98288,30.30057,13.06231,14.20201,28.10416,-13.20511
-67.94033,16.91866,-87.42455,-30.50646,61.82084,-0.9441046,16.3567,17.65676,21.37131,26.11739,19.76774,6.014023,27.57426,-26.78223
-67.22977,0.6999507,-65.95394,-39.36598,65.23662,-11.89707,3.179243,-0.5380018,108.9759,14.39316,8.871203,-9.850253,17.30163,-23.82266
-71.11855,-20.5771,-82.97622,-54.1562,56.61209,-36.29687,-25.91531,-18.93557,337.9195,-22.83584,-15.40959,-25.09919,0.3451641,-21.55626
-67.85593,-7.240952,-78.77423,-52.62163,80.70231,-26.45378,-20.30259,-6.243937,143.3226,12.13151,8.207544,9.560316,14.58674,-9.01798
-59.44812,-0.2275105,-98.46185,-40.94236,133.0722,-0.07748925,-1.885727,-0.2246778,-15.67104,53.86501,17.87454,-1.319925,24.72736,-11.28045
-76.0491,4.743679,-67.46036,-54.20156,191.2234,5.694489,-6.674897,3.167753,-56.48969,64.80604,13.10904,-13.01745,20.97114,-29.82251
-85.83964,-17.10522,66.3782,-72.14047,289.1833,-21.63515,-34.30326,-18.77999,-28.00375,14.09704,-10.07858,-25.03814,-11.02252,-45.71183
-81.45647,-40.19207,71.23783,-56.75395,270.7535,-43.69302,-42.53106,-36.42826,109.8444,-14.11751,-22.48231,-47.03325,-19.47237,-47.67553
-92.70361,-32.30816,42.42469,-46.3872,109.1431,-40.84201,-29.56896,-26.08776,319.362,-44.96316,-21.56804,-52.91663,-26.07193,-57.51241
-70.21542,-30.9254,40.20992,-39.40234,-9.59642,-31.67965,-26.89838,-19.26467,367.3487,-66.06519,-12.55882,-36.67965,-21.55222,-42.72047
-45.06701,-16.91927,78.70757,-23.97493,-57.14239,-6.678631,-11.30295,-5.663607,145.8201,-10.98182,10.64723,-17.64657,-10.84218,-28.95557
-50.95753,-41.06324,60.24039,-30.0859,-100.4557,-28.74013,-39.88463,-26.30627,480.0415,-109.3603,-18.96459,-33.47143,-30.51063,-30.48162
-26.31364,-50.63934,71.63415,-31.49648,-87.0937,-45.7041,-50.85359,-33.6608,382.3424,-95.59195,-14.48315,-7.001322,-8.927709,-2.210794
-30.15347,-21.39754,89.18163,-14.14993,-5.282495,-15.72256,-18.15191,-3.292205,32.34465,-7.135126,14.85038,-0.9082793,1.091235,-21.2744
-4.448988,10.06045,109.5479,34.41178,100.2786,15.82144,16.78239,24.06071,-464.7094,109.169,31.05896,20.61557,13.32699,-15.97528
34.3341,25.83944,139.617,55.76612,112.3173,33.20428,38.83102,39.95506,-815.3623,213.7335,44.7729,39.59218,33.43208,3.967371
37.54047,-1.327641,114.073,34.75929,92.5304,6.238387,11.11256,8.997149,-591.3761,193.4731,24.9482,27.92235,15.87023,25.23852
118.3023,-35.56231,122.5385,24.11785,96.14556,-16.0119,-18.32822,-28.62482,-585.8522,175.1844,-1.796112,46.36586,9.279619,94.24135
204.6178,-58.80066,137.4037,22.62257,62.55752,-37.73365,-49.53274,-59.94814,-578.9359,141.0998,-22.04475,61.98721,20.17955,156.5276
184.2194,-116.5711,100.0909,-33.44968,-49.74186,-106.2753,-113.0482,-117.8024,236.1978,-74.19556,-78.0666,29.81099,-24.0227,162.8541
111.4024,-105.6733,61.92561,-60.46225,-115.2122,-99.67094,-106.1457,-100.2976,709.743,-223.934,-87.97111,-11.77977,-61.04903,89.12457
84.5333,-22.37769,159.5817,18.57089,-57.18908,-15.51562,-25.87663,-20.76726,-199.0448,10.49979,-9.204695,24.93567,3.20612,48.64825
52.73502,8.978769,212.1143,37.17828,-62.58537,5.997833,4.094055,5.794515,-461.8715,120.8657,19.16381,19.56068,19.02041,18.95346
40.02194,21.5493,177.4015,41.84577,-57.23498,15.98453,11.24662,10.14507,-439.0118,111.9148,23.95742,15.78002,14.84667,11.55317
16.35312,8.528713,152.9792,29.80285,-33.3764,4.962413,-1.428791,-5.570733,-295.8977,87.77451,11.80411,7.756866,5.273341,11.03851
-41.85257,-39.6124,70.01126,-29.65054,-74.27058,-42.60947,-53.94138,-44.11002,521.7047,-104.6881,-40.73135,-50.068,-47.52514,-22.65637
-55.69724,-43.33082,74.96947,-45.5736,-65.55833,-46.71011,-54.8502,-37.98679,674.7137,-166.2435,-48.95576,-66.32892,-68.02325,-50.42466
-45.73267,-16.6803,-35.21263,-28.81996,-43.63878,-21.03132,-25.61351,-12.3354,510.9941,-115.4336,-32.67789,-47.91871,-44.577,-41.32242
-38.14652,-5.977916,-140.5087,-14.93711,-39.12844,-7.032152,-11.16378,-0.4914144,450.5012,-79.70401,-25.95119,-33.90822,-27.75108,-25.80073
-42.53629,-7.57244,-110.0184,-3.919063,-36.73787,-9.775832,-13.41385,0.9625486,436.1239,-81.90905,-26.45059,-38.21822,-30.90801,-35.62688
-46.28527,-13.39533,-113.6828,-6.47364,-34.45999,-12.81441,-12.00567,-0.9040492,400.888,-69.42475,-21.48266,-29.73271,-11.25017,-28.97658
-51.52817,-10.72271,-115.9919,-18.37867,-46.9245,-14.55201,-9.905373,3.727906,402.83,-62.26078,-18.2856,-27.87895,1.803834,-31.93307
-36.21812,13.13556,-99.38689,0.5797353,-29.82609,9.895663,12.29874,21.85538,121.8084,-4.453657,2.156029,-7.015562,19.71622,-24.54539
2.203766,40.7116,-57.43433,39.82704,4.57479,42.41665,42.76294,46.86199,-376.5826,126.8611,28.9533,20.21926,45.3734,-6.748835
-4.039221,46.80351,-54.39001,31.78662,-27.58951,43.4639,39.90619,54.59703,-358.7265,133.0196,33.5649,25.77798,46.42117,-10.59561
3.447649,42.66898,-35.45317,39.46608,-38.38995,41.33479,40.4379,45.61514,-427.92,144.507,38.24088,41.09155,56.28718,8.666117
10.27582,38.7135,-19.98316,35.08876,-53.69985,40.85923,35.61352,35.65943,-394.8079,138.5864,30.67987,34.99548,52.21592,15.80301
18.53552,43.78172,-33.95969,33.07954,-80.19033,51.78043,41.00726,39.07386,-423.4929,156.3673,39.82298,34.99345,58.06756,21.13334
19.05519,25.45573,-73.90742,32.33576,-95.39704,35.90288,22.12849,20.48857,-251.3812,108.866,32.15433,31.29716,60.02303,32.97858
-9.312998,7.464571,-81.89922,5.605737,-120.7468,13.17352,-1.109994,-0.8144296,145.3935,-7.756537,8.09026,5.084054,22.1897,14.63871
33.35107,36.31544,-20.98505,44.40417,-73.46187,37.63875,27.69456,24.54844,-301.612,82.13704,30.73413,20.57638,40.14663,18.51232
104.546,80.19571,45.11456,112.6216,-4.656199,84.36318,76.43169,69.33869,-1096.886,267.305,70.47507,71.58356,73.43159,46.13592
114.1123,111.9623,63.75099,129.5015,9.843315,114.9809,107.4082,96.11463,-1421.902,378.6037,95.87743,83.03392,72.32736,44.38516
107.6794,116.5924,57.28734,123.0276,17.64062,115.9878,113.3479,94.49797,-1424.441,384.7079,97.69236,77.06009,77.14996,41.76955
79.18444,88.31409,25.66702,91.67971,12.21378,90.52064,87.65897,60.20399,-1090.253,303.5798,77.37329,63.08306,62.99269,47.78181
43.02609,46.00624,-2.79168,43.34369,-4.5737,46.77325,43.26455,12.36918,-531.0335,153.7889,39.37443,31.36635,34.78908,44.29724
16.75035,10.4378,-26.45564,6.172032,-39.61144,7.231296,11.78473,-18.55915,49.67711,-8.843172,-1.674575,-14.57613,-11.58165,19.24844
-37.05636,-10.11223,-67.05875,-36.16703,-69.22433,-18.41123,-11.92733,-28.27618,571.3808,-152.8073,-29.14828,-47.61873,-41.61308,-21.95995
-40.261,-26.48805,-55.53519,-36.6848,-77.07357,-29.13834,-28.9735,-32.00557,631.7012,-192.1735,-30.51432,-34.45149,-29.33953,-19.06236
-47.54173,-34.64256,-14.27418,-35.61647,-77.07913,-34.01081,-32.95742,-35.31145,636.7103,-192.7225,-31.55355,-44.23345,-27.33295,-29.43415
-51.60069,-25.85701,-4.130276,-40.31018,-67.52393,-25.34562,-30.61595,-31.76266,618.4482,-194.8172,-31.92973,-51.19275,-25.24517,-38.11697
-37.23238,-36.59325,-5.922552,-36.53986,-72.60997,-31.81465,-37.14334,-36.54089,587.5176,-191.8417,-33.81626,-30.80331,-19.68722,-16.97243
-29.8373,-34.50919,-6.866774,-36.92754,-63.23571,-35.94732,-34.55393,-35.41779,536.7205,-172.8545,-30.36867,-23.17509,-23.19962,-9.827109
-21.56644,-32.43472,-24.23134,-30.37026,-35.26244,-35.94025,-35.63904,-29.3409,496.8726,-157.025,-26.8989,-29.75061,-23.13675,-15.27595
-28.68555,-29.67736,-25.66475,-34.21541,-10.50794,-25.92366,-24.87554,-18.77029,465.1403,-152.7934,-27.93306,-27.26301,-34.04143,-24.78896
-24.51448,-29.18137,-12.09397,-41.4092,-0.7615753,-26.4137,-26.8957,-24.18146,441.7312,-144.5659,-28.75651,-31.26197,-30.58381,-21.11151
9.981864,-39.96183,3.04367,-18.08749,-3.86949,-36.30198,-33.04386,-33.4299,397.2444,-137.6286,-36.20185,-34.88468,-31.13822,-5.722151
24.85236,-29.91943,11.05406,0.1051105,5.300061,-27.99848,-28.14078,-28.22177,342.5838,-138.9137,-41.28975,-31.44323,-54.12186,-3.846406
25.00468,-24.33418,7.36081,0.7273653,9.700794,-27.96136,-26.5577,-20.87719,313.7228,-128.2109,-37.82383,-26.99226,-56.96804,-6.791016
17.71146,-24.2377,1.067958,-1.462745,10.71805,-23.67604,-20.6876,-16.84694,284.5719,-110.4464,-31.96535,-26.74918,-48.05647,-9.940876
7.821888,-24.06589,1.814561,1.681315,9.745508,-19.96369,-23.17495,-20.79566,257.2401,-91.32365,-30.01759,-24.65878,-38.36585,-5.937294
-4.944175,-19.34979,-0.2454391,-1.793698,8.303145,-17.19757,-19.75217,-12.31382,231.8581,-71.45621,-25.77662,-20.2072,-34.55006,-12.57447
-10.90962,-20.17083,3.422042,-0.1767456,1.667359,-15.14314,-18.14808,-9.215186,210.15,-59.56123,-20.85769,-19.49481,-25.63366,-15.92849
-11.64662,-8.964408,-15.03143,-2.284781,4.433455,-11.2828,-6.374835,1.064264,188.339,-60.35002,-21.64095,-7.614262,-33.01961,-15.62698
-12.17399,-10.23689,-46.92845,5.191343,9.528906,-22.39956,-11.50062,1.317075,165.8776,-56.13833,-6.301969,14.75233,-28.22543,-2.762031
-10.11343,-10.66068,-41.37245,-4.251192,16.02134,-19.83593,-19.11472,-1.134261,142.3757,-51.64327,-5.246507,19.56579,-18.06968,3.479324
-19.52334,-8.076799,-46.5484,-15.62151,14.44822,-22.73498,-19.42365,-2.104747,128.2042,-31.58148,-6.178994,19.4814,4.898446,4.761638
-27.32696,-10.31441,-60.74133,-13.41579,10.32357,-21.40102,-15.57193,-0.5780107,102.7379,-16.65452,0.04873454,27.65225,16.71046,8.530997
-29.3212,-3.83452,-62.26198,-16.46151,11.14721,-16.03973,-3.927599,11.45447,85.07782,-11.12974,3.391385,20.70625,16.99891,-5.799751
-33.11965,-11.32425,-47.01087,-17.17794,15.79081,-23.95103,-8.308049,6.384458,60.43133,-2.259344,5.373579,25.88413,30.57589,-1.289079
-56.43665,-4.028789,-43.98383,-28.73854,41.72022,-14.17137,6.689398,11.28034,44.5944,2.137518,7.034117,20.88746,28.44212,-15.42642
-42.03845,-10.15696,-43.9109,-30.21833,42.01688,-21.16186,-2.851381,5.759165,32.97762,16.19487,4.072832,17.19175,39.06834,-6.943588
-28.12146,-21.62792,-19.56733,-36.88233,55.77266,-30.67431,-10.25091,-5.815168,1.580314,26.33014,-7.163393,30.0738,32.21287,14.13303
-28.29606,-18.56495,0.04314626,-40.99212,70.32336,-19.5383,6.374863,-1.486274,-10.92942,11.75111,-10.938,20.33765,19.49393,2.421039
-16.81234,-14.38795,-47.34163,-37.48734,71.6607,-17.02824,10.56261,3.516445,-8.97902,16.71377,-5.484643,16.16281,24.82949,4.07533
-37.32742,-1.630666,-56.20352,-48.49709,55.02164,-7.874147,27.70007,16.6595,-12.20161,25.26451,1.322668,22.70315,21.64103,-6.578111
-32.3731,0.9785427,-57.967,-42.65186,46.31855,6.636519,29.6942,16.16679,-21.77128,24.54462,1.467814,18.35703,15.4524,-4.853227
-21.43748,12.06756,-88.98026,-29.71475,31.00181,19.53659,42.43775,25.83116,-25.82415,37.45113,6.701515,1.625882,3.366618,-14.06338
-27.35242,17.91965,-95.61694,-17.17763,25.08126,24.72257,48.08311,36.20168,-27.2818,33.07133,7.982699,0.9575858,-1.031945,-25.55914
-27.69916,17.18053,-85.29341,-16.01487,22.02848,29.12801,43.61792,34.15231,-24.12044,37.67857,9.15726,-7.757343,-2.880359,-29.1775
-34.85714,27.50039,-82.00829,-20.48391,9.611024,40.65019,49.27837,44.12608,-19.70458,43.86404,14.05269,-17.2211,-10.7533,-44.05442
-36.55585,28.90512,-90.76629,-11.3705,18.40432,33.78013,51.72396,42.83521,-23.25577,43.69954,16.21887,-17.95084,-10.7391,-44.92878
-26.33791,30.26183,-76.34713,-11.04132,6.073302,32.31421,48.38422,41.4212,-27.82346,29.91488,17.91602,-17.11068,-5.348174,-42.27695
-20.19,35.65938,-67.14526,-14.58522,-7.946048,36.27224,44.4365,44.72007,-35.42185,23.20389,17.12745,-7.817696,-10.53829,-37.77513
-28.33102,38.44592,-85.03527,-8.498635,-12.11711,35.98112,47.10921,44.5351,-34.5767,24.08389,22.74146,-5.141811,-1.87799,-37.31812
-34.53017,35.42355,-85.72153,-12.33683,-8.111861,26.51594,35.41855,42.61623,-25.4184,26.53453,30.58399,-1.136585,7.461367,-37.29874
-26.04434,35.55927,-75.86452,-6.830687,-6.018498,29.43593,37.16158,40.50893,-31.75409,17.60257,21.99404,-4.910328,4.882754,-35.72258
-22.08838,31.92762,-71.99418,-6.259248,2.966373,30.78929,33.44209,35.14181,-38.07472,15.92912,20.02686,-3.356514,0.89083,-29.34092
-18.23111,21.12425,-66.3723,-6.026868,5.877798,17.84601,14.46091,21.66343,-39.73503,20.82231,22.45803,6.683676,11.66342,-12.23451
-15.53565,16.99162,-45.6388,-1.738952,2.913921,14.82301,12.31995,20.01063,-44.96354,9.891398,14.64744,11.44229,14.75606,-9.919355
-23.748,12.17799,6.39002,-2.875752,0.2676962,14.35393,7.114417,11.912,-46.48675,11.82752,12.20791,7.566648,1.691863,-12.39947
-32.49303,7.283526,4.439903,0.5071277,-9.001902,6.800347,-4.561449,8.246371,-43.23136,22.63927,17.92515,7.111311,26.64691,-12.31216
-42.76106,8.891047,1.723234,5.124196,-23.98734,3.763206,-4.555193,9.04065,-42.62032,22.47149,23.6317,13.15217,39.00333,-12.87711
-32.99879,7.666301,23.25368,11.27854,-26.24662,-4.170644,-12.1162,6.439243,-40.97172,18.87475,15.26539,10.77195,34.71927,-11.76515
-19.21782,0.3994394,22.05701,4.754185,-29.64201,-4.530874,-15.68378,5.033102,-28.42687,23.85,13.83,8.104359,26.16416,-6.690923
2.09251,-15.33314,38.93711,9.460962,-51.22063,-11.1634,-25.5867,-13.44788,-23.89549,23.33175,10.57497,13.60569,23.7513,18.89294
42.23144,-35.72533,65.18123,12.44736,-72.95705,-22.46363,-41.45238,-31.48207,-31.90198,11.12848,-1.345406,24.97118,29.41018,51.95795
115.5695,-62.38529,95.39083,15.70966,-98.4781,-47.64038,-70.60924,-60.55356,-54.07746,-9.349939,-16.9842,51.14852,29.8816,112.378
190.0749,-80.71984,153.8017,20.14024,-112.1302,-69.87599,-101.3536,-87.58572,-68.86711,-34.35503,-33.94492,51.1088,21.54099,152.1658
225.5898,-82.21113,209.7498,30.32953,-112.4546,-78.19234,-105.0459,-87.57147,-73.30948,-52.45841,-47.52187,36.18721,-9.980159,146.8888
231.5993,-66.86807,206.3994,45.64027,-103.8633,-67.82016,-92.86409,-72.22495,-80.58141,-65.04489,-49.75574,27.27351,-40.80398,128.914
185.326,-48.45935,184.8033,61.44362,-68.80499,-36.33519,-71.06155,-47.23679,-55.87582,-62.08237,-38.39192,-9.63348,-64.7837,71.09219
119.2489,-25.17189,157.026,55.02761,-44.60524,-21.74641,-47.61275,-28.60263,-32.72856,-38.82673,-29.79776,-21.86395,-71.0365,30.68994
79.48567,-5.833067,131.1284,37.99451,-42.93369,-9.835469,-32.2319,-12.7893,-19.73209,-36.22259,-19.18962,-15.02377,-66.64901,11.83194
65.94867,-5.061026,113.4075,43.1957,-32.59669,-10.73688,-37.67331,-12.00856,-7.977198,-38.17048,-15.98927,-14.59232,-54.78384,7.037661
51.13645,2.10865,89.87085,31.80858,-20.05236,-5.036,-34.6459,-11.12835,7.062731,-34.48105,-11.3507,-16.3556,-52.37628,3.438993
33.03262,8.964907,85.11784,30.03526,4.005179,1.413991,-48.12188,-12.87991,19.082,-24.65928,-11.81165,-27.83224,-49.56999,-6.77685
22.59053,12.21764,83.33031,16.95018,8.104723,1.176137,-50.43428,-8.209158,23.51394,-22.90532,-10.87257,-18.85327,-48.12399,-8.484861
14.46493,15.34937,71.66711,17.49811,9.772384,7.327932,-33.59285,0.9154665,37.82964,-22.4595,-5.276406,-34.69224,-51.21082,-27.59311
-6.204228,19.89547,48.72644,10.43133,3.124222,8.713878,-26.08637,4.364158,58.57263,-4.600931,0.05032269,-37.32919,-45.19965,-34.45806
-14.9257,20.88084,56.20166,1.331047,-2.667058,8.922201,-19.00691,6.956762,63.23898,-8.730238,-2.804176,-32.13325,-40.79512,-36.46901
-21.64269,19.41618,62.3424,5.397156,3.879019,13.00021,-14.7114,13.91919,59.88864,-19.07789,-3.597336,-30.52806,-42.33897,-45.94643
-33.22168,19.05959,62.56766,-7.304206,2.995817,11.09093,-10.22665,18.79836,88.10828,-20.2959,-7.447615,-32.50991,-36.79311,-54.82158
-9.271845,15.22878,80.32939,9.69257,18.82935,10.09159,-7.387798,13.00279,-35.10004,-28.13819,-3.845094,-14.41348,-14.53673,-34.48128
-4.59326,18.04762,74.31406,14.79545,32.82412,14.48011,-0.6121588,18.42229,-132.6245,-24.52349,5.713193,6.824865,1.671244,-24.7395
-6.060052,16.62017,59.62888,12.16667,43.34583,13.36834,3.051563,17.68287,-120.9016,-25.27065,2.696306,3.850153,4.959315,-25.13779
-10.11202,10.12464,35.18538,4.417518,41.46481,7.413393,1.728358,12.39091,-122.7858,-1.922341,6.423741,14.38477,12.3415,-11.05482
-8.611196,1.7194,18.3767,0.2777354,41.11742,5.053622,-4.290318,4.29033,-112.2816,17.66055,4.405023,15.55976,15.49851,1.224038
-2.567407,-6.278145,20.47654,7.898366,44.31268,1.737702,-10.67478,-2.813031,-113.2565,18.66577,-3.687563,18.89932,16.04089,11.24617
-11.26066,-1.791499,4.327881,-0.2432742,37.35766,5.072485,-3.247655,-0.6616479,-102.1325,32.41186,-1.314102,16.31419,16.01843,9.148798
-13.70558,-11.76217,12.58441,-9.804375,27.58845,-6.017742,-17.35804,-14.97984,-104.5983,46.20804,4.143125,28.13447,31.5103,28.05721
-9.435222,-20.82591,24.7599,1.327765,32.01842,-11.32477,-16.73635,-19.67124,-104.6033,45.52689,-0.8678978,22.65523,29.19131,27.98519
-5.87985,-18.76587,9.600609,-1.284609,38.36675,-9.472226,-16.34419,-21.16329,-91.87045,46.24152,0.7806846,14.66647,27.88633,27.23811
-19.68437,-10.44576,18.41827,-17.71736,32.11705,-5.860391,-12.04365,-11.14515,-86.55811,41.85359,2.355627,24.18827,25.06856,19.4534
-22.43501,-1.431247,2.668483,-23.90179,18.93243,1.047773,2.687673,-4.500956,-77.22293,31.33879,10.64461,24.67434,22.79354,14.70428
-24.86579,-0.7667509,-43.45774,-13.06626,36.99854,-2.776072,-1.133536,-6.104278,-64.78067,43.34061,17.03957,19.14276,25.33346,15.09617
-34.37733,6.197611,-64.86699,-8.576599,52.97835,11.94802,8.553585,5.054292,-51.23618,39.8666,13.36738,9.705669,12.41243,-1.026836
-40.58258,9.02227,-73.80682,-6.291901,56.74822,15.9172,4.490101,3.367064,-44.78087,44.27361,15.171,4.248539,15.66547,-3.441292
-42.88263,7.699018,-77.07163,-6.524577,67.16618,11.17596,4.852741,8.270159,-39.59516,39.45029,17.76585,5.525066,13.95667,-9.787941
-28.65898,0.8291425,-72.53216,-10.78336,78.60158,9.073003,3.299621,-1.718435,-30.30721,20.5327,10.86055,4.668378,14.96541,1.169766
-29.42735,-1.200002,-66.90764,-14.62744,78.58649,4.741107,-4.211016,-7.863388,-27.27864,29.10949,11.61066,1.886691,20.8392,4.741848
-35.40937,8.483806,-66.1517,-14.70747,61.03958,12.35572,-1.482877,-0.61571,-21.76999,31.96668,14.16343,-8.310281,28.29552,-7.857324
-39.87091,11.48412,-66.56221,-5.151355,50.51398,8.647782,-19.82837,-5.753343,-21.20291,36.41039,16.728,1.494231,32.26046,0.8301284
-30.39387,11.56547,-61.05846,-6.37215,32.96452,4.562212,-38.06079,-8.080028,-18.21737,30.45316,13.92954,14.38848,41.20204,13.11726
-27.3724,11.23872,-60.15199,-5.537489,24.84133,0.5967261,-38.4327,-8.446067,-8.016294,35.84789,15.045,2.649922,50.05437,7.682991
-32.06142,10.82548,-59.8919,-8.169147,13.99013,4.670801,-29.36954,-4.847064,-6.178549,36.30713,18.77572,7.746854,41.4376,6.763921
-31.34041,11.41323,-55.21072,-8.861172,-0.9893298,6.89602,-19.33485,5.237072,0.9068367,20.84559,26.11118,12.92483,32.46113,-1.059402
-34.3665,5.275411,-37.98102,9.225151,2.644418,3.181818,-8.196737,2.981016,7.085676,23.43322,17.77397,-3.590805,24.65649,-12.1221
-53.13261,19.75983,-48.02725,1.188334,1.589328,17.04044,14.1438,18.19225,14.0538,30.95984,23.77459,-13.35032,8.047208,-34.23922
-47.53818,20.48814,-44.65194,-5.7623,-5.196608,18.21002,30.38048,27.36917,19.79985,17.54553,26.22086,-12.09116,-3.660782,-41.11306
-45.16263,14.48643,-38.62943,-6.256234,-9.21089,16.11295,36.91482,22.87581,23.42566,11.44806,20.78883,-9.052153,-2.746222,-34.99498
-46.36416,12.77619,-36.05101,-13.18923,0.2116937,12.8799,41.44546,24.80497,26.55819,9.112793,18.87054,-10.10525,-2.320899,-38.62917
-48.08601,13.53962,-30.03457,-17.02225,7.556524,16.25288,61.48911,32.51803,27.77945,2.04106,17.61432,-18.04957,-13.82036,-51.77822
-57.76803,14.94665,-33.62141,-16.98035,4.311805,20.15279,77.24117,37.39703,31.69541,-4.004589,19.20254,-17.81879,-15.92929,-58.82491
-62.27483,5.972592,-38.28088,-19.30544,-9.545678,21.21188,99.50653,38.87223,31.22526,-12.14044,26.42774,-8.376256,-17.30946,-55.98324
-83.58038,3.55626,-47.11588,-26.6797,-14.81734,20.71864,135.7084,45.00726,39.63864,-13.14237,28.31823,-6.945195,-14.7349,-65.93166
-87.35424,0.6494234,-46.64745,-30.61197,-25.98987,23.458,163.8805,54.77308,41.56664,-16.89405,23.91748,-7.14967,-18.87466,-74.72321
-86.12832,-12.28752,-44.04307,-33.45963,-30.13031,18.77431,180.2889,51.44933,39.47811,-16.44349,21.93008,-2.898485,-17.67875,-68.85118
-93.99467,-8.909949,-41.76968,-32.42301,-23.92187,17.89613,189.2631,45.65746,39.97692,-16.05646,14.1513,-6.154196,-16.31857,-67.39648
-85.03437,-9.322342,-40.49816,-30.03105,-40.60186,20.12708,183.224,44.37378,40.96742,-20.14039,11.69518,-5.791304,-6.661062,-62.3069
-82.74963,-11.35114,-44.87314,-20.4535,-32.80737,12.16226,161.1524,29.24411,42.44715,-17.2557,6.826194,-4.843625,10.37744,-47.87546
-81.84931,-7.830726,-42.09054,-10.474,-31.15971,11.11041,128.5997,16.29535,29.1497,-6.467922,-11.43367,0.7343622,35.70697,-30.29061
-70.66714,-1.291584,-34.88924,-6.805068,-36.139,8.857134,104.6426,15.28884,20.68524,4.301885,-28.19472,3.936345,42.2051,-21.93037
-47.86497,8.648322,-37.02004,-3.125536,-44.41886,8.352156,99.61383,23.57136,31.06598,10.3048,-27.75,-9.774905,17.90093,-29.50306
-2.880947,6.153962,-24.94364,-3.123407,-39.18641,-1.638936,74.07256,20.24734,29.27642,3.067434,-38.54084,-8.236558,-0.4746972,-13.79229
37.69988,2.944242,-19.00376,2.890639,-47.01751,-13.11975,43.52505,7.324831,22.68087,3.898025,-40.29354,-6.312065,-5.634165,10.41726
37.58513,15.63173,-27.83672,2.368903,-68.37421,-5.276624,33.18092,13.40803,24.50598,6.090121,-25.14982,-12.83483,4.056965,2.644433
39.89666,12.75094,-18.113,8.040545,-65.41554,-7.875116,10.19273,2.624908,11.97139,9.313043,-18.52923,-13.58334,18.24964,10.47638
37.31881,6.958717,-16.85637,15.63854,-67.83366,-13.18139,-10.68132,-7.434686,8.025713,19.65349,-13.31153,-8.967826,29.99698,20.67453
22.82169,15.27522,-14.41475,12.31538,-63.93683,-4.755251,-13.50454,1.217301,15.76694,16.40273,-11.60877,-9.232677,25.72678,7.9268
26.00353,7.036667,-11.49821,10.59743,-55.06656,-6.05914,-36.74216,-5.860964,17.24099,17.57588,-8.139019,-5.878448,35.06326,15.72676
40.30195,3.706205,-6.044994,9.295218,-42.9671,-0.3956124,-50.8947,-14.46752,15.92405,11.27648,-9.736117,-8.727324,27.31224,25.41722
58.70501,-6.920553,2.81428,14.84665,-24.68593,-8.661837,-64.45234,-26.36185,13.70536,7.265213,-15.52844,-3.771492,11.25965,41.78627
55.27048,-1.76291,-2.017695,9.339065,-12.98241,-5.846982,-74.05053,-24.80966,11.11683,7.936454,-4.871065,-0.2775152,2.412141,40.54379
58.13747,-0.7390654,5.404663,14.20542,-33.21411,-14.09897,-93.86864,-32.66253,8.726001,13.74044,-0.9912349,8.984435,13.06562,53.31049
57.39087,6.706473,9.153291,16.89453,-58.96242,-18.08838,-141.3515,-44.50059,9.185569,30.56547,3.0539,20.76217,36.94536,72.24525
54.58324,9.454115,8.945516,16.76406,-65.87195,-8.840931,-135.8205,-30.75765,4.320687,15.16976,13.66742,21.32822,39.3072,57.75086
58.85448,-9.726972,9.652812,9.170897,-41.04689,-20.17314,-116.7914,-33.65112,-8.494616,-1.896356,16.02366,38.38036,32.26404,67.43419
95.84785,-20.69621,23.44975,-9.223908,-30.12644,-27.64296,-117.966,-42.38787,-28.433,-20.87844,5.65147,46.84536,35.52057,90.03987
164.6138,-40.34212,60.91368,-3.400414,-47.24184,-45.12841,-128.4648,-59.9252,-48.9197,-44.96037,-7.184399,53.53463,20.59385,125.9112
224.8914,-45.02093,102.1566,28.84737,-21.15396,-48.97533,-128.5027,-64.74751,-72.23878,-83.85244,-28.43205,38.54542,-32.80607,131.2889
242.9398,-48.48726,127.099,52.23505,12.81813,-51.32689,-117.0689,-62.65316,-79.94419,-105.5046,-38.06631,23.69355,-74.72462,118.9903
190.9168,-30.86828,117.8628,57.88949,21.3417,-32.26555,-80.7752,-39.54121,-68.50551,-91.23641,-20.34481,7.474494,-105.4404,73.49211
133.1437,-5.322896,102.5683,71.04604,66.93269,-10.71836,-40.67859,-11.51637,-54.58245,-92.74839,-18.30774,-21.69034,-130.8134,12.68782
92.54188,0.7028286,92.48169,69.04463,90.727,-1.379886,-22.07485,-4.840197,-43.60152,-86.62952,-9.325237,-31.09516,-135.0841,-11.46757
61.48914,2.081736,75.0006,57.52955,108.3569,4.037938,4.542421,6.854848,-35.6825,-87.54456,1.602094,-25.1858,-145.2303,-27.85205
33.07125,10.02037,55.7725,52.36219,128.6483,15.85769,28.48431,17.1268,-28.30584,-86.3824,3.918239,-33.98068,-147.6857,-48.90699
10.12358,6.9788,50.90716,42.16035,118.506,23.08948,51.90905,20.46012,-28.5051,-91.35513,13.54044,-27.81803,-135.5956,-54.40113
-5.738448,4.698503,50.41418,38.36101,126.9077,17.1075,49.1399,14.51532,-22.75711,-86.43252,8.759176,-17.62109,-129.3721,-47.98201
-9.183753,5.054994,51.59037,32.46803,138.0947,19.13926,42.99752,15.13629,-25.08721,-82.23928,-0.8338015,-17.23895,-121.7298,-48.16833
-16.00336,-3.532736,46.73291,21.86063,111.6633,11.25793,46.93459,3.297412,-25.31856,-65.61971,1.204401,-4.826496,-98.92065,-28.7297
-21.57769,-0.5755405,52.35053,17.27699,74.36862,9.294745,39.31032,5.659054,-18.55444,-51.6262,-0.3468788,-0.1464734,-78.6167,-26.81636
-29.30875,-2.122705,71.9461,9.915358,69.02503,5.277958,30.6243,3.432616,-7.358323,-39.83936,-13.09202,-2.253155,-68.31879,-27.92825
-34.18979,-5.128751,84.63205,-2.332522,83.06199,-2.339188,20.21842,-6.884709,-10.06484,-33.59928,-18.62025,1.042965,-56.67676,-19.11933
-24.00712,-5.667397,55.62495,-9.956141,81.639,-6.508995,13.77553,-2.194936,-11.60964,-33.13157,-18.52314,14.62189,-44.92192,-9.140527
-38.57152,9.434875,22.18988,-28.35587,86.63295,0.02649873,20.234,0.2569408,-4.600483,-7.30384,-10.14714,-0.2916319,-31.88721,-17.61744
-61.35314,8.132301,15.25118,-36.49136,108.576,-1.60907,18.99104,1.415959,-4.296927,0.2433451,-10.54103,-5.76869,-3.803712,-28.74592
-68.8189,-2.916903,11.25652,-44.39606,126.1281,-16.45357,3.89396,-4.112002,-8.898361,11.7244,-8.526645,-0.1750722,25.42006,-24.12548
-82.47473,-0.04343678,-10.81179,-62.70623,121.658,-11.0789,12.84895,-1.957732,-10.41898,28.52349,-0.4823338,3.247122,36.79033,-23.0938
-84.38787,-3.506282,-18.60415,-56.66898,124.326,-10.47763,12.5649,-5.125341,-7.227179,27.98944,-3.567394,0.03513459,46.70591,-22.05655
-89.12505,-2.409592,-40.38907,-56.37452,112.1641,-6.991398,7.087162,-3.227081,12.21139,47.20327,-7.65607,-6.098202,57.0701,-23.465
-59.06693,7.794019,-48.7047,-34.86647,70.46961,4.647673,11.12551,4.987193,11.35276,41.4994,-13.72332,-9.457534,33.51587,-19.57308
3.274736,2.375097,2.765789,0.4826408,43.98278,-0.5682045,-1.113717,-5.688556,-8.591918,22.43864,-24.12902,-25.25391,-3.669322,-6.305042
10.9019,9.971316,-6.757144,16.71995,5.097002,8.87611,2.410764,0.7141418,-6.72935,27.07471,-23.79424,-29.4569,-6.825292,-8.202962
-1.250597,19.4917,1.997678,0.0906708,-30.13049,11.58097,-2.555801,6.232764,-9.097539,36.70656,-10.23085,-22.65335,10.93627,-11.11796
-1.710024,17.86786,-8.414645,-3.578699,-58.66075,11.13155,-13.34051,4.994245,11.62175,48.59881,-10.98482,-17.33911,23.01083,-3.196464
-22.30161,37.42311,-33.7243,1.169439,-76.02863,29.85086,-5.226233,20.1967,24.11366,51.33426,-4.707423,-21.96136,20.99311,-21.13156
-27.88054,24.76706,-15.03951,1.605869,-93.39854,20.3863,-15.14311,17.56758,18.79214,52.43338,6.394926,-10.23448,37.04514,-17.29617
-32.73921,27.05923,-53.84205,-18.7305,-98.54809,27.14393,2.664217,22.94701,33.68395,61.14095,3.330172,-11.4619,53.97277,-16.62044
-38.07983,27.08713,-65.65562,-29.78897,-86.86284,26.18414,-3.572341,19.05579,43.16766,73.80492,-0.2282178,-12.16914,59.57762,-12.52026
-29.60411,18.42785,-67.80467,-18.1334,-61.79636,21.35534,-22.59388,13.7523,38.81968,70.00108,-5.451776,-7.518915,55.54747,-5.000603
-34.6913,21.17857,-83.03803,-27.07142,-55.80032,22.54394,-19.64476,13.4384,42.17498,71.18359,-4.022769,-6.843038,64.48972,-3.897538
-38.12598,17.81707,-67.58993,-33.1122,-60.05142,15.66946,-20.2357,9.061357,41.70251,68.42469,3.366942,-9.815188,78.52819,-5.639806
-47.80581,24.72339,-87.07664,-36.82016,-54.53866,21.06774,-9.431174,15.96411,39.68357,68.04396,14.9059,-7.0924,70.39969,-12.02349
-50.56633,21.0059,-82.40209,-33.85203,-54.077,20.56739,-5.056879,17.02841,37.74791,74.97764,15.30418,-10.55919,66.00199,-16.11988
-49.06247,16.76534,-70.33818,-32.3751,-66.92883,14.16654,-10.26219,10.36147,29.0854,64.45079,19.57914,0.8093016,79.35782,-5.609019
-60.864,24.93351,-75.13388,-23.23716,-94.90264,14.47019,-5.123374,23.59863,35.04963,61.41694,23.91996,10.81137,79.97395,-14.91309
-45.72599,28.44362,-107.6668,-21.95068,-108.5312,20.55477,4.910976,29.50113,41.01735,59.54975,19.29309,11.14004,79.33441,-9.870405
-18.17442,26.84948,-82.44638,3.238467,-115.3575,23.8454,12.03062,28.36261,26.14224,33.29641,17.65639,8.253592,43.59514,-7.292044
1.396426,23.98206,-58.07349,21.95325,-113.4249,22.36968,5.441478,23.89542,19.00343,23.21161,16.15633,3.540876,15.18996,-4.642059
-3.092863,21.6479,-49.64333,21.81049,-116.955,18.33252,-2.396891,19.25446,20.49768,24.92419,16.01965,7.618691,22.48822,-0.5057396
-9.759095,15.47107,-35.15112,29.29621,-104.3495,21.44537,-4.045899,22.27192,31.82391,16.08062,12.03043,4.948345,10.26957,-10.3318
-20.12744,11.92639,-52.91214,34.26535,-100.6149,24.58531,7.444969,22.02905,35.88436,14.25009,15.70046,3.976385,16.40519,-12.81312
-10.01752,-1.496294,-47.51501,31.1954,-116.4383,10.94548,8.471708,7.664705,31.27844,11.56746,17.3122,13.25589,36.0379,7.737949
6.150797,-13.86545,-57.95464,28.97139,-133.3333,-4.173755,-7.272634,-4.588063,33.74677,23.24756,14.2924,31.66357,46.44862,36.66676
2.063109,-2.31388,-51.35793,23.8728,-110.8072,0.9070528,-0.5097027,8.309116,31.13996,14.26782,18.07364,24.53316,24.88435,16.93775
0.5242735,-15.7348,-47.51767,15.95527,-49.86997,-15.15603,-13.16587,-6.942151,17.24746,11.65691,18.13043,18.63705,45.02874,21.20633
10.09704,-37.4286,-60.05032,11.89059,-23.64504,-31.8888,-29.10536,-27.20829,0.07765479,24.66998,13.03619,29.67164,70.70213,49.18115
10.84139,-49.41005,-48.43381,9.241434,-9.826758,-37.67071,-32.72898,-41.39526,-11.79962,22.99301,3.733121,41.98428,74.345,68.12688
-5.894073,-46.81249,-37.23808,2.51722,5.263824,-37.04032,-22.52209,-31.89126,-14.53406,21.08439,10.55668,35.91694,72.71178,47.8815
1.141152,-53.07186,-48.00612,5.148734,26.52255,-38.45826,-28.32346,-46.10476,-16.50563,20.20044,4.469234,35.96464,73.53214,63.49115
21.17017,-66.7936,-31.16719,6.854078,25.03956,-50.69041,-43.6899,-63.93747,-26.92874,23.56967,-6.942456,43.66368,80.67377,89.17878
18.87906,-59.78815,-42.63023,-10.24784,39.09628,-42.6496,-30.15777,-47.52076,-13.44297,32.74411,-0.1164731,25.34719,65.58065,64.90644
18.38346,-47.85632,-24.25868,-8.98622,67.33907,-36.74029,-18.72056,-43.79518,-10.24238,24.88953,-8.035954,9.064495,29.79676,49.16221
34.32169,-43.36498,-3.947271,-14.21576,61.16986,-38.54027,-26.60266,-41.43748,-20.5394,-0.1841318,-4.244051,13.78764,33.3819,50.41489
31.92483,-38.0175,13.83943,-26.56793,28.32317,-32.59199,-18.52078,-36.55986,-26.09288,-1.686943,-1.631572,12.57529,49.10273,45.90399
16.38586,-27.80671,26.60799,-20.54425,7.670076,-26.00326,-9.122692,-30.45737,-20.24439,6.741445,3.468351,-0.6347474,45.66672,28.27295
34.41217,-27.01241,31.70965,-7.672831,-6.829824,-19.20157,-12.64477,-25.14793,-12.59675,-16.39924,-13.70006,4.597053,38.44202,32.04446
52.65466,-26.45003,22.98583,8.036873,-19.58969,-20.69069,-9.958677,-27.85026,-17.84825,-13.28911,-24.66561,-3.263504,41.77347,38.15495
51.48226,-18.35281,13.7848,-2.085967,-34.68303,-10.72082,-7.233959,-14.8686,-11.25995,-18.57342,-17.32467,-5.077848,47.88837,27.02564
41.18369,-14.89568,-3.87482,1.629888,-39.08428,-7.370579,2.602725,-7.632258,-10.78175,-23.14985,-11.87442,2.59006,47.75941,22.89785
38.01759,-12.59979,34.89495,4.927675,-12.37402,-4.778793,5.469016,-10.83792,-9.28335,-25.9628,-17.39501,-27.78204,35.90382,1.800664
36.64732,-22.16233,100.1704,-2.18752,6.405387,-14.7863,-11.68938,-20.25668,-9.81396,-32.87922,-29.54754,-33.3271,35.18957,-1.762687
43.67303,-28.00634,90.95423,4.52593,28.33809,-21.17438,-22.92554,-31.11793,-20.96177,-30.89867,-29.74286,-28.28745,33.45395,12.16967
56.31206,-25.35897,99.36092,3.500885,37.71161,-19.43119,-29.25227,-33.73566,-17.91411,-34.99133,-32.65372,-37.41665,21.89617,11.97223
42.70651,-23.5249,95.75604,-3.41476,54.17418,-25.62227,-32.38152,-24.88117,-14.64447,-29.98715,-27.06649,-26.79015,11.38658,4.289539
23.74694,-3.517779,75.86372,2.550503,74.05284,-6.057279,-8.811531,-4.481213,-8.112201,-42.56903,-17.0357,-45.42084,-9.514658,-30.69378
24.05881,-11.60238,63.18484,5.099888,80.20232,-11.44922,-21.14082,-13.8689,2.281487,-29.68267,-23.11866,-38.83865,-8.797361,-16.3287
29.56037,-14.80914,54.87132,15.361,85.88652,-15.89859,-28.04093,-18.53679,-6.011662,-31.23879,-20.94154,-30.87023,-12.7034,-6.628131
47.34468,-6.227267,60.48714,7.408661,62.06639,-6.384801,-18.5904,-11.95644,-8.663549,-40.2935,-18.29996,-33.17759,-26.97642,-6.736966
46.44455,-12.89443,47.24197,18.14963,50.02409,-6.283993,-18.79054,-14.26698,-15.14098,-31.49915,-23.68347,-18.71457,-27.10065,6.514509
17.92644,-11.13882,31.38775,15.71697,30.20623,-5.177001,-8.415706,-12.05264,-3.96856,-14.37356,-12.27498,-20.26291,-5.586114,-1.987104
-1.308508,-17.01727,36.10759,-7.43078,11.56907,-16.30176,-20.14199,-20.01378,9.503018,11.27307,-9.526366,-6.502049,19.92155,9.86819
-30.39694,-18.16998,30.88235,-29.21275,6.088857,-13.20953,-13.61265,-16.22061,14.30488,28.61168,-0.03155953,2.355356,33.21648,5.394399
-41.42679,-12.10497,36.45015,-34.86046,8.187266,-8.900666,1.800879,-5.719087,13.01489,22.8662,4.179739,-1.790102,29.25027,-10.94732
-38.79176,-10.87628,43.56194,-29.09866,10.87061,-11.61307,0.4360317,-7.847413,17.00925,26.74433,3.096349,-11.35777,22.74961,-14.8832
-36.54445,-0.4355997,27.73145,-12.39959,23.24914,-4.422316,5.781631,0.5256299,8.707829,20.77887,2.980523,-16.42096,4.868871,-24.40103
-26.4062,1.50293,34.70857,-0.7622076,16.96509,0.4684646,7.723191,-1.066308,4.390658,2.006587,0.2360861,-8.774697,-13.9166,-17.07556
-41.61136,0.6621908,20.13803,-16.48599,14.6777,-2.730802,6.062317,1.729524,13.17354,21.9585,10.30049,-6.980937,-0.2796252,-20.61357
-26.36313,7.714602,3.126397,1.059827,13.45728,0.8854188,13.92515,5.957644,-17.32359,6.085214,10.27473,7.323897,-15.25766,-10.86577
-21.14039,14.95304,13.02293,10.90029,16.18891,13.3581,10.52456,10.17249,-20.43441,2.12051,8.143563,-3.314216,-34.69775,-19.79762
-32.05053,19.28401,0.5226356,8.495308,12.45751,16.156,13.34455,16.70155,-10.55016,14.41498,14.70928,-9.732771,-33.03025,-30.72209
-29.73327,22.37919,-5.6305,-3.009821,17.87761,18.15993,24.99265,20.15393,-3.040305,13.59451,16.70106,-11.28267,-48.16451,-32.99779
-29.81017,25.00178,-3.434758,5.647583,10.24882,22.76803,18.49875,20.47655,-3.191486,13.99631,17.80164,-13.76981,-49.53027,-34.70294
-12.5057,17.83242,7.560984,17.85631,4.192095,19.11786,11.35981,13.2993,-17.62184,7.04127,13.12739,-9.760475,-49.21766,-22.28173
1.682903,8.518147,5.96493,16.25575,4.477393,16.31339,-0.363196,6.390276,-19.99462,10.77362,2.934938,-0.5971801,-47.57618,-4.780159
-3.243296,22.3607,-1.462685,34.60635,6.743945,26.61723,5.8491,22.06529,-20.09461,-2.490796,4.711266,-4.697791,-67.05756,-23.90712
-12.30842,24.92241,-9.894742,24.30587,5.717369,29.01062,23.12678,29.1585,-18.44571,-13.98783,14.52563,-5.864083,-56.10746,-34.15891
-27.63867,21.43616,-34.30471,7.205687,-7.712301,17.31401,14.40097,18.03384,-5.869793,2.130638,7.976804,12.81073,-13.33732,-12.446
-40.97957,22.10037,-65.46411,-29.71754,-24.17741,18.47203,18.44611,24.85001,11.18079,16.22448,19.00591,18.41372,24.64083,-12.99562
-29.73192,7.203488,-52.18444,-46.94249,-39.49803,4.176233,18.26883,13.2861,10.07468,6.622428,25.00975,34.28261,41.65865,7.774124
-15.15741,2.412336,-20.83064,-40.70158,-29.8604,-4.930267,-0.1499256,5.139253,8.829695,-3.2727,12.80829,40.45493,26.96078,18.29763
-21.70692,9.655532,-35.21651,-64.04379,-3.151634,1.387257,6.534943,8.957438,18.68395,15.58696,18.15803,24.22672,14.35649,6.57155
-19.57164,13.63493,-40.88709,-57.44013,17.23582,4.519564,8.669277,9.301771,22.74087,21.48358,21.76649,10.5029,-10.31964,-1.636681
-18.15676,27.44065,-29.43637,-53.53951,12.03559,21.64804,18.00539,27.77207,16.22888,6.486807,21.43456,6.336422,-35.22321,-21.03254
-15.95278,32.31466,-34.63605,-36.7864,20.4921,23.48418,29.53742,31.47499,18.18909,-2.081527,19.52258,-0.0583365,-56.77738,-28.72251
1.869412,22.26502,-20.82535,-32.5975,13.18752,18.73587,22.35857,21.38052,20.46267,7.018163,12.72982,0.9095924,-73.91625,-13.57803
16.57204,6.620017,72.67634,-29.31938,5.427926,7.358126,8.634142,11.38602,2.490855,-8.368053,0.4568025,4.782747,-89.87215,-8.845429
19.10783,5.155936,91.46172,-12.39238,12.54114,-1.035619,-3.40653,3.053841,-9.70153,-24.43387,1.850578,12.9958,-93.49605,-1.700842
22.81951,13.62042,72.37833,-9.386171,7.758896,8.678291,9.84159,10.08605,-6.022452,-19.90269,1.418964,-2.994247,-96.00417,-12.29233
3.047309,15.7782,62.59657,-1.711935,8.129052,13.98958,21.15566,17.90701,-1.85621,-14.92209,0.9456902,-2.665431,-98.4505,-23.94289
-16.82591,31.98252,42.92358,2.781767,8.960812,26.51667,37.29193,34.81112,6.567183,-15.93443,8.071256,-12.53745,-105.4669,-49.14212
1.736136,26.31562,57.67122,20.08449,4.601066,17.32727,36.54008,28.13106,-1.753272,-16.33603,-0.1087821,-24.35232,-103.43,-46.42649
2.466021,28.65167,53.00757,27.63016,3.45852,15.55699,39.50027,30.21584,-8.368894,-18.28556,-1.667295,-22.50595,-102.6819,-46.97739
-0.8002943,22.59733,31.48922,8.706958,-25.79348,6.568856,33.91472,25.94288,-0.7000446,-9.063264,11.23271,-7.622377,-64.5768,-31.89639
-12.56217,0.9925315,15.09406,-8.868412,-26.66372,-12.05156,19.81156,5.880213,-5.294015,-0.8281843,13.11245,21.37735,-10.92989,0.9297842
-37.03812,8.005864,-8.278701,-34.50857,-11.73063,-0.9269735,29.59574,11.59204,2.309165,-1.260414,16.3698,21.49452,12.17992,-7.803622
-30.36653,-3.41311,-3.094652,-28.43671,0.9981219,-13.7066,9.046926,1.168842,4.583635,21.58939,12.00189,23.09736,2.692358,3.839091
-18.18991,-0.9102553,15.19917,-14.39487,15.80382,-11.69793,9.996476,3.177924,-4.725615,9.055125,4.069095,13.4183,-17.32576,-3.475572
-17.87652,-7.920174,10.12653,-19.42394,42.37694,-7.691817,2.957985,-6.072028,-2.158089,-7.214432,-2.65245,19.13593,-10.86315,7.275204
-10.33658,-8.272523,7.02318,-6.34556,52.26733,-4.829714,2.856406,-8.055808,3.503096,-4.1006,-12.00884,6.961721,-23.59501,4.932896
-0.8745601,4.636229,8.621606,-4.280117,38.73217,10.8263,12.10966,-0.2442494,-1.290264,-11.12087,-12.86871,-3.050078,-38.30429,-2.89283
11.00508,1.338123,9.265618,-1.233015,28.36239,5.801061,1.917964,-2.577008,-12.20119,-10.68881,-11.9802,7.260761,-35.05427,8.783511
16.49337,16.25772,15.72268,7.377188,27.72602,13.31746,13.07142,9.413895,-6.179859,-20.47161,-16.82765,-11.66875,-52.16272,-12.06916
24.56488,9.004237,54.98038,15.73234,19.98411,8.283994,4.021025,0.6784208,4.453482,-19.51644,-28.72633,-17.55824,-67.25056,-8.651299
25.81675,9.528288,64.46051,18.25417,15.45288,9.146533,4.062913,3.319025,9.645304,-13.64457,-24.8992,-27.77373,-75.86385,-17.50501
29.294,4.727172,56.86401,29.36597,12.74864,8.227557,0.8975224,7.175628,5.544653,-16.18043,-22.34438,-22.0711,-77.03645,-17.21281
43.25656,4.336593,56.44361,34.7408,-4.130351,0.7193512,-1.090664,1.832913,3.505962,-18.4964,-23.51684,-18.49688,-73.29618,-5.808479
39.19886,15.16044,45.40577,42.53424,16.9726,14.03893,4.411921,10.91037,-1.014835,-32.6849,-23.00545,-26.26543,-85.39356,-20.26893
30.2425,15.6315,31.75586,38.70847,26.41753,14.67806,4.572562,14.83574,-0.3518745,-30.5421,-19.49379,-23.37771,-78.93904,-24.13767
18.59856,12.32359,8.554536,14.46663,14.22138,7.281682,2.900073,10.48803,2.920434,-25.75749,-13.55466,-3.492024,-40.47058,-8.480133
-2.779257,-4.678323,-15.31748,4.518046,6.492983,-2.657242,-4.05195,-2.44095,10.46376,-14.1041,-8.05669,15.47619,6.767528,10.36749
-15.44079,-18.05668,-26.84188,-15.45184,-24.82278,-16.58724,-14.68761,-22.75343,11.91838,5.128206,1.275451,36.58193,58.76404,40.97422
-18.71177,-14.53995,-36.82751,-7.575702,-33.90306,-15.41779,-19.66873,-17.49066,15.22946,12.60718,2.460877,34.98529,63.01259,35.83975
-8.834797,-14.89841,-29.81847,-0.5911381,-21.02046,-13.42831,-16.52314,-14.25787,8.382437,7.704753,-2.336312,25.56915,51.16928,28.88326
-9.571333,-3.903541,-24.38332,0.2344517,-10.94408,-1.887578,-8.536779,-6.573608,11.57357,2.47982,1.657568,13.93473,21.88911,14.03099
-17.13901,-4.693054,-22.70909,2.586556,-0.1556999,-3.720656,-5.572536,-6.79569,14.19112,9.924418,-1.636319,10.26586,15.92691,9.527186
-18.22398,-5.940739,-25.15442,-3.872435,-9.822523,-7.282951,-2.448147,-5.177076,12.99792,15.68607,1.657392,13.48859,23.46735,10.62495
-7.695499,-8.128748,-18.36007,13.51038,-24.82086,-7.584278,-14.83296,-8.158375,13.89141,12.35284,6.091953,13.38976,15.70891,14.63551
7.436816,-6.238328,-14.83201,19.16924,-27.94224,-5.777238,-8.480704,-6.943004,3.472567,6.513245,-0.8270435,9.911083,7.999976,16.53763
2.550957,2.583876,-30.70522,22.06814,-20.95262,8.07975,6.673473,2.458931,10.60254,5.091536,0.6348882,0.7602254,-13.36099,3.514521
15.24166,0.00176315,-30.04278,25.27633,-20.45128,1.287405,-9.680972,-3.759295,11.30527,9.293675,-2.050919,3.583339,-14.35411,14.34992
26.23051,0.4949021,-20.51215,29.5592,-0.9395705,-2.377498,-13.63039,-3.065962,1.688529,-3.381795,0.3717659,4.206061,-31.8227,13.1791
38.13815,-3.148436,-5.76392,30.3722,16.37436,-4.197168,-24.75826,-7.366842,12.81069,-7.782434,-7.485442,-4.890848,-45.09582,12.79375
47.62941,-5.901332,21.5621,33.34841,45.67146,-2.683389,-31.18622,-7.993027,7.649853,-25.64494,-23.38605,-15.31726,-49.3052,5.556179
30.75465,-10.05694,9.759018,34.74469,71.52032,-4.749938,-24.29612,-10.86687,-4.728425,-28.82857,-17.26757,-13.88133,-34.33432,2.231384
9.390346,3.903209,-1.896741,35.35588,96.06171,11.00459,-9.373927,4.242533,-22.18166,-41.85072,-8.665998,-16.55953,-39.15877,-20.27091
10.37181,6.836099,4.162365,42.53204,83.84729,14.78084,-8.010332,9.351172,-31.34641,-45.69115,-11.81576,-13.98132,-38.09807,-22.93857
5.950164,-1.149467,-17.64728,21.60762,27.9911,4.727901,-12.80246,-0.07003408,-19.50318,-29.26512,-8.6674,16.16257,3.651669,9.013912
-6.768472,-9.727796,-28.91625,1.69163,12.74786,0.5305204,-21.6027,-7.583017,-2.468898,-23.37844,-0.9929904,26.70712,39.52488,20.23656
-14.42782,-31.96605,-43.01476,-16.61752,-0.652455,-19.7457,-37.68701,-30.64474,3.553843,4.253416,2.066535,44.50332,87.84,52.5389
-35.2743,-23.97221,-50.7909,-25.40171,-0.387647,-4.548687,-21.46967,-21.19617,1.279588,-1.635267,4.940166,44.73217,93.8327,39.89193
-27.98193,-32.2286,-35.03541,-16.2449,-15.91908,-13.19125,-36.05528,-27.45325,4.162055,11.20397,7.962672,43.3911,92.05098,45.33888
-22.04392,-23.06226,-33.99141,-11.55922,-77.95789,-14.79608,-32.26189,-21.93097,2.196383,30.66041,14.24003,51.32655,87.76062,51.41965
-24.38105,4.354913,-31.58104,-7.53558,-116.5802,3.493963,-12.30251,2.258209,5.687297,26.87764,20.31544,33.54844,74.42639,21.41807
-31.37009,19.02091,-33.28309,-5.109843,-140.8055,17.48334,-1.714165,18.11225,10.73577,26.3252,24.38376,21.42833,74.51962,0.2735533
-25.68674,21.48437,-30.98263,8.994916,-157.0862,15.59989,5.636798,16.76501,6.050853,20.62526,25.24533,11.63455,84.80033,-3.081758
-21.68415,15.65927,-25.38725,8.146222,-147.9828,7.858032,-9.439032,8.715353,11.72684,29.80385,20.71728,8.806036,90.03164,3.02873
-25.55921,22.35788,-23.15514,-0.6209532,-170.5354,13.73462,-0.7822295,20.34369,18.61564,32.58681,21.35032,9.037842,88.84271,-6.216544
-12.30328,26.98636,-18.25512,11.53253,-157.3377,11.53933,7.460285,24.25837,20.89716,18.10222,13.42072,-0.1032542,67.4631,-13.66069
-15.56796,27.20981,-20.54657,25.08783,-137.6696,10.49504,2.679516,29.10492,20.45643,4.059876,13.29811,5.391227,55.48787,-19.48647
-6.808578,17.74988,-22.74046,20.30613,-117.6264,-0.3168866,-7.145748,18.57309,22.20976,13.55234,16.69296,2.215004,53.85536,-10.51642
-0.04081975,20.99214,-20.21115,9.018427,-90.28125,3.998862,-2.181934,15.61107,9.249849,13.15239,9.184875,-1.986726,41.03114,-7.536851
-9.013431,23.90618,-14.3523,19.33449,-71.42366,6.30784,9.63045,21.47574,5.76255,-0.8733243,9.032126,-9.770101,33.7033,-23.71983
5.945469,8.659255,4.187869,18.94735,-66.44186,-6.26988,-1.625484,4.045389,1.797272,0.8997331,2.603914,0.2812434,26.96666,0.003084773
8.661765,12.87936,-3.28986,22.31547,-44.91619,0.6422144,1.054044,13.06491,-4.914006,-11.71534,-2.020179,1.366647,14.24343,-7.372243
20.10938,7.307625,-5.502436,25.37134,-21.12544,-2.682031,-0.2832469,8.884399,1.404128,-12.90769,-4.318026,-6.696643,-3.103982,-6.457377
30.50705,3.05134,0.9294705,23.21845,-6.368763,-5.495803,-0.7326757,0.5645208,-6.496997,-15.63929,-11.03776,-7.835915,-7.447968,2.784349
30.7996,2.707263,-14.70639,33.99277,17.97357,-3.436689,2.926994,7.099822,-13.3922,-25.19048,-6.010132,-11.86426,-13.60289,-7.296983
12.50462,18.32467,-27.2434,23.35851,52.75434,8.027621,16.56504,21.84316,-4.852071,-20.1589,-5.441011,-28.98739,-31.73906,-34.95611
30.77913,3.680037,-16.59268,40.32431,111.0329,2.638846,3.500923,9.074202,-22.40009,-26.07887,-19.19773,-33.56783,-57.58655,-25.60657
36.8411,-0.4296456,-19.53597,10.56664,122.3197,3.414479,1.685019,5.582491,-26.84403,-23.14365,-8.732306,-27.81124,-57.51848,-16.39413
25.42905,-14.99666,-29.897,-20.11977,194.9468,-1.9779,-8.966314,-11.24039,-46.25875,-35.64011,-7.932788,-19.02524,-21.72412,-2.596815
9.652632,-36.87558,-43.82322,-51.51554,265.3029,-14.55806,-14.0396,-27.68225,-77.65865,-45.35381,-8.178079,1.617714,26.50566,16.60582
-23.594,-39.76789,-48.56319,-128.5431,258.249,-14.10794,5.71043,-29.83987,-78.52103,-27.51604,5.579165,9.301236,92.63086,18.98233
-32.96823,-36.038,-36.59543,-128.289,178.0301,-10.41617,25.35031,-21.22031,-90.47301,-19.2474,25.36679,23.29346,103.9467,19.26017
-44.03156,-11.68251,-36.60047,-94.98047,122.65,10.59577,48.79475,6.479646,-87.21022,-13.45006,24.41546,10.54793,76.9573,-12.48556
-22.35735,-30.99368,-17.23769,-25.73942,86.45445,-3.369564,39.62786,-10.42543,-73.20848,-18.37267,11.76295,2.756368,61.13379,-0.03115825
-3.205058,-29.55636,-2.732625,-11.16412,19.78552,-1.303611,42.83979,-12.68806,-44.53711,-10.61177,6.183313,1.70223,34.76281,10.52503
18.71776,-28.58102,7.543421,4.841496,-13.69758,1.898362,36.28987,-12.19529,-34.24566,-2.794113,-13.85428,5.286911,8.467941,22.32215
33.68828,-30.70171,29.22037,20.76639,-53.58499,0.4665347,30.31509,-24.09679,-26.46031,0.3364677,-16.39499,6.327068,-8.077557,38.19613
42.90736,-27.14704,41.28779,34.36596,-64.14325,-11.15448,9.147589,-22.09843,-14.02237,6.91794,-15.51086,-1.098355,-11.52618,32.0743
48.87456,-24.9476,52.70795,40.69858,-75.04345,-11.46682,6.057273,-16.67685,-4.087818,10.73513,-21.07072,-4.921391,-27.32483,26.46595
56.59618,-23.90441,70.38947,46.15767,-93.78495,-1.586137,3.886711,-31.76844,-4.727593,12.24474,-18.60566,-12.26173,-41.4238,38.78793
60.12989,-18.42021,78.80248,60.60803,-101.5267,-2.961131,-1.680074,-23.5338,-11.50037,0.6953173,-12.46677,-6.64304,-53.7029,32.19931
52.25418,-9.565623,70.05067,52.73643,-108.7118,4.228195,0.1023429,-17.24967,2.18485,-10.26233,-10.2141,-9.138019,-40.21916,23.804
48.12508,-22.66781,52.9399,29.81099,-118.1561,-13.01159,-16.16695,-31.90983,4.65042,-5.55669,-6.23141,23.11866,-1.425148,56.48048
27.15995,-18.23257,30.01445,-0.9120165,-120.0973,-22.60894,-12.49981,-24.30251,19.63503,13.26512,11.44003,29.28011,18.48763,49.37082
19.21621,-2.237671,28.46223,0.3207589,-132.75,-13.22856,-3.318667,-7.059374,24.61467,12.67982,20.97143,21.22217,3.986608,27.12037
20.21424,5.758016,35.98817,9.185636,-138.4157,-16.31139,-1.118756,-5.721004,20.86873,6.714084,25.09711,26.47718,-15.8173,27.08099
3.164246,18.92549,27.41615,5.005049,-109.7547,-4.291637,9.089518,10.07741,40.25202,15.42069,25.74404,-6.353745,-23.9842,-10.71035
-6.165222,35.37753,27.48251,8.923665,-82.12899,11.18353,20.14088,27.29244,43.10374,-2.296504,18.13454,-17.79883,-46.18375,-37.06548
-23.44249,49.21445,20.15885,1.711614,-43.90996,13.71197,22.44277,40.9535,52.91787,-4.465245,22.51554,-30.22361,-57.50561,-64.0796
-24.47028,42.06814,12.99454,1.754037,-17.76953,13.93741,16.66593,34.29987,53.19579,5.123601,15.98393,-32.12587,-62.96287,-58.69464
-5.292838,27.88553,14.62824,7.510724,28.16947,1.116501,6.004579,22.6828,32.12891,-8.304493,10.1705,-29.87885,-60.78664,-46.03442
-11.37112,32.11626,16.86182,-0.1001017,60.77452,10.28756,20.84608,36.13499,35.90767,-21.81588,6.793238,-44.06046,-72.07356,-70.30096
-12.41514,26.03114,15.886,-10.30557,81.95886,10.94251,27.48577,26.54103,43.18295,-19.75376,-0.2368383,-49.95896,-74.71748,-64.64048
1.978515,26.20586,7.478854,-16.32245,108.6713,7.126044,12.51821,21.49578,30.76765,-22.43872,-3.459603,-42.41492,-80.00091,-51.60556
0.3861232,26.10671,0.02412347,-4.805071,118.5636,12.76079,18.52424,22.96525,13.44752,-27.8658,-7.917075,-36.86919,-85.53574,-49.78542
-12.72137,16.20027,-25.72997,-30.09045,117.2223,1.176837,20.51808,12.6168,15.69034,-22.22528,-3.332174,-26.00767,-28.46002,-34.8577
-25.02935,4.025949,-44.14669,-56.51514,136.2305,-8.523924,2.167193,-0.3448302,17.75635,-16.84007,-0.3117797,-7.384233,13.65124,-14.73527
-39.98056,-2.049151,-49.22255,-54.0988,156.2618,-3.231288,3.436996,-5.204161,10.48128,-11.58028,-5.552749,4.345138,3.640676,-7.246357
-34.00636,7.821506,-49.55176,-47.29889,137.1437,5.48759,10.78763,5.29494,12.84856,-6.823919,-3.777677,-9.514085,-7.461104,-20.95014
-32.16662,25.18034,-47.34503,-43.28356,102.6569,7.392691,18.08851,25.8084,13.99688,-8.284065,4.808558,-12.97281,-13.42982,-40.45034
-35.61032,33.87595,-41.10628,-33.19461,71.45037,16.42238,27.37448,34.15693,12.40201,-13.35433,10.4038,-13.83396,-19.9877,-48.9987
-20.85918,21.99264,-21.89204,-30.22322,56.26069,8.432877,14.11511,20.08356,11.84389,-6.878842,3.509753,-8.650189,-18.40579,-29.32922
-16.05676,24.97127,-11.50043,-23.94054,29.88332,15.27398,15.60832,27.35361,11.07367,-5.89573,0.7360225,-10.59537,-22.56107,-34.35027
-12.04191,24.1687,-17.57104,-14.89285,12.5861,13.42124,17.78961,22.98013,2.677746,-4.484231,8.853698,-11.18367,-13.30712,-28.99638
-2.58096,8.196376,-9.829323,1.657669,1.982284,-12.61668,-9.385873,6.323576,7.404248,24.65928,-1.253348,-1.249491,-7.590606,-5.717156
-16.05325,26.49043,-23.04021,-1.377336,-31.12273,6.785654,3.741363,21.94052,19.09976,28.73171,10.88289,-10.72751,-10.50213,-24.84912
-13.19282,24.82588,-15.41102,3.699265,-41.91593,12.28048,-1.683512,17.5276,17.91903,31.08535,4.461082,-7.773272,-14.7977,-17.0244
15.07782,-2.149034,5.448311,17.84125,-51.50584,-1.442287,-26.26845,-4.633762,-0.9469107,18.88283,-0.3940146,13.47311,-3.114195,19.73117
14.88162,10.76703,-4.44186,14.99632,-35.70667,9.585276,-13.70807,6.367526,-0.7547855,16.23917,-0.6254752,-5.343818,-12.42946,0.1731974
7.438874,10.95738,0.192625,16.68196,-19.96184,9.109278,-18.81319,3.632057,0.348784,25.32779,-7.503541,-9.80138,-15.29727,-2.311525
16.62633,-7.501563,4.698559,21.61535,-13.51754,2.270405,-31.01682,-15.33788,-20.46099,19.09248,-10.69839,4.797788,4.94507,24.48718
21.88359,-13.09792,10.98118,27.66885,0.4389158,-2.817386,-41.09693,-19.85432,-33.59846,28.58072,-14.01501,2.144826,5.267045,27.51489
16.25462,-19.85262,10.53353,33.09231,14.75713,-15.51648,-38.86304,-27.1786,-30.03087,28.40936,-13.25721,3.481785,7.748231,30.42184
17.1352,-27.60472,13.61672,36.04909,13.57135,-16.29353,-40.32641,-32.57496,-30.49547,28.48544,-18.79432,7.009676,12.46784,37.75408
5.154918,-18.22835,6.2741,29.32464,15.03568,-6.658396,-20.38429,-14.15256,-26.14958,20.39846,-5.84182,-0.524519,3.160245,12.59144
-12.9507,-22.05837,2.362297,14.11368,28.25289,0.2264722,28.91648,5.306806,-16.58816,6.638189,-2.640338,-5.130693,-12.4331,-14.01548
-7.011521,-42.27224,0.771102,19.93331,36.61758,-9.687166,45.98201,-9.530986,-22.88719,2.497942,-5.416941,-2.758867,-7.418474,1.181411
-29.16331,-15.3592,-11.78505,12.76596,56.6208,9.083744,81.73595,17.79638,-3.245594,-12.34175,-9.051703,-24.73935,-30.55016,-41.76673
-21.02722,-13.22363,-5.954291,18.48458,49.43027,3.93077,75.23766,11.59938,-2.212109,-7.684515,-15.00066,-26.35081,-32.90611,-34.32333
5.885269,-11.85362,-0.6343759,28.29638,41.4504,-4.507975,51.38819,-5.362676,-14.68358,-13.5794,-17.01233,-20.26256,-30.8086,-8.315142
2.710678,-4.555935,6.412738,21.10094,37.86357,3.946044,41.41766,2.361157,-7.257782,-5.21187,-19.01981,-25.82318,-35.91432,-18.02991
8.17908,-5.296457,13.51645,36.91032,19.49268,-0.4983656,20.69329,-9.267937,-27.42133,0.7633803,-19.27051,-14.67511,-23.74129,0.6157865
-0.8382701,2.857428,7.879789,10.24825,-2.27524,2.118316,14.33845,-3.070825,-18.8033,-6.197187,-5.709979,-5.105181,5.316873,-0.7591163
3.650537,-30.63263,4.408738,-7.107556,-14.35216,-29.35071,-30.47548,-35.56606,-20.25778,6.396441,-5.759331,31.58096,76.42209,51.04291
-6.47942,-31.82111,4.320243,-18.35764,-9.905666,-41.9805,-43.43737,-44.40519,-27.84641,1.532712,-5.587038,48.66188,110.7468,64.55863
-23.79615,-28.37762,17.31545,-29.42891,-7.547685,-35.58384,-45.61618,-38.41558,-16.61723,15.08325,-3.191405,40.16844,106.8359,49.17149
-20.25903,-24.68507,15.20441,-22.1848,-18.38367,-21.95845,-41.14499,-29.7884,-18.16715,4.728007,4.707037,39.15127,90.9469,41.83392
-29.65113,-4.073024,11.78024,-28.4481,-45.43369,-7.933855,-17.42583,-9.893344,-2.255089,-7.429212,14.5038,33.61331,73.35078,19.29514
-24.81954,-3.140172,20.59177,-25.68259,-56.2674,-9.545024,-17.82784,-0.9270665,3.418349,-3.020417,14.29712,27.2949,67.23701,8.390899
-18.69159,2.753205,9.558906,-27.30802,-63.19652,7.371373,-7.639733,4.083685,3.693608,-7.681999,15.05085,23.86316,51.03521,7.107887
-23.90241,11.8927,4.519713,-26.98694,-56.40316,11.83423,8.355398,10.11035,6.434807,-5.020835,16.34493,14.06062,33.55316,-4.792553
-17.99948,4.428637,5.785135,-20.91007,-62.22541,-0.9749249,6.545726,4.716,11.83128,-3.285376,12.67246,18.8814,36.90229,3.632344
-14.93226,2.862609,-0.7353316,-16.61024,-67.74793,0.7489686,2.715358,-1.53433,16.52041,6.197003,6.668887,20.4084,31.62031,13.81815
-14.64853,12.00977,1.543762,-14.50826,-63.92372,6.442411,0.8075881,11.34157,18.53765,6.711342,5.245354,14.99449,16.44706,-1.000477
15.33368,-11.74245,7.174879,-5.649803,-56.08017,-12.67123,-29.07917,-16.45545,19.10368,18.04882,2.870815,12.57385,26.84992,29.72262
10.47203,-0.200192,16.70023,-3.556954,-28.13349,-6.879243,-31.14388,-13.00667,10.62917,8.091653,-0.5724959,2.201532,18.94019,16.45813
3.618781,1.075143,23.97592,-5.162225,-3.023566,-8.34605,-37.81517,-11.81041,5.295065,8.337857,-5.70767,1.385192,17.32432,10.85282
12.90829,-9.037985,27.04889,-2.313088,8.329009,-16.04816,-51.33098,-24.29804,-3.591726,11.10653,-1.341072,2.695738,22.23587,23.6367
10.98819,-9.827462,10.80175,3.608633,28.8305,-10.92821,-52.70756,-24.88861,-8.40557,6.79527,-7.924046,6.858269,19.69695,27.10188
13.06198,-13.04724,8.197935,-6.565944,46.03696,-9.738136,-49.76777,-23.8385,-4.615471,2.123171,-6.318668,1.926116,19.38775,23.15778
14.0074,-12.6175,9.610086,-3.255011,52.20628,-9.390654,-39.53836,-21.33106,-12.05342,-4.982266,-3.735392,0.838681,11.19027,19.05092
25.86571,-31.17754,19.00739,1.107121,53.23146,-17.8091,-41.39735,-36.76353,-13.59316,-1.35888,-12.55539,3.455078,14.51365,37.47451
13.26058,-16.18474,26.75665,-1.134951,39.39214,-7.646884,-17.86731,-12.00939,-12.16377,-13.30706,-10.49684,2.066139,-0.6533598,9.988791
1.319951,-3.275946,14.11636,5.013951,28.88867,-0.5925907,2.42889,-1.954967,-5.133973,-13.8749,-6.97586,-0.3671392,-17.40449,-2.187969
8.408979,-7.186304,13.82523,3.518212,15.53478,-5.271407,-3.502641,-4.955154,3.644238,-6.77826,0.3708453,-4.700987,-13.17268,0.2651337
8.297782,-3.912762,16.89551,9.526226,8.737179,-14.37664,-7.217505,-4.002605,5.461833,1.527384,-7.29847,-3.161888,-11.05299,0.5769485
31.18808,-7.593875,5.491729,17.02235,10.30779,-23.40834,-13.8938,-12.30459,-1.605923,-3.251212,-9.962422,2.261895,-12.532,18.28029
38.03635,-7.328646,6.076181,18.90869,1.494702,-17.07571,-18.43327,-8.905237,-2.00597,-10.33547,-7.776439,7.036202,-19.83126,20.13988
25.66977,-12.66586,-5.615503,18.6645,-4.021772,-5.787173,-18.73934,-13.90374,-0.1008727,-8.625956,-6.432212,9.085896,-2.421529,24.89378
8.689295,-6.796755,-22.4768,9.010721,5.58711,3.929303,-14.11831,-5.726237,18.86624,-0.04343665,-6.191626,0.5942182,-1.819033,10.4953
3.131875,-6.351464,-23.30123,1.997559,-0.3235758,-1.464786,-16.45728,-7.110433,21.69913,11.19319,2.506192,4.004468,-1.800055,12.27641
17.28076,-5.351843,-15.23254,4.961773,-10.42648,1.791666,-11.36991,-7.875303,9.634894,-0.5495084,-3.322642,7.6075,-6.599899,19.45154
24.32788,-10.86119,-0.6056826,7.564008,-8.614015,-4.493714,-17.73006,-10.96427,10.12103,3.207543,-10.91101,6.184136,-9.390127,22.16546
8.051046,-10.62665,-12.94437,11.34621,-3.839046,3.550708,-8.601923,-8.61957,10.70295,1.2131,0.8061606,2.810117,-6.925862,13.07711
4.90416,-10.72797,-17.24271,2.916638,-5.689367,-0.2396339,-3.892297,-10.84219,8.652837,-1.457103,3.559159,11.09878,-0.2911683,19.25085
11.15621,-9.853051,-17.08217,-0.06981815,-16.85154,3.097839,-2.365436,-7.226398,10.20209,0.2298627,1.377882,11.91625,-4.553306,20.02158
4.53964,-5.239631,-17.11887,5.91015,0.9569912,15.35375,3.148529,-2.030093,12.61891,-3.138737,0.4115203,-3.344746,-16.02274,3.955324
2.101604,-2.648673,-25.31177,2.286306,-8.209991,9.327694,-7.134306,-5.887074,6.034886,6.400114,6.154182,5.645439,-2.088051,13.32964
3.906978,-5.37454,-29.13736,7.017968,-15.59424,7.013901,-3.536067,-8.944541,10.36674,4.167842,8.221258,4.443396,1.587091,15.86157
-0.08790931,-0.3776157,-25.20514,0.721949,-22.60796,5.032778,0.3919153,-5.241017,10.09867,10.15951,8.616244,3.483573,3.556862,11.45815
0.6613762,11.46731,-20.17127,0.7795843,-36.59847,18.86994,2.034384,9.797429,20.01666,0.5454186,2.843451,-1.506207,-5.202129,-3.53746
4.762339,1.315984,-17.20419,-3.209824,-24.2609,5.941472,-11.35889,-3.145872,22.41977,6.263422,6.15717,1.260703,2.172831,8.885988
-9.34986,14.65072,-15.06429,-12.74037,-32.2911,7.976959,-8.921263,3.0242,13.98123,11.36325,12.16566,3.952924,9.670518,1.581437
-6.852085,24.5693,-2.279321,5.1842,-18.96477,21.72181,4.358863,23.23379,12.12669,-12.74988,14.71249,-20.8195,-9.145743,-35.09583
-6.887416,25.77584,5.06534,5.940812,-6.121835,22.89121,8.074759,22.47175,3.121431,-18.64472,6.717883,-16.41609,-19.26968,-32.71925
-3.667099,3.1834,9.558811,6.204455,-8.766654,5.636784,-5.252346,4.514111,-0.3285645,-3.30758,2.610603,-7.473979,7.751816,-10.66376
-11.54248,5.76236,7.632899,3.104595,-4.468796,9.814884,1.046175,9.085263,-6.910766,-4.882701,11.75185,-9.288512,7.780992,-18.88576
-13.58987,17.79095,3.646338,-2.345633,-8.967415,15.11437,16.72783,16.56935,-4.892404,-2.906312,10.05352,-17.90337,-0.30265,-28.99469
-20.04554,17.51938,6.554778,-7.656022,-17.24047,12.01991,17.06264,22.54898,-7.089498,5.088842,8.419436,-10.8622,5.089472,-31.4097
-34.52819,35.69498,-0.09252516,-1.584473,-18.85434,23.95568,36.15506,39.56815,-2.94273,-11.0255,11.77904,-14.16503,-10.53717,-53.42294
-28.32088,15.65177,-10.78398,2.299616,-7.131507,11.84261,24.35817,19.50064,3.862087,1.313711,11.7757,-17.71935,8.807069,-35.45564
-40.437,21.88968,-12.3555,-7.187805,-1.757295,19.096,20.11596,25.95813,0.3827028,3.992584,8.974259,-10.61909,11.18984,-39.24244
-32.01785,10.28318,-11.706,-4.74073,7.304797,14.24513,20.86778,16.03776,6.846403,2.853013,5.804629,-15.14858,10.70508,-31.33461
-26.48577,15.24827,-9.724948,-4.761242,3.821404,15.49524,22.92856,16.64101,-3.071183,-5.040206,6.495824,-3.996448,-3.564607,-23.98589
-27.88549,20.10964,-9.602647,-7.953927,5.503846,14.32337,26.32017,22.32104,0.2068211,-12.03829,8.642739,-1.093136,-9.913294,-28.94082
-11.23367,4.425807,-9.157977,-9.325264,3.316555,10.06021,15.85057,7.063324,1.669581,-6.601405,0.3672818,-1.030782,3.194211,-8.598438
-22.97664,10.60338,-11.85011,-1.427019,12.55102,12.89804,24.05519,17.03943,0.4132019,-5.292022,5.495381,-6.788435,-8.932627,-25.78879
-29.32206,16.61279,-9.55992,-4.948559,7.816771,19.18464,37.80075,24.29797,7.201018,-5.0335,10.48926,-19.63216,-13.45613,-41.45086
-10.3268,-3.566555,-10.49952,-1.374032,-18.18,4.446852,16.49541,2.591765,-7.016839,2.32207,4.635174,12.47632,3.58788,4.408283
-17.73803,-7.541605,-8.601523,-12.22992,-10.54915,-6.907191,11.99651,2.088658,1.879078,17.22338,11.42382,8.533016,11.22131,-0.7983692
-3.729736,-6.02662,-9.653743,-3.734045,-11.56984,-3.38794,9.357022,-1.604844,-10.20972,6.66116,1.644096,15.74594,4.74636,11.7619
-3.526805,-7.538542,-13.41227,-2.448183,-11.19249,-3.314081,4.924817,-3.61298,-7.577466,12.60638,3.030736,12.10533,7.802809,12.15274
-14.34047,5.134856,-18.63445,-14.12574,1.229074,6.241172,15.11374,9.110009,2.135301,9.145928,8.773824,0.8631754,-1.759149,-8.887266
-11.02639,-1.618683,-24.03331,-5.812102,-2.250402,1.990034,2.12304,-0.6277912,-1.059308,10.98134,8.11874,8.29976,9.519844,5.39522
-5.097225,-1.075364,-10.63629,-4.04646,-7.83214,3.797944,2.622844,1.63068,-0.6021703,11.80627,6.70204,-6.026105,12.71689,-3.960915
-2.384275,-4.75057,-8.733639,-4.955783,-1.762976,1.947316,0.6481797,-0.04832542,-11.09506,2.68604,-3.079396,11.83305,11.19018,8.505256
-13.62011,-2.521064,-6.23464,-11.93658,-15.63226,-0.5857517,-1.786911,0.9165083,-1.793665,9.323389,1.700137,15.83185,19.29675,7.042344
-17.68378,-0.3726208,-10.9058,-13.83647,-9.557467,3.690637,3.529856,3.976936,5.499298,9.005552,4.011641,0.7637063,27.34354,-5.465031
-10.00221,1.30335,-8.362009,-15.34686,-21.04111,6.107234,2.334826,2.278656,6.768139,6.388668,3.308763,5.560438,18.64713,2.054992
2.272337,-10.51531,4.539139,-3.18277,-31.63104,-6.722747,-12.93211,-10.54875,-3.730622,14.24933,0.004820359,9.489151,30.60519,18.10337
-15.62171,4.621554,-4.286975,-7.45444,-19.67765,4.400393,-2.661082,2.417829,3.194883,8.925812,0.3101531,0.4122228,28.87114,-3.452123
-11.39999,0.6212894,0.03843112,-5.213627,-21.76126,-2.304358,-6.121531,-3.449801,8.620335,8.325611,4.1248,6.327833,17.34494,4.847336
19.9513,-7.264903,18.15726,8.791471,-4.745674,-6.483408,-10.71317,-9.9579,3.687137,-0.03012956,-6.259406,-4.635871,-10.84865,10.35194
42.74889,6.479048,25.67054,15.7683,4.17395,6.995395,1.295244,5.331131,0.5290174,-17.23602,-12.7558,-18.54253,-54.97764,-5.479506
49.70489,-3.093478,31.25307,32.71371,27.59804,-0.8509385,-6.172304,-5.843797,-0.7666662,-8.610271,-25.63733,-27.88523,-62.1207,-0.2889897
30.52415,12.26417,19.03789,22.76889,32.94918,9.645835,9.450825,10.49858,7.999621,-18.58994,-13.26395,-30.49498,-70.38763,-22.40262
35.32768,9.210958,12.98641,20.47372,20.49374,-0.5641955,6.95186,7.999748,11.09338,-18.74975,-17.00096,-16.68883,-61.76794,-9.765808
32.90398,-1.360521,8.149199,14.06924,17.77663,-2.001314,-0.9959779,-4.067903,18.10577,-4.208766,-20.7145,-13.59881,-48.97413,4.917091
22.73678,2.999811,2.016524,20.66557,30.4294,4.591626,-0.7454262,2.482946,15.31086,-9.780731,-8.568945,-23.80432,-46.24853,-12.08557
24.4131,0.07537127,2.775445,21.13851,18.46921,6.221876,2.03771,-1.226313,18.21475,-4.319467,-13.52208,-23.64153,-44.54924,-6.087355
22.64529,-1.190764,3.247112,25.20623,14.98503,2.490713,1.332475,-1.349885,15.84648,-6.808654,-13.59427,-16.66767,-42.9118,-3.230298
18.33844,4.583547,-1.986376,23.20605,18.13143,9.073977,6.358742,3.094553,16.16868,-9.490595,-14.34593,-22.67068,-39.49781,-10.96402
29.30102,-9.836873,-2.125722,21.53203,9.823419,-1.69847,-6.383104,-9.202106,9.984646,-1.808349,-16.92779,-10.51168,-23.34711,11.20008
11.21212,-2.683377,-6.076845,15.07491,12.21532,-0.3185583,1.102854,0.9293516,13.00241,-9.203346,-5.358838,-5.897908,-21.59582,-2.402274
5.89254,-7.392613,-6.674124,19.21076,14.33241,-5.502816,-4.985161,-7.184188,28.62806,0.1868195,-6.606449,-13.63293,-14.93721,-1.3351
8.710863,-4.491399,-7.856613,14.51558,19.3866,-8.680007,-9.798214,-6.064426,21.8203,-6.978977,-8.26278,-2.508066,-14.17287,4.380003
9.42949,-9.247447,1.872736,12.7878,19.6231,-17.32154,-11.9578,-5.641037,17.02488,-10.49028,-3.803787,-0.9883144,-3.471294,2.183475
7.885374,-8.673989,13.31623,2.561499,7.937483,-15.41988,-6.301914,-7.357532,21.41463,-4.442343,-9.187992,-2.748976,-2.904807,3.922213
-3.157411,1.115594,8.722097,-6.683031,19.5165,-5.678631,0.9133575,2.831951,33.23677,-15.02955,-6.300085,-4.692595,-14.7663,-10.02867
-0.1015246,-8.403886,10.70739,2.260305,27.92755,-16.52288,-7.824246,-8.284359,31.92938,-9.391047,-9.970106,-4.188436,-7.881085,-0.2570671
-9.292137,-2.242224,0.9153682,-10.92536,9.642308,-3.712849,2.282943,-2.527234,34.63108,-6.537973,-2.245505,-2.464282,-4.128912,-3.39522
-2.294683,-2.81226,5.585812,-3.46851,-9.110466,-5.043088,-4.741426,1.44483,40.71577,-10.95199,-7.616877,3.99754,-4.5774,-1.127255
8.280803,-7.954621,12.78623,-5.042242,-22.38572,-13.12912,-4.866633,-8.882565,39.12556,-4.808112,-7.436861,4.777553,-2.599751,12.13548
10.3055,-5.518871,7.709817,-7.141915,-22.61689,-8.965737,-9.576159,-6.387012,38.00544,-13.47893,-4.076684,10.27619,-2.139882,13.60513
3.523244,-8.932402,7.282358,-10.40651,-6.62364,-5.724965,-9.475379,-3.771018,48.17641,-11.05944,-6.485861,3.655003,-5.133437,4.97562
0.537275,-14.48762,13.34255,-18.13768,-21.26015,-12.31964,-7.928195,-10.8916,51.64553,1.975286,-3.323844,6.105887,1.868179,12.87399
1.056119,-11.06164,12.87456,-12.7494,-28.39966,-12.97129,-7.671353,-4.982378,35.75378,3.972798,-1.423344,10.46616,4.734147,10.40149
-9.84887,-3.349886,13.82177,-6.384084,-17.62679,-6.811309,5.412935,2.917892,24.17581,3.289725,-2.872959,2.682695,-0.5541621,-4.852768
-20.95667,-0.3661992,-3.8549,-20.92875,-19.37449,-6.220311,3.938605,-0.06856038,25.45969,11.67795,-1.712328,11.38044,17.74208,3.283461
-23.87508,-4.214696,-3.924612,-16.01729,-15.02781,-9.640489,-1.864506,-2.954035,10.36655,10.81213,3.540235,17.6331,28.08142,7.085078
-21.56797,2.757655,4.335371,-8.124585,-16.53643,-7.34989,-0.9283026,5.522788,9.039784,13.64561,0.3470996,7.061858,18.34784,-6.550827
-18.3169,2.482241,-0.33169,-6.70231,-8.913712,-0.7418895,-3.110722,7.116569,-9.516437,17.29284,5.907742,1.48225,22.97761,-9.625596
-23.10863,4.385381,-3.454733,-9.446595,-11.70853,0.1029473,2.098712,7.519558,2.915524,21.45739,1.869225,1.318902,16.07911,-10.02826
-22.50737,8.993364,-2.761129,-8.339958,-8.496199,3.163078,6.603466,7.319587,-30.91144,22.47085,5.311066,3.809206,23.07834,-7.732841
-14.28801,12.20377,-0.646294,-3.395238,9.000152,14.99429,14.14661,14.24787,-96.71166,8.606835,13.7198,10.18686,27.1725,-9.237483
-6.945433,10.05403,-6.49551,-9.354923,3.792006,5.917457,12.01019,13.22331,-89.58873,9.648474,12.42535,21.28286,23.12899,0.9019315
9.818614,2.66464,1.235063,-2.46307,8.356582,4.69781,7.510946,7.960895,-90.30897,1.784304,8.16291,13.30959,22.93196,4.33872
6.543945,4.053267,-0.8149772,-1.632826,21.524,5.691634,8.608531,12.19715,-81.28983,-0.4676709,7.353555,10.55254,10.77234,-3.091664
1.910668,4.874464,-2.388027,-3.051978,6.85156,5.354554,14.04918,9.248282,-69.07534,2.50518,5.41548,11.46399,12.50944,0.3325562
4.243987,8.481311,7.493505,1.338736,-13.33846,14.0063,15.91998,13.97196,-60.64126,-1.18167,4.685523,3.549069,8.843317,-7.372287
-1.160689,12.7412,5.016921,-7.570488,-15.60512,15.94781,19.73023,18.73637,-61.63365,-6.102061,8.549045,14.07175,4.246522,-6.967838
5.811233,7.564904,10.68209,-9.907413,-22.35234,7.912781,15.90089,9.191707,-51.19002,1.461798,6.614625,6.128737,12.92831,-0.7472947
11.51196,0.7177595,12.50204,-8.273453,-32.11861,-2.573963,6.105147,3.790321,-47.4352,4.093112,3.631271,14.71323,22.85302,10.48337
-0.2508942,5.660628,4.722732,-17.33193,-38.52535,7.749524,16.76426,10.9187,-48.94741,-7.936999,8.025291,24.4142,27.35839,7.378873
7.00154,5.040349,11.28612,-4.576806,-28.43593,5.585298,18.28329,6.362229,-37.18741,0.03577077,3.71408,2.712359,10.22013,-0.04100866
4.367045,10.72541,14.20831,14.3704,-18.60271,15.3548,22.05104,15.54384,-26.68075,-7.126938,-5.944917,-7.146441,-15.23876,-15.88033
-2.996097,9.519804,7.673075,6.296629,-13.79979,16.43777,25.86746,10.58683,-16.42923,-4.388222,0.3635831,-8.539992,-16.66768,-13.92413
-0.02257526,3.360924,3.279112,10.32007,0.2010028,14.12785,17.98555,2.377727,-22.91108,-8.391085,1.615686,-3.525555,-14.46555,-3.952073
-9.743759,1.667161,2.77195,6.729303,23.88805,10.24376,10.49885,1.105876,-22.66994,-9.227333,-3.91331,0.1441773,-6.530056,-4.964741
-9.221004,-1.664634,4.054327,-3.795333,23.96225,1.098175,13.32283,-2.854871,-18.46034,-0.7402954,-1.862885,-3.439598,2.800466,-3.199089
-21.63018,2.360361,-4.406236,4.620562,18.97104,1.946995,8.275361,2.370116,-22.70072,-0.6364409,4.514886,4.121027,9.745293,-7.552052
-20.34643,5.352166,0.03313781,4.541418,32.94903,3.38702,10.79346,2.338491,-25.17461,2.447151,1.40565,-7.571916,4.155464,-14.31003
-16.77327,-4.247911,-8.825946,-2.092599,31.71184,-5.251768,-3.884646,-9.027596,-21.87035,13.71905,-1.925868,7.217655,13.65368,7.597727
-9.159825,-4.203272,-5.154818,-0.8535146,35.52767,-8.852176,-12.71099,-8.460628,-20.28353,8.419812,-1.942749,6.586457,13.78062,7.306942
-9.696321,-9.053459,-5.537134,-3.267899,36.27683,-8.784882,-12.98744,-11.74691,-20.43561,7.020995,-0.6961968,14.85773,9.243576,14.80672
-7.158558,-19.78893,-14.26007,-1.04833,51.62309,-22.05096,-31.09423,-28.63025,-13.50269,17.93662,-0.1867314,13.37905,25.49735,29.2846
-17.73588,-7.584864,-17.55007,-9.074297,42.66437,-13.18774,-20.96969,-15.53131,-7.033585,13.49806,5.919067,7.254961,27.64247,11.68852
-25.989,-5.72682,-26.69051,-11.04953,34.26121,-5.955548,-13.4366,-11.72058,-10.65719,16.49261,5.847838,13.38058,29.18385,12.05969
-7.061028,-11.88805,-16.9894,-12.25141,21.93407,-13.34171,-27.66492,-19.92142,-14.71033,26.35904,6.648774,8.874611,37.33661,22.67514
-11.31106,-8.253304,-15.81333,-16.63172,16.78431,-8.232446,-27.58687,-17.71205,-19.43558,20.02799,11.69655,19.61808,31.30223,25.54718
16.92826,-8.274956,-2.079557,-4.038522,18.82161,-8.981007,-31.69949,-20.76712,-15.54767,11.50033,6.886085,0.539501,13.32582,23.38671
41.56149,-5.976175,17.53556,10.70256,1.404507,-9.283792,-29.27578,-17.36625,-12.70674,-7.008991,-3.622578,0.6670401,-12.22733,25.59648
41.1238,-0.2813179,24.44496,25.14577,8.121383,-4.425861,-17.43689,-9.923219,-5.513555,-10.72324,-5.518291,-19.5937,-30.54251,5.122673
29.14046,-1.904817,16.09902,15.50169,-6.47101,0.7323242,-15.51731,-4.596355,-4.353721,-10.62895,-1.975681,-4.828706,-18.70786,7.510917
13.27036,6.54415,8.459219,9.541832,-13.0387,6.939711,-4.023854,5.587671,16.57553,-7.977683,1.723441,-12.9903,-20.9183,-9.693062
19.1543,2.746953,6.987484,1.162867,-29.80273,-1.070729,-8.862335,-4.137324,20.54059,-0.473315,10.78715,-9.904504,-10.54552,3.417101
11.5427,2.489509,-0.8779668,-4.561991,-39.2847,-0.5217133,-5.962531,-4.104937,14.4013,-1.304248,14.88549,0.3911472,4.451567,8.45638
-0.1251944,7.555834,-4.286173,-2.020813,-46.62038,6.254957,1.866112,2.882628,19.96713,2.332715,12.86112,-1.839749,2.128808,-0.9569835
-4.597457,7.176843,-8.429068,0.1832365,-47.65648,5.606456,-3.263833,2.838767,24.81687,-0.3778645,11.04824,2.197276,10.35856,0.09845642
1.937429,-2.23118,-7.100425,-7.496332,-54.27946,-5.338339,-7.035575,-1.560915,24.62305,4.969522,15.96621,8.176585,20.41361,8.955827
-0.9966437,3.309232,-12.47111,-8.515446,-66.73531,2.639795,1.063856,1.803671,15.45776,-7.682272,14.05601,25.61528,15.60562,16.84957
-9.381145,6.365664,-7.813324,-13.51778,-73.21816,6.739491,8.256757,2.785752,26.67868,-4.057844,21.77852,9.699469,21.57596,4.107975
-13.35486,1.717553,-9.684509,-25.17694,-83.74652,0.9127433,3.91841,0.4620183,34.24413,7.310812,21.71841,18.2655,31.64622,11.76705
-20.99083,-1.50454,-10.80828,-33.06202,-78.72201,-2.756797,-3.250428,-5.61151,33.07947,12.97402,18.31258,29.32911,40.82703,22.18419
-18.3721,-2.640873,-0.3008164,-23.77634,-56.92929,-4.509231,-5.5518,-2.914356,28.50214,8.813369,18.98279,19.50862,28.27669,10.91119
-10.76379,5.230561,-1.047327,-1.152464,-22.26101,1.876996,2.240931,3.488776,22.41311,0.3189257,10.12262,0.5303071,-5.018443,-5.979178
16.39565,9.123181,22.15644,18.59172,11.95031,9.826043,8.482754,4.682933,17.97873,-24.08669,-7.402242,-24.06664,-45.77994,-17.85224
69.74456,-16.71728,38.59574,38.96244,35.1691,-13.58722,-20.5437,-19.88277,-2.166162,-35.06678,-20.0878,-20.31927,-50.96515,16.86427
123.4204,-31.63112,59.71158,48.88634,33.70678,-31.75082,-36.61288,-38.97314,-23.82751,-36.25535,-41.08812,-21.10079,-53.1756,48.69022
136.0415,-25.82016,73.95271,58.00707,31.37763,-27.19772,-35.80521,-31.70744,-27.96951,-42.54562,-47.28252,-24.27008,-79.66072,42.88002
95.01206,-12.38869,56.15171,61.24776,45.55237,-11.54569,-21.8216,-15.40694,-14.00004,-29.40771,-38.59127,-40.83285,-81.90356,7.934425
56.07435,5.851526,41.57698,52.52464,50.89816,2.449872,-4.586372,-1.549002,2.334545,-14.00502,-31.78671,-51.31651,-89.36913,-19.09734
27.46486,16.75783,27.55695,46.10261,51.88818,13.02376,0.7266926,12.74864,12.52337,-11.95964,-21.14435,-51.02289,-85.35617,-39.30983
14.78697,19.9295,24.91655,31.77708,34.50946,11.37262,5.066296,12.28491,7.684387,-8.161037,-18.7991,-35.03725,-69.21922,-31.11113
-15.91061,26.7708,11.8761,18.08104,24.56244,15.43593,12.55394,22.10224,20.87279,3.683414,-10.57399,-28.01928,-59.01426,-42.42053
-30.39579,30.97049,2.017795,14.49581,26.26431,25.13187,22.54581,33.98091,26.4787,1.448724,-8.245012,-36.88376,-46.40456,-61.40527
-21.23625,13.11706,4.581117,12.57192,15.54605,9.726459,11.27334,13.62543,18.34133,5.954082,-6.527043,-20.96237,-24.49702,-31.51409
-38.8462,20.23358,-8.449152,4.080438,28.29518,9.919896,14.94018,15.45053,21.32333,6.781364,-6.766555,-15.93389,-16.62492,-34.40376
-44.91129,20.8128,-14.12345,-5.992553,12.62831,9.979184,14.07318,18.97968,27.26898,9.464951,3.275978,-9.300342,-7.601491,-34.55392
-49.57373,12.52127,-20.43079,-19.51696,1.976969,2.489397,10.25911,14.45192,26.55272,13.6391,6.499131,8.013506,13.64039,-20.52201
-49.97728,7.361681,-22.43002,-15.1459,12.60139,-7.432353,3.898847,9.969754,13.62047,10.88941,4.287848,17.28043,27.99336,-12.91762
-54.63141,2.828205,-28.90817,-24.5185,20.7838,-3.192684,-0.8149794,12.70896,14.19173,13.06136,12.67018,15.13284,38.63817,-17.9495
-57.89944,4.22705,-26.84895,-33.30994,44.15373,0.5515041,6.648597,11.79722,-1.537651,2.427566,5.972978,20.74261,38.41119,-15.33646
-66.03925,6.083551,-46.35902,-35.61723,41.56129,3.755803,8.173269,14.85382,-2.387991,6.876643,12.09386,17.85268,59.03753,-19.88493
-68.49212,-3.725893,-56.4668,-37.81775,43.84175,-1.502298,3.221705,7.158352,1.480338,15.74861,11.49939,24.63205,68.8605,-8.437833
-77.0692,-4.824497,-55.62001,-38.39829,45.82378,-1.057748,4.051092,1.488005,4.797628,22.05064,14.92189,20.38596,71.75454,-8.303786
-64.0816,-4.798242,-54.44798,-49.57911,55.07244,0.4406556,9.773622,3.270254,3.949176,13.79224,14.28239,18.85507,60.61353,-7.142451
-27.69135,-8.548882,-34.72642,-23.81149,49.32263,0.619786,5.916795,-1.233729,-8.061847,1.049744,0.1885069,17.62458,24.33307,5.018589
-2.362728,1.489816,-20.50069,-5.599993,46.33162,9.482727,6.638957,6.3536,-19.47216,-1.211838,-0.07368723,-0.9445893,-13.95372,-6.17732
31.8006,1.283371,-1.045641,11.41868,26.58349,4.294459,9.052398,5.659826,-51.08972,-5.50969,-0.2498256,2.022996,-38.89708,4.676136
17.65083,4.347403,-3.519663,13.86764,10.58471,9.281748,17.04638,8.129527,-49.10785,5.492253,-0.1982351,0.5946706,-34.08899,-0.08042046
6.148073,1.790711,-2.839904,4.332762,10.85428,9.589461,24.28461,9.081215,-29.52858,11.70032,-2.463168,-10.8383,-21.95372,-10.15776
6.152472,1.847828,-5.151567,-2.540108,-18.41482,7.956398,23.65063,7.175204,-21.13824,14.62475,2.76237,0.922725,-18.23818,0.3905471
14.13376,7.163226,1.508769,-1.908651,-29.90508,9.557836,28.54488,9.106811,-30.24355,7.90831,0.375753,3.792516,-22.99205,2.957481
12.01392,3.578514,-3.580453,-3.813773,-49.65408,7.0355,34.89955,14.88562,-17.77714,11.66733,6.335476,2.541807,-15.31735,-2.814906
7.578059,-1.370802,-8.93432,-14.10442,-63.58552,1.912256,31.60775,9.135459,-7.735421,9.932741,10.80647,14.04905,2.278077,8.430614
-0.6029399,-3.129917,3.432669,-5.702075,-54.06744,-0.9966145,25.10801,8.232311,-3.562222,-4.602114,9.51815,13.70553,10.49466,2.171989
1.431549,-4.556588,-3.012764,-6.938623,-45.772,-3.170822,19.80747,2.807229,-5.408842,-3.194432,4.036972,16.60794,17.01388,10.34902
1.054559,-2.121487,-2.403858,-13.92663,-28.6218,-5.333002,5.393002,-2.080057,-1.524074,6.271817,-4.122752,9.943753,25.8164,11.65413
-8.456082,-2.096026,-15.46743,-21.81028,-23.32752,-4.295594,-2.136401,-1.285722,-4.67569,7.876511,3.172519,16.99408,42.57182,12.93582
9.482948,-1.785621,-18.72928,-2.163417,-6.243914,-1.37905,-2.58046,-5.627838,-5.279481,-14.62579,-6.727484,12.52424,25.61348,17.52167
17.16363,3.760488,-14.59014,9.967598,0.1831989,-1.257241,-8.305459,-7.458063,8.456861,-15.28285,-8.586677,0.3680689,2.647006,12.93357
32.29883,2.814221,-2.543973,13.67688,4.340217,-0.4798289,-4.700338,-4.696698,-2.776138,-20.50688,-8.790152,-3.228833,-16.4618,11.0545
23.03582,2.963972,-2.904206,25.55415,16.86093,1.460718,-2.11611,-3.33567,-2.665247,-24.07153,-9.602981,-6.017737,-22.82937,3.667267
16.16709,-0.3433874,-7.994279,14.25905,21.20157,-5.107063,-7.264369,-5.689702,4.77771,-12.86106,-1.540125,-10.3027,-6.580871,1.278141
16.56741,-3.747606,-5.034287,9.521203,26.16034,-3.807477,-7.746549,-5.298426,6.083103,-26.45178,-12.65161,1.103985,-2.128542,7.43023
18.99493,-10.25036,-9.968185,-0.1630342,19.95247,-7.013813,-25.41544,-16.78512,5.643759,-9.081982,-10.82491,10.68427,7.406237,26.82118
10.25869,-7.548532,-17.55779,-3.044878,29.64363,-0.3843292,-22.01534,-10.24347,10.03654,-6.392933,-4.228857,-0.1154962,9.344921,12.24784
15.24523,-9.678674,-17.33751,-4.801455,31.09216,-1.184766,-24.55604,-17.62577,10.91487,-13.94789,-6.892355,4.16416,11.89838,22.70966
27.75306,-9.688521,-17.85073,-11.88403,23.18165,-7.056854,-36.82613,-19.06856,13.74006,-1.23261,-9.127441,2.090072,17.54196,28.42807
18.82149,-17.36225,-23.11618,-6.073051,26.76854,-10.27879,-31.25331,-15.35535,15.83114,-3.795291,-5.418462,8.73041,17.80744,24.69364
29.2913,-23.26779,-24.0688,-2.656832,13.52416,-15.29632,-33.93644,-25.24413,10.70603,3.150216,-2.053012,7.582888,25.27304,36.99567
21.66035,-14.54747,-24.63937,-7.568973,-9.672414,-10.3351,-24.8541,-14.60958,21.27387,9.34034,-2.686221,8.568038,19.67967,28.39095
27.88304,-17.65584,-14.56021,-12.88627,-27.56054,-11.40026,-22.02095,-13.95562,24.18255,6.247228,-6.809249,17.57565,15.57893,35.38153
36.56562,-26.39614,-18.76485,-13.17745,-26.19184,-16.1001,-22.3914,-20.86485,23.49171,1.904209,-0.5918014,16.05721,24.19409,42.26558
29.29858,-31.74587,-26.92558,-17.00292,-29.09361,-14.0283,-15.69772,-26.48317,19.02522,8.79964,-0.4567736,17.69658,38.14204,48.47184
21.33779,-23.01687,0.4792676,-16.42334,-42.83944,-20.83667,-8.228371,-21.91812,13.85294,7.426466,0.9056132,12.91148,40.3206,36.02861
6.88384,-21.23864,35.67361,-23.92883,-65.09003,-17.28586,2.240658,-14.4606,17.47361,0.1714546,7.016975,8.561947,44.94823,19.03361
-9.20224,-7.570914,29.00238,-32.08739,-89.74886,1.988061,16.26045,0.8282777,26.05993,-5.430526,6.042876,10.80387,47.18004,5.874034
-11.95479,-18.38948,34.3449,-10.45436,-72.86952,-14.43936,-2.034472,-14.84169,21.51263,5.602497,7.112698,14.52144,44.51382,17.37567
-4.495817,-11.28068,51.73014,10.80232,-55.57532,-6.018284,0.4896073,-5.991224,12.83616,9.32663,3.406665,-16.49437,20.24039,-8.976234
-1.409997,-7.18717,51.05951,13.57316,-54.16675,-5.287464,1.639258,-5.111097,21.22661,20.73296,1.416794,-26.71161,3.823678,-13.59788
-5.723297,-8.513008,44.79223,10.13864,-43.86885,-9.639318,-1.837413,-8.492739,19.78178,23.74719,-3.074162,-14.30082,1.022081,-4.032327
-18.78835,-0.3410883,34.61712,4.795654,-36.30676,-0.3593164,7.917869,5.091787,18.60481,13.37986,-1.429098,-8.402281,-2.464792,-16.31541
-26.49731,-0.6608779,23.73254,5.295537,-21.6082,-1.69654,9.490336,0.8557195,20.02478,21.99628,0.6522034,-16.99476,4.554209,-19.14393
-35.3416,8.674043,15.5068,9.491366,-18.06589,7.196487,9.470799,6.360139,15.84231,21.56611,3.578968,-22.04078,6.508777,-28.74752
-39.1979,7.43643,4.084088,7.797577,-12.69361,0.06804968,6.056742,4.806668,21.62195,24.29176,4.902352,-15.62761,11.10696,-24.65345
-22.97566,1.093688,15.76335,16.29672,2.595634,-1.652042,5.094849,1.09627,21.56015,14.09423,-0.8180215,-23.34068,-4.843723,-23.96476
-13.61957,-12.68802,24.45126,24.51044,26.71489,-18.99204,-16.33123,-13.8042,15.546,15.90155,-7.035403,-16.84457,0.04972913,-7.858848
-19.04627,-14.37745,17.11489,31.76209,43.56335,-21.33106,-21.96639,-22.31504,6.571363,17.13242,-6.912821,-12.19747,1.740359,0.2620203
-19.09066,-15.11577,23.73276,19.72205,69.87252,-17.78529,-25.34053,-20.42236,3.719917,9.245933,-6.0124,-10.52284,-9.351655,-2.651692
-27.52932,-8.12042,23.5101,8.167526,82.54708,-12.5519,-19.38942,-14.85002,9.451742,14.39512,-5.854897,-20.58255,-13.9619,-15.23116
-30.05796,-20.1239,13.13648,13.07989,83.52603,-13.91657,-23.78023,-24.78922,-0.2306273,18.4683,-3.6996,-8.596861,-3.849745,0.8339892
-20.71893,-18.96483,20.40745,11.75319,81.50594,-11.98315,-25.08806,-18.25917,-1.708539,18.8911,-4.508023,-15.13979,-9.821843,-6.365345
-27.98133,-9.017095,15.54623,11.13173,87.13887,-0.7966106,-12.3748,-6.61658,3.791147,9.76554,-0.7310476,-23.91754,-21.70979,-24.22874
-20.60257,-12.58745,12.67029,6.432552,66.83292,-4.499216,-16.92962,-12.80681,0.9443897,5.950097,-0.791705,-3.955506,-17.29001,-3.367383
-19.37264,-8.007015,14.06933,7.801322,36.42484,2.428597,-9.518536,-5.163539,4.465337,12.85377,-1.39656,-9.508387,-15.04733,-10.0292
-21.42433,-7.725091,10.06183,10.69197,33.51297,0.3900323,-2.995336,-4.174325,0.5586033,6.531463,7.975292,-9.58285,-10.82395,-12.9963
-11.33914,7.498473,19.94331,23.06662,22.08666,12.15116,7.529441,6.973481,-8.488251,-10.9641,1.572213,-18.41957,-26.17119,-25.4391
-18.08448,15.09498,25.22929,15.32752,18.29276,17.12954,10.86349,14.19094,-6.512507,-18.34555,-0.6407136,-16.61325,-23.11738,-32.81462
-23.85102,15.75577,20.44294,12.08684,7.572185,20.41943,14.53017,14.97322,-10.03603,-20.49718,13.9699,-3.405253,-34.25189,-27.70908
-26.82774,17.99405,17.97974,6.625849,-4.968233,20.73748,14.09446,18.29646,-3.597277,-8.329227,11.86846,-7.676286,-24.72818,-31.46953
-17.04612,5.095513,20.82029,-1.928461,-18.36229,2.898585,3.56998,3.679423,-0.9811801,-8.735188,13.94099,2.862838,4.365782,-10.18015
-10.00815,9.891266,12.03807,-18.52479,-33.05626,4.95002,8.754138,8.240195,0.2241429,-11.61944,14.76598,22.30868,-10.11088,2.147068
-15.18329,8.286611,4.638368,-24.31507,-25.67084,3.443458,9.317179,10.4876,7.08921,-4.005338,13.81828,16.34207,-0.3812003,-3.867025
-27.74734,4.263397,-2.011759,-13.27502,-13.58921,6.580841,8.910371,10.96277,5.057603,-1.69004,11.62495,15.92502,3.564706,-8.576273
-35.40745,17.90433,3.616913,-19.52685,-16.29655,18.13647,15.27961,15.97843,4.234732,-7.090917,16.98031,12.10641,-8.564831,-17.35058
-37.64471,22.75476,24.51259,-18.76808,-9.148509,26.5131,23.54851,22.84921,-0.4697436,-12.65485,14.18112,1.015239,-23.97683,-32.71178
-23.75671,19.79167,15.17885,-6.027479,-4.157495,21.8223,18.98177,21.22028,-9.645582,-12.57578,5.80792,6.513237,-29.94527,-23.20767
-19.28778,12.8407,11.80847,-3.637443,5.599701,12.90223,15.69085,15.61967,-4.026575,-19.39665,6.156386,8.845063,-25.52307,-17.59154
-16.47721,10.97502,-2.375717,-10.62677,3.52867,13.483,14.53587,17.20478,0.09030247,-16.2922,7.651774,13.09538,-21.27505,-13.51783
12.13431,12.97746,-2.493698,-10.14724,-5.999102,15.26765,13.11202,12.28586,-16.82187,-17.87051,-0.08179284,19.51074,-37.75462,5.880805
-3.930296,26.00091,-0.975198,-10.05998,-6.834023,27.72114,28.23362,28.87431,-7.270069,-15.08843,4.771782,3.188745,-51.63013,-23.00236
4.680588,17.09502,-2.054894,-13.69794,-21.6438,14.78104,21.21195,17.50345,-9.595847,-6.294705,4.000531,8.477166,-28.46587,-5.996672
31.05446,12.61077,11.92393,-14.23621,-21.89364,7.983331,7.18643,12.21382,-20.74312,-16.39704,0.2851144,6.640038,-20.03189,3.404008
39.35328,12.74629,12.56835,-4.473813,-16.93662,9.134509,9.764588,14.27361,-23.6635,-18.515,-3.991247,1.050275,-31.65735,0.3466428
45.6594,8.228662,18.91591,-9.003924,-40.66855,5.234577,7.243243,6.809865,-25.6918,-10.56352,-6.281942,7.862736,-22.69474,14.95009
36.93233,14.20625,-0.8270007,-13.33133,-42.02241,11.32288,9.917949,15.42329,-6.875137,-5.971179,0.237954,-7.571081,-9.264295,-2.178215
35.4023,15.19333,-6.192292,-7.799097,-33.87727,9.930448,14.51581,19.1316,-13.09347,-10.43074,-4.148872,2.344339,-20.4353,-0.5407953
47.27952,17.02662,2.555843,-3.496521,-28.38592,8.644116,8.80796,12.03979,-18.20168,-12.44188,-7.962153,-2.692785,-28.74781,5.574918
68.00318,14.0348,13.46303,9.031803,-24.06637,7.258673,10.78681,11.09718,-29.76266,-25.11319,-18.91329,-1.089489,-46.52849,11.79804
47.67966,7.298641,7.439554,-2.333107,-27.09286,0.2760834,6.269451,9.298465,-23.93331,-11.38342,-6.588182,6.873495,-25.73909,11.93462
34.85725,7.578198,2.194629,-6.586108,-24.14198,0.1756523,5.581403,7.097814,-18.27351,-3.89839,-5.021316,1.680629,-9.228954,7.984692
28.80457,6.431225,3.047062,1.748267,-7.366562,-0.8598532,4.408153,2.545492,-15.70351,0.1704865,-12.42276,-4.295344,-12.71992,6.212687
25.57527,9.325318,-11.13311,1.498935,-10.0476,3.168911,7.958893,5.586369,-13.91649,-0.5031143,-9.429056,3.138409,-19.75787,8.535146
15.42145,12.02398,-8.124348,-0.8820421,-12.12731,4.982939,6.372415,14.29655,-1.630055,-3.554514,-6.266187,2.99808,-19.83113,-3.67982
15.97182,3.212562,-17.74279,-7.1571,-3.098786,-12.27818,-5.808371,3.883465,2.347996,8.932828,-3.124903,3.511597,5.496806,5.853054
11.07814,3.600761,-17.75836,-6.696653,14.49328,-6.085538,0.7814834,1.288088,-9.419732,0.5459085,-5.808219,2.523198,5.876608,5.581033
5.946445,5.431538,-32.3261,-9.526159,30.19913,-2.451081,2.5299,3.752384,-2.39571,2.501538,-3.154534,-2.08273,1.614105,-0.0387252
3.600642,6.467596,-18.98839,-8.75079,27.93415,2.321528,5.211637,5.378347,9.227272,2.50112,-4.865749,-9.349959,-13.37547,-7.311928
14.29008,-0.8302174,-29.46062,3.32232,29.592,-3.936127,0.6911414,-1.610971,-1.981344,-5.418188,-8.559516,-0.06514514,-3.289539,7.256119
23.10828,-2.885546,-115.5699,14.37441,32.95514,-0.2487041,-2.754232,-1.687909,-0.4712342,8.672907,-0.8547497,9.532161,10.86716,24.96216
15.99816,-0.2245814,-113.2797,16.61997,31.55084,8.072886,5.700356,1.004187,9.684706,11.7981,3.689184,-3.819445,0.4043386,12.80102
27.71704,2.661917,-101.0285,16.35313,24.43688,3.707495,4.085993,0.8057218,-3.176143,-1.756977,4.952294,9.646901,-10.43729,22.03152
36.19386,4.23148,-97.30399,13.06697,10.43718,-1.07028,3.780597,4.427146,4.067845,6.126459,-2.212438,12.29743,-18.56369,24.52143
25.65711,0.5158902,-109.8252,7.444196,5.465439,-1.262455,9.647742,0.6280067,17.754,20.49077,0.5943668,0.8986145,1.045527,20.94604
19.95534,-2.299064,-105.0872,10.50171,6.738139,-6.432492,4.09148,-3.461562,6.342674,18.69247,3.754632,7.824126,14.26726,25.11248
22.69302,-5.160058,-60.88549,13.73245,0.8035186,-10.77799,-0.06094591,-5.755102,-1.813237,7.648126,-2.94569,6.644091,13.86021,22.01709
16.59099,2.439945,-40.65221,11.4577,10.32647,-3.9143,4.120858,-2.881388,0.7776306,3.150851,-6.823252,-2.782386,-2.044236,10.23333
14.97188,-3.255798,-27.32793,10.42364,16.93389,-8.005405,1.378861,-4.03458,7.199642,2.926534,-12.00541,-6.609968,0.8296587,6.57497
10.17927,-5.927202,-24.14793,0.2816079,9.40485,-13.13804,-3.836254,-9.921151,-0.569935,0.8310258,-2.446437,2.933686,21.33113,15.02538
21.43451,-10.61485,-0.01331809,-2.160104,0.4687119,-18.94786,-16.04237,-12.45722,-12.72364,-3.577989,-9.26416,10.8818,29.68422,23.33226
17.9261,-6.331907,17.05039,11.78977,8.712428,-10.66986,-8.179973,-7.920595,-12.59192,-13.17946,-13.56076,-4.409267,14.88175,6.483291
2.950553,3.022947,22.06409,4.887399,9.643823,-1.878479,-1.451866,-4.593999,-13.65418,-16.14089,-5.274876,-6.136103,9.034758,-2.473172
0.9809662,2.789128,26.72188,-8.129169,-4.778146,-1.876465,-5.850081,1.39649,-14.38412,-19.0352,-3.849421,7.680271,18.28139,0.05247933
-6.59654,2.798891,21.4027,-0.4875942,-3.980468,-2.752128,1.804744,4.182949,-9.74928,-17.0416,1.62043,2.455314,14.87918,-8.53659
-11.65843,-5.662849,9.659982,-0.443704,-23.79536,-2.733493,-9.724273,-10.47775,-5.807759,-7.58207,-0.709884,8.875869,49.35638,10.70333
-35.27745,-5.707051,-3.935294,-16.63349,-40.31325,-3.267658,-10.11821,-6.632546,1.890826,6.844278,7.215532,17.58829,79.88212,8.463902
-58.36071,-2.351075,10.99235,-27.39296,-41.22935,-4.072778,-2.349367,3.025338,11.44693,10.18566,13.25101,8.500286,92.98595,-14.63127
-56.02768,-7.313215,13.54721,-18.49765,-19.17225,-7.393305,-12.0818,-1.59513,6.196461,4.45592,0.9535434,14.01577,91.15578,-8.243683
-59.8674,-0.1260629,1.00408,-22.17015,-6.246224,-2.548732,-3.499394,1.998313,13.11502,9.118321,9.302253,-5.09988,88.00877,-22.9889
-42.67675,-6.904539,19.71343,-12.83484,-16.75417,-13.22719,-11.84596,-8.190948,4.181092,0.9187719,1.120063,9.117827,80.17735,-2.794139
-37.14773,-19.82201,61.1855,-10.92117,-25.02741,-16.1193,-20.40385,-16.39463,-2.612949,-1.474082,0.9709619,13.57246,69.9622,4.232006
-55.59026,-13.87228,56.94757,-21.13153,-11.15739,-8.397176,-9.428923,-5.023427,17.25442,6.636651,9.943632,-7.174056,64.64112,-23.64838
-33.07828,-13.8501,53.87299,-10.86103,-9.195007,-10.61234,-15.45168,-13.14899,8.965293,6.84817,-2.152093,-1.837307,45.39819,-4.897825
-30.53604,-9.796962,40.78075,-4.219325,-6.49845,-4.912503,-9.992773,-9.772171,4.885306,0.5410641,-0.1893508,-3.386559,40.35656,-7.259555
-25.32594,-3.18428,2.313774,-0.6985358,-3.597079,3.844846,-2.172636,-0.3286578,10.31603,0.2090479,2.291233,-3.027894,28.969,-9.608902
-18.64576,-4.344519,-4.611804,10.15591,-12.84601,2.569007,-9.748157,-5.317277,10.15456,12.5846,2.593892,-5.780141,26.13973,-2.904029
-33.88542,5.978073,-8.454597,6.395706,-26.53293,2.627151,-0.3757305,4.001431,17.20377,16.31303,8.075752,1.624608,17.72371,-10.69454
-15.1787,0.4829639,1.661936,6.93809,-38.73779,-2.603327,-7.238797,-0.8111775,12.22048,14.37013,8.027845,9.528379,8.246258,3.09371
-6.439445,-2.058683,-10.36557,7.656585,-35.06648,1.321083,-6.739325,1.09264,10.64034,7.780011,8.717616,7.797321,11.8367,3.8272
-12.32846,-1.288404,-2.707109,14.8288,-32.12511,6.000744,-4.111157,1.755971,8.170169,6.857438,6.878029,2.671095,7.792926,-2.394924
-23.0938,5.443135,87.60187,1.925599,-39.72665,2.870707,2.389235,5.87704,5.93561,4.349409,0.9947562,-17.27941,-7.770682,-29.51681
-30.57381,6.353008,96.85008,-5.324371,-51.8128,3.746999,4.680604,7.559693,9.178425,1.219011,4.629152,-9.994403,-6.877023,-29.63456
-18.30644,2.906351,81.91727,2.607399,-33.93969,4.696259,-0.4597329,1.899285,9.905316,-5.330411,-1.871519,-13.37362,-8.36199,-22.28848
-5.12733,5.879975,82.89057,4.46622,-28.80334,4.27801,0.4740644,6.483024,4.796201,-10.46422,-1.350743,-14.36552,-25.18361,-23.97331
10.16067,-1.475422,19.4576,-2.508614,-40.46766,-1.95226,-3.944626,0.4095191,7.917836,-1.662648,-3.403846,5.05423,6.220542,6.194681
5.696418,0.9755805,-84.20749,-15.61087,-36.67924,-2.224935,1.727255,1.792876,19.67565,15.171,7.167671,24.00352,35.70437,26.8082
8.375012,-4.029436,-89.63631,-14.73997,-29.12221,-6.72473,-2.049539,-4.622416,9.301807,16.58579,6.670105,35.31231,34.65229,40.02731
12.92948,-1.756431,-60.20827,-19.47204,-16.6095,-5.132417,0.6977187,-2.236595,4.434808,6.156355,5.23428,27.83069,17.4375,30.69442
6.985429,-3.096423,-60.23554,-12.68319,11.83545,-2.37312,4.16277,-3.977173,7.417456,1.78973,8.166645,14.53951,7.514156,19.9543
7.672071,0.4133928,-64.68973,-20.61929,13.40599,-0.7792233,1.599062,-1.715493,6.464134,0.850418,6.817242,20.75675,6.923588,22.90109
6.146164,-0.8977278,-65.7151,-15.571,14.7628,-1.209823,-0.9974736,1.763775,9.469178,5.720369,10.21316,16.36842,3.8161,16.13116
5.470032,-6.610819,-49.41438,-9.267043,33.37667,-4.788224,-1.780363,-4.879708,11.81145,12.67308,0.2489078,0.916167,1.22716,11.01706
8.915915,-5.189267,-55.24363,-7.145819,23.30905,-4.281586,-1.645299,-4.032419,3.206181,8.799016,6.56917,14.66307,-7.514882,19.5905
17.58933,-7.102175,-56.92048,-1.829164,32.65591,-5.298299,-5.344602,-10.14301,4.71051,7.801207,1.015321,5.744919,-5.365399,22.48592
5.813041,-1.183092,-44.98141,-1.673918,42.20166,3.662091,-4.911984,-0.3494331,7.856028,-0.3058606,5.862115,-2.337492,-12.27766,2.625911
20.69665,-4.642935,-42.75895,5.096429,31.02091,4.676486,-1.531804,-2.574918,-1.538996,-6.276854,7.049202,-1.144416,-17.79246,9.72165
31.66125,-11.63428,-26.5601,6.142829,20.69674,-3.063832,-4.110043,-12.39067,-0.2133446,-3.203823,-1.293886,4.662806,-25.52077,24.82711
28.95035,-14.52888,40.43497,-2.563085,16.99981,-3.261792,-7.404675,-15.4681,-6.24701,-14.19096,-3.000582,-2.926569,-31.79301,14.99951
26.27798,-11.43494,48.80774,-7.328178,11.54414,-3.150127,-5.198745,-12.62031,-5.086104,-13.80068,1.013505,-4.351388,-34.71009,10.03718
19.73501,0.7003827,40.04672,-0.1615164,9.999981,1.446693,3.729801,-0.1586447,-1.000128,-15.22135,5.09923,-12.97432,-43.28711,-7.954744
28.3285,-2.786891,39.65161,-0.4713783,12.9955,6.173373,3.118244,0.4496834,-5.019938,-7.873945,2.752619,-22.42433,-44.94998,-9.943075
25.2579,-1.211448,38.01702,5.850996,9.846526,5.314245,7.811389,-0.934097,-4.406782,-7.095432,-0.7719266,-18.81959,-51.81157,-7.04724
34.08494,9.21013,48.794,6.94019,-11.37952,0.7950347,7.947455,5.005188,-16.52334,-15.75162,3.099415,-10.76412,-55.09534,-6.362411
19.55881,12.28696,52.28104,7.043508,-15.37996,1.23043,13.20471,14.87259,-6.359795,-6.928152,-0.4671679,-16.26716,-52.71992,-22.35588
8.563191,13.46606,56.73931,6.953246,1.023809,2.890386,15.86764,11.8484,-5.049188,-4.057267,2.752506,-24.15654,-57.8368,-29.00475
7.717105,11.55953,49.63185,6.464942,13.60716,5.291627,3.745863,9.033856,-9.443324,-6.307292,5.359519,-21.94831,-48.97386,-25.73866
5.749606,2.213301,51.70015,11.73705,35.14043,-2.557472,0.5930985,2.275492,-15.71211,-10.81302,-4.994729,-10.54231,-49.217,-15.57248
4.352682,2.893556,44.91695,19.27105,51.45644,-0.4019008,4.60878,5.694315,-13.6307,-9.630408,-6.436254,-20.96143,-56.59488,-25.53819
-0.457973,3.894426,44.9592,16.29424,58.1173,7.423521,4.90561,8.888099,-11.6553,-13.15857,-11.57272,-23.12811,-54.10494,-30.40477
10.46104,1.582867,51.0681,31.11287,66.43976,3.090522,4.657988,4.189062,-14.48202,-15.03879,-11.13464,-37.89447,-60.02908,-34.02322
9.666278,0.3592585,28.22823,13.53352,35.42415,2.120076,-2.968139,-0.162606,-15.53105,-9.489838,-2.593887,-11.42798,-37.33678,-9.821227
2.43124,-10.63545,21.00373,7.984848,33.23679,-8.480577,-6.229321,-11.3483,-13.67406,-5.702336,-5.965471,3.460999,-13.67202,7.589918
7.900158,-5.139019,21.28201,15.65551,30.10006,-2.816847,1.560087,-3.683117,-15.39627,-3.079222,-11.73096,-11.53259,-18.02767,-5.092147
4.791052,-0.9596153,19.09647,11.54682,7.951461,1.108619,-1.136438,2.389978,-22.76846,-2.518277,-3.341183,3.931469,-18.90229,-1.189609
5.747228,-0.5174342,20.21268,24.66127,0.832889,-2.765355,-0.3074554,-2.574499,-12.14141,3.475764,-12.07372,-2.761677,-22.16672,0.3784496
8.861703,2.69004,7.515878,29.87063,-12.15337,0.6528402,1.556792,-1.719712,-18.53743,7.069958,-11.65315,7.011773,-30.21376,9.047808
12.65148,-1.557384,8.238652,28.99193,-15.97971,1.3428,2.998179,-4.958077,-8.219247,10.28512,-5.65886,-9.804952,-21.46982,3.139888
6.83669,4.959459,1.477443,21.97197,-14.63057,6.054415,5.901284,7.344139,0.1905295,8.806031,-7.042614,-13.62994,-17.44201,-10.79683
11.86808,0.1259956,-0.05732724,32.11552,10.86176,-0.8092642,0.7487366,2.683568,-9.435893,4.409837,-14.20709,-10.12269,-22.90434,-5.276906
12.8848,0.5696788,-0.6249975,33.51674,16.61324,3.708273,4.191259,-3.373765,-13.43461,-4.861305,-13.3864,-10.73912,-24.76331,-0.3004909
6.951009,5.780544,-5.785021,32.75749,26.47927,8.438083,7.088049,6.121987,-12.34234,-3.108371,-15.2608,-12.8975,-32.8865,-11.33591
5.806335,-7.961777,-12.13174,0.5792139,21.20379,-2.316177,-1.535315,-6.261779,0.2010268,4.778987,-12.06905,-3.594074,6.29575,7.004807
-26.49389,-0.1859504,-29.79076,-27.77982,-2.966469,4.126466,8.868876,2.393319,3.813873,6.10415,1.948391,14.08088,42.16287,3.718084
-37.39977,6.075811,-20.83246,-27.50712,-14.30005,8.308448,13.12531,5.467158,12.45082,16.48268,-0.3884423,5.51954,39.09878,-6.100697
-31.22219,3.156962,-13.7128,-23.29606,-2.137739,0.8613726,4.963267,6.266147,18.15521,16.29584,2.737653,-2.565971,33.50025,-13.00193
-26.8413,1.514088,-13.06629,-24.79732,-5.536588,4.137601,1.909037,2.023248,11.82297,5.583457,-2.229656,12.49071,31.59169,1.398367
-25.66768,9.174591,-8.379705,-17.2167,-9.670968,7.815891,5.586382,6.51487,3.710619,0.5934143,1.607753,6.666832,25.98695,-6.722243
-23.91062,6.972989,-6.009295,-1.165562,8.966432,1.567784,4.329287,6.819234,9.538001,-7.101731,-3.905616,-3.990301,24.03277,-16.14337
-13.21733,6.823,4.108453,1.76917,-2.519004,5.869378,3.176617,4.440154,7.080589,-2.185955,-9.697935,-4.233492,8.122174,-9.535813
-9.506182,14.61306,6.864886,3.947365,1.482042,7.747036,5.947313,13.09415,-1.536197,-9.35102,-4.65184,-11.86713,5.560984,-22.34445
-17.9516,16.86925,-9.490467,6.581068,6.086782,12.95286,12.01329,18.83961,3.184457,-7.278357,-6.561524,-12.73319,6.024969,-28.53713
-16.85937,9.912407,-0.5504967,21.09484,17.77384,11.86332,2.874592,8.643901,0.2737307,-5.083169,-5.977018,-13.77726,-8.050996,-22.13831
-6.404882,12.87268,20.1385,27.06173,18.88627,12.68009,1.970967,8.091394,6.433103,-13.96179,-10.98703,-27.78153,-19.62357,-29.37592
-1.394479,4.079219,11.07506,19.14271,13.65564,6.167511,-0.2196952,0.2379662,3.84483,-11.31913,-12.97863,-13.94483,-7.423334,-10.92283
-5.349873,-17.77006,3.956097,-2.81069,-4.820298,-8.823286,-22.50915,-18.98217,-3.178238,-6.515803,-6.918709,26.2732,37.43277,30.0162
-17.42969,-22.57215,-4.097031,-16.337,-25.51988,-16.70518,-25.43286,-17.86656,-0.297938,6.004365,1.730602,38.40621,65.80949,34.30759
-38.22317,-21.20582,-24.87111,-35.74383,-42.51134,-17.0465,-21.34105,-19.73073,5.621516,18.11709,18.8431,41.66357,101.3579,35.0703
-28.37426,-16.35909,-27.34579,-35.54965,-50.23195,-14.08542,-18.92212,-15.83414,2.615412,16.16973,19.09523,39.15014,95.5081,34.16378
-8.464599,-20.05504,-18.17609,-25.29821,-50.71245,-8.339575,-17.17496,-18.52453,-4.982403,1.722903,10.98799,41.58878,74.29305,43.13512
-6.074692,-27.86674,-20.56777,-26.6887,-63.1088,-22.21833,-31.43883,-26.17659,5.729489,32.22813,13.47292,44.96418,73.14858,54.59714
2.554644,-18.08239,-14.57822,-14.079,-67.05058,-18.62029,-23.59276,-14.46203,6.35802,38.88306,10.17554,26.98145,49.14676,36.36576
1.176912,-10.22984,-19.32154,-11.94502,-68.65862,-3.719029,-17.35859,-10.03026,11.57322,37.56376,12.25468,14.13604,38.25824,26.30005
12.96152,-6.706619,-17.94137,-14.90393,-70.25278,-8.309243,-23.81929,-10.5253,13.66256,45.88739,8.223291,10.49586,31.98514,29.24276
3.268965,-5.023777,-6.952797,-7.843277,-46.12847,-1.583979,-11.77003,-6.761352,9.497339,33.56996,6.774396,0.5295313,18.7605,13.66299
11.4401,-6.849097,-4.354584,13.33565,-16.18859,-3.345306,-23.20127,-10.54966,-0.7043775,28.03616,0.01060159,-9.255252,11.06438,10.56124
15.61215,10.13677,1.147297,12.76545,-13.6334,8.876762,-8.649508,4.708525,-5.55918,13.74507,-0.03334299,-21.9615,-7.331298,-9.823784
19.96664,4.856147,3.447671,9.627794,-12.50935,8.377402,-3.681637,2.489241,-7.57408,5.673589,-3.183609,-11.57893,-15.03396,-0.8769174
29.63337,1.891772,3.52083,1.855039,-10.34652,7.66171,-8.070174,-1.045169,-4.838859,10.0631,-3.082002,-9.765157,-24.56662,7.088681
23.57477,14.28005,1.952513,4.122498,-6.240055,13.57538,0.8393396,11.09744,-1.298425,10.30428,3.076608,-25.37209,-34.64308,-15.26922
27.00273,17.4974,1.804324,14.28652,-7.344632,15.18007,7.355605,13.79492,-3.616782,0.7269819,3.305123,-24.78709,-47.7159,-17.48924
30.62652,2.27825,2.865367,9.162377,2.363837,2.701544,-0.3833314,-1.287127,-12.05589,-7.177026,3.159005,-5.135442,-33.53764,6.419563
30.02756,-13.80632,-5.618436,-12.11714,-2.87183,-15.87094,-8.973742,-15.84549,-10.39894,-3.470391,4.670272,14.47557,8.262595,31.53722
2.70783,-12.52958,-12.41192,-19.21527,-2.518136,-13.1561,-7.333455,-16.45862,9.576647,15.76882,9.767007,7.887518,15.91113,22.00413
-0.004345824,-8.086203,-18.43791,-15.65039,31.07717,-14.01285,-8.480289,-10.59289,5.906655,26.00907,2.323857,-1.710208,1.456538,10.20178
4.652202,2.556333,-16.78306,-9.713903,56.81793,-3.85937,10.02523,-0.952,-3.330638,6.814844,3.750658,-17.89452,-22.93633,-9.147368
8.381524,0.0846388,-11.88052,-5.929104,60.09671,-3.263288,3.946111,0.1000192,0.3516923,1.541037,6.713367,-17.65629,-31.65257,-10.83332
17.00277,-14.27702,1.936053,-0.986609,67.38425,-9.498519,-0.9160036,-8.276299,-12.42402,-10.1274,-4.075235,-0.1819533,-32.48037,6.920356
13.74724,-10.41931,16.45532,0.03722238,88.60921,-5.043956,8.896639,-5.667956,-15.54246,-21.39884,-4.264402,-9.776936,-50.22046,-5.411308
19.72017,-10.44222,18.006,4.755572,85.30901,-4.711161,11.51338,-9.715557,-8.93295,-19.71653,-9.636994,-13.60618,-61.1236,-1.418951
26.19441,-16.64791,23.89112,4.46874,72.36019,1.389625,15.50523,-7.105767,-8.456878,-22.32265,-5.204137,-16.97838,-63.31668,-3.77694
19.61631,-8.352227,25.81106,9.568072,59.38005,8.308419,16.74025,1.12291,-1.61385,-14.57044,-5.755187,-28.6756,-63.11381,-18.46597
31.86063,-14.63012,35.69148,30.75617,43.68475,-2.990557,1.432495,-14.04374,-14.67106,-21.55544,-11.04002,-17.27964,-50.61755,3.402597
31.42712,7.074455,31.67655,27.85822,29.80054,16.5272,23.64783,10.08394,-13.28634,-37.63006,0.7346886,-29.57631,-73.39588,-24.94196
29.68162,1.132714,29.83341,26.52921,22.26222,10.3978,10.61412,-2.670952,-18.61002,-37.90422,-2.481025,-12.36017,-53.16389,-3.26081
15.4069,-20.65696,11.84176,-3.551065,4.082081,-11.85117,-8.922034,-18.39937,-12.30932,-21.10056,2.998325,23.09237,9.148474,30.22054
5.518126,-24.26554,3.221483,-17.17849,4.557426,-16.96396,-24.47664,-31.75488,-0.1294437,-8.640052,9.967026,20.00979,41.21442,38.9207
2.870355,-23.36568,16.2485,-16.52015,16.73763,-12.43183,-25.49316,-28.01705,-8.671802,-16.27612,13.50009,15.57359,36.61414,29.23147
-10.25892,-0.9358257,2.51259,-18.46214,7.930704,2.242599,-2.441265,-1.407943,-8.960304,-23.03336,11.84755,23.23877,8.928258,8.799303
-4.968005,1.745295,10.52108,-1.029236,6.002082,1.760436,-4.221604,-1.009114,-5.175446,-33.32764,13.96996,9.826059,6.831481,-0.9253331
-6.935718,4.783904,1.962371,-8.747608,5.308827,-5.089411,-0.2295994,4.472396,15.23339,-15.69811,16.66236,3.467734,-6.597826,-8.592704
-3.326084,8.245192,0.3163043,-7.065571,-10.56216,-6.729898,-0.8592187,1.814797,20.15166,3.709836,18.67247,-2.804847,-15.46085,-6.101621
-7.85026,23.53513,7.427951,-2.45166,-35.02735,1.56735,11.35658,19.87689,17.37291,-0.8476374,21.54348,-4.563108,-27.6147,-24.32554
-17.17362,27.20675,0.185026,-5.145537,-27.14282,9.174932,11.56499,22.20697,18.05313,8.152801,20.65598,-7.56093,-31.32423,-28.85342
-15.93184,30.54424,-0.4352574,-5.670852,-29.96047,14.4784,8.419292,23.62911,8.87161,2.848959,15.37791,-2.243476,-24.44844,-25.47917
-9.37776,35.0492,12.83663,8.529971,-25.14047,17.1823,11.38599,30.42464,6.64493,-3.351483,4.334501,-11.75881,-39.94291,-36.81668
-15.46018,37.81199,14.41591,9.168374,-16.01898,16.80025,14.68678,34.77563,5.546579,-3.76695,7.690239,-13.94982,-46.41634,-45.28343
-19.26815,46.16712,6.313472,8.68236,-21.93767,25.32049,21.08682,38.44787,-2.72183,-11.3142,12.98303,-5.332475,-54.88857,-43.53822
-8.811577,41.89806,14.04446,21.23245,-17.60312,25.86096,18.35022,35.85011,-4.202606,-15.29497,5.11448,-12.74702,-60.15135,-43.54007
-15.04075,49.8046,10.29601,15.26441,-8.952496,36.52093,26.20797,43.34072,-1.579699,-15.20997,2.889726,-14.83854,-76.92879,-51.77408
-29.0024,52.22741,0.5250991,19.79833,26.65662,43.10677,31.79972,44.14819,0.4859823,-11.54905,7.484116,-30.36418,-88.45205,-66.86451
-28.41923,37.02851,-15.79641,1.566173,26.36361,29.37386,25.87967,34.58733,-1.687696,-17.01485,10.01324,-13.47373,-40.79072,-47.62973
-39.2773,26.06683,-32.37548,-24.62934,30.51642,15.28773,17.40675,22.90234,6.293371,-9.508182,12.16569,6.653556,-4.751196,-26.75116
-44.25378,17.17158,-42.38979,-32.0326,64.3123,8.274899,17.8178,19.09266,23.95529,4.587479,9.713231,0.2609323,-17.75635,-28.75363
-27.31748,19.87043,-32.77222,-23.81446,56.54,12.33245,29.35481,26.43734,26.92387,-3.710895,8.877376,0.8357185,-62.46775,-31.08916
-18.27266,24.21547,-29.37037,-11.78858,45.80037,11.90793,37.2486,32.59747,11.14282,-6.008665,8.691621,2.749249,-75.78455,-33.12868
-26.00763,31.72015,-23.72729,-7.223513,60.07027,21.58404,48.76942,37.46511,10.91336,-23.39445,3.009431,-4.347305,-83.21352,-45.61803
-40.61743,34.74099,-24.51695,-17.87238,60.97628,21.55045,47.52591,36.71407,19.47336,-11.44328,7.380182,-11.78772,-69.47878,-52.64467
-39.39421,30.87879,-23.60521,-27.73559,41.99795,16.95455,43.42321,35.82174,21.52069,-4.062344,9.863345,-10.33423,-46.20192,-49.12674
-30.99695,22.82425,-15.11187,-30.11721,28.91609,12.19895,40.78618,29.86126,23.77362,-12.53431,9.357042,-1.538392,-40.20161,-37.21703
-29.26017,23.98716,-11.6524,-31.58348,6.242134,17.44924,40.37824,27.99523,33.86514,-0.1187153,5.898994,-8.831789,-38.42833,-35.94123
-25.89774,25.59045,-14.36197,-21.20707,-10.2427,22.38245,36.00904,31.93249,34.33907,0.2668485,-3.233272,1.679851,-47.11239,-30.14505
-15.34101,18.62346,-11.16127,-16.37341,-26.49322,15.57197,33.96693,27.78399,38.41711,-0.1189352,-0.6694443,-7.241556,-27.85927,-29.10532
-9.994565,20.66756,-6.708548,-19.58649,-51.81767,20.70112,35.73527,26.05069,35.17976,-2.431916,-5.974008,0.7420796,-23.94376,-18.61952
3.253382,18.64754,4.989564,-17.56043,-63.90726,16.40586,31.32248,26.39095,34.62146,-7.891826,-3.95968,-2.262831,-21.56232,-18.48686
2.261995,16.79501,0.6082076,-0.613945,-83.08838,8.775279,31.9324,21.11452,34.98019,-7.419745,-5.174255,-0.1194081,-7.339962,-12.71188
4.434466,16.18722,-2.981489,-8.830589,-106.7692,9.31067,16.05254,20.09785,28.85596,6.647077,-4.731903,9.518771,14.02673,-1.818068
16.26053,9.18505,-5.408859,10.94417,-133.0433,7.769662,11.24038,12.15035,33.18449,4.298669,-9.13781,8.473041,24.80674,9.276938
26.09894,1.37969,-6.022527,46.03104,-141.5688,3.798922,4.081689,2.987546,36.55008,7.345221,-16.00159,-2.479877,24.55993,13.23974
38.68551,0.3805642,1.537152,49.97346,-138.5563,-3.388918,-2.172473,3.220575,30.73083,0.9509795,-19.46032,-1.634662,24.54203,15.19154
27.58897,-10.61882,-22.86126,40.1274,-149.1328,-7.835235,-5.532197,-4.355613,32.41293,6.462318,-15.24965,19.66722,54.95255,34.3742
12.6541,-37.73267,-53.77286,8.640011,-144.586,-26.21304,-29.91103,-32.83894,46.5798,26.82821,-10.16224,33.36321,139.5867,67.56471
4.48537,-50.54362,-71.78786,-3.602858,-139.4001,-40.61647,-41.8889,-45.42445,50.05872,43.79413,-18.76513,54.52073,167.1419,92.0285
5.776713,-51.92452,-64.87041,2.060553,-115.0132,-51.26585,-46.69396,-46.91938,53.9886,49.94007,-10.81136,32.40028,166.847,76.48551
9.15755,-62.56065,-61.74603,11.71906,-76.97905,-52.66577,-59.16677,-60.52998,57.68557,24.3216,-28.65112,33.33989,179.5116,86.56408
7.88418,-71.37511,-77.31586,-1.717269,-66.48278,-58.20065,-72.18303,-71.76531,69.45059,48.03181,-25.29475,35.95597,182.2308,100.7813
-7.378904,-62.23271,-69.14464,8.224846,-21.94993,-51.16591,-58.85677,-66.83749,70.30431,40.59333,-22.80554,3.617087,169.365,68.26723
6.593473,-75.45873,-30.95947,20.09437,19.02682,-63.89937,-79.71768,-81.28093,43.2758,-1.830779,-31.30316,16.78506,176.9274,81.74709
-0.3141545,-79.04551,-34.34883,14.03387,67.16126,-76.44053,-89.33083,-86.55273,48.10594,8.617325,-36.66349,4.232589,185.782,74.76302
-14.27377,-77.16177,-38.99759,13.09513,133.7327,-72.47014,-85.17556,-77.3467,47.90779,-8.91702,-33.4962,-10.58789,175.8551,47.83588
-12.30974,-71.61409,-37.24097,-4.908432,162.4924,-73.48141,-82.01654,-67.71561,62.70287,-27.16756,-43.05316,-4.175162,156.9796,41.50764
-2.530583,-89.51815,-26.06264,-0.1292228,172.5546,-85.79218,-78.27729,-81.85377,48.64273,-27.43102,-47.35366,-0.06276868,160.7292,57.08471
0.6807521,-74.43452,-14.62159,-6.311733,143.3745,-73.72482,-67.53785,-70.35944,4.358614,-4.733576,-39.0828,-2.629397,154.3725,50.64923
-10.43019,-39.08649,3.656335,7.435642,113.8541,-48.0617,-48.2739,-32.30133,0.7199506,-12.01955,-30.5455,-17.66566,108.8168,3.901424
-0.02312049,-51.52354,8.040108,8.749354,120.0036,-43.46809,-57.99139,-39.73661,5.500139,-26.00398,-25.08965,-4.550539,87.20222,18.89144
13.14572,-49.91322,27.33258,1.244021,140.5631,-39.57827,-47.75371,-42.48511,3.916652,-42.28849,-33.10227,-15.396,67.78238,16.53259
13.7652,-54.14202,38.92842,6.059632,118.5205,-33.29062,-35.27599,-43.279,14.47614,-59.04165,-25.89735,-6.131037,44.43671,20.87099
0.8569366,-67.18398,14.42843,-15.07199,100.9681,-34.10749,-34.05262,-52.85321,51.54652,-48.97789,-14.73598,2.996082,61.288,34.89902
-18.40965,-46.57288,-5.278448,-32.86866,84.45958,-13.61346,-10.71027,-29.55902,66.37724,-56.81859,2.90932,-1.100623,52.23559,8.949828
-13.75963,-46.89435,-13.44405,-25.84929,48.14904,-9.684407,0.7177928,-25.93612,90.13202,-51.35257,1.194969,-2.013388,38.57019,10.16976
-6.342093,-34.51342,5.747795,-13.57562,18.64057,-8.598022,6.045781,-21.12901,114.8425,-60.19033,-3.180544,-13.69494,15.996,-0.04872282
-7.776868,-5.736755,4.285573,-15.51282,-50.52952,5.445842,6.137249,-2.969051,91.34415,-41.10925,5.846051,-0.8150603,13.32285,-1.932396
22.06024,-14.72815,20.38671,3.732507,-69.67256,-8.063164,-15.36468,-11.55312,74.93447,-28.11375,9.973163,1.27143,1.19901,13.93788
15.108,-7.699222,16.71191,-1.648605,-62.87434,-14.39552,-22.04049,-1.533379,158.4414,-55.47478,7.61135,-2.529882,-25.65048,-4.02599
1.190682,-10.35475,9.028012,-7.895208,-96.57247,-18.2416,-19.10143,-3.913183,212.5309,-54.31632,6.267008,0.6757098,-17.24525,-2.052158
11.67283,-1.82786,14.02007,0.7178714,-88.37321,-3.841477,-3.445728,7.255869,125.9979,-25.77671,2.467765,-9.017689,-20.06728,-9.782354
18.34731,-2.471181,11.56941,7.178924,-54.45037,-9.133232,-6.274097,11.09169,56.32972,-19.66879,7.191814,8.21581,-24.89241,-3.034598
0.07487342,2.579433,14.10599,-4.360325,-30.7444,-7.760044,-9.656045,11.16891,122.0169,-32.67979,4.582142,-3.709442,-46.89837,-18.71984
-30.35647,12.64105,-3.859753,-7.411503,-46.99606,7.92918,-5.202827,23.73847,283.0028,-65.2449,-7.070631,-36.43071,-66.29402,-58.44466
-36.0197,-1.198288,-15.27572,-30.65818,-45.78105,10.24789,-14.7143,14.62477,413.1874,-112.4837,-18.74027,-35.09267,-74.39793,-53.69827
-44.77464,8.333665,-17.61948,-56.00125,-30.61667,18.74383,-7.732449,23.02649,468.3501,-142.5485,-20.4975,-47.24019,-78.66312,-72.76029
-43.96504,6.094395,-49.84602,-40.35283,-36.99493,7.896454,-18.03242,21.13028,531.2016,-164.8987,-18.44081,-48.44761,-71.93776,-73.40659
-46.66924,-6.057139,25.3906,-48.66864,-59.51006,-0.3096124,-24.73437,18.74914,531.8126,-178.3092,-25.52498,-41.53111,-68.5436,-76.09435
-50.64467,-6.174137,106.2717,-54.90207,-83.1932,-4.335467,-23.40509,13.19298,565.2983,-196.7683,-38.02202,-58.40428,-78.72682,-90.1869
-36.03618,-16.47025,84.12663,-48.10976,-106.4566,-11.42219,-30.16238,4.952867,488.3412,-166.2741,-30.85656,-26.47861,-51.63231,-53.52164
-36.29562,-6.908336,86.32282,-39.1161,-102.0713,-6.471087,-13.77975,24.81531,352.1537,-127.5982,-10.33609,-17.19455,-40.06412,-63.45661
-17.60513,-12.98398,93.80246,-29.50184,-106.3759,-8.32779,-19.02016,13.66675,311.3218,-116.0611,-16.25666,-9.546093,-41.45567,-41.65675
-10.17608,-17.23894,75.75238,-28.05574,-98.89527,-12.61139,-22.48417,14.63406,281.3446,-91.91828,-10.29159,-9.918766,-32.54932,-37.59146
-20.83987,15.72625,25.90587,-31.33036,-85.75055,4.987678,1.530589,43.52999,255.2677,-83.61893,-0.6664482,-12.49118,-50.7042,-61.54654
-13.32582,2.599634,28.94658,-17.91188,-79.54922,1.076814,-4.167619,35.39111,180.8288,-58.9347,1.523423,8.022742,-45.81719,-38.68269
0.0796709,13.32432,41.96996,-5.29885,-48.01031,6.560589,5.395958,42.31847,62.89379,-23.66609,-8.210081,4.317529,-51.86967,-39.80527
6.544707,25.18499,49.24737,4.161539,-9.685334,27.18855,17.84704,49.38827,-190.5666,61.45795,11.30694,26.1177,-55.53536,-22.65778
44.37682,30.43948,86.00488,42.10846,46.91627,33.98132,24.97742,49.14606,-596.3208,173.3245,37.39535,52.13554,-34.53857,10.05321
60.8236,49.79324,110.2312,60.78733,70.27534,52.29433,48.9376,55.95314,-837.6893,248.2269,48.64052,54.17313,-39.98838,17.5414
63.2992,61.70082,108.1601,67.58562,77.81742,68.21306,63.11132,57.62485,-1006.499,314.9023,65.02393,64.16541,-36.59067,31.48573
78.02971,72.42542,119.4339,85.11123,94.9594,69.34718,68.66383,58.93642,-1150.224,351.3046,69.79463,68.73637,-26.47315,39.95464
65.42155,83.29379,103.8108,72.68776,95.48525,82.2857,82.32852,60.93536,-1154.629,349.8937,79.85519,66.05385,-23.16591,35.74329
48.939,72.41293,91.59107,48.58467,82.60181,69.73634,68.55651,47.52695,-955.916,303.3703,67.59685,50.53883,-25.13116,29.59185
33.5659,59.1514,79.66527,43.16057,78.48942,54.13275,62.65897,39.17705,-761.3486,241.5753,56.44039,36.24622,-39.01305,16.09852
11.90799,59.22917,70.85419,40.20227,68.89336,54.79934,63.05225,38.01252,-619.0741,185.7699,46.36226,24.68122,-43.60907,-1.081181
-0.2518882,38.22251,67.52817,39.9321,63.4972,35.60738,45.25063,24.32404,-460.6259,149.3199,35.41346,10.61413,-41.42381,-7.407834
1.569975,39.95248,70.92075,31.90545,53.18969,41.40874,46.08057,17.28493,-461.99,137.724,34.38174,23.74977,-44.25755,8.079519
8.756305,29.98977,86.33035,48.9346,51.67521,32.26865,28.62847,2.86598,-444.949,128.1645,35.21665,17.38521,-39.92374,14.65716
8.119349,27.71053,82.766,50.01403,45.95041,28.47881,31.17257,2.317609,-439.4083,133.4699,37.81818,15.98173,-38.87024,14.47948
-1.268168,36.64149,81.28275,54.91763,49.82441,33.24406,39.05843,10.04033,-403.5155,111.8651,34.52258,6.239945,-49.61174,-3.24134
8.068656,27.95328,82.18213,73.90758,74.16444,30.42719,37.07555,6.739228,-366.1844,92.74831,26.88334,-13.03774,-67.50481,-13.42273
2.059332,40.80925,72.38799,63.98465,69.21284,35.94699,44.34318,14.53111,-340.9642,89.20641,25.58698,-19.14108,-74.24892,-23.71451
5.030612,34.07451,66.77154,66.97618,71.325,33.72908,36.80795,2.356528,-338.3243,80.1074,30.53791,-13.60553,-65.98113,-9.80574
7.137175,26.57133,63.69279,60.40976,82.0825,31.25976,38.957,0.3064407,-318.8274,67.34956,27.35727,-15.09117,-61.62083,-9.584188
4.691418,31.65748,57.88461,57.51357,83.46054,31.69712,43.4772,5.965124,-297.0991,62.374,23.13178,-23.36781,-61.52172,-19.86423
0.6293207,26.83557,42.92192,59.91696,74.56435,27.89426,35.641,-1.693632,-281.2935,64.08508,31.71674,-16.90993,-54.37408,-9.934062
6.022956,27.08365,35.26093,60.97085,51.64432,26.9557,44.43185,0.1196821,-255.345,44.9662,27.39755,-11.79256,-51.3207,-6.395432
19.39783,24.33039,34.07282,73.0774,38.67139,26.32548,35.71373,-5.577056,-262.4325,44.55472,23.69927,-10.76857,-45.30784,4.242988
20.68269,24.06914,18.9992,69.8835,31.27162,22.27633,32.18361,-4.06146,-268.2216,54.9947,30.78594,-8.537617,-30.90015,6.574114
23.76308,21.24084,23.55679,65.98028,20.09684,24.97725,31.8382,-9.557043,-276.5564,46.85273,28.41666,0.7262028,-19.84614,18.51073
30.24169,17.98446,22.73486,70.60162,24.8564,20.13451,19.37872,-15.19196,-287.6107,56.34587,26.54688,-0.2625812,-11.02707,25.26738
37.65543,12.32142,17.80085,74.23555,22.51741,16.16949,20.47604,-20.01567,-303.3516,64.00378,24.33741,8.019054,-12.30155,38.13241
42.21622,13.97202,8.785623,67.72543,22.71965,20.65778,24.66342,-19.71758,-304.1674,67.49054,22.92735,2.298568,-8.098987,38.52736
38.36532,20.29354,1.218729,67.89652,10.99548,28.14779,29.88012,-14.52481,-320.8816,75.62988,26.54061,4.674351,-5.325631,37.08976
43.3146,18.7739,-2.592621,72.74104,-7.746347,22.27125,27.86768,-18.4229,-329.9407,87.38109,28.15887,6.13229,7.239399,44.82248
54.71304,16.13628,-7.265529,67.60345,-28.17766,19.1233,22.39431,-25.1907,-349.7072,89.86987,28.05343,21.50629,24.89863,66.04243
46.17183,17.51982,-25.72782,56.76947,-42.46479,25.3855,18.20951,-21.37798,-356.0064,94.53095,35.65607,36.72429,42.02982,72.57979
58.85995,18.88203,-37.21319,55.87583,-37.63534,26.97634,14.59068,-22.12766,-359.7572,104.775,28.43215,27.11579,46.41677,74.80885
68.58589,21.31935,-38.31037,50.72256,-35.30234,28.93243,11.87189,-27.48876,-369.7039,103.6721,25.13704,31.52128,42.47736,86.56544
64.41109,28.42987,-48.03728,37.23884,-33.97149,37.1157,22.05765,-18.63828,-389.2141,117.4212,27.95306,20.71858,59.45594,75.05919
56.80045,33.23717,-53.11838,23.01046,-27.53973,38.20619,27.12002,-19.10007,-390.3067,123.3501,28.14876,17.04071,70.23228,72.91879
76.73826,22.01159,-53.52219,28.20113,-33.82019,28.15438,18.85339,-27.8597,-420.0826,131.1707,24.95738,25.18485,87.57253,92.44052
65.77413,36.96215,-69.12431,23.7425,-23.74271,41.8518,39.80214,-11.40857,-428.5302,143.8161,28.68068,6.77804,78.14151,67.25689
68.00259,41.73046,-68.24117,31.29967,-6.242036,43.52747,42.92355,-6.21049,-458.1111,147.4377,24.80425,7.571044,68.02499,63.48301
71.31406,45.36303,-65.89773,20.95401,-5.400885,47.13964,52.79549,-6.579648,-443.3645,149.8292,15.2947,-8.41339,69.22686,57.73919
67.87636,57.62095,-65.07943,13.29935,23.89066,57.57483,67.54868,2.708173,-476.678,147.485,18.83403,-19.63774,62.98489,41.57227
60.95566,45.50288,-87.54817,-1.601106,7.347712,48.07912,50.32381,-16.46327,-337.359,121.7048,8.87046,-15.88067,57.20858,58.85927
-27.0313,-15.13715,-173.6787,-94.86252,-72.62157,-16.35749,-11.97309,-41.29455,858.52,-201.2467,-52.47477,-95.28615,-31.57564,-24.9804
-51.44052,-52.83921,-199.5651,-123.6085,-106.8426,-53.78706,-50.97253,-46.72676,1408.109,-405.5406,-94.20172,-101.7006,-66.76019,-54.12372
-55.58821,-50.91653,-194.942,-124.2656,-87.50524,-50.6013,-50.08499,-44.53738,1326.474,-396.5889,-85.54259,-84.06857,-54.53546,-47.29683
-51.19568,-73.79112,-190.0088,-121.0558,-85.54793,-68.83773,-67.84844,-60.57439,1319.77,-381.3459,-85.05367,-67.76669,-43.10791,-23.63615
-45.21803,-50.59026,-180.15,-109.5401,-77.90067,-51.44511,-49.26329,-39.98215,1189.639,-365.5739,-84.11784,-56.96408,-48.20201,-30.69168
-47.76662,-54.66067,-158.5644,-104.684,-61.19245,-59.61977,-59.89466,-36.98427,1140.884,-339.9684,-78.7153,-57.74568,-43.90723,-37.18058
-38.72963,-56.55358,-146.383,-109.5016,-55.44254,-64.20414,-61.55001,-40.87496,1029.399,-306.2806,-76.47971,-32.64308,-27.59693,-13.15939
-36.37524,-53.93253,-135.4098,-109.3309,-21.31712,-61.3313,-59.35461,-37.23318,943.9748,-288.4873,-71.23503,-27.38359,-29.35121,-13.23294
-45.72443,-50.44284,-119.8825,-105.0729,5.399751,-57.24663,-62.03012,-31.75212,845.058,-251.7993,-66.62051,-23.3955,-18.8514,-17.63953
-47.15388,-40.672,-108.3738,-110.3852,19.38255,-45.86386,-51.97466,-22.08438,774.9847,-238.4564,-62.11828,-27.46005,-12.08078,-27.74397
-36.85152,-44.94093,-93.54729,-95.73102,22.06598,-48.42793,-62.8634,-26.05065,689.667,-207.902,-63.69909,-23.17052,8.486161,-17.03489
-23.78814,-42.1455,-70.50581,-91.84392,30.60116,-47.98768,-64.8617,-20.21954,624.3255,-186.4805,-59.96319,-38.87559,19.82601,-28.08111
-32.41616,-37.69545,-60.16889,-94.08631,28.23989,-41.87562,-58.8062,-15.73734,560.0336,-158.8136,-49.16864,-26.78661,12.80149,-25.52014
-34.96764,-31.1568,-48.44788,-99.22195,35.97959,-36.6467,-54.01986,-13.32178,493.157,-145.9907,-46.05062,-13.30969,13.36169,-19.36473
-24.98752,-46.53313,-20.72329,-99.39059,57.30291,-45.67244,-60.23443,-21.17329,431.8293,-126.7514,-40.45596,-13.66643,23.18941,-12.73321
-27.08925,-38.71481,-18.93194,-90.56535,69.24757,-44.67498,-48.31182,-13.13443,359.4272,-112.2142,-40.32164,0.4452895,16.04356,-11.20514
-25.88564,-37.61224,-18.34468,-87.48981,90.65668,-46.33237,-53.08829,-15.36529,302.6855,-96.85851,-36.33891,7.167773,21.52985,-4.724075
-28.74799,-36.50851,-14.71092,-83.43929,84.10915,-43.03875,-52.02041,-16.68613,252.9028,-76.26381,-36.88034,20.70509,24.03932,6.539752
-31.31529,-27.26941,-5.536531,-73.20145,71.66415,-44.35455,-44.74787,-8.098516,207.0094,-63.13625,-28.03597,29.09949,15.13764,2.785158
-41.21244,-32.43221,-5.660984,-73.13201,73.65649,-37.0923,-37.19402,-2.313163,168.1262,-48.21054,-16.52636,40.33369,9.555779,2.101815
-46.153,-23.9741,1.779668,-73.13302,74.13892,-25.29604,-22.26223,6.084426,132.1336,-40.79298,-19.92863,37.80763,5.771041,-6.175271
-31.62087,-24.72973,13.63948,-64.74548,62.07725,-26.26792,-26.49082,0.5875317,89.4332,-29.14726,-18.93377,39.39961,11.79641,5.002379
-31.13446,-14.5098,13.26233,-57.73717,44.45655,-13.88907,-13.78979,8.813746,66.38788,-22.41699,-22.76428,38.95527,3.141913,1.223861
-47.37774,-4.483714,-0.5821179,-44.40654,11.31692,-7.077582,-7.631838,14.68964,51.74499,-7.996397,-8.654731,43.06777,10.66321,-3.271866
-70.73743,-0.4264483,-13.61379,-44.24948,9.100126,1.180532,-6.356441,19.27082,43.26498,15.12101,-2.458341,34.76242,30.79162,-15.64959
-68.48185,7.347662,-10.22809,-39.79509,10.13557,0.9181046,0.4871506,28.09503,21.58251,19.43498,-2.11802,35.78979,19.21078,-22.3785
-50.83006,9.528627,-4.879135,-42.9605,-8.010064,10.83708,1.237612,28.29758,-3.800206,18.77215,-1.003006,42.1325,11.69361,-11.01617
-54.61206,4.481292,0.2036553,-49.41121,-12.26562,6.498688,0.9681595,25.89267,-14.09784,36.4085,4.692649,43.96164,15.50299,-8.223521
-64.40012,7.380597,-1.484402,-48.72718,-7.039857,6.963854,10.64455,30.2967,-25.44347,43.38318,11.35105,38.95441,16.3911,-18.2704
-60.063,12.15692,12.01665,-35.08195,-11.81877,6.43929,12.04796,33.88007,-33.45221,38.76655,10.25921,34.37244,5.586771,-25.1099
-44.08137,5.205709,11.66841,-18.00838,-26.25834,-0.6583274,9.690933,25.4724,-52.0689,38.52131,5.515522,43.47009,8.648501,-7.117548
-31.46246,3.316677,11.61448,-5.058575,-31.2194,3.450958,10.54817,20.70824,-57.52037,41.01092,1.285714,32.77099,4.647562,-4.092895
-29.02211,9.405496,18.83158,5.518517,-41.31082,6.964637,3.885002,24.14627,-63.49123,51.40499,4.905801,23.73047,-3.391237,-11.57735
-46.89485,21.81231,6.639898,0.765369,-49.14879,13.41795,16.99703,34.85524,-54.74068,59.77723,8.720081,17.7271,-2.671231,-27.25663
-49.91803,20.08377,0.08709159,7.718649,-50.14853,9.702782,20.10918,37.05861,-51.04079,66.05268,15.31806,8.166765,3.04304,-36.23326
-47.78909,20.44829,-3.56632,8.719559,-46.5124,11.45256,18.52838,35.91832,-55.10859,67.43006,10.83777,7.623697,5.784696,-33.76691
-38.9894,26.75868,4.068686,4.552865,-54.14577,14.75588,23.02508,38.78016,-69.91476,54.49047,9.474032,17.0157,-1.42181,-28.44977
-38.60784,23.5321,5.515652,9.205111,-55.98435,12.01473,11.65056,36.90377,-74.49982,55.43425,21.69574,16.48108,5.761015,-29.10196
-36.73104,28.86128,4.487593,33.64502,-53.44075,17.71006,13.91478,36.85785,-73.87651,53.28756,10.98829,4.546706,-5.06854,-35.18226
-43.72113,39.746,5.394288,46.55154,-56.8013,24.61331,12.22275,38.91263,-71.28135,52.32317,13.61537,-1.951612,-16.35155,-43.27207
-49.72238,34.48952,1.381599,42.54083,-60.67099,22.29369,0.8126596,40.67368,-51.68779,59.06452,17.05033,-1.93905,-7.691475,-46.59511
-51.31304,34.06758,-3.591648,41.80274,-56.7953,16.87589,4.198216,37.55147,-54.54338,57.71488,21.79998,-1.954255,-0.7789362,-45.03416
-59.9886,33.7364,-8.619006,41.86669,-36.98354,11.2043,7.047482,38.32122,-43.89412,57.95809,25.452,-9.111302,-2.362607,-54.62698
-52.67943,24.99472,-9.907468,47.63971,-28.70128,10.46379,8.273479,34.06273,-52.59238,49.91392,18.86089,3.937495,-12.69972,-41.56643
-62.72363,16.54684,-19.60348,42.38246,-15.00602,12.20824,16.98651,29.39944,-58.31393,47.77786,25.72058,8.791348,-6.365935,-37.80027
-67.77558,7.284638,-23.39734,52.30029,6.043751,6.92657,20.2625,29.59671,-65.74153,50.79718,27.65166,-1.367237,5.142927,-47.72453
-62.19142,5.694659,-20.45434,52.48142,21.04552,10.52333,30.73585,25.83008,-82.46275,46.70866,27.12044,-10.65885,4.2123,-48.58491
-62.82378,3.535155,-22.50754,41.73821,15.45203,8.828249,35.09347,20.57296,-87.39364,45.5509,24.64391,6.773304,2.809509,-32.27275
-68.10574,9.310523,-22.8206,35.12944,31.62755,14.738,48.10879,36.18233,-90.83163,41.31491,23.71075,-2.387255,-2.18765,-53.78942
-61.26667,12.67488,-21.26676,22.11431,35.05499,18.62553,62.51463,39.31487,-85.70254,40.4905,17.06916,-13.75363,-6.555262,-59.314
-58.35723,17.22692,-14.81274,19.80737,34.14647,23.69699,51.80446,34.76917,-104.5158,28.30573,17.92436,0.6620542,-4.071336,-46.5864
-42.96844,8.266507,-12.77563,31.01343,28.05163,17.47721,22.65063,14.47472,-117.8996,28.03006,19.03409,10.37916,13.04314,-18.77696
-41.69911,26.50398,-15.75468,0.6086438,-2.847739,24.20984,29.06025,28.7845,-103.8811,29.6293,25.9904,10.14413,16.50949,-27.25785
-41.91293,30.46931,-21.25598,-66.44277,-4.189086,28.15831,32.90805,40.39545,-90.38175,35.56149,38.07153,14.23869,35.63936,-31.25963
5.705721,18.58291,-11.17362,-65.59274,-21.47876,9.049562,24.80117,26.82277,-96.36897,17.4142,24.64672,27.44477,38.41739,1.72889
82.13395,8.923478,20.70107,-72.45679,-47.5904,-3.285321,18.29612,18.90874,-110.7227,-8.083526,13.241,32.36219,15.10766,32.46454
144.5774,-4.528125,48.76677,-69.43412,-71.22341,-18.2422,16.31462,10.71525,-119.9522,-35.19597,2.129509,43.80263,-9.534889,61.8047
192.3723,-20.22095,76.06877,-30.64809,-89.49847,-35.60287,11.42498,0.01087001,-136.9505,-49.56712,-11.58951,46.42952,-34.57114,82.34219
219.971,-22.72056,95.60361,-11.47921,-94.84269,-39.21743,-0.7854521,-9.302886,-136.4211,-50.74171,-17.83567,29.64324,-48.89101,87.01993
215.9335,-25.08854,92.85638,-3.575485,-81.97916,-43.65067,-20.25716,-26.11295,-128.9599,-58.88615,-25.21391,39.7909,-40.44376,105.5869
214.5075,-34.99559,96.64858,0.371483,-64.25455,-55.84943,-33.8817,-33.67495,-130.7419,-51.35896,-28.26512,43.47921,-33.81202,111.8275
210.2868,-22.69579,92.53214,10.6352,-36.5836,-42.19653,-26.0578,-24.91125,-130.1829,-62.32086,-32.2838,20.18376,-44.50154,88.09608
217.204,-40.6358,95.41156,18.55649,-11.86492,-49.37647,-41.10307,-46.08757,-139.0257,-68.11124,-33.31585,26.28264,-37.55161,109.6175
213.7259,-38.91312,96.6959,21.42169,1.688364,-44.98567,-47.44185,-47.38034,-142.4016,-70.04536,-37.8659,26.62705,-40.72549,109.6004
211.6368,-33.01419,106.9239,28.71329,10.835,-48.02429,-45.18938,-46.15606,-138.4985,-71.55215,-47.37175,14.17954,-41.58998,99.10776
216.3737,-35.12165,106.8463,33.32663,-0.1382391,-52.45049,-55.79294,-47.42955,-142.2105,-74.86696,-46.09578,27.6064,-38.95309,108.9062
209.0609,-25.85936,89.20601,33.48037,1.80745,-37.50642,-44.85643,-39.95523,-136.4349,-72.72942,-36.68476,16.19688,-51.51717,95.79196
202.3866,-19.09995,94.91122,38.54681,-14.20951,-35.58653,-39.36731,-31.55746,-130.8551,-76.75067,-32.40201,12.92886,-52.33286,83.38789
184.8996,-8.819815,84.61641,57.48,-42.57386,-24.88103,-29.89475,-22.94047,-111.851,-70.20937,-30.62893,2.918389,-55.38498,67.26977
143.9905,6.813482,70.40264,66.3271,-52.67134,-6.945833,-11.00529,-7.519978,-96.26862,-57.29801,-20.6843,-9.390666,-62.40973,36.66005
105.8981,19.51089,60.49557,77.14653,-44.43622,-0.6087328,-2.956843,4.683691,-89.64531,-51.02502,-16.88684,-10.54358,-65.01746,13.38524
55.03944,32.23513,40.77834,87.73296,-30.25211,16.25888,12.9174,17.25218,-58.79856,-31.3659,-8.292433,-42.45263,-61.15852,-29.89416
8.504332,41.42756,30.48475,80.81558,-33.80305,25.67357,22.83634,29.65001,-38.7353,-13.7556,1.837567,-46.24744,-53.45123,-55.23707
-21.51387,42.53938,23.88439,68.48357,-33.56133,32.835,32.51733,29.1183,-32.10918,-4.707399,10.0719,-45.66327,-40.23294,-61.66184
-60.25552,47.43888,6.500607,56.36332,-18.77453,43.56188,39.79273,33.87669,-15.82155,2.257613,15.02077,-45.94726,-28.38745,-75.62614
-84.92809,46.792,-15.90158,46.90205,-25.04851,44.1633,42.44807,35.42072,11.47845,15.81844,18.79297,-41.22472,-16.46796,-78.2451
-98.15337,44.91986,-29.00571,37.87926,-28.89147,34.80203,66.69782,42.66634,16.31222,18.15435,25.78768,-39.51373,-4.20525,-87.44998
-107.33,32.078,-38.22215,20.2471,-22.44924,33.4463,71.99386,38.71035,22.24288,25.2001,25.88245,-28.57305,5.125334,-78.35194
-111.0856,23.42387,-39.20856,18.58582,-20.45235,48.75716,55.08705,24.13684,36.46292,36.2971,18.34841,-39.01666,17.47569,-68.81161
-111.8603,28.29902,-36.89687,19.30118,-36.75269,45.54669,46.56857,17.79851,41.28299,44.81498,18.55453,-42.01735,29.11189,-63.75115
-98.64879,16.67414,-44.55438,3.978388,-15.89113,30.23174,20.12137,9.500361,28.28214,54.85695,12.06219,-18.48635,39.89319,-38.01981
-93.14629,14.63587,-57.1331,-11.61968,44.79095,25.70567,6.839256,6.537806,33.61732,54.76374,11.95591,-30.49119,36.34575,-42.80201
-98.00072,-3.259181,-55.93495,-14.33632,104.7546,9.0374,-17.53878,-12.12171,31.11125,59.57053,4.373766,-28.43544,51.4744,-30.69483
-97.65802,-15.13857,-45.94337,-9.910502,144.4143,-8.49007,-47.43444,-27.38217,19.57265,54.12394,-3.530598,-19.57154,74.06692,-17.1185
-107.68,-21.80829,-51.48891,-21.03247,160.5739,-5.090049,-45.89557,-34.75261,23.4525,53.9827,-3.085528,-16.74853,80.85453,-11.28175
-108.0228,-36.87431,-52.8429,-25.70528,161.745,-8.649892,-42.31242,-37.25467,25.45302,55.99396,-7.617137,-9.803314,90.54597,-4.65527
-98.29968,-53.45953,-31.70666,-20.43276,172.3423,-22.43694,-56.81465,-53.09495,25.08206,51.05514,-7.833151,-5.601383,91.39991,9.800266
-82.01555,-53.02246,-20.93098,-20.83255,178.9794,-24.96925,-55.6686,-60.01128,16.99341,54.0341,-12.61115,-8.067755,68.8895,19.23309
-63.45455,-45.7229,15.6476,-5.070162,149.7701,-23.704,-47.27343,-48.91698,11.96128,41.23911,-16.58532,-20.56601,48.67104,4.004195
-66.27431,-45.84685,54.29732,-6.970057,97.75013,-17.90534,-39.84114,-48.84818,8.768397,41.22872,-15.39277,-18.72934,53.75922,4.004152
-64.35383,-38.29602,62.98245,-6.710159,75.99968,-19.2547,-36.06261,-37.76779,13.70679,39.26772,-11.73473,-18.56426,46.7298,-5.942386
-73.0782,-32.43614,74.31202,-9.411896,70.71826,-14.36089,-30.11633,-37.12914,14.36181,33.61337,-10.2871,-18.10023,41.60087,-9.686444
-78.15919,-24.63602,95.55927,-16.60145,28.21156,-8.87953,-31.7604,-37.4854,10.75851,35.25242,-8.234119,-12.15943,53.99557,-5.861823
-70.53488,-25.26939,91.49989,10.00478,-10.73669,-18.776,-46.98048,-30.54601,12.33985,39.58371,-7.263561,0.7509412,58.36665,-2.438838
-77.82012,-18.26873,73.51691,14.97866,-28.48149,-3.028257,-17.29996,-14.34666,27.62223,38.53182,-3.463761,-15.06677,47.96216,-24.83605
-58.87136,-26.36576,58.64296,6.98377,-18.153,-9.165016,-7.643293,-18.47984,31.99943,38.12107,-6.231912,-14.67283,37.53912,-13.70335
-28.96848,-37.85195,47.00034,2.385337,-6.759115,-19.38033,-26.62222,-29.01995,22.89648,32.38185,-9.326047,8.019898,27.18909,18.05504
-21.47098,-27.30591,-22.6424,19.30535,17.77973,-7.541832,-19.53775,-21.83527,17.54816,24.66074,-2.626834,3.981416,23.0823,16.60326
-30.47338,-19.86931,-44.24227,13.34412,20.57512,-2.29191,-19.37893,-20.60123,15.16368,28.19891,3.104857,9.280881,28.43931,18.75014
-32.40167,-16.34467,-30.60097,6.383068,25.58895,-6.908628,-23.26765,-15.23716,15.01353,29.9913,8.442361,5.848501,24.75664,8.736379
-26.45602,-12.21321,-36.77386,17.26195,43.80492,-0.4058285,-16.09785,-13.02835,10.20304,21.38912,4.783069,-3.646699,8.692567,2.487144
-24.64749,-12.47457,-25.37123,5.667316,40.80955,0.6907619,-18.20631,-13.92041,16.07259,28.48369,8.049667,-6.894167,-0.238243,1.978841
-5.270401,-10.77065,-18.10789,0.9026167,46.16747,-1.801544,-16.36488,-10.66728,19.63801,21.97305,4.773177,-14.00445,-16.08123,-0.3860278
6.280819,-8.841902,1.157858,2.44788,29.28937,1.35415,-21.17761,-8.419131,9.09756,7.283399,3.816245,-3.373599,-24.378,5.462964
13.23032,-9.508686,-2.223863,-2.072666,7.774786,1.763775,-11.20031,-4.52684,15.29984,12.41201,11.51057,-8.165327,-27.19634,2.902716
13.37107,-7.988691,-1.17146,-8.000655,-6.454094,1.787044,-2.810308,-6.90918,19.91409,10.92618,6.586171,-3.048946,-26.12319,9.921966
10.81476,-8.586337,14.16157,-3.0611,-4.972693,-0.2589459,-12.30031,-6.892161,13.73235,12.81839,13.54447,-12.91175,-16.3672,0.2789312
12.2038,-5.833697,35.526,-6.23339,-1.690918,4.241647,-5.643466,-3.984761,1.296269,2.682868,18.384,-18.65759,-23.94162,-8.349156
7.306617,-1.396836,70.61136,-9.967744,-31.98392,9.311678,0.9053223,-0.8147884,-2.397467,-3.227534,13.98405,-11.37332,-31.45809,-9.499327
11.33638,-8.864695,92.11037,9.389519,-48.03159,1.820968,-7.374274,-5.318566,-9.627482,-9.052873,12.00094,-1.001691,-35.45441,-1.932596
-1.021158,-2.275245,94.05628,9.526149,-33.94782,3.811975,-6.255071,-1.01414,-15.70601,-13.97748,10.67864,0.5825164,-34.54298,-9.915657
2.945453,-6.82962,94.6629,8.96994,-14.4579,2.225731,-11.55251,-11.72088,-12.66497,-11.71197,9.97222,-10.69681,-32.61673,-6.524876
3.932198,-9.888517,75.48264,-0.05005332,-23.007,-3.238377,-10.28918,-12.31165,-5.780649,-13.36216,13.66483,0.07351019,-17.70457,2.478972
15.66423,1.854481,-56.26685,11.00738,-41.67189,9.692406,-1.264317,1.220958,0.002672265,-1.897431,23.627,16.45036,1.89238,19.68862
16.21402,1.524395,-101.9797,16.24931,-47.41379,13.59733,5.692214,3.866005,-7.161046,-0.1372727,33.00362,30.85448,5.159689,30.53079
4.899661,3.473514,-57.36045,9.723769,-48.90272,5.322486,13.33743,10.945,-0.03956202,-2.790745,34.48207,20.69952,-2.395116,8.605158
7.397771,16.40484,-50.0019,7.918241,-29.84228,11.04596,17.91385,16.95783,-6.940946,-11.79793,29.56812,12.81014,-19.58434,-1.849321
5.752954,13.33587,-71.33488,0.07942408,-24.7718,5.871359,27.28194,21.81528,-1.585045,-8.14212,33.60746,23.7753,-26.89695,1.211228
15.09937,15.00636,-115.747,-3.268999,-11.49509,10.19285,38.42309,24.84465,15.16723,-0.8481815,28.12237,15.96214,-34.27964,2.820843
9.371938,14.62948,-105.4306,-2.90323,-3.992325,7.361203,37.81231,25.43946,15.89457,5.357945,26.13665,13.83283,-41.5248,-1.9854
17.31213,8.677899,-84.91385,-0.3355525,-4.649034,2.285186,30.98888,18.94882,8.153919,3.470105,20.68733,15.95655,-41.86217,5.279799
21.96782,9.986065,-64.97659,6.381433,-8.827002,3.282267,29.61024,15.57669,-2.070426,-11.61509,21.67185,14.71411,-41.31682,5.615448
19.61619,-0.2410541,-54.20999,9.411457,-37.29151,-0.752808,22.51118,7.392589,2.25227,-7.488514,23.1044,30.09201,-35.67607,21.27986
21.56502,-4.577052,-42.1041,8.746694,-47.50368,-6.126447,17.02586,-1.182941,1.384672,-3.568073,17.30373,31.92878,-23.59146,30.69899
19.29849,-16.21924,12.36569,9.104815,-70.73122,-11.71821,10.05892,-9.301476,1.955486,-0.8537613,19.31401,24.26873,-15.12447,27.58222
12.39806,-1.248327,7.68808,4.022329,-77.22155,3.664246,14.51735,5.155727,8.283201,-0.5590495,20.29259,12.293,-17.3436,8.057949
13.87017,19.58088,14.89568,31.48344,-85.28208,17.71259,28.20005,18.14728,-4.954643,-14.52884,13.19905,-2.408058,-37.6566,-12.25889
33.94974,13.48376,38.65007,52.79548,-110.427,22.40663,27.67579,17.11175,-7.431049,-19.12665,4.321592,-5.220363,-60.27734,-7.912416
35.31717,25.6287,61.09119,58.42802,-104.7329,26.43467,30.50881,31.4601,5.34081,-32.0748,1.012862,-21.48937,-82.98558,-33.93968
44.90144,34.854,-2.962958,66.34814,-104.6491,33.43327,34.32421,34.61044,13.1845,-29.61149,7.987932,-21.54176,-83.89017,-26.98844
48.80502,35.92273,-60.07827,29.49255,-95.93655,39.49946,43.71399,39.92413,18.46465,-21.82415,9.712213,-4.7113,-71.52753,-11.4569
46.29874,32.40517,-47.64792,9.233718,-85.10146,32.83456,33.68402,28.3144,19.44764,-18.70407,11.61557,-6.17548,-52.38286,-3.822005
55.24884,17.34255,-49.32278,8.225659,-58.03373,19.07874,16.07413,18.28038,7.833491,-17.88915,7.90992,1.919809,-36.86388,10.19605
32.39043,23.31196,-43.50701,-1.915212,-23.70942,23.21597,23.28436,26.86963,3.744633,-27.99346,4.109493,-6.467867,-21.40963,-11.92386
30.65756,13.17893,-47.7168,-6.116925,3.258515,13.8713,18.68269,12.44878,-1.3445,-19.68578,5.060673,-1.81734,-22.69132,2.214244
40.89336,5.23723,-39.85815,-13.46313,22.76839,7.608002,13.92943,7.309237,-0.9155644,-18.99228,-5.525278,-2.710345,-24.78172,8.500809
23.83752,11.00705,-38.91118,-19.58757,24.75954,12.58339,14.7797,14.94386,6.294301,-14.01539,-10.0795,-3.715662,-18.96895,-2.92709
11.38339,6.960315,-23.81165,-19.67325,3.188663,3.449543,13.51287,8.152124,1.823057,-6.468337,-12.56571,6.102584,3.068235,4.878168
-3.072697,10.55526,-28.27208,-25.66051,-9.178905,2.765324,13.28379,10.03837,12.40634,3.695318,-16.07948,-3.962259,37.95408,-4.472537
-5.905476,8.025223,-32.16835,-23.38686,-15.54146,-4.230919,8.145544,9.606163,9.689802,5.324118,-22.13252,3.487829,59.05388,0.03302886
-5.176513,2.277719,-19.49934,-37.46896,-35.68115,-7.76611,5.577209,2.24902,16.90834,15.0009,-24.02762,3.442082,75.72752,8.436911
-3.671294,2.728926,-4.039563,-55.33669,-35.75753,-9.499683,2.066343,7.014231,17.48081,14.56936,-21.85744,-3.334794,90.23576,-0.5984379
1.858391,-8.993379,47.84424,-69.14384,-42.29929,-24.2472,-9.313849,-8.501749,12.9117,13.21318,-27.76096,-0.4237273,103.2485,11.608
-17.90129,-3.280694,31.69753,-63.21993,-28.70203,-18.50972,-8.940484,-7.638096,12.21301,25.55099,-20.29089,-9.382188,107.5109,0.8928528
4.017015,1.075385,22.96937,-41.10173,-6.973816,-9.708359,-4.192653,0.5717375,10.17368,19.08324,-33.35413,-32.1874,82.502,-12.87435
15.96893,0.5870577,40.42589,-28.084,4.04843,-10.36785,-0.3912485,-4.18498,7.026421,15.49171,-42.20827,-33.43719,43.17582,-8.050728
1.263872,3.574908,36.12626,-13.09876,10.04559,-7.335073,-2.734756,0.9191555,5.932724,25.51391,-37.91125,-41.26227,41.15326,-22.18756
3.290028,-3.948898,52.31687,-11.56385,7.714277,-11.94223,-12.43863,-5.486119,7.214433,29.41782,-40.19044,-42.27591,45.98029,-18.08764
-2.993387,3.0496,58.144,-16.05993,20.68347,-8.557233,-8.675917,-3.287011,7.230441,27.28855,-38.40278,-42.34752,27.09019,-23.16249
-3.74202,0.630667,61.18147,-22.41218,35.80183,-9.85395,-4.751147,-4.451824,-6.21757,26.4264,-43.33559,-39.73328,31.52138,-21.06419
-10.66137,-0.9264768,33.24805,-25.21332,49.97677,-8.161327,-3.632214,-2.170666,-9.489484,27.23163,-37.22251,-27.5506,30.97351,-16.402
-24.63563,4.089975,27.3848,-29.98875,56.82857,2.318004,4.265586,0.5710179,-2.15123,23.33248,-32.42638,-32.17369,27.80005,-25.2148
-26.67157,-2.275834,33.21165,-40.00941,49.56799,-5.747006,-3.693039,-3.731227,-4.333252,22.21856,-29.60452,-10.50987,31.90076,-10.32324
-27.71324,-7.295147,38.92323,-20.90765,46.04404,-8.106051,-6.407286,-6.436046,-4.274038,18.04841,-25.83643,-12.66117,28.94584,-12.32446
-31.68149,-6.391511,42.91056,3.547581,35.40232,-8.505073,-7.376936,-6.402232,-3.063207,13.52339,-16.91949,-12.99853,14.71371,-16.7591
-35.09287,-9.921601,25.78641,15.95678,45.38012,-16.14577,-16.63059,-12.16562,-13.46235,17.23102,-3.116915,-3.076596,13.70457,-8.446616
-29.6717,-11.55255,52.11617,15.87243,38.23643,-17.94506,-18.72642,-15.81908,-12.34192,14.90948,4.646671,-17.20221,12.86513,-15.38739
-29.10064,-5.832564,-31.83597,7.619795,40.88274,-7.424917,-10.19099,-6.788311,-0.6826435,16.14829,22.30774,-6.110802,19.35439,-8.346128
-16.62934,-4.094255,-94.11071,16.5765,40.79991,-5.390019,-6.785011,-7.323804,-6.09022,8.692599,20.14757,12.47891,28.5027,13.22517
-4.482095,-4.845142,-70.38721,11.89655,36.30265,-10.79628,-8.97096,-7.562935,0.04845772,4.393063,17.33358,11.51221,11.66989,13.88823
-7.488833,-1.886386,-91.55341,3.383397,52.72313,-2.030564,-0.9078661,-5.610162,-1.474282,2.439263,26.53655,-4.945312,27.50709,3.307378
-5.582203,-10.69878,-78.04106,1.563012,58.75863,-12.60831,-12.35016,-17.2864,-7.146331,10.44272,20.71093,-5.115711,44.34242,13.01124
-13.79688,-7.246097,-77.44798,-7.837374,45.80582,-13.84855,-9.114381,-11.60294,1.144945,14.20847,24.90728,-4.019343,52.08367,6.763349
-9.817992,-9.335675,-99.13318,-14.28226,25.26307,-14.91968,-11.38449,-6.88067,4.764937,15.7106,27.62171,12.48163,63.06039,16.8516
-23.29743,-12.05068,-110.8411,-17.06518,30.25441,-14.68859,-23.10334,-14.17506,-2.286127,25.96322,23.92683,24.81754,83.45542,29.09011
-32.76682,-19.19341,-109.9199,-20.52018,23.90635,-9.841179,-22.10085,-15.04086,-6.815131,31.22089,29.61242,32.65483,86.54161,32.26217
43.65106,-46.50414,-36.80851,-17.5777,-10.25973,-36.51567,-43.52151,-42.08261,-22.77415,16.02589,10.88875,36.64797,73.46741,75.3629
120.1728,-58.29301,50.24749,-8.678205,-41.48441,-54.17514,-62.11717,-64.15443,-51.29591,-9.313271,-13.59858,42.66994,35.70973,114.3101
113.8222,-43.15263,51.94938,9.76174,-38.93777,-39.13684,-47.74653,-42.55541,-43.08687,-3.268547,-11.49279,19.89388,-5.614614,79.56478
56.32623,-14.9535,44.53218,23.9875,-35.44934,-14.87373,-25.48541,-16.58135,-19.24282,0.5268916,-11.09639,-2.22763,-12.73068,27.26803
7.900273,-0.2823826,22.07516,21.30993,-36.86866,-0.5907714,-8.653509,-3.782659,-4.756954,6.572981,6.214581,6.23296,-23.33866,7.967707
-25.07063,6.388121,13.67174,29.81338,-37.30661,10.0916,4.96966,11.14386,9.125137,12.46848,7.152716,-6.986455,-13.3376,-22.1234
-41.56481,16.19189,8.335939,36.23863,-25.48531,22.7104,19.37034,20.20137,2.758175,-35.7003,23.24969,-4.417539,-2.442445,-39.44603
-47.00226,20.2965,7.141829,32.38754,-27.16793,24.8478,27.84535,23.9355,10.15327,-48.14045,27.5271,-5.059187,-0.8615879,-45.90343
-56.81802,17.87005,29.47438,35.86193,-22.02913,23.1843,17.13396,21.72793,1.247974,-51.8948,16.53108,7.759116,1.764082,-41.81282
-59.55567,23.24454,13.0833,28.13103,-0.6750175,26.54805,23.6274,26.23546,-1.149445,-47.97741,23.94423,-3.625869,0.633214,-52.46379
-53.02031,18.17037,5.54254,23.87209,6.342852,19.51118,33.4166,26.53033,13.8017,-34.96177,12.06197,-10.56273,-8.274117,-52.43068
-36.62405,17.09007,-16.11973,22.27645,9.733386,20.77952,29.8709,22.65303,10.32541,-41.80125,14.3911,-3.981421,-10.35703,-38.23639
-31.47365,20.1721,-12.96575,19.24879,6.203697,18.37803,19.72697,20.87977,7.073414,-40.39641,13.63253,-4.165054,-1.291866,-35.02254
-13.21507,6.613087,-7.617532,10.89062,4.325423,5.867678,1.087379,4.55903,-6.056262,-39.43625,7.606804,18.88159,7.827698,-1.334193
-6.400797,5.848505,-7.329298,4.823509,11.9022,10.53275,3.550914,3.400209,-4.8872,-28.15722,-2.983101,12.6013,-3.928122,1.026365
-18.88831,5.384506,-8.763314,8.816319,8.222175,14.87876,3.924861,5.316257,4.556846,-11.12321,-4.355618,5.75949,-7.205928,-6.52282
-15.67967,6.427199,-16.67055,5.204892,5.340171,10.9598,0.1205919,4.378075,2.179523,4.961877,-0.9676023,0.8867804,-1.653421,-5.487666
-9.544514,4.729592,-10.14196,11.95059,2.839528,1.797119,-4.681108,-0.6040182,0.6572734,-0.9404954,-8.969526,11.84233,-4.736988,5.802169
0.05760799,4.069423,-13.11305,2.192074,-7.556125,2.494383,-5.865961,0.04531615,4.23796,7.644985,-0.6762762,4.54432,-3.509343,5.434691
12.67269,-2.566032,-7.645844,0.147145,2.379581,-4.529216,-4.685131,-1.802062,-1.518538,5.497532,-8.419843,4.084711,-3.302965,9.687967
21.34974,-7.076582,-12.54065,0.7277066,12.99109,-9.469848,-9.38275,-4.423707,0.2838745,-2.722885,-3.682212,4.514909,-3.430692,12.86199
25.24728,0.07693305,-36.7317,-6.013637,20.85456,1.884963,-6.68734,0.6609641,-7.483361,-6.065313,2.926899,6.586512,-8.940654,13.68389
37.07377,1.190631,-33.17169,-3.109644,29.06136,1.07949,-2.419804,-3.869298,-9.596048,-10.70659,-8.248579,-0.1531275,-14.77457,17.64409
37.53802,-1.803866,-23.69509,-7.578258,23.28413,2.481378,-9.60596,-2.773408,-10.5658,-3.062513,-2.221915,-9.925672,-2.73589,10.66484
34.21402,-2.568442,4.371631,-12.49944,15.02593,1.712923,-6.949091,-0.6942378,-19.15671,-7.510195,-6.831951,0.9496629,-12.0159,11.9518
33.69284,1.695703,26.57101,-12.96046,2.025635,-0.2773309,0.6663527,-0.1436251,-8.640803,-13.39118,-4.388124,-10.55031,-16.26484,1.965148
21.79749,4.006429,14.97483,-14.3397,-5.962176,4.994309,1.908189,4.055688,-11.7439,-6.130475,4.417821,-6.335807,-10.55578,-1.086909
29.08884,-1.687411,26.34583,-13.19864,-1.089283,-2.777609,-0.3065388,-1.24129,-13.59908,-0.4182243,-8.11764,-2.417442,-18.45438,7.872856
26.44719,-2.291576,34.82014,-16.3029,6.001213,-4.554651,-3.240666,-3.01683,-4.836474,4.860281,-5.034431,-14.15866,-19.08895,0.3963025
20.91343,2.947334,41.7872,-18.25717,4.289935,0.2308823,-0.5382026,-2.039551,-4.963166,-0.1906471,-6.667511,-9.471365,-28.40887,0.3677022
22.42146,2.451616,38.02765,-25.54946,4.218184,-1.53578,-3.996624,-2.660618,-1.930346,5.698976,-6.889264,-10.73863,-21.37603,1.858881
29.05091,-1.862316,43.14747,-20.56933,0.2244343,-7.727913,-15.93269,-12.3149,-6.157182,3.841269,-9.068743,-1.680988,-17.82006,16.87004
20.89158,-2.720257,35.78598,-17.85564,1.730444,-7.114539,-7.774102,-6.558806,3.725174,2.904932,-7.992511,-5.13058,-17.03816,7.146495
10.07104,-3.938159,24.25517,-20.60594,-3.296269,-8.642931,-7.200685,-9.476377,7.212616,23.80435,-0.8706452,-4.13572,-16.84432,9.667867
6.499782,1.764157,22.66992,-14.27501,-6.645527,-5.988407,-5.174187,-2.88615,6.000878,12.19986,-8.703477,3.476565,-16.00074,7.062339
8.961494,4.846166,25.62771,-18.01987,-9.700757,-2.442777,0.05138035,-2.520838,13.05275,12.3838,-3.026543,-6.140423,-24.8799,1.807804
25.13554,-0.9013485,26.17797,-11.23395,-26.90447,-10.04271,-6.314854,-11.57527,11.34292,6.691941,-9.31692,12.48141,-31.61028,26.07002
17.68026,-4.760266,21.19447,-12.07204,-40.36666,-9.182843,-3.230029,-4.70087,18.28759,9.518769,-4.711002,12.63313,-18.68255,18.39205
14.85959,-6.203779,22.53714,-6.300498,-39.2484,-7.574521,-2.124493,-12.33164,12.53046,6.373642,-0.2292844,13.93388,-20.51221,24.2901
13.57915,-1.182828,19.19522,-1.733836,-41.62343,-3.000543,-4.572008,-8.782067,17.25595,11.0359,0.9642608,4.217669,-21.27343,15.91998
9.473166,-12.75836,15.73591,-7.024264,-37.14361,-10.13016,-8.819009,-11.50467,23.61586,33.11324,-0.6430602,6.814365,-20.83319,20.10376
7.73796,-15.63953,9.112468,-2.900954,-29.75491,-12.93109,-5.354603,-15.22927,16.06308,28.41067,2.515052,14.25056,-22.63049,26.35104
-2.334843,-16.11433,10.35203,-3.08872,-32.70023,-12.5258,-6.837143,-14.38091,18.01756,25.34171,8.309422,15.9361,-12.35427,22.37942
-17.4971,-5.799472,4.258596,-4.710332,-34.20274,-4.369603,0.7208415,-1.825802,22.55204,18.47989,9.74335,12.26007,-4.469704,4.859967
-6.080167,-8.844558,10.59907,1.04099,-36.04337,-9.277857,-2.599896,-4.705061,22.41693,8.555904,15.27822,8.643178,-4.835065,5.851657
4.438527,-23.01288,9.200582,-0.1312784,-49.30175,-21.68509,-14.63554,-18.17061,12.66769,9.022707,15.53924,42.83487,-7.86919,41.10268
-14.56884,-8.305811,0.7593029,4.332779,-48.67949,-9.343911,-3.362994,-3.093754,22.01075,20.80522,16.7499,26.56933,-18.58886,14.71638
-1.969749,1.030782,18.04622,33.79088,-31.4407,-6.646721,1.648736,4.751546,6.59969,4.381569,7.576936,8.921114,-43.21569,-3.474604
20.51686,2.937447,42.77338,58.94682,-24.77067,-5.254491,1.711148,0.4332812,-8.890876,-13.53289,-0.6323591,-1.286132,-69.72398,-3.227545
8.680649,7.451244,63.36271,64.0509,4.363377,0.7829708,-2.158071,2.763051,-5.763102,-18.20638,-6.599435,-18.30172,-77.81115,-22.61506
-10.99176,3.140915,60.25958,52.80286,20.84741,3.005137,-3.35462,6.188188,-3.735846,-16.17615,-2.8306,-15.80926,-62.53674,-30.80912
-28.61423,10.65669,50.91628,43.74306,31.17453,3.930701,4.52534,8.557431,-1.539765,-16.64547,-0.9087255,-14.12203,-55.09299,-36.58081
-27.69555,0.05070436,47.47326,51.10126,48.01372,-6.875621,-1.78228,1.345774,-7.445635,-19.01215,-1.796144,-7.561095,-47.33304,-28.48321
-31.04533,-4.276719,43.99698,46.15976,54.6568,-2.823968,7.243053,2.370325,-11.84395,-22.73654,-5.694591,-8.325206,-37.69291,-29.98771
-47.90455,14.42979,32.52866,31.4041,48.7458,7.096712,19.30216,14.99638,-6.381679,-24.18318,-6.672971,-8.963338,-31.0892,-43.30867
-46.6248,14.07484,19.46253,26.10917,60.4722,7.793934,12.02521,15.29751,-0.04268545,-18.15424,-1.672317,-17.10459,-24.56207,-47.07468
-63.81949,13.82987,9.728808,16.30562,67.6379,15.24623,10.64298,9.012658,-1.030902,-13.68046,-2.09207,-7.77052,-15.41927,-38.59135
-62.66823,2.2038,20.36428,21.44176,76.84133,10.01768,3.424705,5.596588,-8.4173,-18.55294,-8.975488,0.7669172,-9.377402,-32.6657
-62.4539,2.518875,16.74529,15.19359,73.90667,13.77871,7.461875,8.266698,-4.248083,-6.886869,-10.63961,-12.50507,-1.023583,-40.11459
-60.16646,0.06786489,19.6006,12.70278,40.16663,9.637969,9.279296,5.343457,-6.70129,-7.222552,1.244429,-0.7192554,6.437605,-29.67107
-43.0282,4.625803,11.64836,8.48585,29.41959,14.32382,10.23072,8.361845,-10.19947,-12.34922,-3.302547,0.8170057,4.489799,-23.52334
-32.12392,6.102611,5.496567,5.520533,7.589102,16.85758,9.175599,8.028736,0.7032742,-6.527807,-2.305892,-1.68415,1.53152,-18.36375
-15.74303,-3.387779,2.380307,6.832467,-7.21936,4.746554,-5.5691,-0.2759427,-0.8832974,4.514823,3.16349,2.787402,11.61447,-2.961005
0.606163,-1.25075,-2.265997,-3.726346,-23.31952,13.5727,-5.266369,-1.427652,-8.222286,4.133206,-0.262332,4.563693,14.66883,8.196666
19.49359,-3.436054,8.096661,-1.070198,-41.8844,3.087681,-6.212162,-2.346471,-5.235073,-8.336274,2.125427,10.21773,10.04606,15.45348
31.4182,-3.848828,10.54024,1.612947,-65.48351,-1.713358,-1.774669,0.7880483,3.53006,-3.904553,2.43007,9.882222,-0.3718592,16.89499
27.26978,4.642614,-4.613108,0.8708834,-68.75311,7.749961,4.651601,11.90419,9.080279,-1.177539,3.653687,3.248557,-3.094394,4.566597
12.66001,12.56077,-16.75315,-3.616065,-31.79681,10.71667,1.021143,14.13271,8.329776,9.874918,8.012816,-9.729237,-5.957125,-9.456413
10.49075,12.70108,-15.74998,-9.07718,-4.871538,13.88145,-1.150187,11.55193,-8.551572,12.60232,4.918472,-6.550923,-14.11654,-6.078077
-0.8630306,24.83352,-7.900296,-23.19304,3.777127,25.06496,13.84411,26.17685,-9.849163,-0.2321859,5.807917,-14.75271,-14.50179,-28.21224
-15.75432,33.53377,-3.709042,-26.90923,19.87939,20.97757,21.1099,29.16638,-10.28021,2.714913,4.949372,-20.53877,-15.01491,-40.12479
-28.68614,33.08492,-20.79524,-30.023,25.53079,24.53797,24.21685,31.09444,-3.822776,11.73438,6.034024,-18.98203,-11.54804,-42.37612
-27.15403,20.81217,-15.49393,-27.63496,18.38556,17.59064,15.21947,18.14204,-4.53187,19.71612,7.819466,-15.81618,1.756879,-28.81137
-24.83252,19.91506,-14.53062,-20.52065,3.589522,13.85087,15.11182,15.21406,-5.792081,22.26991,2.21468,-11.12293,6.354867,-21.72198
-30.80651,21.14241,-6.842422,-20.5345,-2.588669,9.312973,17.9285,19.86248,-1.068615,21.13889,5.68086,-10.93766,7.120631,-29.40833
-21.41668,11.90406,-34.17805,-17.73886,-8.046794,-1.642266,8.854336,13.46073,-1.384636,29.07033,15.12533,0.4571812,18.12164,-12.58629
-15.84323,17.29639,-72.55011,-14.52985,-3.717228,6.011651,17.06669,18.33587,0.4070236,27.09042,10.78793,6.297444,10.16383,-6.816818
-6.363969,12.21811,-59.87621,-22.34889,5.784214,1.38749,17.05948,17.66784,-1.152774,19.01291,11.16413,2.352442,11.4919,-8.396672
3.447779,0.9658754,-57.99752,-35.70232,7.759379,-2.894444,26.94191,12.83035,-9.097534,12.35384,10.61586,13.21466,12.43818,5.124003
1.920364,0.6699488,-65.42795,-39.15595,40.3595,-4.276389,24.58352,13.89725,-1.59485,14.4037,10.91695,2.000967,5.82428,-4.121333
3.913133,-1.834182,-56.92339,-42.52191,69.02363,3.57787,19.47401,6.802804,-5.05001,11.28812,-1.47828,-2.169594,-4.344876,0.2426739
16.1918,-16.62245,-39.87984,-40.36071,66.3183,-2.628843,8.747272,-7.55277,-17.14689,-3.36488,-8.238623,15.50071,4.51762,24.51929
8.131558,-5.918305,-34.07154,-45.63316,61.11347,6.240566,0.7703056,-1.488363,-12.63857,0.5428066,-5.171684,9.176778,5.265818,13.68033
3.342952,-8.034683,-27.7843,-40.67363,66.09067,8.764768,2.870523,-8.030947,-9.754051,-1.181364,-7.315874,1.149298,7.922474,12.63415
1.004945,-10.78715,-27.65116,-38.85825,57.00732,-1.74863,2.560489,-7.704742,-0.8856342,5.960144,0.1283633,-3.972328,17.56142,7.385203
0.4921997,-10.78799,-26.66163,-43.67466,41.57806,-2.458134,0.7646753,-9.012338,6.026669,14.36305,-4.072307,0.3062059,19.92112,13.21507
-1.29157,-16.62733,-12.59444,-40.02592,19.24035,-4.798981,1.240919,-13.06841,-3.208375,4.047267,-0.2868454,15.67396,28.3144,23.38496
-10.13785,-10.34147,-19.22136,-31.56511,12.89879,-1.849253,0.1093138,-4.267649,8.050913,2.061041,4.663849,12.99893,25.82255,10.7773
-11.34618,-12.35341,-13.17644,-34.68485,14.63161,-3.405809,1.648249,-5.700843,17.08711,9.92179,4.767249,0.3258961,28.12584,4.15978
-15.78829,-4.459578,-103.4101,-34.11834,17.08573,3.642047,9.99955,-5.359341,22.0465,34.28165,17.36271,4.897179,37.12181,16.69847
-19.11511,2.912652,-167.2227,-26.15573,20.01419,9.993167,10.04527,2.237013,21.21723,28.74182,25.07633,25.64249,40.2565,26.35684
-15.41501,-7.227917,-109.2954,-26.51753,23.18445,2.97478,3.492348,-4.24686,7.204863,12.80105,16.29316,28.89723,40.25407,27.60071
-22.5981,-7.599484,-106.3449,-24.74437,26.57469,5.645863,2.323978,-2.586493,13.448,18.58113,22.12454,20.59683,36.31716,18.26114
-2.02197,-7.590617,-59.26791,-10.68431,34.12103,8.249275,-1.616778,-3.177971,-6.387691,1.942168,14.85663,2.976105,20.21917,8.382862
46.72591,-15.05329,18.67134,11.0611,26.06977,1.197894,-12.49047,-13.20811,-20.37023,-15.03371,-7.625747,-15.11082,-18.31246,13.47883
77.31688,-17.55961,45.82247,25.83838,3.47401,-1.261651,-25.14466,-19.43235,-38.37122,-26.80777,-19.37304,5.917496,-49.29466,38.87571
59.76782,-4.197511,36.88087,26.81717,-6.685112,4.269356,-14.85121,-8.382678,-32.30759,-28.96832,-12.58671,3.067202,-45.61861,22.79531
31.99214,2.236112,53.39208,17.10056,-6.300111,1.574946,-5.504387,1.331953,-15.56015,-32.58482,0.5615044,-5.494561,-39.13418,-3.611079
20.15216,7.741961,76.16385,17.01238,-12.44073,-0.927651,-1.582176,5.062449,-19.17913,-29.94237,-0.2047225,-3.094359,-47.46674,-11.29492
-4.250064,18.41412,57.00906,8.857373,-10.51387,11.68759,16.57928,15.71455,-1.074535,-15.77632,1.961136,-21.55367,-42.49282,-34.56181
3.444316,5.65379,73.14489,9.472549,-20.85752,-6.968238,-5.030427,0.7887884,5.083285,-9.8762,0.2918328,-7.598239,-34.32769,-13.22112
6.930682,1.132556,86.57034,13.79034,-28.95048,-5.977568,-17.81521,-3.81676,6.624178,-10.1716,-0.5822344,-8.815869,-29.03652,-9.881861
3.396223,-5.924684,66.65823,10.82437,-13.47821,-7.58532,-9.004158,-7.864006,2.191734,-4.305542,-12.8834,-2.168634,-19.82211,-0.03451524
-8.72926,-10.56033,59.89257,-0.3688685,-8.571202,-14.29387,-7.232578,-9.879815,6.563152,1.938905,-10.72914,8.529716,-11.36314,4.803841
-17.39381,-11.75036,54.46561,-9.775797,2.909793,-10.85195,1.550633,-8.116234,6.680846,-3.204585,1.321946,2.331038,-3.997542,-4.169605
-14.96407,-15.3182,47.6417,-1.65281,23.0989,-16.06584,-1.041185,-14.2788,-1.794426,-3.480278,-5.24744,-1.170626,4.791266,-0.5182067
-30.02333,-15.58795,47.40004,-4.623655,24.27605,-12.90217,-5.857618,-11.90262,7.600062,3.383955,-0.6500869,-1.799878,8.256991,-7.569806
-41.10489,-14.95982,39.58671,-12.23123,14.09706,-12.14762,5.842983,-10.86758,9.998164,1.277822,5.719071,10.52629,7.851778,-3.588755
-44.82696,-8.681726,37.46146,-8.334554,2.484676,-9.760617,12.10499,-7.772273,10.62182,5.308139,9.583088,3.402128,9.088112,-10.67829
-45.05542,-7.530418,33.80536,-15.75806,-12.58078,-9.818097,14.69649,0.8761624,10.37633,9.396945,16.91424,3.721785,18.25521,-17.29974
-61.47497,-2.055431,26.10003,-18.05766,-10.24524,-4.693227,23.13478,-0.9904945,13.96348,9.606833,20.11456,0.04753154,26.15241,-21.6026
-73.22817,8.24636,38.55256,-17.59194,-16.74792,-0.3550605,14.38003,5.633563,9.378146,3.866637,13.1596,2.676971,42.08315,-30.05391
-50.80784,-0.4622024,61.05969,-22.77711,-50.07565,-13.58646,-11.2736,-4.83877,-3.421623,-7.209125,5.277806,25.26265,74.7554,-1.903161
10.71135,-7.464239,87.50564,-8.858901,-84.45578,-25.57029,-34.13313,-18.31248,-37.58969,-29.08226,-9.858488,39.37361,82.31312,35.42154
60.68113,0.5385679,92.35385,18.86452,-103.9524,-17.84324,-34.95568,-15.13626,-86.50687,-51.90427,-11.16493,37.3552,65.69472,45.97565
96.84943,-7.504319,131.1573,42.48768,-105.8779,-21.80523,-33.06989,-21.98208,-97.94037,-75.63069,-19.70259,35.07835,22.68686,55.25343
138.8665,-2.379975,116.5304,58.27806,-93.08781,-14.36004,-35.25352,-14.76188,-85.42234,-97.66225,-28.20061,15.36459,-7.666102,49.7549
168.0894,-6.185499,111.1985,62.53972,-92.15615,-15.17189,-38.54855,-20.2501,-82.04826,-113.7972,-31.46487,14.62471,-19.45751,62.62763
188.676,0.06625471,7.594244,73.48634,-80.72465,-11.93693,-32.03299,-14.19269,-64.9948,-108.1417,-21.86845,14.14812,-22.95726,72.87859
215.0746,3.281214,-67.60458,91.907,-58.44,-9.484489,-29.70443,-10.59313,-58.3952,-117.7663,-23.20422,14.5468,-32.91819,83.3009
235.3101,-9.39761,-14.87413,91.41784,-57.92854,-7.763813,-27.23383,-17.77168,-67.43428,-134.4498,-41.24104,14.06909,-53.78146,91.07925
242.2149,-0.3407496,-4.305038,78.13416,-55.17004,2.128843,-11.05779,-10.41332,-51.01035,-133.7883,-45.84178,-18.53851,-60.8603,68.84818
230.5182,-5.571915,7.622088,91.33243,-55.08083,-11.39722,-21.152,-15.51692,-48.33933,-137.8891,-39.80557,-5.076329,-62.21428,72.57086
173.7756,1.970735,-16.32427,77.60144,-57.21881,-0.6417924,-14.26642,-6.202131,-42.89611,-130.4686,-15.4517,15.19024,-45.48945,60.42124
107.796,21.16228,-46.2706,47.45081,-28.07134,18.95356,10.64595,13.92607,-4.531711,-106.4767,-8.043704,-11.90728,-26.5536,11.92033
84.74405,-0.06134273,-59.11567,44.34555,-14.69449,0.3628729,-12.26619,-6.392241,3.974241,-72.22009,-6.617735,1.197244,4.733453,32.01035
59.88205,9.879047,-50.31984,52.98072,-10.41282,12.78832,-10.9571,0.4808064,0.04897776,-63.66428,-10.14553,-1.102903,-6.904273,17.44684
17.35028,32.88229,-59.99629,40.28646,-3.955009,28.62339,15.05204,24.40644,17.8602,-58.51477,-2.321553,-12.49499,-17.42475,-21.75371
-9.282706,22.82533,-81.76174,8.053796,1.322219,15.88056,10.89121,17.36451,35.02026,-31.51328,14.58985,0.8262527,8.982161,-13.19839
-17.77134,22.37038,-103.3397,12.844,25.35802,14.57467,7.010819,16.61552,39.06369,-14.46398,8.901844,-6.649486,12.52081,-17.03518
-31.61182,35.42092,-83.69044,12.56866,52.31137,29.13526,25.3684,29.56936,44.9766,-14.49718,0.5713823,-34.38569,-15.23221,-50.50458
-55.81513,49.15117,-69.55459,-4.027638,102.1735,40.3705,44.04633,45.47768,55.86224,-15.06494,-0.8903427,-58.236,-44.59501,-88.89767
-56.83778,40.14318,-76.21231,-20.66561,115.1509,28.04793,33.14872,31.06713,36.81499,-20.09495,0.828342,-27.98085,-24.25656,-59.15308
-45.83145,24.40599,-68.54337,-12.75423,118.7454,16.10588,19.83725,20.68614,25.24499,-14.81143,-8.141921,-15.25016,-19.43069,-40.26234
-47.33467,5.383329,-27.19405,-3.92266,118.1293,8.807864,8.603365,1.103378,18.1217,-2.125018,-12.13612,-20.82322,-16.29018,-30.32298
-56.96628,4.283661,-25.01678,-7.453492,101.1371,9.449095,15.27643,2.148721,17.139,8.104808,-5.928566,-24.91049,-1.977865,-35.28538
-69.3666,-3.409134,-23.85319,-11.56261,78.72475,4.154543,10.27089,-0.6362749,22.07635,19.06403,-0.1857048,-13.47048,17.19028,-28.99684
-72.96353,-0.8975726,4.573725,-10.26745,46.79924,8.993509,9.487328,-1.657632,17.75639,15.69916,1.160178,-8.177149,16.55589,-27.0621
-75.56142,-7.716499,35.29785,-8.455225,16.76259,0.2155777,0.6970683,-7.417877,11.77105,22.97116,-1.57009,7.765277,20.20367,-14.96315
-86.55155,-23.71256,57.58071,-18.9745,14.01462,-7.988866,-13.49684,-19.384,15.06526,51.72609,-2.528383,8.520735,32.86289,-7.133636
-93.50069,-17.9132,24.47836,-14.02858,12.80497,-0.7622321,-11.09223,-17.52205,18.96872,74.68587,2.567839,-2.229745,35.00296,-11.46001
-75.03757,-21.49565,9.462613,-14.27297,6.990075,-1.900203,-12.89405,-22.73124,5.716947,69.55663,3.323877,9.100676,36.79197,7.388883
-83.34546,-24.96803,-16.69625,-13.41371,5.047454,-9.319439,-12.91743,-19.57389,44.00231,113.7581,1.69036,-7.586019,25.58462,-2.262692
-73.4796,-41.86105,-36.49857,-33.84195,-8.750916,-24.24794,-32.5926,-39.60646,56.96611,162.7365,-4.492351,6.478964,34.1158,35.07403
-56.40796,-42.38018,-55.16574,-23.61972,-3.977037,-28.2284,-33.15356,-39.31506,40.9282,159.4153,-6.590428,9.667399,35.9238,42.90337
-67.73808,-29.22737,-30.68226,-22.81946,4.668905,-19.9488,-19.58763,-29.09147,39.23001,150.3194,-7.687717,-4.118465,17.55919,19.12381
-67.47021,-26.50144,27.2791,-20.047,0.03370798,-19.26436,-23.21779,-24.03676,27.06869,138.4092,-8.29457,-10.62413,3.050108,3.615381
-66.74551,-14.25896,27.50721,-13.63599,-12.17076,-17.47453,-11.80911,-8.643073,32.45241,132.1622,-6.885874,-27.73569,7.70486,-20.46718
-62.7062,-16.80825,19.00285,-26.82083,-13.16941,-20.40879,-16.17339,-14.90606,31.38816,125.3297,-3.83632,-9.380767,10.64716,-2.1579
-52.36042,-26.57999,13.12572,-26.0762,-13.36932,-23.4847,-22.14167,-21.59572,32.28844,127.1787,-2.47738,-9.631988,17.91697,7.207553
-51.47328,-20.90235,19.26337,-28.98351,-26.64236,-10.57177,-10.69972,-18.20248,27.48042,112.1162,0.765108,-14.22444,20.00007,2.074719
-47.49855,-16.93189,12.7471,-23.06478,-28.57405,-10.91796,-10.84988,-13.38623,19.62055,98.13084,8.075667,-2.968609,11.81953,3.798231
-42.4665,-5.419112,5.439188,-25.69068,-10.31404,-3.279516,-0.2677837,-2.817611,18.21853,85.28608,4.559916,-14.54744,2.224238,-10.92527
-47.79936,3.79321,-8.200304,-18.20844,-3.786516,5.529931,10.10171,4.696169,16.53449,70.00079,6.695705,-18.35483,0.5901443,-21.59271
-49.56946,12.68999,-31.94085,-21.21028,-8.572216,11.81584,16.72818,16.05602,14.00385,56.86644,8.93727,-4.153418,0.2392952,-21.89065
-44.2131,4.22099,-37.6839,-23.69273,-7.095106,8.460527,12.56137,7.899492,9.500589,50.11473,13.44595,5.352779,9.142131,-8.013708
-32.35195,-3.597783,-27.94804,-14.9752,1.977702,-3.415999,7.506916,1.844771,5.112276,38.1489,10.54129,3.059461,18.53898,-4.441325
-33.28725,0.199848,-36.71924,-13.92015,-2.052583,4.657751,8.005952,6.420357,1.987902,24.61004,9.066035,14.42872,17.89646,-1.293849
-32.93259,4.940591,-36.09421,-15.55579,-13.78334,5.295288,11.75073,7.192808,7.123273,19.61305,16.46205,10.23268,20.5019,-4.746415
-23.12151,6.422493,-17.90892,-6.630785,-15.32798,3.078685,3.004137,6.346886,1.70364,11.79009,13.12646,7.687879,15.23319,-5.404264
-16.58559,7.098735,-21.81424,-9.052599,-15.37538,3.982166,6.343905,9.407045,2.243332,8.528386,9.82177,11.24064,7.457616,-3.295782
-3.325047,6.738355,-19.3819,-9.350022,-3.132266,-0.02856982,11.16446,9.878675,-2.222522,2.879127,3.969418,4.588478,2.790974,-4.569149
0.2654098,7.869451,-10.6923,-7.378001,7.542561,1.724682,10.64681,12.9926,-3.664837,-8.655871,5.53571,-2.018265,-1.151149,-13.0168
-1.1232,8.299989,-11.96686,-16.40786,11.76598,2.368585,13.28345,11.83534,-5.002062,-10.00579,10.66701,-1.037457,-0.7634291,-11.9137
13.00595,3.136653,1.987351,-7.955512,6.496986,-5.740152,2.359178,1.16299,-11.59936,-15.35401,2.491629,6.736863,-1.511012,4.782454
15.51647,1.269445,10.83153,-0.9363149,-2.749814,-9.455162,-4.800053,-1.031003,-10.80911,-23.19295,4.389426,10.13665,3.617366,7.213519
19.99019,-1.101495,11.74426,-5.576346,-15.17496,-4.60051,-4.084624,1.617483,-13.99921,-27.13157,10.19895,15.89723,2.234644,9.985958
9.622693,-0.3792268,3.730151,-13.09061,-5.694704,-1.264638,2.208909,4.875234,0.8376864,-13.19652,8.718681,7.623243,-5.28867,1.297776
24.04784,-4.542246,13.79175,-8.614287,-2.962613,-7.102755,3.277303,-0.9502001,-7.274814,-23.22093,5.492435,7.726348,-8.3629,8.695074
22.8446,-9.550133,11.15569,-6.375577,-13.60816,-7.765063,-6.657413,-7.660935,-2.071573,-3.201808,1.236908,4.052704,2.327684,15.27308
16.84498,-9.888911,6.61203,-6.924299,-18.81576,-3.890154,-7.383973,-4.015831,2.984943,5.700463,0.8005784,2.476667,4.402969,11.09629
22.77574,-4.71809,6.298692,-3.86278,-26.61191,-0.4329168,-4.245842,-1.650456,4.840302,-3.038825,6.897701,-3.590273,0.7906964,6.547953
20.47272,-10.14683,9.886035,-5.544275,-20.58905,-10.74475,-15.21638,-10.17168,-3.010741,-0.4744023,6.224733,11.86405,6.300801,21.14976
25.6738,-2.601633,16.50888,1.120594,-5.627062,0.4070264,-4.320158,-3.161472,-13.88352,-18.77412,3.331491,-1.434753,-4.014345,6.775274
12.76124,-2.180535,14.26495,3.557958,2.747811,6.112023,3.803385,3.144833,-7.765889,-22.37389,5.182672,-4.848919,-8.796706,-5.608927
13.2675,-10.61859,26.56901,-3.133321,-15.61086,-7.313326,-5.820004,-2.258714,-1.608855,-8.690252,1.910608,8.733827,-2.910969,7.483939
12.98287,-6.965665,26.37148,-5.207854,-23.71123,-2.063973,-3.41096,-1.89014,2.53888,-7.641003,-0.03136131,1.696536,2.705063,4.627353
1.856708,-3.048816,17.1734,2.788828,-21.71175,-2.517611,3.701911,0.7160163,2.556535,-12.81357,6.476693,1.981449,4.798451,-1.958246
-10.37486,2.90065,18.45663,2.280702,-22.56589,3.681517,6.338255,2.831543,10.31892,-6.779526,2.211145,-2.558619,1.950057,-8.690524
-12.4726,0.6001745,26.79446,6.120037,-28.18455,3.26948,5.653038,1.460287,5.469855,-5.445565,1.575697,1.235993,0.4265352,-6.502839
-20.87334,6.777462,20.5758,6.514447,-32.27584,8.651251,5.788831,9.268666,11.26584,7.104921,1.419615,-8.651972,3.943531,-19.5092
-15.15364,7.328582,31.34341,6.138127,-25.98153,8.664977,8.762839,7.327212,8.556055,1.217988,-11.61562,-9.949583,0.413325,-17.05214
-16.13569,-0.4218847,38.82493,7.264174,-7.059715,0.8782478,2.959782,2.655087,6.845553,-7.742095,-2.518666,-8.822149,0.7813035,-17.50888
-28.31499,7.508377,38.13642,8.844813,5.967237,12.68642,8.92804,11.78286,13.82135,-12.94133,-2.985709,-17.98881,-10.33614,-35.10851
-22.99603,4.099965,42.10313,8.881063,8.268534,12.47529,13.91235,9.858942,7.708879,-17.19,-10.22628,-10.51561,-19.08759,-27.29264
-29.33302,6.89852,47.88969,7.745995,25.64112,13.40495,17.17526,11.80857,9.916546,-18.01425,-15.25449,-18.9381,-21.92813,-37.01265
-19.41881,6.323024,66.86855,10.20922,28.13142,9.586246,19.59656,10.54871,3.148811,-20.80765,-18.02417,-24.4199,-33.23991,-38.50212
-18.41843,6.412441,55.63824,2.254801,23.9476,4.359447,20.42148,12.16484,5.351863,-16.85963,-18.52384,-12.50101,-33.32359,-30.92421
-27.104,15.2069,43.89722,2.601786,44.26466,12.386,22.15667,15.52168,9.53461,-17.64036,-13.9704,-23.33589,-40.80904,-42.70983
-16.56373,-1.748887,56.63334,8.143119,46.99807,-0.7847433,9.122374,0.8584881,-2.236094,-10.81341,-13.85237,-14.79236,-37.14868,-23.81511
-11.30034,1.401487,59.68383,14.7283,45.99378,1.2609,12.51764,7.759268,-12.67769,-21.23009,-19.08174,-11.18752,-40.79757,-27.07026
6.312267,2.3147,66.25893,23.68263,43.66704,-1.608451,7.433238,6.915886,-9.925923,-24.56997,-22.10709,-19.88177,-51.20517,-27.28631
7.062675,-0.283449,66.39645,17.58498,30.92673,-6.788969,7.171559,3.973974,-10.95554,-26.17817,-19.70576,-8.589276,-43.04314,-17.57206
-3.477607,-5.557711,58.90824,-2.962689,19.58965,-12.90199,-3.254397,-7.537853,-14.92524,-22.39539,-10.86281,5.703432,0.1211207,-0.4467612
-16.44041,-13.75614,48.66128,-14.75817,23.89077,-23.10818,-16.17242,-12.48372,-13.76499,-15.67733,-3.422091,20.84952,27.50292,8.67897
-29.63719,-3.710143,34.21534,-24.15094,47.80679,-10.02616,-0.126837,-0.3728033,-12.39407,-24.21139,-3.990302,15.87867,18.62655,-7.907514
-26.56543,13.01698,-59.76712,-18.48198,65.58845,9.350699,15.77624,6.093317,-10.36501,-19.85235,9.273757,6.211136,17.82338,-8.102055
-23.51629,16.65766,-94.48573,-9.089231,66.62408,9.862618,20.57053,13.95826,-13.28744,-27.60061,9.353352,15.62732,21.72221,-6.396711
-16.77965,14.57246,-77.50681,-5.637099,70.06776,11.80486,14.59611,11.08159,-7.159518,-24.37874,5.773182,3.834789,9.759713,-10.02865
-6.841066,17.23251,-76.82109,1.933702,56.80494,15.21191,5.834456,13.07627,-3.091184,-25.58548,5.023818,4.696604,0.2761779,-7.751546
10.25296,13.70509,-63.86861,2.842354,31.11996,7.409825,2.744771,11.09735,1.141633,-23.55848,6.634263,4.333976,-2.247725,-1.607359
30.16272,14.89236,-59.93194,9.683115,21.94032,9.826111,1.219025,7.285975,-9.346453,-31.2939,8.033326,1.494994,-9.918409,5.952781
41.24594,13.92166,-48.64135,17.38879,-1.263909,7.919732,-5.081533,10.49099,-7.462112,-34.60516,5.427962,4.220215,-10.9507,7.389473
45.74033,22.43495,-51.64369,21.62987,-17.98866,13.54082,10.03953,21.72635,3.480205,-36.20625,5.273762,-10.31459,-19.36803,-8.344562
51.71546,20.44202,-47.60779,19.03715,-26.08715,10.0655,5.044413,19.77397,1.680856,-31.37868,3.381578,-2.188621,-24.43965,0.5609557
52.44722,17.4329,-46.71119,30.44592,-26.42756,5.289417,0.7993986,15.64121,-1.355431,-26.21756,-1.98498,-3.857067,-18.87915,3.376899
47.31847,21.35304,-32.96577,35.60297,-29.70068,9.366071,6.787373,16.60567,-4.020378,-22.98981,-2.50022,-22.19916,-12.24253,-10.41503
36.99024,13.41036,-18.44431,41.29046,-48.80875,4.842943,2.280509,12.40049,1.80276,-11.35365,0.196672,-14.51177,-13.94987,-6.146066
26.76393,17.41583,-15.05441,-1.352523,-43.59076,12.80078,11.6229,19.70057,9.240997,-6.403084,-0.9358693,-10.40182,-9.67421,-10.13231
7.806219,27.04045,-3.044102,-23.31999,-34.13095,26.50836,16.0296,26.7696,20.67882,6.481026,-4.00043,-24.43036,-14.18422,-28.20399
0.8636884,13.93873,-11.58104,-15.13626,-39.39357,14.10861,4.322955,14.63218,14.90838,10.24507,-1.332196,-1.961251,3.339632,-6.954925
-15.56951,-0.6489143,-19.36716,-48.73005,-58.79828,-1.038413,-6.782364,-0.1613968,19.29686,18.30972,10.14646,27.73684,55.17815,20.42804
-29.9112,-12.1206,-26.63538,-56.45588,-55.63746,-10.06251,-19.46152,-10.31941,19.7593,32.47857,13.60717,39.9335,81.78588,33.03953
-32.64783,-13.22158,-25.77266,-53.23142,-33.22202,-10.15765,-5.254098,-11.93738,4.409779,30.48787,12.92579,37.23242,69.6612,30.72758
-27.92066,1.044795,-56.1675,-48.21238,-30.92418,6.579572,7.53268,1.843617,3.604345,20.64149,8.353975,37.38414,51.92554,24.31457
-17.95026,-5.679118,-68.46661,-38.74437,-19.14356,6.108679,-6.579265,-5.426412,6.224771,24.16479,10.17487,36.52752,45.35368,33.4353
-26.41254,-4.635947,-52.39486,-35.92512,-12.76508,7.577533,-2.670732,0.1324815,7.467197,29.5251,9.534795,23.46316,40.77713,16.32689
-21.67527,-0.7388696,-46.32726,-25.47717,-25.68991,7.376157,-3.286251,-3.586499,-1.39484,23.69693,14.58164,24.07202,38.20747,20.24186
-8.480831,-7.878803,-25.7797,-18.04673,-22.7951,4.565632,-6.63597,-7.670363,2.807082,19.57966,11.16776,14.29182,25.83626,19.03926
-0.4283923,-5.756415,-18.91746,-8.198995,-18.53313,7.980811,0.1056658,-8.250632,8.65376,22.34836,2.054797,-1.578482,7.485878,13.03423
11.49342,-8.000727,-2.633203,-0.1725138,-6.892433,0.5070275,-5.280379,-12.72255,-2.321892,14.21291,2.965522,-1.887948,-5.376586,16.10935
10.18719,-5.526455,-3.039605,9.532186,-8.941336,4.247027,-2.796492,-7.639667,-4.273428,4.290021,2.104758,-2.323995,-5.724153,9.903941
0.08942139,0.4530928,1.885825,20.21899,-20.52431,3.95313,1.724438,-7.870543,-1.615631,10.8106,5.480309,-9.057189,-8.385111,2.836971
-14.29098,12.24359,29.85163,22.5347,-26.77077,10.4922,0.4465333,7.088009,-3.312641,12.3709,9.771369,-18.7038,-18.08948,-23.63124
-21.17505,8.448286,43.55297,7.127482,-24.4613,-1.631934,-6.07251,5.122017,-7.293442,11.78366,6.332338,-4.773177,0.6984273,-17.65777
-29.73841,-9.61217,28.4566,-15.64085,-28.87493,-21.56893,-12.52881,-9.402553,-15.8653,16.78302,16.38684,22.46574,49.93098,9.208768
-40.45118,-17.8848,19.31268,-25.53005,-42.41761,-26.2424,-13.68044,-12.71568,-12.51408,22.34128,20.96357,33.24331,78.69508,16.88031
-33.75469,-15.61285,35.62563,-19.80017,-42.20338,-24.76189,-14.80127,-8.657831,-16.02163,18.74923,15.54403,31.82653,61.12686,12.74142
-42.64956,-11.7018,48.40337,-5.246913,-22.71488,-13.30284,-9.634177,-6.507682,-9.916493,20.85106,11.41053,5.833733,43.97427,-8.798617
-34.03674,-4.622845,40.37641,-3.913546,-10.05991,-9.270006,-4.760386,-1.52009,-7.89371,18.73568,7.686516,-3.162734,27.5206,-15.07924
-31.17649,-1.817402,26.25789,-8.442258,-21.41214,-10.88708,1.999313,1.048075,1.719526,13.64147,9.764849,6.029596,22.82655,-9.551899
-9.100055,-5.376371,23.29209,-7.627502,-17.69177,-12.66925,-4.302338,-3.838089,10.41007,27.87573,3.830756,-15.67017,19.87333,-9.006439
16.6418,-11.03136,27.55011,-1.05269,-14.31474,-18.30479,-7.318168,-6.106962,-0.1544106,23.7534,-0.7504483,-10.77883,-0.6882129,2.555286
27.60165,-11.7181,33.03876,1.378118,-0.6785454,-20.05575,-4.022083,-6.406221,-4.690119,15.77314,-12.3527,-11.18245,-11.69076,5.005057
30.66479,-2.588821,32.36537,12.54743,-5.47548,-9.29858,-1.208813,-1.566164,-5.002078,11.2786,-19.26767,-19.32525,-21.36354,-1.759805
31.49512,-2.439054,10.57414,15.48283,4.130859,-7.638506,-2.329417,2.68146,-3.979019,8.109354,-13.99046,-16.12823,-23.13896,-2.830115
41.06757,3.936117,-17.4271,24.04534,31.59183,-1.640656,3.678398,8.654015,-13.08259,-2.377906,-10.5687,-22.12684,-37.30453,-8.444943
52.53186,3.878118,-14.63093,22.34022,18.7815,-0.6538568,7.105403,8.589844,-18.89496,-15.79228,-15.3421,-9.751474,-40.83997,2.678629
57.7051,12.52508,-15.33383,28.36172,4.401919,6.962318,17.14898,11.21673,-19.03894,-16.57122,-17.76939,-14.13479,-56.85339,1.379729
54.23392,9.801953,-11.73762,26.59948,-6.898415,4.953324,10.73642,5.8791,-13.60436,-15.32372,-10.80954,-16.05717,-41.20009,3.426719
42.62147,-6.411494,-26.93746,-1.721151,-15.70734,-14.15532,-13.46689,-6.791945,-16.16932,-15.30021,0.9577273,22.0664,17.36519,33.65034
29.58145,-8.126181,-53.43116,-24.77431,-15.29548,-11.56098,-7.764242,-11.1395,-25.74694,-17.98887,12.68113,46.95791,35.22054,51.38663
41.83457,-10.94969,-57.8404,-27.2279,-13.24619,-13.57213,-8.153042,-9.798327,-9.572431,-15.34257,14.7471,30.50898,34.24473,44.36728
47.75549,-8.389993,-48.02884,-8.602074,-0.5895642,-14.84881,-7.689072,-13.48996,0.03116346,-11.46924,3.594353,9.479626,16.41997,35.82693
34.75931,5.102494,-40.62484,-9.239674,4.969006,-5.259069,-4.631824,-9.489733,3.848336,-11.0991,3.375134,1.366297,3.363596,23.56008
31.68241,4.654317,-46.5968,-7.882577,5.269548,1.884007,-3.956729,0.2275604,8.466756,-24.18402,3.795502,8.462851,0.646198,17.53099
40.69032,0.9774722,-50.47629,-8.024072,-10.168,3.844729,-6.390652,-2.99035,5.179217,-18.12342,7.750594,12.3004,-1.91232,27.34237
39.79107,5.345973,-34.6151,-7.203472,-17.61623,-1.607001,-11.42861,-2.682992,8.808675,-11.60711,1.084392,12.06767,-6.401041,26.06378
20.32394,9.178205,-22.65106,3.294384,14.77837,9.305619,0.3067541,6.084393,10.93119,-21.90495,0.5846613,-4.942886,-23.46037,-1.828246
17.3689,13.57736,-21.00253,-5.556126,38.11169,10.06112,-2.749946,6.183829,2.952129,-21.46031,8.411858,-11.95063,-25.31186,-8.635486
11.24418,18.55213,-21.19206,-7.023962,52.26507,13.82135,-4.644612,8.120437,-6.366334,-30.67548,5.951605,-7.759915,-21.65281,-10.63958
-6.935066,26.06314,-28.03346,-4.078508,62.67739,27.00411,2.788382,12.28903,-9.599294,-33.96837,8.620992,-10.35606,-25.74356,-20.72869
0.4018818,21.54993,-16.05569,5.416732,58.8582,19.88879,-10.85542,2.938178,-8.640601,-28.43133,0.4079587,-10.98223,-23.20036,-11.29601
5.000576,14.34786,-16.24513,7.509396,54.72207,16.81238,-14.37473,2.226817,-13.50473,-20.95923,5.374473,-9.19313,-23.33235,-8.38426
16.68481,11.13982,-16.70367,2.706486,63.84708,15.59809,-10.48648,-0.6226224,-20.29103,-33.70951,8.040782,-2.279572,-34.20001,0.2758435
29.99386,6.446921,-10.25117,10.30641,59.12572,17.45737,-10.67184,-6.609207,-20.00386,-35.65834,2.000299,-9.142193,-38.87564,5.881668
31.14433,5.325568,-0.6094613,13.64701,47.69136,14.09277,-7.44459,-2.415705,-26.66206,-43.37835,7.606785,-2.723066,-40.09555,3.820978
38.51031,-0.261013,10.50008,19.95859,52.92344,5.75313,-13.51327,-10.69745,-24.99744,-45.2441,4.781026,-1.780703,-47.42259,11.48999
30.58717,1.416258,10.7783,13.6531,35.50537,8.664915,-5.071081,-8.694534,-8.227117,-30.3215,2.831554,-10.67937,-45.70452,5.261463
29.16684,4.830541,17.94639,12.20393,22.87158,6.97376,-9.087222,-5.665663,2.035591,-21.79008,-3.990287,-3.884418,-58.9043,7.293346
36.87906,2.428905,31.06132,15.05286,16.8005,2.428788,-22.20768,-9.853381,3.837229,-16.35545,-3.313302,-7.966046,-58.47601,9.683221
37.32716,-3.361762,37.04921,21.56801,23.58039,-1.637728,-22.41197,-11.71108,5.832392,-27.92529,0.9192959,-10.67394,-54.77238,6.217681
39.95863,-23.53682,48.21703,25.59582,20.83609,-4.046013,-21.62332,-27.43892,-0.7002831,-22.87566,-13.87769,0.4675435,-49.61861,28.64216
41.20311,-29.52202,60.06176,34.05959,-10.30132,-15.66327,-20.60184,-30.91268,-6.967957,-32.19963,-11.74408,14.45794,-29.96434,38.09469
31.04954,-31.96054,61.75214,40.64782,-13.62613,-16.03091,-22.93022,-29.09138,-23.17819,-31.50221,-9.094934,27.54601,-23.81333,40.2323
11.19583,-24.65144,62.73322,33.21704,-13.14197,-13.40338,-27.71864,-24.4667,-33.20126,-23.62338,-4.876972,33.88094,-10.35793,34.41461
-22.93048,-12.58515,53.34995,28.76507,3.29341,-7.035774,-23.35201,-11.85859,-28.36193,-17.81104,1.912673,28.44356,-1.345417,9.515714
-66.48792,-9.74005,50.86752,29.19085,31.58222,-5.970222,-12.26596,-5.573462,-27.91618,0.2498801,-5.644181,25.5162,6.783832,-10.59254
-108.702,-1.412812,19.32648,16.49866,61.89789,-0.7408661,-12.9625,-0.4419543,-24.51279,25.9335,-3.579368,19.32246,36.55947,-27.18621
-137.1364,13.18353,-20.61649,5.672346,85.74489,22.96256,2.810521,15.14937,-44.81099,45.24237,-2.734133,4.291392,60.93335,-50.69233
-138.4924,29.08627,-28.39831,5.140006,94.24665,29.73206,16.7907,27.7451,-74.29993,41.19479,2.008388,-5.619813,68.32148,-67.45499
-125.1105,33.55038,-35.28696,-10.94974,64.29623,28.90993,43.267,40.91686,-75.23711,42.73066,13.86197,-11.36312,66.45549,-76.04109
-81.78773,14.71949,-10.35851,-13.05965,37.33201,10.58959,60.48576,25.51834,-61.05874,46.09046,-6.976222,-25.40972,60.4233,-56.50837
-37.82495,-8.711675,9.969427,-1.69211,19.39618,-6.299387,44.60906,0.4580511,-52.3513,47.23703,-19.22388,-26.56841,53.74783,-22.74588
-6.457519,-17.16988,20.90838,-1.635018,-17.84939,-16.40367,37.71204,-4.267721,-38.08148,36.58183,-17.89887,-17.43363,46.69735,-4.702441
21.12813,-7.646666,-15.56142,0.3861302,-65.09776,-5.658621,40.58146,4.83009,-32.26265,16.58616,-5.029956,-0.1240546,37.37845,10.4907
35.15241,-12.91605,-24.20746,9.257888,-89.86517,-7.32259,34.94476,-0.9524757,-19.53186,7.667496,-0.8757865,9.521648,33.12055,26.00661
29.11949,-9.528934,-37.48746,16.07848,-109.9347,6.034287,34.0666,9.562396,9.034762,8.0832,0.8609378,5.209779,24.0267,14.87445
-1.333213,2.336592,-34.33638,14.7091,-112.8922,11.70654,40.84823,23.09261,17.37155,24.36918,7.523705,1.235312,13.69581,-8.326802
-35.66269,12.58843,-10.95215,8.012677,-105.5226,15.36671,43.78053,27.97148,21.71816,29.10955,6.412101,-3.481518,18.63501,-27.97566
-49.8848,14.54514,-16.93319,11.40263,-104.4387,14.06645,45.43501,33.34592,22.70683,34.21051,11.79911,-2.171989,22.62861,-36.71149
-41.66999,9.432357,15.19249,5.17945,-87.88246,9.614119,39.76448,19.59011,7.506032,21.43383,7.015803,1.210626,18.03201,-24.41885
-22.872,4.251366,15.83148,-3.476167,-63.17221,6.636309,33.89637,19.6546,3.243221,5.543996,9.387186,3.896195,7.472056,-20.29238
4.367798,3.924172,35.69208,0.1510789,-39.60915,2.355224,34.14924,11.93917,-1.735576,-14.61367,1.954252,-8.95623,-12.45109,-17.16729
17.28443,1.525938,38.59981,4.164537,-29.52115,3.185306,24.58963,6.181448,-4.627954,-24.41038,3.475695,-9.60566,-20.4375,-10.40415
18.71688,-7.380032,40.26529,2.373271,-47.00049,-6.876712,16.25868,1.414309,12.20793,-18.83031,6.467249,-2.979166,-12.45341,-2.183485
14.34951,2.232815,25.65634,-0.590775,-44.63973,-0.4447217,21.3698,8.207647,13.99924,-26.20183,6.360344,-1.420941,-11.81621,-7.061497
30.34784,2.597942,1.394905,3.093925,-28.96629,-7.082994,13.80383,5.527209,6.234021,-35.42407,11.78932,5.888758,-13.19547,3.991076
42.71722,-1.795141,23.15015,-0.9029897,-7.283441,-7.30604,6.517365,-0.9019054,4.305471,-47.44013,4.49482,-1.737074,-19.37582,5.557505
47.76587,-6.66775,13.75387,-16.11543,31.73096,-7.389272,-0.501222,-8.250116,21.67853,-39.29438,-4.495833,-11.68378,-29.68582,9.154375
58.06283,-17.79025,9.491173,-12.03582,34.78622,-14.9537,-14.35137,-23.802,31.72724,-39.12005,-8.99798,-3.455086,-30.4784,30.91719
54.41312,-16.66437,9.687731,-9.024559,25.77628,-12.45689,-17.04439,-24.0294,41.56059,-35.58357,-12.14859,-6.938898,-26.65721,29.11014
44.13046,-10.04456,13.00436,-11.42164,11.61545,-11.47036,-18.12723,-16.12534,57.88348,-32.35149,-8.308692,-12.03808,-22.67694,15.93058
34.46463,-0.1268269,18.49888,-0.5112515,4.629708,-11.72033,-10.54654,-8.262609,65.21593,-37.60468,-14.33871,-12.47934,-31.96038,4.741518
33.01717,-9.635947,24.63452,1.001554,4.351419,-17.73918,-24.73873,-19.86925,60.55538,-26.90273,-10.61803,-5.281048,-26.92269,18.14755
22.7137,-1.961452,13.15668,-1.410092,16.80857,-12.84554,-22.06747,-10.82155,76.908,-23.56226,-11.20017,-17.52025,-28.92445,0.7262662
19.83291,-1.941485,-29.59731,2.280539,20.71695,-11.24409,-20.08666,-13.06798,88.0379,-17.59682,-10.84793,-10.47436,-26.80972,10.79804
3.174143,-2.443342,-29.93091,-0.5051495,8.751724,-3.768744,-20.73405,-7.602945,111.2325,-12.00154,-9.819204,-13.26634,-23.60934,0.5231929
-16.89724,1.171813,-20.92197,-2.584606,5.907127,-4.235647,-24.66353,-0.1218402,137.2193,-11.68485,-17.56551,-18.34893,-11.18904,-16.08505
-17.86054,-7.515618,-9.556891,-2.083728,-2.265104,-12.36844,-26.45229,-8.627347,138.7869,-21.7564,-13.11662,-0.5026,-15.25184,-1.429456
-40.54523,-0.05064272,-17.02294,0.2716519,6.063519,-5.853083,-18.44573,-0.7294207,173.5417,-17.85797,-14.54639,-17.75474,-22.04983,-25.02085
-51.36531,-1.249338,-20.03216,-3.239528,3.631124,-4.250446,-22.9059,3.841424,188.0468,-30.70467,-9.192643,-12.77926,-8.60751,-31.19262
-52.76628,-3.712074,-11.3439,4.391811,4.462996,-4.797218,-19.28341,0.794238,208.176,-47.52383,-19.28692,-14.20914,-12.9986,-31.90364
-56.67637,-10.67964,-9.947101,1.095113,-5.04885,-13.49506,-31.19494,-4.910191,228.2833,-47.82596,-10.35919,-7.639657,-5.516613,-26.08488
-61.80836,-17.5617,-7.586931,-9.044643,3.619498,-17.16457,-34.57179,-5.489575,241.2753,-56.4075,-8.392795,1.430207,-4.333924,-23.96325
-65.79615,-15.15176,-6.322406,-7.507198,25.67004,-7.119851,-22.55628,-6.143909,265.5043,-74.97095,-12.18121,-21.98899,-11.22623,-40.20938
-64.18903,-10.35429,4.404178,-8.624162,41.11549,-1.025144,-17.01947,-1.02241,288.9393,-94.32097,-21.33123,-39.18671,-20.52024,-56.86532
-73.81268,-20.53484,26.28784,-13.88894,36.60344,-5.058269,-20.63495,-7.246285,311.9019,-98.50104,-23.93064,-29.19855,-30.70254,-51.28445
-71.73783,-28.22042,23.4451,-24.93139,25.31484,-7.786093,-27.34015,-16.0859,336.8263,-106.3083,-24.06852,-27.40912,-10.46679,-41.23182
-47.08883,-55.01535,22.92758,-45.86633,3.394944,-36.10891,-50.32574,-36.20874,350.9096,-117.7074,-28.00131,12.91442,19.38834,6.787657
-30.77338,-67.80632,33.45175,-44.68634,-14.65035,-50.66462,-58.30851,-45.99178,364.2413,-123.2114,-36.45717,29.99507,15.64765,29.21406
-45.10291,-60.29533,18.2575,-49.66793,-9.258992,-46.37667,-51.33266,-39.25682,389.4822,-109.0251,-28.57741,12.6074,7.967343,10.57927
-61.63359,-54.55159,7.546225,-47.00154,-8.667991,-48.02784,-43.55766,-32.81689,427.4644,-88.66005,-31.287,-11.46237,4.805886,-12.15003
-55.32293,-46.38677,9.052037,-47.61987,-24.88462,-53.20943,-44.23684,-27.32076,450.7677,-89.92143,-33.98835,-12.50566,-8.809368,-15.61374
-59.4376,-46.93667,13.53071,-59.30751,-37.68362,-51.01175,-41.98949,-17.39514,468.0054,-88.69222,-31.99184,-3.330646,-23.74833,-20.01132
-34.81668,-56.64988,6.959117,-55.30415,-41.0128,-56.44531,-43.86891,-25.1823,507.1638,-105.5127,-35.77333,-15.59932,-29.94864,-14.00889
-19.06051,-57.12206,-0.845189,-54.92328,-33.46756,-57.80861,-50.77052,-26.81186,506.7836,-107.1809,-36.8674,-19.99698,-31.96888,-9.959987
-16.49513,-51.0947,-20.31507,-53.37564,-39.44952,-53.10954,-43.87611,-14.54461,557.9606,-119.955,-28.53365,-42.71171,-40.68265,-33.81726
-1.854123,-46.17013,-66.60035,-41.783,-42.89223,-46.38479,-39.37365,-11.08969,536.122,-123.9645,-24.47633,-31.78564,-38.73898,-21.00866
-10.34582,-44.14772,-70.64198,-49.91655,-65.43633,-55.46619,-48.69342,-14.45546,615.2098,-146.3081,-31.9958,-23.24708,-37.71511,-16.84027
-0.6508995,-33.36458,-92.88326,-40.62318,-74.02621,-49.5802,-40.2802,6.366403,551.1041,-123.8221,-16.10333,-20.45143,-38.6905,-26.99465
-1.922879,-36.195,-108.4305,-40.33686,-73.67075,-47.68985,-39.31829,7.887588,678.3055,-175.0838,-32.5488,-34.35161,-56.47653,-40.16828
7.427953,-21.1394,-86.19752,-23.96701,-69.32577,-36.39523,-25.34117,19.32483,537.2601,-147.6129,-24.64496,-29.13814,-57.48412,-42.76667
-14.87523,-33.38752,-122.1397,-61.25938,-129.2984,-47.20077,-44.36434,14.41238,910.9955,-244.6376,-41.56044,-45.72294,-80.88725,-60.07427
38.46198,34.22315,-40.38698,18.59821,-45.13247,22.66933,29.20002,73.05991,-153.7833,9.219245,37.30776,17.86005,-4.058961,-37.23792
189.8654,166.8266,134.2828,178.2269,109.0269,162.1801,165.5585,162.0688,-2455.86,693.6052,157.7892,143.933,120.2048,72.29155
184.8461,161.7737,144.6123,161.9146,93.6841,155.2359,158.131,132.5535,-2389.218,736.3761,141.1272,126.3446,99.52516,93.09373
148.0734,142.8761,92.99028,124.9631,84.4127,129.3404,138.9437,113.1759,-2109.519,668.8137,143.5906,116.4936,118.4438,87.40242
70.48338,107.7773,38.5966,92.50816,57.49414,105.4053,104.337,85.26197,-1629.975,551.8246,123.307,93.2455,135.48,64.25381
10.09341,84.37385,9.172009,74.95795,60.09215,81.72876,83.62327,65.33972,-1224.01,434.8944,99.22475,61.46986,128.3066,30.73371
15.71808,77.35094,8.645239,52.96878,46.7091,69.91177,70.44037,57.35183,-983.0109,348.0117,78.69912,37.3424,103.1227,16.739
9.568928,69.60635,9.660154,34.31091,23.09166,62.37236,64.93689,49.98755,-809.0461,282.4399,75.09904,26.33457,93.5906,8.047163
16.0889,57.02701,14.84983,33.68779,0.7465717,48.20862,50.72083,29.78641,-708.5425,250.6154,59.69206,33.38643,84.59589,29.13674
7.47941,51.77157,18.82126,29.88042,6.23244,43.86687,42.28969,28.04645,-606.0366,208.5271,57.78719,23.31088,72.68206,15.34126
7.62588,40.82386,11.91462,29.74851,8.249205,42.20823,40.29223,15.75978,-524.1295,179.9348,53.25713,11.1782,66.64998,16.48719
6.941366,36.99387,8.468145,28.76778,9.0218,39.79226,36.03475,11.07143,-429.3913,146.785,38.23998,5.017848,48.16484,14.09223
4.806604,34.78653,9.791078,23.27994,17.4793,34.55349,34.75684,10.04297,-361.4001,123.0149,31.9246,-5.741444,38.25353,4.451869
18.17438,22.10622,13.41808,16.79801,12.08181,28.78204,25.25484,-1.99958,-291.7426,84.67212,31.54819,-2.095353,26.3441,16.65777
38.18271,9.881704,14.16666,9.34796,15.08444,14.495,10.87209,-12.6424,-239.5855,62.16911,26.96085,2.468805,17.30845,31.29014
45.90654,3.667416,11.36738,7.198214,23.67905,6.449986,7.197402,-19.85928,-187.1443,40.05442,15.33821,1.085996,8.141544,36.91737
48.61024,7.142311,1.839298,-3.216314,12.89131,11.46863,8.892795,-18.24335,-121.3211,31.2591,-2.280844,-12.08549,3.186657,31.85676
51.69854,-1.399502,2.281087,4.329061,2.637513,2.451773,0.4356551,-24.42825,-51.92967,15.05392,-17.08638,-14.81674,-4.070148,34.84315
60.38715,-4.599007,-4.046718,-1.43922,-15.10256,-3.084154,-6.072951,-28.96961,-17.00822,-6.867236,-15.14571,2.238253,-10.61312,50.32311
50.53599,2.529407,-26.942,-5.456741,-13.22913,4.300035,-1.656148,-22.5632,21.11484,-12.25483,-12.96816,-8.38655,-12.3199,37.2964
34.26717,4.623633,-28.06806,-4.714672,-22.83138,2.495616,3.672548,-18.95485,65.73849,-30.82598,-7.883156,-14.31667,-5.946709,22.74402
37.01799,5.539027,-13.95958,0.3810742,-45.38171,3.498468,4.061086,-18.2441,86.03507,-40.26816,-17.98878,-7.938514,-19.08032,26.32845
42.45124,0.8459957,-8.517147,3.68009,-49.58884,-3.979241,-5.682427,-22.17687,107.5361,-46.26437,-20.65491,-7.065813,-20.55601,29.97226
18.99575,8.137523,-11.37704,2.984288,-43.69274,-1.733931,-1.542196,-15.23098,141.4002,-59.4017,-19.24004,-11.27864,-20.01404,11.99357
6.486222,-0.5429888,-12.89378,5.812084,-21.77053,-7.231481,-8.706863,-24.34638,153.7728,-56.67843,-17.85805,-12.33731,-17.18117,13.4759
1.433823,-5.321472,-21.56962,-0.7540854,4.427078,-11.37313,-13.96037,-26.95379,177.9196,-63.90146,-20.72814,-13.8267,-17.12491,11.73315
1.069148,2.593752,-14.96053,-9.592098,26.94874,-2.901548,-7.920073,-22.17456,151.4995,-77.08511,-18.4462,-10.81934,-25.70606,7.494371
12.41043,-6.262091,-5.71051,-8.120697,50.25979,-9.69098,-13.27742,-25.61029,126.7767,-81.68411,-17.87176,-9.68753,-22.75382,11.22221
6.875802,-3.677714,-10.23535,-10.82951,68.74776,-1.897665,-7.735783,-21.57204,128.9189,-92.3194,-23.45452,-14.82368,-20.82824,2.831451
12.50882,-10.32095,0.2599286,-6.896442,59.02406,-4.079863,-13.68082,-27.14885,150.5798,-101.0362,-27.75748,-14.98213,-24.27044,7.800602
10.19808,-17.33297,-5.504614,-6.674876,47.32038,-10.36814,-18.21,-28.67251,152.3088,-88.55889,-15.70468,-10.22528,-19.93481,11.35948
4.854056,-14.01813,-4.342626,-26.35525,26.38551,-15.00963,-16.14889,-30.88292,152.2894,-80.37159,-6.948551,-0.9045611,-7.559368,19.01254
4.488454,-12.49927,-17.14183,-24.71688,7.129987,-5.011421,-12.11416,-23.08296,154.5228,-80.577,-9.527081,6.355099,-7.618463,19.79273
6.888636,-5.818423,-41.58062,-22.14325,6.214994,0.1380105,-11.42893,-20.40228,143.2005,-75.58818,-3.896033,7.107065,-4.510011,21.81854
-3.620452,-3.139098,-38.35502,-23.84408,-16.95537,-5.741015,-12.53062,-19.73738,129.9051,-65.77601,3.000401,17.646,14.21486,24.9327
-2.896237,-6.683417,-29.27445,-14.25889,-25.86473,-6.808852,-10.40896,-19.26739,116.3563,-53.32022,-2.910948,14.66995,16.81727,23.85057
24.13072,9.199898,-4.571224,12.96361,3.246932,5.566854,2.403734,-5.162124,110.9704,-67.32542,-19.24085,-27.23339,-36.05514,-8.893962
27.99801,7.177198,10.60523,32.39731,10.14745,6.730761,1.105449,-5.540351,95.77128,-69.13122,-27.30652,-20.63133,-63.56833,-5.754921
17.67636,-1.487439,8.34992,22.10402,-3.61266,-8.691179,-12.24831,-13.60444,95.87511,-55.81332,-17.48955,-3.986597,-35.01735,7.945444
5.671912,2.372736,3.198492,19.87976,1.639662,-5.112196,-2.163696,-12.27009,87.13215,-51.57951,-12.52886,-8.812615,-28.49321,1.065457
0.2090193,-5.501496,49.35502,7.586656,-0.698648,-3.731587,-8.225793,-14.44132,111.1002,-62.30069,-20.89883,-9.249294,-39.62707,-3.576147
-20.94885,3.499521,54.00848,-0.07494736,-12.43514,2.249422,1.144884,0.1019967,151.3448,-70.80457,-17.87683,-16.54363,-45.3228,-28.34231
-46.86598,8.460231,31.47972,-4.294713,-18.37308,9.991993,11.12358,3.894819,166.4564,-57.78173,-14.98625,-16.21098,-37.85471,-35.03929
-37.10533,-6.046112,45.61431,-2.622052,-15.77242,-11.22767,-7.474202,-10.24235,177.3561,-57.42612,-19.22515,-16.44953,-16.06142,-23.31802
-47.65525,-15.02393,27.83376,-4.979117,-17.59091,-25.27574,-17.07944,-15.66591,176.5056,-47.17786,-7.961411,-4.064276,12.61898,-14.48449
-54.58474,-6.094267,24.22508,-16.53517,-14.22262,-14.41598,-10.80232,-5.624469,220.2209,-66.99355,-9.31505,-12.47077,-2.38527,-31.00179
-56.21879,-7.838922,16.86928,-18.1131,2.538022,-12.01998,-8.109183,-8.109357,228.7501,-64.25265,-18.01685,-14.72595,-11.53239,-29.22026
-59.58259,-4.51729,7.418731,-12.59474,25.23156,1.309128,0.0157891,-1.822993,136.599,-33.91843,-6.615175,-20.70729,4.839422,-35.65514
-51.19864,8.54845,17.82454,0.3446893,44.28364,8.514749,6.954552,8.664134,0.2063385,-2.114247,0.7061034,-15.79914,10.55585,-37.491
-40.21495,7.90505,26.78001,1.070033,46.5916,10.86326,7.314862,12.59421,-82.57988,22.92541,-1.114768,-1.68848,15.95572,-26.40208
-0.506428,2.102596,39.46612,5.977094,47.89058,9.046511,10.75709,9.825538,-115.1785,7.847327,-4.732341,-0.2428861,0.5823871,-12.8351
18.7861,6.032724,46.85714,12.43917,46.7507,5.254108,8.444451,10.89551,-161.3049,31.33667,-5.362244,5.219067,-22.37419,-2.974333
2.001829,17.00602,30.61696,10.10984,38.78605,11.148,17.61394,22.50608,-139.7128,35.41724,3.342595,-10.48377,-12.45738,-25.89456
-13.97115,13.82786,8.723988,2.383279,35.25646,12.87414,16.60077,13.01825,-89.4837,34.27157,3.505497,-20.40662,8.937142,-25.53749
-23.07906,8.703041,-11.38946,-9.943159,29.64678,8.074866,4.592601,8.676239,18.03477,5.978437,-1.965777,-19.49671,7.33284,-25.16539
-48.82454,-0.1006671,-36.55013,-30.04419,5.216362,-6.671746,-3.756646,3.009955,254.1945,-61.23101,-8.956591,-21.70967,-9.297478,-35.27814
-82.75004,-3.901603,-50.82108,-50.85484,0.07161985,-10.08971,-7.059711,2.610539,387.5855,-89.44011,-8.676241,-27.00963,-8.605735,-51.05896
-89.67568,-9.344785,-61.15786,-49.05233,10.33694,-10.01514,-7.769547,4.798917,404.484,-83.61269,-8.52457,-43.11017,6.90279,-64.25986
-82.53493,-4.870255,-52.41266,-29.98759,7.685852,-3.624768,-3.205589,8.94246,370.1354,-80.37836,-13.22573,-44.56745,-5.533753,-66.4226
-29.32829,-9.279909,-20.56611,-11.4337,-2.245546,-8.543952,-15.05467,3.19288,213.2897,-56.67408,-12.8073,-18.63302,-2.896758,-29.01926
8.765605,-24.60022,1.661938,-1.674286,-12.22944,-14.77394,-16.72,-8.188869,58.68082,-13.65401,-8.261946,13.83902,1.799637,15.35566
