Time(ms),ID,Gaze_X,Gaze_Y,Gaze_Z,TrackingObject,FixationDuration,PreviousAOI,CurrentAOI,PupilLeft,PupilRight,PupilCombined,SaccadeSpeed,HeadYaw,HeadPitch,Blink,LookAheadCarID,LookAheadCarType,LookAheadCarSpeed,Distance,LookAheadCar_PosX,LookAheadCar_PosY,LookAheadCar_PosZ
0.1,id,-2.161849,1.158764,-1.573938,None,0,,None,-1,-1,-1,0,180,0,TRUE,None,None,,,,,
0.2,id,-2.161774,1.158796,-1.573985,None,0.1000977,,None,-1,-1,-1,0,180,0,TRUE,None,None,,,,,
0.3,id,-2.161731,1.158814,-1.574042,None,0.2000961,,None,-1,-1,-1,0,180,0,TRUE,None,None,,,,,
0.4,id,-2.161779,1.15877,-1.574181,None,0.3001099,,None,-1,-1,-1,0,180,0,TRUE,None,None,,,,,
0.5,id,-2.161654,1.158751,-1.573921,None,0.3999634,,None,-1,-1,-1,0,180,0,TRUE,None,None,,,,,
0.6,id,-2.161692,1.158728,-1.573775,None,0.4999619,,None,-1,-1,-1,0,180,0,TRUE,None,None,,,,,
0.7,id,-2.161452,1.158853,-1.573376,None,0.6005478,,None,-1,-1,-1,0,180,0,TRUE,None,None,,,,,
0.8,id,-2.161621,1.158876,-1.573586,None,0.7000122,,None,-1,-1,-1,0,180,0,TRUE,None,None,,,,,
0.9,id,-2.161535,1.158917,-1.573573,None,0.8002472,,None,-1,-1,-1,0,180,0,TRUE,None,None,,,,,
1,id,-2.161529,1.158911,-1.573385,None,0.9002457,,None,-1,-1,-1,0,180,0,TRUE,None,None,,,,,
1.1,id,-2.161348,1.159044,-1.57324,None,1.000801,,None,-1,-1,-1,0,180,0,TRUE,None,None,,,,,
1.2,id,-2.161432,1.159141,-1.573445,None,1.100075,,None,-1,-1,-1,0,180,0,TRUE,None,None,,,,,
1.3,id,-2.161555,1.159152,-1.573655,None,1.200165,,None,-1,-1,-1,0,180,0,TRUE,None,None,,,,,
1.4,id,-2.161354,1.159068,-1.573471,None,1.299973,,None,-1,-1,-1,0,180,0,TRUE,None,None,,,,,
1.5,id,-2.161382,1.159153,-1.573571,None,1.401085,,None,-1,-1,-1,0,180,0,TRUE,None,None,,,,,
1.6,id,-2.16134,1.159169,-1.573666,None,1.501335,,None,-1,-1,-1,0,180,0,TRUE,None,None,,,,,
1.7,id,-2.161197,1.159308,-1.573891,None,1.601295,,None,-1,-1,-1,0,180,0,TRUE,None,None,,,,,
1.8,id,-2.161092,1.159311,-1.574013,None,1.708481,,None,-1,-1,-1,0,180,0,TRUE,None,None,,,,,
1.9,id,-2.160983,1.159353,-1.574106,None,1.801071,,None,-1,-1,-1,0,180,0,TRUE,None,None,,,,,
2,id,-2.161165,1.159404,-1.574371,None,1.901039,,None,-1,-1,-1,0,180,0,TRUE,None,None,,,,,
2.1,id,-2.161269,1.159637,-1.574432,None,2.00103,,None,-1,-1,-1,0,180,0,TRUE,None,None,,,,,
2.2,id,-2.161167,1.159921,-1.574143,None,2.101425,,None,-1,-1,-1,0,180,0,TRUE,None,None,,,,,
2.3,id,-2.161165,1.16001,-1.573815,None,2.201714,,None,-1,-1,-1,0,180,0,TRUE,None,None,,,,,
2.4,id,-2.161263,1.160024,-1.573689,None,2.29158,,None,-1,-1,-1,0,180,0,TRUE,None,None,,,,,
2.5,id,-2.161369,1.159852,-1.573668,None,2.402855,,None,-1,-1,-1,0,180,0,TRUE,None,None,,,,,
2.6,id,-2.161211,1.159905,-1.573479,None,2.491913,,None,-1,-1,-1,0,180,0,TRUE,None,None,,,,,
2.7,id,-2.161362,1.159984,-1.573353,None,2.591148,,None,-1,-1,-1,0,180,0,TRUE,None,None,,,,,
2.8,id,-2.161377,1.159984,-1.573426,None,2.692047,,None,-1,-1,-1,0,180,0,TRUE,None,None,,,,,
2.9,id,-2.161391,1.159851,-1.573398,None,2.801994,,None,-1,-1,-1,0,180,0,TRUE,None,None,,,,,
3,id,-2.16152,1.159873,-1.573251,None,2.891006,,None,-1,-1,-1,0,180,0,TRUE,None,None,,,,,
3.1,id,-2.161822,1.160011,-1.573225,None,2.993645,,None,-1,-1,-1,0,180,0,TRUE,None,None,,,,,
3.2,id,-2.161867,1.160125,-1.573109,None,3.091278,,None,-1,-1,-1,0,180,0,TRUE,None,None,,,,,
3.3,id,-2.161645,1.160278,-1.573067,None,3.191292,,None,-1,-1,-1,0,180,0,TRUE,None,None,,,,,
3.4,id,-2.16149,1.160295,-1.57322,None,3.29142,,None,-1,-1,-1,0,180,0,TRUE,None,None,,,,,
3.5,id,-2.161512,1.160376,-1.573517,None,3.391319,,None,-1,-1,-1,0,180,0,TRUE,None,None,,,,,
3.6,id,-2.161539,1.160084,-1.573657,None,3.491333,,None,-1,-1,-1,0,180,0,TRUE,None,None,,,,,
3.7,id,-2.161422,1.1601,-1.574009,None,3.591469,,None,-1,-1,-1,0,180,0,TRUE,None,None,,,,,
3.8,id,-2.161344,1.159949,-1.574351,None,3.702309,,None,-1,-1,-1,0,180,0,TRUE,None,None,,,,,
3.9,id,-2.161212,1.160039,-1.574386,None,3.791466,,None,-1,-1,-1,0,180,0,TRUE,None,None,,,,,
4,id,-2.161201,1.159757,-1.57467,None,3.89122,,None,-1,-1,-1,0,180,0,TRUE,None,None,,,,,
4.1,id,-2.161301,1.1597,-1.574939,None,3.991272,,None,-1,-1,-1,0,180,0,TRUE,None,None,,,,,
4.2,id,-2.16117,1.159561,-1.57496,None,4.091484,,None,-1,-1,-1,0,180,0,TRUE,None,None,,,,,
4.3,id,-2.161372,1.159384,-1.575046,None,4.191162,,None,-1,-1,-1,0,180,0,TRUE,None,None,,,,,
4.4,id,-2.161526,1.159278,-1.575595,None,4.291519,,None,-1,-1,-1,0,180,0,TRUE,None,None,,,,,
4.5,id,-2.161407,1.159309,-1.575443,None,4.391434,,None,-1,-1,-1,0,180,0,TRUE,None,None,,,,,
0.1,id,-1.526347,1.504777,-0.8431148,None,0,,None,-1,-1,-1,0,180,0,TRUE,None,None,,,,,
0.2,id,-1.529815,1.505166,-0.842963,None,0.0925568,,None,-1,-1,-1,0,180,0,TRUE,None,None,,,,,
0.3,id,-1.531893,1.506395,-0.8411577,None,0.1968831,,None,-1,-1,-1,0,180,0,TRUE,None,None,,,,,
0.4,id,-1.528854,1.505525,-0.8368115,None,0.2859038,,None,-1,-1,-1,0,180,0,TRUE,None,None,,,,,
0.5,id,-1.526075,1.504453,-0.8333302,None,0.385502,,None,-1,-1,-1,0,180,0,TRUE,None,None,,,,,
0.6,id,-1.527904,1.504498,-0.8328214,None,0.4857287,,None,-1,-1,-1,0,180,0,TRUE,None,None,,,,,
0.7,id,-1.531345,1.505152,-0.8330451,None,0.5856696,,None,-1,-1,-1,0,180,0,TRUE,None,None,,,,,
0.8,id,-1.534837,1.504833,-0.8330647,None,0.6885784,,None,-1,-1,-1,0,180,0,TRUE,None,None,,,,,
0.9,id,-1.538528,1.504718,-0.8335692,None,0.7895399,,None,-1,-1,-1,0,180,0,TRUE,None,None,,,,,
1,id,-1.541884,1.505645,-0.8349245,None,0.8884658,,None,5.173917,5.862978,5.518447,335.8397,180,0,FALSE,None,None,,,,,
1.1,id,-1.545206,1.505885,-0.8370118,None,1.004509,,None,5.173917,5.862978,5.518447,10.0509,180,0,FALSE,None,None,,,,,
1.2,id,-1.545047,1.505126,-0.8368809,None,1.087469,,None,5.173917,5.862978,5.518447,39.80873,180,0,FALSE,None,None,,,,,
1.3,id,-1.544442,1.504623,-0.8366812,None,1.187153,,None,5.173917,3.477736,4.325826,8.461581,180,0,FALSE,None,None,,,,,
1.4,id,-1.544913,1.50402,-0.8383698,None,1.287584,,None,5.173917,3.477736,4.325826,6.679753,180,0,FALSE,None,None,,,,,
1.5,id,-1.54577,1.50435,-0.8400345,None,1.387557,,None,5.173917,3.477736,4.325826,7.348187,180,0,FALSE,None,None,,,,,
1.6,id,-1.546103,1.503744,-0.8419091,None,1.487464,,None,5.173917,3.477736,4.325826,4.950208,180,0,FALSE,None,None,,,,,
1.7,id,-1.546651,1.502697,-0.8448768,None,1.587414,,None,5.173917,3.477736,4.325826,9.196585,180,0,FALSE,None,None,,,,,
1.8,id,-1.547747,1.502401,-0.8503181,None,1.687193,,None,3.048897,3.477736,3.263316,111.5731,180,0,FALSE,None,None,,,,,
1.9,id,-1.55001,1.503305,-0.8584321,None,1.787301,,None,3.048897,3.477736,3.263316,109.3548,180,0,FALSE,None,None,,,,,
2,id,-1.55255,1.504463,-0.8679699,None,1.887565,,None,3.048897,3.477736,3.263316,33.1413,180,0,FALSE,None,None,,,,,
2.1,id,-1.554823,1.505986,-0.8772784,None,1.987804,,None,3.048897,3.477736,3.263316,16.45077,180,0,FALSE,None,None,,,,,
2.2,id,-1.55595,1.507041,-0.8841445,None,2.08776,,None,3.048897,3.477736,3.263316,4.17025,180,0,FALSE,None,None,,,,,
2.3,id,-1.555088,1.50722,-0.8874161,None,2.187333,,None,3.048897,3.709881,3.379389,6.619154,180,0,FALSE,None,None,,,,,
2.4,id,-1.553402,1.507925,-0.8873578,None,2.287937,,None,3.048897,3.709881,3.379389,14.63622,180,0,FALSE,None,None,,,,,
2.5,id,-1.553464,1.507409,-0.8869951,None,2.387391,,None,3.048897,3.709881,3.379389,6.261736,180,0,FALSE,None,None,,,,,
2.6,id,-1.554551,1.506608,-0.8858431,None,2.488713,,None,3.048897,3.709881,3.379389,6.335643,180,0,FALSE,None,None,,,,,
2.7,id,-1.555951,1.505967,-0.8833575,None,2.587711,,None,3.048897,3.709881,3.379389,6.344295,180,0,FALSE,None,None,,,,,
2.8,id,-1.558321,1.504891,-0.8809428,None,2.687204,,None,3.465703,3.709881,3.587792,9.851789,180,0,FALSE,None,None,,,,,
2.9,id,-1.560738,1.503442,-0.8783957,None,2.787146,,None,3.465703,3.709881,3.587792,111.5666,180,0,FALSE,None,None,,,,,
3,id,-1.562458,1.502569,-0.875729,None,2.88732,,None,3.465703,3.709881,3.587792,10.5906,180,0,FALSE,None,None,,,,,
3.1,id,-1.586616,1.497033,-0.8703491,None,3.330545,,None,3.465703,4.392655,3.929179,37.53173,180,0,FALSE,None,None,,,,,
3.2,id,-1.586871,1.497051,-0.8703374,None,3.341324,,None,3.465703,4.392655,3.929179,8.207637,180,0,FALSE,None,None,,,,,
3.3,id,-1.586866,1.497055,-0.8701017,None,3.350934,,None,3.465703,4.392655,3.929179,0,180,0,FALSE,None,None,,,,,
3.4,id,-1.587041,1.497009,-0.8700891,None,3.362423,,None,3.465703,4.392655,3.929179,6.668887,180,0,FALSE,None,None,,,,,
3.5,id,-1.587186,1.49696,-0.8699013,None,3.383977,,None,3.465703,4.392655,3.929179,5.429802,180,0,FALSE,None,None,,,,,
3.6,id,-1.587973,1.496996,-0.8700736,None,3.484213,,None,3.465703,4.392655,3.929179,22.67359,180,0,FALSE,None,None,,,,,
3.7,id,-1.588492,1.496987,-0.8706171,None,3.583729,,None,4.158159,4.392655,4.275407,11.68126,180,0,FALSE,None,None,,,,,
3.8,id,-1.588957,1.497145,-0.8715686,None,3.683789,,None,4.158159,4.392655,4.275407,2.380677,180,0,FALSE,None,None,,,,,
3.9,id,-1.589311,1.497568,-0.8729022,None,3.783683,,None,4.158159,4.392655,4.275407,5.681182,180,0,FALSE,None,None,,,,,
4,id,-1.59008,1.499601,-0.8760625,None,3.883787,,None,4.158159,4.392655,4.275407,5.771679,180,0,FALSE,None,None,,,,,
4.1,id,-1.591222,1.500596,-0.8816701,None,3.983809,,None,4.158159,4.392655,4.275407,17.58975,180,0,FALSE,None,None,,,,,
4.2,id,-1.592266,1.501279,-0.8888483,None,4.083684,,None,4.158159,4.392655,4.275407,7.105835,180,0,FALSE,None,None,,,,,
4.3,id,-1.593538,1.503824,-0.8975911,None,4.183829,,None,-1,-1,-1,1041.84,180,0,TRUE,None,None,,,,,
4.4,id,-1.594598,1.504684,-0.9045917,None,4.28378,,None,4.158159,5.292171,4.725165,935.4138,180,0,FALSE,None,None,,,,,
4.5,id,-1.595091,1.504012,-0.9073783,None,4.383738,,None,4.158159,5.292171,4.725165,34.45744,180,0,FALSE,None,None,,,,,
4.6,id,-1.596584,1.503211,-0.9102312,None,4.483695,,None,4.158159,5.292171,4.725165,182.2776,180,0,FALSE,None,None,,,,,
4.7,id,-1.599326,1.502093,-0.9124737,None,4.583982,,None,4.247737,5.292171,4.769954,41.0412,180,0,FALSE,None,None,,,,,
4.8,id,-1.602914,1.500335,-0.9137063,None,4.684051,,None,4.247737,5.292171,4.769954,12.77518,180,0,FALSE,None,None,,,,,
4.9,id,-1.606359,1.498359,-0.9142356,None,4.784074,,None,4.247737,5.292171,4.769954,5.555446,180,0,FALSE,None,None,,,,,
5,id,-1.610218,1.497642,-0.9155535,None,4.883925,,None,4.247737,4.071096,4.159417,5.90382,180,0,FALSE,None,None,,,,,
5.1,id,-1.61289,1.496646,-0.9159744,None,4.988957,,None,4.247737,4.071096,4.159417,4.925879,180,0,FALSE,None,None,,,,,
5.2,id,-1.615249,1.496569,-0.9175472,None,5.089043,,None,4.247737,4.071096,4.159417,4.909637,180,0,FALSE,None,None,,,,,
5.3,id,-1.617661,1.496457,-0.9192065,None,5.189448,,None,4.247737,4.071096,4.159417,6.932446,180,0,FALSE,None,None,,,,,
5.4,id,-1.619421,1.496021,-0.9204262,None,5.288808,,None,4.247737,4.071096,4.159417,3.719458,180,0,FALSE,None,None,,,,,
5.5,id,-1.620942,1.495992,-0.9207894,None,5.388895,,None,3.605261,4.071096,3.838179,4.007035,180,0,FALSE,None,None,,,,,
5.6,id,-1.622609,1.495868,-0.9224364,None,5.488664,,None,3.605261,4.071096,3.838179,3.491107,180,0,FALSE,None,None,,,,,
5.7,id,-1.62404,1.49587,-0.9234303,None,5.580544,,None,3.605261,4.071096,3.838179,3.200733,180,0,FALSE,None,None,,,,,
5.8,id,-1.62503,1.496198,-0.9248526,None,5.680574,,None,3.605261,4.071096,3.838179,3.361996,180,0,FALSE,None,None,,,,,
5.9,id,-1.625964,1.497014,-0.9274466,None,5.780629,,None,3.605261,4.071096,3.838179,20.0445,180,0,FALSE,None,None,,,,,
6,id,-1.626791,1.497499,-0.9315592,None,5.880554,,None,3.605261,3.863048,3.734154,27.58334,180,0,FALSE,None,None,,,,,
6.1,id,-1.627643,1.498714,-0.9351981,None,5.980657,,None,3.605261,3.863048,3.734154,14.35615,180,0,FALSE,None,None,,,,,
6.2,id,-1.627123,1.500603,-0.9377464,None,6.084872,,None,3.605261,3.863048,3.734154,9.322637,180,0,FALSE,None,None,,,,,
6.3,id,-1.626792,1.502364,-0.9397874,None,6.184887,,None,3.605261,3.863048,3.734154,6.012455,180,0,FALSE,None,None,,,,,
6.4,id,-1.626337,1.504188,-0.9428985,None,6.285001,,None,3.605261,3.863048,3.734154,6.784892,180,0,FALSE,None,None,,,,,
6.5,id,-1.625659,1.506165,-0.9446071,None,6.385061,,None,4.011206,3.863048,3.937127,5.927847,180,0,FALSE,None,None,,,,,
6.6,id,-1.624635,1.507325,-0.9462546,None,6.48488,,None,4.011206,3.863048,3.937127,5.258375,180,0,FALSE,None,None,,,,,
6.7,id,-1.624259,1.508433,-0.9489446,None,6.584935,,None,4.011206,3.863048,3.937127,18.6438,180,0,FALSE,None,None,,,,,
6.8,id,-1.624055,1.509347,-0.9530319,None,6.685025,,None,4.011206,3.863048,3.937127,279.4634,180,0,FALSE,None,None,,,,,
6.9,id,-1.624003,1.51043,-0.9563972,None,6.784937,,None,4.011206,3.863048,3.937127,25.18753,180,0,FALSE,None,None,,,,,
7,id,-1.624325,1.510625,-0.960807,None,6.884994,,None,4.011206,5.533223,4.772214,55.46422,180,0,FALSE,None,None,,,,,
7.1,id,-1.625333,1.509972,-0.9640434,None,6.98486,,None,4.011206,5.533223,4.772214,4.525794,180,0,FALSE,None,None,,,,,
7.2,id,-1.625757,1.510709,-0.9659585,None,7.084813,,None,4.011206,5.533223,4.772214,12.60494,180,0,FALSE,None,None,,,,,
7.3,id,-1.625255,1.511298,-0.9666404,None,7.185142,,None,4.011206,5.533223,4.772214,5.987162,180,0,FALSE,None,None,,,,,
7.4,id,-1.624884,1.511421,-0.9678999,None,7.285712,,None,4.011206,5.533223,4.772214,11.49506,180,0,FALSE,None,None,,,,,
7.5,id,-1.624442,1.511951,-0.968164,None,7.385345,,None,5.010286,5.533223,5.271755,8.937163,180,0,FALSE,None,None,,,,,
7.6,id,-1.623287,1.512957,-0.9680521,None,7.485592,,None,5.010286,5.533223,5.271755,7.711261,180,0,FALSE,None,None,,,,,
7.7,id,-1.622533,1.514188,-0.9666371,None,7.585258,,None,5.010286,5.533223,5.271755,7.720669,180,0,FALSE,None,None,,,,,
7.8,id,-1.621332,1.515893,-0.9653675,None,7.685371,,None,5.010286,5.533223,5.271755,8.469233,180,0,FALSE,None,None,,,,,
7.9,id,-1.619775,1.5178,-0.9636327,None,7.78484,,None,5.010286,5.533223,5.271755,16.0014,180,0,FALSE,None,None,,,,,
8,id,-1.618664,1.51849,-0.9622329,None,7.885801,,None,-1,-1,-1,1047.91,180,0,TRUE,None,None,,,,,
8.1,id,-1.618257,1.518656,-0.9602956,None,7.985081,,None,-1,-1,-1,1063.07,180,0,TRUE,None,None,,,,,
8.2,id,-1.61819,1.519079,-0.9585955,None,8.085244,,None,5.010286,5.282252,5.146269,501.1384,180,0,FALSE,None,None,,,,,
8.3,id,-1.618541,1.519066,-0.9565182,None,8.187071,,None,5.010286,5.282252,5.146269,89.45545,180,0,FALSE,None,None,,,,,
8.4,id,-1.619364,1.518664,-0.9542407,None,8.287411,,None,5.010286,5.282252,5.146269,11.57865,180,0,FALSE,None,None,,,,,
8.5,id,-1.620867,1.517425,-0.9523126,None,8.387132,,None,3.801858,5.282252,4.542055,1.953788,180,0,FALSE,None,None,,,,,
8.6,id,-1.622176,1.516443,-0.9500996,None,8.487356,,None,3.801858,5.282252,4.542055,2.993424,180,0,FALSE,None,None,,,,,
8.7,id,-1.623747,1.515639,-0.9488659,None,8.587255,,None,3.801858,5.282252,4.542055,20.14688,180,0,FALSE,None,None,,,,,
8.8,id,-1.624869,1.513916,-0.9481815,None,8.687237,,None,3.801858,5.282252,4.542055,30.86234,180,0,FALSE,None,None,,,,,
8.9,id,-1.625232,1.512596,-0.9476162,None,8.78756,,None,3.801858,5.282252,4.542055,12.17153,180,0,FALSE,None,None,,,,,
9,id,-1.625091,1.512235,-0.9471295,None,8.887338,,None,3.801858,4.370335,4.086097,6.700108,180,0,FALSE,None,None,,,,,
9.1,id,-1.624788,1.51173,-0.9474519,None,8.987333,,None,3.801858,4.370335,4.086097,54.31903,180,0,FALSE,None,None,,,,,
9.2,id,-1.624446,1.511087,-0.9474066,None,9.080465,,None,3.801858,4.370335,4.086097,16.91097,180,0,FALSE,None,None,,,,,
9.3,id,-1.623998,1.510775,-0.9477907,None,9.180336,,None,3.732334,4.370335,4.051334,6.076262,180,0,FALSE,None,None,,,,,
9.4,id,-1.623485,1.510365,-0.9483516,None,9.280683,,None,3.732334,4.370335,4.051334,41.54076,180,0,FALSE,None,None,,,,,
9.5,id,-1.623005,1.509932,-0.9487555,None,9.38062,,None,3.732334,4.370335,4.051334,38.72465,180,0,FALSE,None,None,,,,,
9.6,id,-1.622716,1.509657,-0.9489982,None,9.480449,,None,3.732334,4.370335,4.051334,6.658426,180,0,FALSE,None,None,,,,,
9.7,id,-1.622542,1.509147,-0.9493825,None,9.580449,,None,3.732334,4.370335,4.051334,6.246342,180,0,FALSE,None,None,,,,,
9.8,id,-1.622584,1.507918,-0.9494914,None,9.680737,,None,3.732334,4.399105,4.06572,3.674486,180,0,FALSE,None,None,,,,,
9.9,id,-1.622738,1.507262,-0.9499617,None,9.780678,,None,3.732334,4.399105,4.06572,2.113419,180,0,FALSE,None,None,,,,,
10,id,-1.623285,1.506721,-0.9505218,None,9.880602,,None,3.732334,4.399105,4.06572,78.44951,180,0,FALSE,None,None,,,,,
10.1,id,-1.623547,1.505422,-0.9505945,None,9.980212,,None,3.732334,4.399105,4.06572,20.64472,180,0,FALSE,None,None,,,,,
10.2,id,-1.623472,1.505184,-0.9497576,None,10.08022,,None,3.732334,4.399105,4.06572,9.088573,180,0,FALSE,None,None,,,,,
10.3,id,-1.623176,1.504982,-0.9489642,None,10.18062,,None,4.010231,4.399105,4.204668,37.69515,180,0,FALSE,None,None,,,,,
10.4,id,-1.623218,1.504582,-0.9482023,None,10.28028,,None,4.010231,4.399105,4.204668,44.10633,180,0,FALSE,None,None,,,,,
10.5,id,-1.622804,1.502986,-0.9475549,None,10.3806,,None,4.010231,4.399105,4.204668,15.73549,180,0,FALSE,None,None,,,,,
10.6,id,-1.622866,1.501976,-0.9467286,None,10.48025,,None,4.010231,4.399105,4.204668,28.75117,180,0,FALSE,None,None,,,,,
10.7,id,-1.62263,1.50156,-0.9455663,None,10.58022,,None,4.010231,4.399105,4.204668,14.63262,180,0,FALSE,None,None,,,,,
10.8,id,-1.62244,1.500937,-0.9444942,None,10.68022,,None,4.010231,4.935712,4.472972,7.667021,180,0,FALSE,None,None,,,,,
10.9,id,-1.622175,1.500402,-0.9436836,None,10.78086,,None,4.010231,4.935712,4.472972,55.68494,180,0,FALSE,None,None,,,,,
11,id,-1.621948,1.499958,-0.9425378,None,10.88019,,None,4.010231,4.935712,4.472972,94.67861,180,0,FALSE,None,None,,,,,
11.1,id,-1.621806,1.499346,-0.9416163,None,10.98605,,None,4.010231,4.935712,4.472972,10.62896,180,0,FALSE,None,None,,,,,
11.2,id,-1.622202,1.498634,-0.9406102,None,11.08564,,None,4.010231,4.935712,4.472972,7.708616,180,0,FALSE,None,None,,,,,
11.3,id,-1.622198,1.497065,-0.9398354,None,11.18614,,None,4.268682,4.935712,4.602197,30.14782,180,0,FALSE,None,None,,,,,
11.4,id,-1.622509,1.496101,-0.9388829,None,11.28547,,None,4.268682,4.935712,4.602197,15.78118,180,0,FALSE,None,None,,,,,
11.5,id,-1.622164,1.495816,-0.9380767,None,11.38628,,None,4.268682,4.935712,4.602197,25.88281,180,0,FALSE,None,None,,,,,
11.6,id,-1.622159,1.495134,-0.9379843,None,11.48584,,None,-1,-1,-1,1471.217,180,0,TRUE,None,None,,,,,
11.7,id,-1.622401,1.494755,-0.9384445,None,11.58562,,None,-1,-1,-1,1469.484,180,0,TRUE,None,None,,,,,
11.8,id,-1.622613,1.494413,-0.9388307,None,11.68554,,None,4.268682,5.255564,4.762123,373.7122,180,0,FALSE,None,None,,,,,
11.9,id,-1.622529,1.494516,-0.9393373,None,11.78541,,None,4.268682,5.255564,4.762123,40.19924,180,0,FALSE,None,None,,,,,
12,id,-1.622602,1.495168,-0.9402224,None,11.8855,,None,4.268682,5.255564,4.762123,16.36688,180,0,FALSE,None,None,,,,,
12.1,id,-1.622809,1.49564,-0.9401981,None,11.98551,,None,4.268682,5.255564,4.762123,71.34591,180,0,FALSE,None,None,,,,,
12.2,id,-1.623505,1.494196,-0.9403855,None,12.08541,,None,4.268682,5.255564,4.762123,15.91197,180,0,FALSE,None,None,,,,,
12.3,id,-1.624581,1.493565,-0.9411474,None,12.18546,,None,4.268682,5.255564,4.762123,10.29541,180,0,FALSE,None,None,,,,,
12.4,id,-1.625738,1.492686,-0.9412194,None,12.28844,,None,4.376107,5.255564,4.815835,35.21837,180,0,FALSE,None,None,,,,,
12.5,id,-1.626725,1.491331,-0.9413353,None,12.38552,,None,4.376107,5.255564,4.815835,27.28955,180,0,FALSE,None,None,,,,,
12.6,id,-1.627735,1.490447,-0.9406306,None,12.48543,,None,-1,-1,-1,1278.073,180,0,TRUE,None,None,,,,,
12.7,id,-1.627906,1.489907,-0.9403868,None,12.58572,,None,-1,-1,-1,1272.241,180,0,TRUE,None,None,,,,,
12.8,id,-1.628329,1.490062,-0.9405427,None,12.68622,,None,4.376107,5.34128,4.858694,354.8046,180,0,FALSE,None,None,,,,,
12.9,id,-1.628749,1.489664,-0.9410157,None,12.78607,,None,4.376107,5.34128,4.858694,7.431932,180,0,FALSE,None,None,,,,,
13,id,-1.629576,1.489471,-0.9415557,None,12.8861,,None,4.376107,5.34128,4.858694,5.645889,180,0,FALSE,None,None,,,,,
13.1,id,-1.629995,1.489404,-0.9421279,None,12.9798,,None,4.376107,5.34128,4.858694,6.937904,180,0,FALSE,None,None,,,,,
13.2,id,-1.630263,1.48897,-0.9437016,None,13.07943,,None,4.376107,5.34128,4.858694,109.7063,180,0,FALSE,None,None,,,,,
13.3,id,-1.630347,1.488395,-0.9458238,None,13.17926,,None,4.376107,-1,1.688053,536.3728,180,0,TRUE,None,None,,,,,
13.4,id,-1.629833,1.488093,-0.9482294,None,13.27975,,None,4.609392,-1,1.804696,631.1561,180,0,TRUE,None,None,,,,,
13.5,id,-1.629261,1.491434,-0.950153,None,13.37941,,None,-1,5.34128,2.17064,640.5958,180,0,TRUE,None,None,,,,,
13.6,id,-1.630003,1.49348,-0.9525741,None,13.47935,,None,-1,-1,-1,406.6919,180,0,TRUE,None,None,,,,,
13.7,id,-1.631325,1.491926,-0.9558595,None,13.57989,,None,4.609392,-1,1.804696,795.9114,180,0,TRUE,None,None,,,,,
13.8,id,-1.633115,1.4901,-0.9570625,None,13.69045,,None,4.609392,5.34128,4.975336,135.9496,180,0,FALSE,None,None,,,,,
13.9,id,-1.634569,1.489331,-0.9574772,None,13.77927,,None,4.609392,5.34128,4.975336,10.35373,180,0,FALSE,None,None,,,,,
14,id,-1.637304,1.486468,-0.9603292,None,13.87957,,None,4.609392,5.34128,4.975336,16.44062,180,0,FALSE,None,None,,,,,
14.1,id,-1.641494,1.484322,-0.9651836,None,13.97914,,None,-1,4.170847,1.585423,680.9985,180,0,TRUE,None,None,,,,,
14.2,id,-1.646261,1.483048,-0.9675415,None,14.09074,,None,-1,4.170847,1.585423,682.7686,180,0,TRUE,None,None,,,,,
14.3,id,-1.649184,1.479497,-0.9722965,None,14.17913,,None,4.609392,4.170847,4.39012,97.35725,180,0,FALSE,None,None,,,,,
14.4,id,-1.655165,1.476876,-0.9825099,None,14.2902,,None,4.609392,4.170847,4.39012,23.61995,180,0,FALSE,None,None,,,,,
14.5,id,-1.658751,1.472311,-0.9903795,None,14.37971,,None,4.609392,4.170847,4.39012,23.18347,180,0,FALSE,None,None,,,,,
14.6,id,-1.662755,1.467821,-0.9988974,None,14.4794,,None,-1,-1,-1,1476.438,180,0,TRUE,None,None,,,,,
14.7,id,-1.66781,1.466082,-0.9983374,None,14.57919,,None,-1,-1,-1,1463.203,180,0,TRUE,None,None,,,,,
14.8,id,-1.673213,1.46488,-0.9875102,None,14.69022,,None,4.609392,4.170847,4.39012,288.9793,180,0,FALSE,None,None,,,,,
14.9,id,-1.677745,1.464116,-0.9781315,None,14.77919,,None,-1,-1,-1,1666.307,180,0,TRUE,None,None,,,,,
15,id,-1.677642,1.455208,-0.9807308,None,14.87924,,None,-1,-1,-1,1456.771,180,0,TRUE,None,None,,,,,
15.1,id,-1.678588,1.454443,-0.9886666,None,14.99054,,None,3.889808,4.170847,4.030328,186.6771,180,0,FALSE,None,None,,,,,
15.2,id,-1.678421,1.455143,-0.9934901,None,15.0818,,None,3.889808,4.170847,4.030328,11.26727,180,0,FALSE,None,None,,,,,
15.3,id,-1.678853,1.457055,-0.9951095,None,15.18194,,None,3.889808,4.170847,4.030328,5.580417,180,0,FALSE,None,None,,,,,
15.4,id,-1.678506,1.457622,-0.993711,None,15.28181,,None,3.889808,4.170847,4.030328,28.85869,180,0,FALSE,None,None,,,,,
15.5,id,-1.677961,1.459516,-0.9935911,None,15.3825,,None,3.889808,4.170847,4.030328,5.784998,180,0,FALSE,None,None,,,,,
15.6,id,-1.677533,1.462253,-0.9927804,None,15.48176,,None,3.889808,4.610894,4.250351,8.011804,180,0,FALSE,None,None,,,,,
15.7,id,-1.675592,1.46373,-0.9923388,None,15.58181,,None,3.889808,4.610894,4.250351,8.27873,180,0,FALSE,None,None,,,,,
15.8,id,-1.674679,1.463965,-0.9917258,None,15.68167,,None,3.889808,4.610894,4.250351,5.374604,180,0,FALSE,None,None,,,,,
15.9,id,-1.673352,1.462947,-0.9919806,None,15.78179,,None,-1,-1,-1,1505.725,180,0,TRUE,None,None,,,,,
16,id,-1.671712,1.461563,-0.9948585,None,15.88168,,None,-1,-1,-1,1503.79,180,0,TRUE,None,None,,,,,
16.1,id,-1.670344,1.460319,-0.9964035,None,15.98185,,None,3.867802,4.610894,4.239348,266.2299,180,0,FALSE,None,None,,,,,
16.2,id,-1.669871,1.460387,-0.9955175,None,16.08204,,None,3.867802,4.610894,4.239348,14.15545,180,0,FALSE,None,None,,,,,
16.3,id,-1.669601,1.459956,-0.993269,None,16.18258,,None,3.867802,-1,1.433901,666.6512,180,0,TRUE,None,None,,,,,
16.4,id,-1.669153,1.458862,-0.9924746,None,16.28181,,None,-1,-1,-1,525.0479,180,0,TRUE,None,None,,,,,
16.5,id,-1.668721,1.458948,-0.9917951,None,16.38189,,None,-1,-1,-1,519.1348,180,0,TRUE,None,None,,,,,
16.6,id,-1.668171,1.459004,-0.99124,None,16.48677,,None,3.867802,5.021168,4.444485,498.72,180,0,FALSE,None,None,,,,,
16.7,id,-1.667583,1.459063,-0.9919109,None,16.58557,,None,3.867802,5.021168,4.444485,43.69989,180,0,FALSE,None,None,,,,,
16.8,id,-1.66725,1.458909,-0.9922696,None,16.68553,,None,3.867802,5.021168,4.444485,18.3698,180,0,FALSE,None,None,,,,,
16.9,id,-1.66706,1.458802,-0.9925834,None,16.78544,,None,3.867802,5.021168,4.444485,101.5309,180,0,FALSE,None,None,,,,,
17,id,-1.666568,1.458791,-0.992687,None,16.88582,,None,3.867802,5.021168,4.444485,28.84216,180,0,FALSE,None,None,,,,,
17.1,id,-1.666037,1.458938,-0.9924022,None,16.98577,,None,3.641852,5.021168,4.33151,12.68655,180,0,FALSE,None,None,,,,,
17.2,id,-1.665499,1.458794,-0.9920284,None,17.086,,None,3.641852,5.021168,4.33151,6.759813,180,0,FALSE,None,None,,,,,
17.3,id,-1.664793,1.458741,-0.9917225,None,17.18595,,None,3.641852,5.021168,4.33151,3.557146,180,0,FALSE,None,None,,,,,
17.4,id,-1.663985,1.458991,-0.9912702,None,17.28542,,None,3.641852,5.021168,4.33151,2.755726,180,0,FALSE,None,None,,,,,
17.5,id,-1.662826,1.459106,-0.9907939,None,17.38622,,None,3.641852,5.021168,4.33151,45.03705,180,0,FALSE,None,None,,,,,
17.6,id,-1.661846,1.459059,-0.9902471,None,17.48582,,None,3.641852,4.560811,4.101332,41.55808,180,0,FALSE,None,None,,,,,
17.7,id,-1.660684,1.459199,-0.9898236,None,17.58899,,None,3.641852,4.560811,4.101332,10.93989,180,0,FALSE,None,None,,,,,
17.8,id,-1.659756,1.459326,-0.9898425,None,17.68845,,None,3.641852,4.560811,4.101332,22.8685,180,0,FALSE,None,None,,,,,
17.9,id,-1.658634,1.459387,-0.9899552,None,17.78841,,None,3.90944,4.560811,4.235126,87.9042,180,0,FALSE,None,None,,,,,
18,id,-1.657554,1.459566,-0.9896615,None,17.8885,,None,3.90944,4.560811,4.235126,14.37125,180,0,FALSE,None,None,,,,,
18.1,id,-1.656492,1.459587,-0.9888213,None,17.98833,,None,3.90944,4.560811,4.235126,7.976421,180,0,FALSE,None,None,,,,,
18.2,id,-1.655628,1.460186,-0.9876155,None,18.08883,,None,3.90944,4.560811,4.235126,87.91656,180,0,FALSE,None,None,,,,,
18.3,id,-1.65506,1.460101,-0.9861555,None,18.18867,,None,3.90944,4.560811,4.235126,28.84451,180,0,FALSE,None,None,,,,,
18.4,id,-1.654469,1.459944,-0.9848728,None,18.28826,,None,3.90944,5.17943,4.544435,10.99383,180,0,FALSE,None,None,,,,,
18.5,id,-1.654051,1.460154,-0.983822,None,18.38826,,None,3.90944,5.17943,4.544435,6.271353,180,0,FALSE,None,None,,,,,
18.6,id,-1.653646,1.46067,-0.9831225,None,18.48853,,None,3.90944,5.17943,4.544435,41.32242,180,0,FALSE,None,None,,,,,
0.1,id,-1.657184,1.510798,-0.9513508,None,0,,None,-1,-1,-1,0,282.9648,357.425,TRUE,None,None,,,,,
0.2,id,-1.651026,1.519379,-0.9447687,None,0.0800994,,None,-1,-1,-1,0,285.5678,355.0967,TRUE,None,None,,,,,
0.3,id,-1.645038,1.522676,-0.9426721,None,0.176411,,None,-1,-1,-1,0,287.1345,353.9669,TRUE,None,None,,,,,
0.4,id,-1.642146,1.522636,-0.9440918,None,0.2772161,,None,-1,-1,-1,0,287.4233,353.7549,TRUE,None,None,,,,,
0.5,id,-1.639292,1.523594,-0.9474356,None,0.376253,,None,-1,-1,-1,0,287.0847,353.4339,TRUE,None,None,,,,,
0.6,id,-1.638039,1.522996,-0.9531099,None,0.4766918,,None,-1,-1,-1,0,285.8459,353.5327,TRUE,None,None,,,,,
0.7,id,-1.638727,1.519563,-0.9585294,None,0.5763496,,None,-1,-1,-1,0,284.3643,354.2483,TRUE,None,None,,,,,
0.8,id,-1.638716,1.515899,-0.9615664,None,0.6761569,,None,-1,-1,-1,0,283.5167,355.2267,TRUE,None,None,,,,,
0.9,id,-1.638681,1.51065,-0.9644101,None,0.7790107,,None,-1,-1,-1,0,282.4993,356.4083,TRUE,None,None,,,,,
1,id,-1.640216,1.503938,-0.9638205,None,0.8791226,,None,-1,-1,-1,0,282.2968,358.0399,TRUE,None,None,,,,,
1.1,id,-1.639209,1.495156,-0.95667,None,0.9795361,,None,-1,-1,-1,0,284.0685,0.6789745,TRUE,None,None,,,,,
1.2,id,-1.640586,1.488741,-0.9537501,None,1.079108,,None,-1,-1,-1,0,284.0171,2.27154,TRUE,None,None,,,,,
1.3,id,-1.641882,1.478155,-0.9523928,None,1.181559,,None,-1,-1,-1,0,283.5719,5.156621,TRUE,None,None,,,,,
1.4,id,-1.643974,1.468638,-0.9518569,None,1.279063,,None,-1,-1,-1,0,282.7918,7.509437,TRUE,None,None,,,,,
1.5,id,-1.645821,1.465419,-0.9552968,None,1.379571,,None,-1,-1,-1,0,281.1861,8.364285,TRUE,None,None,,,,,
1.6,id,-1.647214,1.464589,-0.9585695,None,1.479195,,None,-1,-1,-1,0,279.7216,8.530952,TRUE,None,None,,,,,
1.7,id,-1.647332,1.460781,-0.9591911,None,1.579234,,None,-1,-1,-1,0,279.1078,9.401851,TRUE,None,None,,,,,
1.8,id,-1.647768,1.458482,-0.9586689,None,1.678938,,None,-1,-1,-1,0,279.1812,9.881285,TRUE,None,None,,,,,
1.9,id,-1.648846,1.461779,-0.9614041,None,1.778939,,None,-1,-1,-1,0,278.4515,8.990933,TRUE,None,None,,,,,
2,id,-1.648709,1.46117,-0.965309,None,1.879014,,None,-1,-1,-1,0,277.6091,9.200195,TRUE,None,None,,,,,
2.1,id,-1.64877,1.461299,-0.9674559,None,1.979106,,None,-1,-1,-1,0,277.2698,9.095625,TRUE,None,None,,,,,
2.2,id,-1.64775,1.46053,-0.9678358,None,2.079043,,None,-1,-1,-1,0,277.5727,9.232304,TRUE,None,None,,,,,
2.3,id,-1.6471,1.460805,-0.9694002,None,2.179076,,None,-1,-1,-1,0,277.5818,9.142344,TRUE,None,None,,,,,
2.4,id,-1.646485,1.4603,-0.9719478,None,2.279439,,None,-1,-1,-1,0,277.2107,9.24211,TRUE,None,None,,,,,
2.5,id,-1.646078,1.459348,-0.9739929,None,2.381564,,None,-1,-1,-1,0,276.8773,9.475152,TRUE,None,None,,,,,
2.6,id,-1.645878,1.458828,-0.9761145,None,2.481822,,None,-1,-1,-1,0,276.4315,9.645847,TRUE,None,None,,,,,
2.7,id,-1.645791,1.459661,-0.9775442,None,2.58198,,None,-1,-1,-1,0,275.9411,9.628013,TRUE,None,None,,,,,
2.8,id,-1.644523,1.460355,-0.9764898,None,2.682069,,None,-1,-1,-1,0,276.0459,9.768091,TRUE,None,None,,,,,
2.9,id,-1.643265,1.461575,-0.9752382,None,2.785005,,None,-1,-1,-1,0,276.2359,9.738043,TRUE,None,None,,,,,
3,id,-1.641236,1.462115,-0.9763793,None,2.880672,,None,-1,-1,-1,0,275.6138,9.703351,TRUE,None,None,,,,,
3.1,id,-1.639922,1.460852,-0.9712958,None,3.331217,,None,5.173917,-1,2.086958,101.089,274.6959,9.896469,TRUE,None,None,,,,,
3.2,id,-1.639899,1.460797,-0.97127,None,3.341177,,None,5.173917,-1,2.086958,0,274.7042,9.931562,TRUE,None,None,,,,,
3.3,id,-1.639886,1.460841,-0.9711996,None,3.347333,,None,5.173917,-1,2.086958,0,274.7028,9.902493,TRUE,None,None,,,,,
3.4,id,-1.639869,1.460845,-0.9711304,None,3.358271,,None,5.173917,-1,2.086958,0,274.6971,9.89548,TRUE,None,None,,,,,
3.5,id,-1.639817,1.460852,-0.9710345,None,3.381164,,None,5.173917,-1,2.086958,2.592344,274.6952,9.897269,TRUE,None,None,,,,,
3.6,id,-1.63974,1.460885,-0.9704469,None,3.480653,,None,5.173917,-1,2.086958,0.8892375,274.7201,9.904513,TRUE,None,None,,,,,
3.7,id,-1.639738,1.460719,-0.9701933,None,3.580412,,None,5.173917,-1,2.086958,0.7932045,274.741,9.92941,TRUE,None,None,,,,,
3.8,id,-1.639804,1.460307,-0.9701664,None,3.680584,,None,5.173917,-1,2.086958,0.8608176,274.8073,10.01192,TRUE,None,None,,,,,
3.9,id,-1.639517,1.46017,-0.9709558,None,3.780511,,None,5.173917,-1,2.086958,0.1979675,274.7352,10.01762,TRUE,None,None,,,,,
4,id,-1.63911,1.46055,-0.9720362,None,3.880106,,None,5.173917,-1,2.086958,10.29628,274.6475,9.909536,TRUE,None,None,,,,,
4.1,id,-1.638537,1.460592,-0.9739355,None,3.980311,,None,5.173917,-1,2.086958,4.7953,274.4338,9.856174,TRUE,None,None,,,,,
4.2,id,-1.638149,1.460791,-0.9770011,None,4.0802,,None,5.173917,-1,2.086958,5.51327,273.904,9.775552,TRUE,None,None,,,,,
4.3,id,-1.638204,1.461077,-0.9810511,None,4.183644,,None,5.173917,-1,2.086958,5.679475,273.0598,9.718264,TRUE,None,None,,,,,
4.4,id,-1.638472,1.460794,-0.985196,None,4.280218,,None,5.173917,-1,2.086958,46.23357,272.1208,9.762762,TRUE,None,None,,,,,
4.5,id,-1.639238,1.46145,-0.9896996,None,4.380185,,None,5.173917,-1,2.086958,5.628557,271.0742,9.639119,TRUE,None,None,,,,,
4.6,id,-1.639918,1.462954,-0.9987431,None,4.480025,,None,5.173917,-1,2.086958,8.955894,268.6911,9.277424,TRUE,None,None,,,,,
4.7,id,-1.63887,1.467318,-1.023144,None,4.580333,,None,-1,-1,-1,720.0233,261.2337,8.384903,TRUE,None,None,,,,,
4.8,id,-1.629932,1.472623,-1.067845,None,4.68046,,None,5.173917,-1,2.086958,835.4867,247.2802,7.129704,TRUE,None,None,,,,,
4.9,id,-1.605148,1.475497,-1.114109,None,4.780186,,None,5.173917,-1,2.086958,173.3383,231.2921,6.281918,TRUE,None,None,,,,,
5,id,-1.577214,1.475407,-1.143543,None,4.880437,,None,5.173917,-1,2.086958,145.0602,219.0292,6.109591,TRUE,None,None,,,,,
5.1,id,-1.559545,1.468458,-1.156328,None,4.980422,,None,-1,-1,-1,395.2316,212.2841,7.951553,TRUE,None,None,,,,,
5.2,id,-1.555395,1.466489,-1.15946,None,5.080157,,None,5.173917,-1,2.086958,569.7501,210.2586,8.818802,TRUE,None,None,,,,,
5.3,id,-1.553404,1.468355,-1.160746,None,5.180133,,None,5.173917,-1,2.086958,130.902,209.1586,8.608335,TRUE,None,None,,,,,
5.4,id,-1.553648,1.469437,-1.159407,None,5.280349,,None,5.173917,-1,2.086958,12.07861,209.0171,8.476465,TRUE,None,None,,,,,
5.5,id,-1.559578,1.470186,-1.155891,None,5.380217,,None,5.173917,-1,2.086958,16.30254,210.5895,8.378741,TRUE,None,None,,,,,
5.6,id,-1.573863,1.475178,-1.147635,None,5.480116,,None,5.173917,-1,2.086958,172.7945,215.0404,7.502458,TRUE,None,None,,,,,
5.7,id,-1.59164,1.475804,-1.136789,None,5.580156,,None,5.173917,-1,2.086958,280.9177,220.6704,7.113757,TRUE,None,None,,,,,
5.8,id,-1.604784,1.470304,-1.126975,None,5.680801,,None,5.173917,-1,2.086958,38.97651,224.3818,8.249208,TRUE,None,None,,,,,
5.9,id,-1.615576,1.469799,-1.116328,None,5.780148,,None,5.173917,-1,2.086958,15.32146,227.2705,8.057271,TRUE,None,None,,,,,
6,id,-1.626036,1.471377,-1.104564,None,5.880219,,None,5.173917,-1,2.086958,16.57762,229.8348,7.353178,TRUE,None,None,,,,,
6.1,id,-1.636966,1.472552,-1.09141,None,5.980366,,None,5.173917,-1,2.086958,19.68209,232.6149,6.905347,TRUE,None,None,,,,,
6.2,id,-1.653501,1.475142,-1.066512,None,6.080037,,None,5.173917,-1,2.086958,98.52667,239.7477,5.519783,TRUE,None,None,,,,,
6.3,id,-1.666756,1.475804,-1.024063,None,6.180059,,None,-1,-1,-1,732.6658,254.1646,4.614971,TRUE,None,None,,,,,
6.4,id,-1.660742,1.475272,-0.9790276,None,6.28018,,None,5.173917,-1,2.086958,484.0132,269.785,4.758614,TRUE,None,None,,,,,
6.5,id,-1.641228,1.482652,-0.9449108,None,6.380226,,None,5.173917,-1,2.086958,82.56499,283.3427,3.402295,TRUE,None,None,,,,,
6.6,id,-1.616102,1.487618,-0.9234159,None,6.48022,,None,5.173917,-1,2.086958,18.63314,293.5765,2.135313,TRUE,None,None,,,,,
6.7,id,-1.59087,1.490925,-0.9066384,None,6.580166,,None,5.173917,-1,2.086958,5.633189,302.648,1.188924,TRUE,None,None,,,,,
6.8,id,-1.56471,1.491038,-0.8924065,None,6.680465,,None,5.173917,-1,2.086958,85.08965,311.6864,0.8916023,TRUE,None,None,,,,,
6.9,id,-1.542357,1.489868,-0.8812342,None,6.780436,,None,5.173917,-1,2.086958,27.82809,319.919,0.5796092,TRUE,None,None,,,,,
7,id,-1.531313,1.487613,-0.8766369,None,6.880344,,None,5.173917,-1,2.086958,18.46637,324.5043,0.4707738,TRUE,None,None,,,,,
7.1,id,-1.531827,1.487139,-0.8780435,None,6.980295,,None,5.173917,-1,2.086958,4.036797,324.4438,0.4711968,TRUE,None,None,,,,,
7.2,id,-1.53252,1.489463,-0.8785499,None,7.080199,,None,5.173917,-1,2.086958,4.242305,324.0835,359.8556,TRUE,None,None,,,,,
7.3,id,-1.526895,1.48863,-0.874177,None,7.179997,,None,5.173917,-1,2.086958,13.43138,326.0544,359.9884,TRUE,None,None,,,,,
7.4,id,-1.521249,1.486399,-0.8688898,None,7.280174,,None,5.173917,-1,2.086958,14.12488,328.6357,0.6507519,TRUE,None,None,,,,,
7.5,id,-1.51809,1.486069,-0.8657706,None,7.38025,,None,-1,-1,-1,282.3123,329.684,0.8839391,TRUE,None,None,,,,,
7.6,id,-1.513598,1.484831,-0.863463,None,7.473345,,None,-1,-1,-1,340.2194,330.9754,1.159998,TRUE,None,None,,,,,
7.7,id,-1.509776,1.484056,-0.862046,None,7.573126,,None,5.173917,-1,2.086958,559.0022,332.2059,1.261877,TRUE,None,None,,,,,
7.8,id,-1.509745,1.485531,-0.8629043,None,7.673347,,None,5.173917,-1,2.086958,8.682904,332.3763,0.9954215,TRUE,None,None,,,,,
7.9,id,-1.512896,1.486092,-0.8654013,None,7.77321,,None,5.173917,-1,2.086958,24.13533,331.5247,0.8744946,TRUE,None,None,,,,,
8,id,-1.515391,1.485658,-0.8678482,None,7.873172,,None,5.173917,-1,2.086958,6.823908,330.8064,0.9514123,TRUE,None,None,,,,,
8.1,id,-1.514083,1.485744,-0.8680222,None,7.973536,,None,5.173917,-1,2.086958,4.209032,331.3759,0.8769658,TRUE,None,None,,,,,
8.2,id,-1.503283,1.486356,-0.8634384,None,8.073555,,None,5.173917,-1,2.086958,37.8152,334.8771,0.5523687,TRUE,None,None,,,,,
8.3,id,-1.490034,1.485573,-0.8589725,None,8.17338,,None,5.173917,-1,2.086958,26.6797,338.748,0.5932723,TRUE,None,None,,,,,
8.4,id,-1.480787,1.486419,-0.8559663,None,8.273367,,None,5.173917,-1,2.086958,7.27218,341.306,0.279734,TRUE,None,None,,,,,
8.5,id,-1.469736,1.488604,-0.8522,None,8.373385,,None,5.173917,-1,2.086958,12.80763,344.2206,359.595,TRUE,None,None,,,,,
8.6,id,-1.448591,1.489317,-0.8470342,None,8.473199,,None,5.173917,-1,2.086958,28.42479,349.9313,359.1925,TRUE,None,None,,,,,
8.7,id,-1.422834,1.489629,-0.8444232,None,8.573093,,None,5.173917,-1,2.086958,30.14278,357.1464,358.7846,TRUE,None,None,,,,,
8.8,id,-1.407809,1.493223,-0.8447628,None,8.673171,,None,5.173917,-1,2.086958,12.42361,1.323816,357.5659,TRUE,None,None,,,,,
8.9,id,-1.402554,1.499491,-0.8459418,None,8.77312,,None,5.173917,-1,2.086958,19.08599,2.176974,356.8446,TRUE,None,None,,,,,
9,id,-1.400083,1.505362,-0.8444135,None,8.87319,,None,5.173917,-1,2.086958,15.51466,1.897385,356.0937,TRUE,None,None,,,,,
9.1,id,-1.394524,1.49917,-0.8425858,None,8.973042,,None,5.173917,-1,2.086958,11.74931,2.01136,356.8759,TRUE,None,None,,,,,
9.2,id,-1.383384,1.496739,-0.8440586,None,9.073168,,None,5.173917,-1,2.086958,15.24455,4.406614,357.7975,TRUE,None,None,,,,,
9.3,id,-1.372829,1.499969,-0.8461689,None,9.173219,,None,-1,-1,-1,80.62737,6.258942,356.7335,TRUE,None,None,,,,,
9.4,id,-1.359375,1.502373,-0.8465754,None,9.276823,,None,-1,-1,-1,95.89632,7.922631,355.5852,TRUE,None,None,,,,,
9.5,id,-1.34975,1.504122,-0.8404987,None,9.376659,,None,5.173917,-1,2.086958,186.0044,8.321491,355.1517,TRUE,None,None,,,,,
9.6,id,-1.345907,1.501646,-0.8326347,None,9.476766,,None,5.173917,-1,2.086958,16.56714,7.548873,356.5186,TRUE,None,None,,,,,
9.7,id,-1.342929,1.502856,-0.8257819,None,9.576989,,None,5.173917,-1,2.086958,22.86209,7.354008,356.5558,TRUE,None,None,,,,,
9.8,id,-1.338193,1.509354,-0.8192197,None,9.677054,,None,5.173917,-1,2.086958,12.95492,8.787516,355.4987,TRUE,None,None,,,,,
9.9,id,-1.330613,1.509423,-0.8134888,None,9.776668,,None,5.173917,-1,2.086958,16.89841,11.3522,355.8303,TRUE,None,None,,,,,
10,id,-1.321492,1.507917,-0.8070408,None,9.876887,,None,5.173917,-1,2.086958,15.13651,14.78217,356.5637,TRUE,None,None,,,,,
10.1,id,-1.318579,1.507597,-0.7988026,None,9.975621,,None,5.173917,-1,2.086958,5.213233,16.39915,356.7015,TRUE,None,None,,,,,
10.2,id,-1.320241,1.508429,-0.7873582,None,10.07542,,None,5.173917,-1,2.086958,2.614749,16.65988,356.9476,TRUE,None,None,,,,,
10.3,id,-1.324436,1.508263,-0.7754746,None,10.17549,,None,5.173917,-1,2.086958,5.719295,15.82149,357.6832,TRUE,None,None,,,,,
10.4,id,-1.328389,1.507868,-0.7672921,None,10.2755,,None,5.173917,-1,2.086958,7.684134,14.69205,358.4832,TRUE,None,None,,,,,
10.5,id,-1.330328,1.507804,-0.7639189,None,10.37589,,None,5.173917,-1,2.086958,6.941499,13.65294,358.8184,TRUE,None,None,,,,,
10.6,id,-1.328412,1.507985,-0.765574,None,10.47589,,None,5.173917,-1,2.086958,0.1978264,13.78938,359.1323,TRUE,None,None,,,,,
10.7,id,-1.325659,1.510522,-0.7702812,None,10.57541,,None,5.173917,-1,2.086958,3.670538,14.39102,358.9497,TRUE,None,None,,,,,
10.8,id,-1.326718,1.512475,-0.7764648,None,10.67536,,None,5.173917,-1,2.086958,4.263639,13.74812,358.8826,TRUE,None,None,,,,,
10.9,id,-1.329974,1.515355,-0.7831605,None,10.77557,,None,-1,-1,-1,120.4313,12.22157,358.062,TRUE,None,None,,,,,
11,id,-1.333428,1.514298,-0.7919333,None,10.87554,,None,-1,-1,-1,104.3832,10.59238,357.9906,TRUE,None,None,,,,,
11.1,id,-1.335064,1.514882,-0.8021905,None,10.9757,,None,5.173917,-1,2.086958,270.2498,9.656997,357.4089,TRUE,None,None,,,,,
11.2,id,-1.336457,1.516028,-0.8107419,None,11.07553,,None,5.173917,-1,2.086958,8.075417,8.936629,356.985,TRUE,None,None,,,,,
11.3,id,-1.339692,1.51619,-0.8169031,None,11.17558,,None,5.173917,-1,2.086958,6.299653,7.999592,357.0375,TRUE,None,None,,,,,
11.4,id,-1.344808,1.513238,-0.8206888,None,11.27563,,None,5.173917,-1,2.086958,26.97185,6.424815,357.7819,TRUE,None,None,,,,,
11.5,id,-1.34629,1.509769,-0.8236146,None,11.37576,,None,5.173917,-1,2.086958,9.508051,5.691387,358.6017,TRUE,None,None,,,,,
11.6,id,-1.340985,1.508718,-0.8265546,None,11.47561,,None,5.173917,-1,2.086958,12.83143,6.97477,358.905,TRUE,None,None,,,,,
11.7,id,-1.331941,1.508388,-0.8292401,None,11.57565,,None,5.173917,-1,2.086958,13.17868,9.333406,359.0856,TRUE,None,None,,,,,
11.8,id,-1.325623,1.507974,-0.8308645,None,11.67547,,None,5.173917,-1,2.086958,5.35108,10.8024,359.1399,TRUE,None,None,,,,,
11.9,id,-1.323336,1.507046,-0.831149,None,11.77579,,None,5.173917,-1,2.086958,1.422031,10.99054,359.3842,TRUE,None,None,,,,,
12,id,-1.322181,1.507029,-0.8304911,None,11.8754,,None,5.173917,-1,2.086958,2.432195,10.83823,359.3436,TRUE,None,None,,,,,
12.1,id,-1.320488,1.507351,-0.829782,None,11.97579,,None,5.173917,-1,2.086958,2.445564,10.69564,359.2502,TRUE,None,None,,,,,
12.2,id,-1.317205,1.507966,-0.8289475,None,12.07544,,None,5.173917,-1,2.086958,2.455504,10.94181,359.0649,TRUE,None,None,,,,,
12.3,id,-1.31307,1.50793,-0.8276827,None,12.17575,,None,-1,-1,-1,108.4983,11.32739,359.064,TRUE,None,None,,,,,
12.4,id,-1.309482,1.508088,-0.8259466,None,12.27838,,None,-1,-1,-1,107.3157,11.55248,359.0169,TRUE,None,None,,,,,
12.5,id,-1.307908,1.508737,-0.8238814,None,12.37548,,None,5.173917,-1,2.086958,229.5288,11.15189,358.8403,TRUE,None,None,,,,,
12.6,id,-1.308233,1.509197,-0.8224401,None,12.4781,,None,5.173917,-1,2.086958,6.431007,10.55347,358.5829,TRUE,None,None,,,,,
12.7,id,-1.30704,1.510028,-0.8213756,None,12.57809,,None,5.173917,-1,2.086958,1.824027,10.47256,358.3382,TRUE,None,None,,,,,
12.8,id,-1.304164,1.509295,-0.8196329,None,12.67809,,None,5.173917,-1,2.086958,7.157701,11.08498,358.6677,TRUE,None,None,,,,,
12.9,id,-1.304243,1.507741,-0.8169883,None,12.77809,,None,5.173917,-1,2.086958,0.8156204,10.9135,359.0886,TRUE,None,None,,,,,
13,id,-1.30452,1.507161,-0.8152872,None,12.87802,,None,5.173917,-1,2.086958,0.9698322,10.7101,359.3126,TRUE,None,None,,,,,
13.1,id,-1.303961,1.507011,-0.8147355,None,12.97816,,None,5.173917,-1,2.086958,1.699321,10.89972,359.3427,TRUE,None,None,,,,,
13.2,id,-1.302962,1.507395,-0.814495,None,13.07804,,None,5.173917,-1,2.086958,1.343275,11.16558,359.324,TRUE,None,None,,,,,
13.3,id,-1.301885,1.507374,-0.8143302,None,13.17818,,None,5.173917,-1,2.086958,53.0262,11.36651,359.3447,TRUE,None,None,,,,,
13.4,id,-1.300627,1.506092,-0.8147322,None,13.27823,,None,5.173917,-1,2.086958,11.35936,11.69039,359.6127,TRUE,None,None,,,,,
13.5,id,-1.302602,1.503501,-0.8143991,None,13.3782,,None,5.173917,-1,2.086958,5.418909,11.37408,0.2371361,TRUE,None,None,,,,,
13.6,id,-1.309493,1.497175,-0.812674,None,13.47802,,None,-1,-1,-1,97.14841,9.728914,1.822821,TRUE,None,None,,,,,
13.7,id,-1.312337,1.490434,-0.8112583,None,13.57823,,None,-1,-1,-1,101.2172,9.445409,3.486765,TRUE,None,None,,,,,
13.8,id,-1.313885,1.488795,-0.8110549,None,13.67798,,None,5.173917,-1,2.086958,176.4601,9.134706,3.902729,TRUE,None,None,,,,,
13.9,id,-1.316053,1.489187,-0.8103627,None,13.77809,,None,5.173917,-1,2.086958,3.857158,8.568058,3.784682,TRUE,None,None,,,,,
14,id,-1.316542,1.491018,-0.8096947,None,13.88292,,None,5.173917,-1,2.086958,1.307368,8.560286,3.341095,TRUE,None,None,,,,,
14.1,id,-1.318416,1.495671,-0.8095892,None,13.98294,,None,5.173917,-1,2.086958,4.378042,8.481391,2.214859,TRUE,None,None,,,,,
14.2,id,-1.324039,1.497858,-0.8094705,None,14.08316,,None,5.173917,-1,2.086958,4.749551,7.09828,1.535915,TRUE,None,None,,,,,
14.3,id,-1.331641,1.503908,-0.8091512,None,14.18292,,None,5.173917,-1,2.086958,9.87136,4.897768,0.1972643,TRUE,None,None,,,,,
14.4,id,-1.340538,1.514014,-0.8087282,None,14.28284,,None,5.173917,-1,2.086958,10.50112,2.036054,357.6766,TRUE,None,None,,,,,
14.5,id,-1.347442,1.517596,-0.8097215,None,14.38309,,None,5.173917,-1,2.086958,16.23428,0.1047986,356.8299,TRUE,None,None,,,,,
14.6,id,-1.345723,1.519123,-0.8100196,None,14.48306,,None,-1,-1,-1,34.89471,0.7210666,356.2946,TRUE,None,None,,,,,
14.7,id,-1.341236,1.519428,-0.8115185,None,14.58302,,None,-1,-1,-1,37.501,1.979928,356.1302,TRUE,None,None,,,,,
14.8,id,-1.335472,1.52407,-0.8124976,None,14.68315,,None,5.173917,5.862978,5.518447,65.91073,3.694114,354.8101,FALSE,None,None,,,,,
14.9,id,-1.331275,1.523369,-0.8137006,None,14.78292,,None,5.173917,3.507323,4.34062,6.528121,5.151162,355.0795,FALSE,None,None,,,,,
15,id,-1.327579,1.523738,-0.8147717,None,14.88293,,None,5.173917,3.507323,4.34062,6.214522,6.620834,354.8734,FALSE,None,None,,,,,
15.1,id,-1.323682,1.521828,-0.81644,None,14.98294,,None,5.173917,3.507323,4.34062,30.0898,8.343307,355.3402,FALSE,None,None,,,,,
15.2,id,-1.316588,1.521981,-0.8187879,None,15.08293,,None,5.173917,3.507323,4.34062,58.5614,10.96193,355.2036,FALSE,None,None,,,,,
15.3,id,-1.312011,1.521263,-0.8209691,None,15.18283,,None,5.173917,3.507323,4.34062,16.14272,12.68886,355.4187,FALSE,None,None,,,,,
15.4,id,-1.311476,1.521761,-0.8218412,None,15.2831,,None,3.078471,3.507323,3.292897,5.775773,13.02362,355.2519,FALSE,None,None,,,,,
15.5,id,-1.312511,1.522613,-0.8222076,None,15.38293,,None,3.078471,3.507323,3.292897,5.915338,12.8307,355.0328,FALSE,None,None,,,,,
15.6,id,-1.313691,1.523925,-0.8222053,None,15.4754,,None,3.078471,3.507323,3.292897,34.55293,12.7935,354.7312,FALSE,None,None,,,,,
15.7,id,-1.316241,1.525648,-0.8215995,None,15.57522,,None,3.078471,3.507323,3.292897,11.02891,12.22266,354.3911,FALSE,None,None,,,,,
15.8,id,-1.319319,1.526456,-0.8206547,None,15.67527,,None,3.078471,3.507323,3.292897,2.99856,11.34514,354.2091,FALSE,None,None,,,,,
15.9,id,-1.320811,1.525857,-0.8197304,None,15.77527,,None,3.078471,3.536494,3.307482,1.398871,10.74641,354.3184,FALSE,None,None,,,,,
16,id,-1.321042,1.52553,-0.8191743,None,15.8752,,None,3.078471,3.536494,3.307482,3.258783,10.5753,354.3309,FALSE,None,None,,,,,
16.1,id,-1.322758,1.526608,-0.8183546,None,15.97547,,None,3.078471,3.536494,3.307482,3.994792,9.887548,354.0085,FALSE,None,None,,,,,
16.2,id,-1.322987,1.525351,-0.8173485,None,16.07539,,None,-1,-1,-1,215.7153,9.678937,354.3855,TRUE,None,None,,,,,
16.3,id,-1.321318,1.524022,-0.816877,None,16.17542,,None,-1,3.536494,1.268247,18.80007,9.943379,354.6792,TRUE,None,None,,,,,
16.4,id,-1.319359,1.522994,-0.8168515,None,16.27531,,None,3.251222,3.536494,3.393857,235.2351,10.14179,354.9082,FALSE,None,None,,,,,
16.5,id,-1.318176,1.522047,-0.8168706,None,16.37544,,None,3.251222,3.536494,3.393857,13.01245,10.02793,355.1124,FALSE,None,None,,,,,
16.6,id,-1.317482,1.521396,-0.8164953,None,16.47551,,None,3.251222,3.536494,3.393857,7.679081,9.730212,355.1852,FALSE,None,None,,,,,
16.7,id,-1.317108,1.520649,-0.8152994,None,16.57545,,None,3.251222,3.536494,3.393857,37.97341,9.450912,355.3635,FALSE,None,None,,,,,
16.8,id,-1.317611,1.519682,-0.8134288,None,16.67533,,None,3.251222,3.536494,3.393857,4.477319,8.906613,355.5548,FALSE,None,None,,,,,
16.9,id,-1.317234,1.518178,-0.8118366,None,16.77534,,None,3.251222,3.689556,3.470389,7.680928,8.485333,355.9979,FALSE,None,None,,,,,
17,id,-1.315382,1.517896,-0.8106782,None,16.87525,,None,3.251222,3.689556,3.470389,3.940387,8.595872,356.0374,FALSE,None,None,,,,,
17.1,id,-1.313395,1.517541,-0.8097045,None,16.97534,,None,3.251222,3.689556,3.470389,72.80022,8.560518,356.1157,FALSE,None,None,,,,,
17.2,id,-1.311362,1.517715,-0.8086001,None,17.07541,,None,3.251222,3.689556,3.470389,16.7295,8.537135,356.0658,FALSE,None,None,,,,,
17.3,id,-1.309769,1.518461,-0.8072234,None,17.17542,,None,3.251222,3.689556,3.470389,2.486262,8.290348,355.8917,FALSE,None,None,,,,,
17.4,id,-1.309059,1.518923,-0.8055974,None,17.27535,,None,3.40764,3.689556,3.548598,18.62332,7.902895,355.809,FALSE,None,None,,,,,
17.5,id,-1.308127,1.518646,-0.8039662,None,17.37542,,None,3.40764,3.689556,3.548598,15.99271,7.627306,355.9392,FALSE,None,None,,,,,
17.6,id,-1.307706,1.518361,-0.8024179,None,17.47539,,None,3.40764,3.689556,3.548598,2.860929,7.196546,356.0013,FALSE,None,None,,,,,
17.7,id,-1.307233,1.518822,-0.8010955,None,17.57979,,None,3.40764,3.689556,3.548598,5.382761,6.76025,355.9422,FALSE,None,None,,,,,
17.8,id,-1.306972,1.519354,-0.8001794,None,17.67991,,None,3.40764,3.689556,3.548598,1.517653,6.431715,355.8631,FALSE,None,None,,,,,
17.9,id,-1.307288,1.519975,-0.7999276,None,17.77988,,None,3.40764,3.833369,3.620505,19.21493,6.098768,355.7614,FALSE,None,None,,,,,
18,id,-1.308458,1.521091,-0.7997078,None,17.87966,,None,3.40764,3.833369,3.620505,6.152523,5.712761,355.5489,FALSE,None,None,,,,,
18.1,id,-1.310248,1.521799,-0.7997162,None,17.97986,,None,3.40764,3.833369,3.620505,4.896145,5.194926,355.4211,FALSE,None,None,,,,,
18.2,id,-1.311105,1.52222,-0.7997401,None,18.07966,,None,3.40764,3.833369,3.620505,0.3433265,4.933524,355.3634,FALSE,None,None,,,,,
18.3,id,-1.311358,1.521798,-0.7999901,None,18.17962,,None,3.40764,3.833369,3.620505,113.9536,4.922197,355.4959,FALSE,None,None,,,,,
18.4,id,-1.311064,1.521688,-0.800347,None,18.2797,,None,3.15744,3.833369,3.495404,59.66006,5.25133,355.5202,FALSE,None,None,,,,,
18.5,id,-1.31007,1.521045,-0.8007888,None,18.3797,,None,3.15744,3.833369,3.495404,13.76377,5.786264,355.6485,FALSE,None,None,,,,,
18.6,id,-1.308395,1.520389,-0.8015499,None,18.47968,,None,3.15744,3.833369,3.495404,12.56939,6.450309,355.7481,FALSE,None,None,,,,,
18.7,id,-1.306729,1.520271,-0.8022342,None,18.58095,,None,3.15744,3.667154,3.412297,8.718523,6.926888,355.7333,FALSE,None,None,,,,,
18.8,id,-1.305786,1.520822,-0.8026469,None,18.67973,,None,3.15744,3.667154,3.412297,4.410611,7.200174,355.6265,FALSE,None,None,,,,,
18.9,id,-1.306077,1.520523,-0.802345,None,18.77964,,None,3.15744,3.667154,3.412297,70.47341,7.138758,355.6748,FALSE,None,None,,,,,
19,id,-1.307526,1.52008,-0.8021187,None,18.87968,,None,3.15744,3.667154,3.412297,35.9305,6.757404,355.8224,FALSE,None,None,,,,,
19.1,id,-1.307921,1.520324,-0.8023793,None,18.9797,,None,3.15744,3.667154,3.412297,16.35967,6.720094,355.7107,FALSE,None,None,,,,,
19.2,id,-1.307492,1.520683,-0.8030316,None,19.08363,,None,3.156806,3.667154,3.41198,12.48775,6.986176,355.6119,FALSE,None,None,,,,,
19.3,id,-1.306268,1.520571,-0.8039551,None,19.18362,,None,3.156806,3.667154,3.41198,31.47256,7.606194,355.6429,FALSE,None,None,,,,,
19.4,id,-1.30589,1.520686,-0.8047367,None,19.28352,,None,3.156806,3.667154,3.41198,50.51818,7.97554,355.6076,FALSE,None,None,,,,,
19.5,id,-1.305605,1.520587,-0.8058108,None,19.38496,,None,3.156806,3.667154,3.41198,6.576181,8.337584,355.6166,FALSE,None,None,,,,,
19.6,id,-1.304678,1.520394,-0.8068022,None,19.48371,,None,3.156806,3.667154,3.41198,15.6133,8.800965,355.6636,FALSE,None,None,,,,,
19.7,id,-1.304777,1.520772,-0.807402,None,19.57291,,None,3.156806,3.42808,3.292443,10.82845,8.952388,355.5878,FALSE,None,None,,,,,
19.8,id,-1.306302,1.521275,-0.8073242,None,19.6836,,None,3.156806,3.42808,3.292443,6.073773,8.725036,355.4488,FALSE,None,None,,,,,
19.9,id,-1.307418,1.521183,-0.8065723,None,19.78358,,None,3.156806,3.42808,3.292443,9.711784,8.594572,355.4465,FALSE,None,None,,,,,
20,id,-1.308197,1.520292,-0.8057444,None,19.88341,,None,3.156806,3.42808,3.292443,80.28413,8.500346,355.6167,FALSE,None,None,,,,,
20.1,id,-1.309093,1.520101,-0.8047493,None,19.97348,,None,3.156806,3.42808,3.292443,14.1893,8.329019,355.6542,FALSE,None,None,,,,,
20.2,id,-1.309414,1.519755,-0.8035018,None,20.07334,,None,3.293229,3.42808,3.360655,8.350971,8.320855,355.7617,FALSE,None,None,,,,,
20.3,id,-1.309111,1.519205,-0.8023319,None,20.17328,,None,3.293229,3.42808,3.360655,4.128211,8.413745,355.8999,FALSE,None,None,,,,,
20.4,id,-1.308814,1.518584,-0.8014401,None,20.27328,,None,3.293229,3.42808,3.360655,77.46572,8.506312,356.0555,FALSE,None,None,,,,,
20.5,id,-1.308792,1.518602,-0.800707,None,20.37328,,None,3.293229,3.42808,3.360655,2.579392,8.443764,356.0743,FALSE,None,None,,,,,
20.6,id,-1.308561,1.519225,-0.8003227,None,20.47347,,None,3.293229,3.42808,3.360655,1.396128,8.353895,355.911,FALSE,None,None,,,,,
20.7,id,-1.309028,1.519511,-0.8001898,None,20.57323,,None,3.293229,4.009693,3.651461,45.23129,7.955701,355.801,FALSE,None,None,,,,,
20.8,id,-1.308835,1.519658,-0.8004023,None,20.67332,,None,3.293229,4.009693,3.651461,13.8469,7.62928,355.7466,FALSE,None,None,,,,,
20.9,id,-1.307747,1.519882,-0.8008633,None,20.77676,,None,3.293229,4.009693,3.651461,6.80793,7.48551,355.6509,FALSE,None,None,,,,,
21,id,-1.307374,1.520173,-0.8013227,None,20.87698,,None,3.293229,4.009693,3.651461,3.243201,7.177839,355.585,FALSE,None,None,,,,,
21.1,id,-1.307391,1.520409,-0.8017895,None,20.97789,,None,3.293229,4.009693,3.651461,1.674991,6.910395,355.4792,FALSE,None,None,,,,,
21.2,id,-1.307101,1.520459,-0.8023008,None,21.07802,,None,3.340711,4.009693,3.675202,3.041615,6.799614,355.4853,FALSE,None,None,,,,,
21.3,id,-1.304298,1.520555,-0.8030565,None,21.17782,,None,3.340711,4.009693,3.675202,8.844264,7.403587,355.4787,FALSE,None,None,,,,,
21.4,id,-1.294102,1.520156,-0.805056,None,21.27801,,None,3.340711,4.009693,3.675202,31.75913,10.30408,355.5585,FALSE,None,None,,,,,
21.5,id,-1.278759,1.518383,-0.8085295,None,21.37786,,None,3.340711,4.009693,3.675202,41.11504,14.88504,355.9151,FALSE,None,None,,,,,
21.6,id,-1.260544,1.516246,-0.813865,None,21.47776,,None,3.340711,4.009693,3.675202,33.88607,20.55778,356.2282,FALSE,None,None,,,,,
21.7,id,-1.249959,1.512866,-0.817737,None,21.57789,,None,3.340711,3.533912,3.437312,54.6735,24.05037,356.988,FALSE,None,None,,,,,
21.8,id,-1.248476,1.51274,-0.8178742,None,21.67796,,None,3.340711,3.533912,3.437312,21.37297,24.59683,357.1065,FALSE,None,None,,,,,
21.9,id,-1.253256,1.51445,-0.8151176,None,21.77766,,None,3.340711,3.533912,3.437312,20.18522,23.12435,356.7842,FALSE,None,None,,,,,
22,id,-1.257018,1.51406,-0.8131104,None,21.87798,,None,3.340711,3.533912,3.437312,15.12155,22.01488,356.9725,FALSE,None,None,,,,,
22.1,id,-1.260094,1.51472,-0.8110825,None,21.97782,,None,3.340711,3.533912,3.437312,7.589251,20.85591,356.7623,FALSE,None,None,,,,,
22.2,id,-1.268733,1.515801,-0.8079683,None,22.07778,,None,3.340711,3.533912,3.437312,48.89607,18.21737,356.5636,FALSE,None,None,,,,,
22.3,id,-1.284782,1.514958,-0.8044711,None,22.17788,,None,-1,3.533912,1.266956,109.5131,13.72978,356.9619,TRUE,None,None,,,,,
22.4,id,-1.299044,1.516418,-0.8029487,None,22.27779,,None,3.340711,3.533912,3.437312,170.8596,10.29833,356.7043,FALSE,None,None,,,,,
22.5,id,-1.305808,1.515588,-0.8013479,None,22.37775,,None,3.340711,3.533912,3.437312,23.54284,8.860078,356.9747,FALSE,None,None,,,,,
22.6,id,-1.306799,1.511401,-0.8004419,None,22.47799,,None,3.340711,3.533912,3.437312,44.78816,8.987844,358.0267,FALSE,None,None,,,,,
22.7,id,-1.30686,1.509166,-0.8004087,None,22.5779,,None,3.340711,3.533912,3.437312,44.09954,9.66227,358.609,FALSE,None,None,,,,,
22.8,id,-1.30833,1.50404,-0.8007286,None,22.67803,,None,3.405271,3.533912,3.469592,22.67906,10.06796,359.9709,FALSE,None,None,,,,,
22.9,id,-1.3105,1.499033,-0.8016765,None,22.77793,,None,3.405271,3.533912,3.469592,35.9975,10.15787,1.212766,FALSE,None,None,,,,,
23,id,-1.315474,1.498566,-0.8013334,None,22.87792,,None,3.405271,3.951387,3.678329,70.15943,8.966078,1.252972,FALSE,None,None,,,,,
23.1,id,-1.319564,1.500287,-0.8013463,None,22.98009,,None,3.405271,3.951387,3.678329,35.28798,7.839787,0.7876204,FALSE,None,None,,,,,
23.2,id,-1.321495,1.500382,-0.8013057,None,23.07999,,None,3.405271,3.951387,3.678329,11.88795,7.238649,0.7426046,FALSE,None,None,,,,,
23.3,id,-1.324249,1.499017,-0.8008121,None,23.18005,,None,3.405271,3.951387,3.678329,8.179938,6.408679,1.067055,FALSE,None,None,,,,,
23.4,id,-1.324295,1.499671,-0.7999873,None,23.28018,,None,3.405271,3.951387,3.678329,5.549599,6.385071,0.9475158,FALSE,None,None,,,,,
23.5,id,-1.321735,1.500594,-0.799076,None,23.37996,,None,3.456806,-1,1.228403,100.3117,7.075957,0.7508897,TRUE,None,None,,,,,
23.6,id,-1.319423,1.501086,-0.797982,None,23.48007,,None,-1,-1,-1,155.2913,7.490374,0.6446515,TRUE,None,None,,,,,
23.7,id,-1.318099,1.502829,-0.796677,None,23.58,,None,3.456806,3.951387,3.704097,167.2925,7.96503,0.05060052,FALSE,None,None,,,,,
23.8,id,-1.32177,1.504537,-0.7978865,None,23.67994,,None,3.456806,3.951387,3.704097,36.88696,6.956179,359.6522,FALSE,None,None,,,,,
23.9,id,-1.324119,1.510521,-0.8000096,None,23.78013,,None,3.456806,3.951387,3.704097,8.72867,5.899951,358.1449,FALSE,None,None,,,,,
24,id,-1.320782,1.512951,-0.7998503,None,23.88505,,None,3.456806,3.852165,3.654486,45.35326,7.108608,357.4798,FALSE,None,None,,,,,
24.1,id,-1.321096,1.506453,-0.7994301,None,23.97525,,None,3.456806,3.852165,3.654486,24.82143,6.884905,358.9983,FALSE,None,None,,,,,
24.2,id,-1.320593,1.501671,-0.7994062,None,24.075,,None,3.456806,3.852165,3.654486,16.1324,7.274352,359.9099,FALSE,None,None,,,,,
24.3,id,-1.315653,1.500679,-0.7981389,None,24.17508,,None,3.456806,3.852165,3.654486,8.541405,8.720374,359.9325,FALSE,None,None,,,,,
24.4,id,-1.313095,1.49361,-0.7999113,None,24.275,,None,3.456806,3.852165,3.654486,31.51912,10.18308,1.376729,FALSE,None,None,,,,,
24.5,id,-1.313215,1.490106,-0.8003139,None,24.37506,,None,3.340978,3.852165,3.596571,6.672552,10.48665,2.243157,FALSE,None,None,,,,,
24.6,id,-1.314659,1.4972,-0.8016724,None,24.47519,,None,3.340978,3.852165,3.596571,51.80941,11.2724,0.4880497,FALSE,None,None,,,,,
24.7,id,-1.32056,1.50265,-0.8022927,None,24.57508,,None,3.340978,3.852165,3.596571,10.20496,10.75568,359.3229,FALSE,None,None,,,,,
24.8,id,-1.329184,1.504379,-0.801224,None,24.67492,,None,3.340978,3.852165,3.596571,6.136095,9.11023,358.871,FALSE,None,None,,,,,
24.9,id,-1.333552,1.503363,-0.8004216,None,24.77485,,None,3.340978,3.852165,3.596571,9.949201,8.628452,359.0953,FALSE,None,None,,,,,
25,id,-1.333091,1.503753,-0.8005813,None,24.87483,,None,3.340978,3.840503,3.59074,18.09636,9.469494,358.9336,FALSE,None,None,,,,,
25.1,id,-1.329217,1.505182,-0.8010952,None,24.97783,,None,3.340978,3.840503,3.59074,26.22883,10.76288,358.4855,FALSE,None,None,,,,,
25.2,id,-1.326093,1.506343,-0.8012174,None,25.07498,,None,3.340978,3.840503,3.59074,49.64226,11.36226,358.1859,FALSE,None,None,,,,,
25.3,id,-1.324437,1.506565,-0.8000618,None,25.17509,,None,3.340978,3.840503,3.59074,11.59188,11.14874,358.082,FALSE,None,None,,,,,
25.4,id,-1.322531,1.503728,-0.7980454,None,25.27497,,None,3.340978,3.840503,3.59074,25.59365,10.86347,358.7094,FALSE,None,None,,,,,
25.5,id,-1.32095,1.502185,-0.7956703,None,25.37501,,None,3.383218,3.840503,3.611861,49.08678,10.64588,359.0854,FALSE,None,None,,,,,
25.6,id,-1.320602,1.501539,-0.7933446,None,25.47489,,None,3.383218,3.840503,3.611861,10.91107,10.23322,359.2578,FALSE,None,None,,,,,
25.7,id,-1.321337,1.499858,-0.7910954,None,25.57486,,None,3.383218,3.840503,3.611861,2.549449,9.675444,359.6881,FALSE,None,None,,,,,
25.8,id,-1.3224,1.49884,-0.7894726,None,25.67503,,None,3.383218,3.840503,3.611861,2.071267,9.273581,359.9355,FALSE,None,None,,,,,
25.9,id,-1.323097,1.499079,-0.7890501,None,25.77512,,None,3.383218,3.840503,3.611861,54.12651,9.211572,359.9537,FALSE,None,None,,,,,
26,id,-1.323366,1.498692,-0.7894415,None,25.87498,,None,3.383218,3.873363,3.62829,20.12321,9.315569,359.9922,FALSE,None,None,,,,,
26.1,id,-1.323725,1.498806,-0.7904888,None,25.97507,,None,3.383218,3.873363,3.62829,6.664912,9.401756,359.9344,FALSE,None,None,,,,,
26.2,id,-1.32418,1.499343,-0.7917724,None,26.07503,,None,3.383218,3.873363,3.62829,7.525821,9.500749,359.8118,FALSE,None,None,,,,,
26.3,id,-1.32544,1.499599,-0.7926928,None,26.17489,,None,3.383218,3.873363,3.62829,2.434277,9.520436,359.8408,FALSE,None,None,,,,,
26.4,id,-1.327323,1.499195,-0.79278,None,26.27501,,None,3.383218,3.873363,3.62829,5.688969,9.248689,0.03845046,FALSE,None,None,,,,,
26.5,id,-1.32894,1.498489,-0.79289,None,26.37485,,None,3.184164,3.873363,3.528763,7.118908,8.890217,0.2912219,FALSE,None,None,,,,,
26.6,id,-1.329625,1.497834,-0.7931942,None,26.47731,,None,3.184164,3.873363,3.528763,15.82744,8.782506,0.4463321,FALSE,None,None,,,,,
26.7,id,-1.330533,1.496692,-0.7936667,None,26.57717,,None,3.184164,3.873363,3.528763,12.90432,8.585514,0.7760412,FALSE,None,None,,,,,
26.8,id,-1.330144,1.495614,-0.7947379,None,26.67763,,None,3.184164,3.873363,3.528763,5.478434,8.65447,1.048923,FALSE,None,None,,,,,
26.9,id,-1.327871,1.495226,-0.7962934,None,26.77691,,None,3.184164,3.873363,3.528763,48.23561,9.118957,1.176772,FALSE,None,None,,,,,
27,id,-1.325331,1.494719,-0.798237,None,26.87727,,None,3.184164,3.873363,3.528763,31.26826,9.590289,1.287473,FALSE,None,None,,,,,
27.1,id,-1.323095,1.494697,-0.8001673,None,26.97755,,None,3.184164,3.931945,3.558054,9.56238,9.908293,1.26017,FALSE,None,None,,,,,
27.2,id,-1.321439,1.494992,-0.8024378,None,27.07689,,None,3.184164,3.931945,3.558054,5.291317,10.00725,1.155449,FALSE,None,None,,,,,
27.3,id,-1.320459,1.495528,-0.8046726,None,27.18033,,None,3.338096,3.931945,3.63502,3.673855,9.944687,0.9981006,FALSE,None,None,,,,,
27.4,id,-1.318917,1.496756,-0.8071554,None,27.28034,,None,3.338096,3.931945,3.63502,4.302041,10.19205,0.6896521,FALSE,None,None,,,,,
27.5,id,-1.316838,1.507939,-0.8098083,None,27.3801,,None,3.338096,3.931945,3.63502,29.68353,10.42389,357.9173,FALSE,None,None,,,,,
27.6,id,-1.313855,1.525682,-0.8156111,None,27.48035,,None,3.338096,3.931945,3.63502,96.46587,11.2014,353.5793,FALSE,None,None,,,,,
27.7,id,-1.312898,1.541131,-0.8209357,None,27.5806,,None,3.338096,3.931945,3.63502,5.389991,11.58109,349.6566,FALSE,None,None,,,,,
27.8,id,-1.314846,1.551531,-0.8247746,None,27.68013,,None,3.338096,3.830802,3.584449,5.667378,11.20284,346.9283,FALSE,None,None,,,,,
27.9,id,-1.318497,1.553722,-0.8260013,None,27.77999,,None,3.338096,3.830802,3.584449,9.684865,10.33118,346.3108,FALSE,None,None,,,,,
28,id,-1.321038,1.549813,-0.8241491,None,27.88,,None,3.338096,3.830802,3.584449,24.09839,9.61932,347.3611,FALSE,None,None,,,,,
28.1,id,-1.321655,1.549882,-0.8228442,None,27.98015,,None,3.338096,3.830802,3.584449,29.11124,9.150469,347.4572,FALSE,None,None,,,,,
28.2,id,-1.320372,1.558166,-0.8248498,None,28.07989,,None,3.338096,3.830802,3.584449,122.7213,9.192476,345.4884,FALSE,None,None,,,,,
28.3,id,-1.318948,1.560123,-0.8272529,None,28.18025,,None,3.05944,3.830802,3.445121,50.61779,9.45764,344.9771,FALSE,None,None,,,,,
28.4,id,-1.317546,1.559448,-0.8276256,None,28.28019,,None,3.05944,3.830802,3.445121,15.18485,9.461768,345.1146,FALSE,None,None,,,,,
28.5,id,-1.316029,1.561941,-0.8292964,None,28.38016,,None,3.05944,3.830802,3.445121,40.17674,9.619178,344.4495,FALSE,None,None,,,,,
28.6,id,-1.316687,1.569372,-0.8318512,None,28.48488,,None,3.05944,3.830802,3.445121,39.57519,9.048691,342.4259,FALSE,None,None,,,,,
28.7,id,-1.318468,1.574698,-0.8343397,None,28.57359,,None,3.05944,3.830802,3.445121,26.53979,8.151574,340.8684,FALSE,None,None,,,,,
28.8,id,-1.321573,1.577801,-0.8358562,None,28.67368,,None,3.05944,3.642354,3.350897,16.31288,6.869215,339.9447,FALSE,None,None,,,,,
28.9,id,-1.324766,1.578809,-0.8362342,None,28.77427,,None,3.05944,3.642354,3.350897,9.507146,5.990456,339.6168,FALSE,None,None,,,,,
29,id,-1.327821,1.580726,-0.836434,None,28.87391,,None,3.05944,3.642354,3.350897,5.943154,5.248949,339.159,FALSE,None,None,,,,,
29.1,id,-1.331357,1.579586,-0.8362449,None,28.97375,,None,3.05944,3.642354,3.350897,5.238467,4.473806,339.3076,FALSE,None,None,,,,,
29.2,id,-1.331816,1.576838,-0.8343043,None,29.07378,,None,3.05944,3.642354,3.350897,8.327093,4.413453,340.0558,FALSE,None,None,,,,,
29.3,id,-1.328742,1.566777,-0.8303823,None,29.17381,,None,3.575453,-1,1.287726,195.9264,5.342591,342.6538,TRUE,None,None,,,,,
29.4,id,-1.320619,1.550978,-0.8247706,None,29.27383,,None,-1,-1,-1,303.6876,7.527084,346.7511,TRUE,None,None,,,,,
29.5,id,-1.310911,1.535833,-0.8190663,None,29.37372,,None,3.575453,3.642354,3.608903,712.4896,9.789805,350.5141,FALSE,None,None,,,,,
29.6,id,-1.30759,1.525751,-0.8141086,None,29.4738,,None,3.575453,3.642354,3.608903,99.23962,10.07618,353.082,FALSE,None,None,,,,,
29.7,id,-1.308303,1.519937,-0.8108295,None,29.57372,,None,3.575453,3.642354,3.608903,13.10873,9.355151,354.7014,FALSE,None,None,,,,,
29.8,id,-1.309741,1.515548,-0.8076561,None,29.67378,,None,3.575453,3.757257,3.666355,14.76731,8.612427,355.8968,FALSE,None,None,,,,,
29.9,id,-1.309237,1.508497,-0.8047014,None,29.77451,,None,3.575453,3.757257,3.666355,13.97371,8.870809,357.6956,FALSE,None,None,,,,,
30,id,-1.307099,1.504644,-0.8027442,None,29.87366,,None,3.575453,3.757257,3.666355,44.94989,9.625556,358.7033,FALSE,None,None,,,,,
30.1,id,-1.304728,1.504367,-0.8017419,None,29.97367,,None,3.575453,3.757257,3.666355,21.05232,10.26046,358.7231,FALSE,None,None,,,,,
30.2,id,-1.302937,1.505019,-0.801054,None,30.07381,,None,3.575453,3.757257,3.666355,7.674254,10.37615,358.5845,FALSE,None,None,,,,,
30.3,id,-1.301946,1.504104,-0.8003058,None,30.1736,,None,3.057366,3.757257,3.407311,3.109373,10.29705,358.7468,FALSE,None,None,,,,,
30.4,id,-1.301481,1.502907,-0.7992243,None,30.2737,,None,3.057366,3.757257,3.407311,3.529663,10.10746,358.8903,FALSE,None,None,,,,,
30.5,id,-1.301375,1.501746,-0.7984179,None,30.37416,,None,3.057366,3.757257,3.407311,106.8613,9.797993,359.0829,FALSE,None,None,,,,,
30.6,id,-1.302356,1.502164,-0.7981188,None,30.47364,,None,3.057366,3.757257,3.407311,35.17087,9.174164,359.0077,FALSE,None,None,,,,,
30.7,id,-1.304491,1.504123,-0.7972571,None,30.57858,,None,3.057366,3.757257,3.407311,16.15728,8.178071,358.5664,FALSE,None,None,,,,,
30.8,id,-1.306291,1.504517,-0.7961115,None,30.6787,,None,3.057366,3.722106,3.389736,6.648087,7.466438,358.4761,FALSE,None,None,,,,,
30.9,id,-1.307294,1.504472,-0.7950543,None,30.77859,,None,3.057366,3.722106,3.389736,4.502668,7.024662,358.4265,FALSE,None,None,,,,,
31,id,-1.307927,1.504133,-0.7934191,None,30.87864,,None,3.057366,3.722106,3.389736,51.99306,6.614749,358.3549,FALSE,None,None,,,,,
31.1,id,-1.308883,1.503414,-0.7906608,None,30.97863,,None,3.057366,3.722106,3.389736,14.91934,5.831767,358.5968,FALSE,None,None,,,,,
31.2,id,-1.309454,1.50337,-0.7875258,None,31.07869,,None,3.057366,3.722106,3.389736,12.18877,4.876915,358.6623,FALSE,None,None,,,,,
31.3,id,-1.308303,1.503265,-0.7842175,None,31.17871,,None,3.113993,3.722106,3.418049,5.262934,4.449342,358.7815,FALSE,None,None,,,,,
31.4,id,-1.306897,1.502686,-0.7811937,None,31.27852,,None,3.113993,3.722106,3.418049,5.416792,4.456279,359.0027,FALSE,None,None,,,,,
31.5,id,-1.305551,1.502209,-0.7789656,None,31.37847,,None,3.113993,3.722106,3.418049,3.110633,4.557,359.2041,FALSE,None,None,,,,,
31.6,id,-1.304068,1.503309,-0.7769338,None,31.47854,,None,3.113993,3.628322,3.371158,2.523755,4.686937,359.3504,FALSE,None,None,,,,,
31.7,id,-1.304151,1.503408,-0.7746044,None,31.57851,,None,3.113993,3.628322,3.371158,47.05681,4.355767,359.5568,FALSE,None,None,,,,,
31.8,id,-1.306289,1.502461,-0.7726276,None,31.67848,,None,3.113993,3.628322,3.371158,64.19437,3.418297,359.705,FALSE,None,None,,,,,
31.9,id,-1.308432,1.500211,-0.7723691,None,31.77852,,None,3.113993,3.628322,3.371158,5.309412,2.60202,0.005864241,FALSE,None,None,,,,,
32,id,-1.307182,1.50028,-0.773724,None,31.8786,,None,3.113993,3.628322,3.371158,8.771127,2.874253,0.0584942,FALSE,None,None,,,,,
32.1,id,-1.302202,1.50093,-0.7767345,None,31.97852,,None,3.061995,3.628322,3.345159,18.27912,4.416487,359.9391,FALSE,None,None,,,,,
32.2,id,-1.296937,1.500838,-0.7807657,None,32.07885,,None,3.061995,3.628322,3.345159,16.57359,6.010135,359.8598,FALSE,None,None,,,,,
32.3,id,-1.292453,1.502755,-0.7853141,None,32.17894,,None,3.061995,3.628322,3.345159,11.24731,7.291194,359.3598,FALSE,None,None,,,,,
32.4,id,-1.286567,1.504641,-0.7909447,None,32.27881,,None,3.061995,3.628322,3.345159,15.82614,9.20566,358.8475,FALSE,None,None,,,,,
32.5,id,-1.281144,1.504762,-0.7964238,None,32.37889,,None,3.061995,3.628322,3.345159,17.17341,11.2142,358.6381,FALSE,None,None,,,,,
32.6,id,-1.278261,1.504509,-0.8014917,None,32.47897,,None,3.061995,3.860926,3.46146,8.080317,12.58364,358.4626,FALSE,None,None,,,,,
32.7,id,-1.276793,1.504786,-0.806402,None,32.57883,,None,3.061995,3.860926,3.46146,5.5397,13.54529,358.1612,FALSE,None,None,,,,,
32.8,id,-1.275548,1.50581,-0.8115664,None,32.67895,,None,3.061995,3.860926,3.46146,7.583314,14.66976,357.7519,FALSE,None,None,,,,,
32.9,id,-1.275281,1.507935,-0.8164594,None,32.78131,,None,3.061995,3.860926,3.46146,6.324309,15.75157,357.264,FALSE,None,None,,,,,
33,id,-1.27711,1.509595,-0.8189746,None,32.88117,,None,3.061995,3.860926,3.46146,3.138594,15.918,356.8839,FALSE,None,None,,,,,
33.1,id,-1.27891,1.510528,-0.8199095,None,32.98164,,None,3.22923,3.860926,3.545078,5.261208,15.88213,356.7102,FALSE,None,None,,,,,
33.2,id,-1.281228,1.510648,-0.8188131,None,33.08162,,None,3.22923,3.860926,3.545078,8.343918,15.45736,356.7438,FALSE,None,None,,,,,
33.3,id,-1.283564,1.510068,-0.8168696,None,33.18111,,None,3.22923,3.860926,3.545078,40.88194,14.75426,356.9971,FALSE,None,None,,,,,
33.4,id,-1.284499,1.50969,-0.8147591,None,33.28173,,None,3.22923,3.860926,3.545078,58.66296,14.34091,357.202,FALSE,None,None,,,,,
33.5,id,-1.284589,1.509439,-0.8131912,None,33.38113,,None,3.22923,3.860926,3.545078,16.3413,14.09935,357.301,FALSE,None,None,,,,,
33.6,id,-1.284233,1.509279,-0.8119692,None,33.48121,,None,3.22923,3.911754,3.570492,2.745991,13.94066,357.3799,FALSE,None,None,,,,,
33.7,id,-1.283575,1.509087,-0.810831,None,33.58154,,None,3.22923,3.911754,3.570492,0.924819,13.79533,357.448,FALSE,None,None,,,,,
33.8,id,-1.282196,1.509306,-0.8094789,None,33.68151,,None,3.22923,3.911754,3.570492,1.713686,13.78767,357.3994,FALSE,None,None,,,,,
33.9,id,-1.280324,1.508587,-0.807548,None,33.7819,,None,3.22923,3.911754,3.570492,2.779766,13.84879,357.6219,FALSE,None,None,,,,,
34,id,-1.279428,1.507838,-0.8049583,None,33.88165,,None,3.22923,3.911754,3.570492,4.34511,13.53611,357.8345,FALSE,None,None,,,,,
34.1,id,-1.279559,1.507882,-0.8021364,None,33.98172,,None,3.457007,3.911754,3.684381,8.127055,12.75741,357.9775,FALSE,None,None,,,,,
34.2,id,-1.27998,1.507798,-0.7994087,None,34.07489,,None,3.457007,3.911754,3.684381,9.71806,11.91775,358.117,FALSE,None,None,,,,,
34.3,id,-1.281287,1.505354,-0.7960953,None,34.17525,,None,3.457007,3.911754,3.684381,13.55148,10.64018,358.7408,FALSE,None,None,,,,,
34.4,id,-1.282787,1.503408,-0.793937,None,34.27516,,None,3.457007,3.911754,3.684381,8.607636,9.659274,359.2048,FALSE,None,None,,,,,
34.5,id,-1.284481,1.502455,-0.7933357,None,34.37508,,None,3.457007,3.911754,3.684381,50.04379,9.026105,359.4457,FALSE,None,None,,,,,
34.6,id,-1.285922,1.501252,-0.7936801,None,34.47512,,None,3.457007,3.848663,3.652835,35.5016,8.715355,359.5944,FALSE,None,None,,,,,
34.7,id,-1.287966,1.501144,-0.7944432,None,34.57515,,None,3.457007,3.848663,3.652835,10.80974,8.315959,359.6025,FALSE,None,None,,,,,
34.8,id,-1.289902,1.501438,-0.7954565,None,34.67521,,None,3.457007,3.848663,3.652835,3.767095,8.042464,359.5074,FALSE,None,None,,,,,
34.9,id,-1.290834,1.501496,-0.7965378,None,34.77507,,None,3.457007,3.848663,3.652835,1.066712,8.006431,359.4073,FALSE,None,None,,,,,
35,id,-1.290964,1.50187,-0.7979723,None,34.87516,,None,3.457007,3.848663,3.652835,121.7956,8.310081,359.3352,FALSE,None,None,,,,,
35.1,id,-1.291273,1.502241,-0.7991428,None,34.9754,,None,3.379091,3.848663,3.613877,41.04546,8.619911,359.1761,FALSE,None,None,,,,,
35.2,id,-1.291385,1.501397,-0.8000237,None,35.07517,,None,3.379091,3.848663,3.613877,13.75618,8.910136,359.3705,FALSE,None,None,,,,,
35.3,id,-1.291442,1.500505,-0.8009052,None,35.17529,,None,3.379091,3.848663,3.613877,8.669761,9.084783,359.5315,FALSE,None,None,,,,,
35.4,id,-1.290481,1.500179,-0.801837,None,35.2752,,None,3.379091,3.848663,3.613877,4.825328,9.459039,359.5979,FALSE,None,None,,,,,
35.5,id,-1.289208,1.500624,-0.8025626,None,35.37555,,None,3.379091,3.848663,3.613877,4.214265,9.891994,359.5428,FALSE,None,None,,,,,
35.6,id,-1.289094,1.500799,-0.8025576,None,35.47528,,None,3.379091,3.98152,3.680305,1.086441,9.972518,359.5665,FALSE,None,None,,,,,
35.7,id,-1.289484,1.500059,-0.8019611,None,35.57507,,None,3.379091,3.98152,3.680305,4.632625,9.76659,359.756,FALSE,None,None,,,,,
35.8,id,-1.290793,1.499538,-0.8013568,None,35.67536,,None,3.379091,3.98152,3.680305,76.91814,9.282048,359.9052,FALSE,None,None,,,,,
35.9,id,-1.292446,1.500078,-0.8013883,None,35.77512,,None,3.375505,3.98152,3.678512,16.13512,8.847574,359.7899,FALSE,None,None,,,,,
36,id,-1.294346,1.500526,-0.8018526,None,35.87505,,None,3.375505,3.98152,3.678512,3.596445,8.449326,359.6166,FALSE,None,None,,,,,
36.1,id,-1.294685,1.500847,-0.8026888,None,35.97498,,None,3.375505,3.98152,3.678512,2.64115,8.45215,359.5064,FALSE,None,None,,,,,
36.2,id,-1.292754,1.501272,-0.8043826,None,36.0796,,None,3.375505,3.98152,3.678512,63.03441,9.228779,359.3753,FALSE,None,None,,,,,
36.3,id,-1.289016,1.502416,-0.8063847,None,36.17946,,None,3.375505,3.98152,3.678512,28.41744,10.47928,359.0745,FALSE,None,None,,,,,
36.4,id,-1.284131,1.502982,-0.8085089,None,36.27959,,None,3.375505,3.806864,3.591185,18.09719,12.07425,358.9247,FALSE,None,None,,,,,
36.5,id,-1.279204,1.503049,-0.8103025,None,36.37956,,None,3.375505,3.806864,3.591185,14.01715,13.70382,358.8696,FALSE,None,None,,,,,
36.6,id,-1.2755,1.503214,-0.8117112,None,36.4795,,None,3.375505,3.806864,3.591185,7.635793,14.93889,358.8429,FALSE,None,None,,,,,
36.7,id,-1.274448,1.503274,-0.8120109,None,36.57941,,None,3.375505,3.806864,3.591185,2.956663,15.34438,358.71,FALSE,None,None,,,,,
36.8,id,-1.274771,1.502824,-0.8117174,None,36.67987,,None,3.375505,3.806864,3.591185,6.818619,15.1531,358.7151,FALSE,None,None,,,,,
36.9,id,-1.274112,1.5028,-0.8115013,None,36.77952,,None,3.2624,3.806864,3.534632,4.596156,15.17639,358.667,FALSE,None,None,,,,,
37,id,-1.273158,1.502505,-0.8113212,None,36.87974,,None,3.2624,3.806864,3.534632,5.673261,15.31258,358.6709,FALSE,None,None,,,,,
37.1,id,-1.273687,1.50232,-0.8108578,None,36.97968,,None,3.2624,3.806864,3.534632,6.324576,15.07082,358.6978,FALSE,None,None,,,,,
37.2,id,-1.274326,1.502228,-0.8103732,None,37.07954,,None,3.2624,3.806864,3.534632,4.650233,14.78762,358.6758,FALSE,None,None,,,,,
37.3,id,-1.273796,1.502001,-0.8106233,None,37.17962,,None,3.2624,3.806864,3.534632,1.756913,14.89943,358.7258,FALSE,None,None,,,,,
37.4,id,-1.273262,1.501865,-0.810855,None,37.27964,,None,3.2624,3.638965,3.450682,2.139413,15.07066,358.7838,FALSE,None,None,,,,,
37.5,id,-1.273086,1.501695,-0.8112236,None,37.37975,,None,3.2624,3.638965,3.450682,2.379424,15.11556,358.8237,FALSE,None,None,,,,,
37.6,id,-1.273299,1.501523,-0.8114958,None,37.47958,,None,3.2624,3.638965,3.450682,3.114198,14.98707,358.833,FALSE,None,None,,,,,
37.7,id,-1.27411,1.501736,-0.8116847,None,37.57587,,None,3.2624,3.638965,3.450682,5.201447,14.68234,358.7744,FALSE,None,None,,,,,
37.8,id,-1.275475,1.502065,-0.8115597,None,37.67297,,None,3.2624,3.638965,3.450682,6.180044,14.23363,358.673,FALSE,None,None,,,,,
37.9,id,-1.277343,1.501864,-0.8110741,None,37.7729,,None,3.380458,3.638965,3.509711,5.740494,13.78606,358.7042,FALSE,None,None,,,,,
38,id,-1.279266,1.501694,-0.8105624,None,37.87275,,None,3.380458,3.638965,3.509711,3.764597,13.42988,358.73,FALSE,None,None,,,,,
38.1,id,-1.28065,1.501535,-0.8099037,None,37.97276,,None,3.380458,3.638965,3.509711,2.571255,13.18933,358.7689,FALSE,None,None,,,,,
38.2,id,-1.280551,1.501088,-0.8096918,None,38.07281,,None,3.380458,3.638965,3.509711,2.083278,13.44373,358.9098,FALSE,None,None,,,,,
38.3,id,-1.279796,1.500828,-0.8096887,None,38.17269,,None,3.380458,3.638965,3.509711,4.298429,13.8582,358.9427,FALSE,None,None,,,,,
38.4,id,-1.279409,1.500738,-0.8097255,None,38.27267,,None,3.380458,3.739849,3.560153,3.058676,14.18044,358.9756,FALSE,None,None,,,,,
38.5,id,-1.280022,1.500505,-0.8095797,None,38.37275,,None,3.380458,3.739849,3.560153,0.7656236,14.17196,359.0562,FALSE,None,None,,,,,
38.6,id,-1.282385,1.500398,-0.8087127,None,38.47558,,None,3.380458,3.739849,3.560153,5.254327,13.67947,359.0242,FALSE,None,None,,,,,
38.7,id,-1.289197,1.500499,-0.8062903,None,38.57564,,None,3.380458,3.739849,3.560153,18.41753,11.90864,358.9958,FALSE,None,None,,,,,
38.8,id,-1.299799,1.5003,-0.8024534,None,38.67553,,None,3.380458,3.739849,3.560153,29.22075,9.009242,359.0586,FALSE,None,None,,,,,
38.9,id,-1.313588,1.499636,-0.797976,None,38.77577,,None,3.491032,3.739849,3.615441,36.45974,5.103993,359.2465,FALSE,None,None,,,,,
39,id,-1.329504,1.498487,-0.793529,None,38.87578,,None,3.491032,3.739849,3.615441,39.89332,0.5977734,359.5945,FALSE,None,None,,,,,
39.1,id,-1.346797,1.497809,-0.790468,None,38.97581,,None,3.491032,3.739849,3.615441,220.5862,355.7568,359.749,FALSE,None,None,,,,,
39.2,id,-1.370571,1.497505,-0.7894533,None,39.07587,,None,-1,3.739849,1.369925,200.0253,349.1387,359.9851,TRUE,None,None,,,,,
39.3,id,-1.398721,1.498024,-0.7920477,None,39.17595,,None,3.491032,3.739849,3.615441,189.6696,341.0483,0.006003629,FALSE,None,None,,,,,
39.4,id,-1.428057,1.499363,-0.7984097,None,39.28139,,None,3.491032,3.883483,3.687257,49.94562,332.3599,359.8627,FALSE,None,None,,,,,
39.5,id,-1.451266,1.500492,-0.8055632,None,39.38126,,None,3.491032,3.883483,3.687257,28.01357,325.2191,359.6577,FALSE,None,None,,,,,
39.6,id,-1.466499,1.49902,-0.809762,None,39.48149,,None,3.491032,3.883483,3.687257,57.67984,320.7073,0.03447314,FALSE,None,None,,,,,
39.7,id,-1.474342,1.497396,-0.8098958,None,39.5813,,None,3.491032,3.883483,3.687257,19.04471,318.7361,0.4467392,FALSE,None,None,,,,,
39.8,id,-1.477593,1.497401,-0.8061521,None,39.68153,,None,3.491032,3.883483,3.687257,5.383273,318.6727,0.4343237,FALSE,None,None,,,,,
39.9,id,-1.478428,1.497547,-0.799464,None,39.78134,,None,2.994385,3.883483,3.438934,40.48289,319.6972,0.4671583,FALSE,None,None,,,,,
40,id,-1.476703,1.496469,-0.7924648,None,39.88132,,None,2.994385,3.883483,3.438934,14.48937,321.5717,0.7171221,FALSE,None,None,,,,,
40.1,id,-1.472949,1.496401,-0.7856287,None,39.98131,,None,2.994385,3.883483,3.438934,14.8615,324.1398,0.6252708,FALSE,None,None,,,,,
40.2,id,-1.465458,1.494961,-0.7792561,None,40.08131,,None,2.994385,3.468244,3.231314,34.51143,327.908,0.738023,FALSE,None,None,,,,,
40.3,id,-1.453376,1.494465,-0.7733378,None,40.18129,,None,-1,-1,-1,534.3,333.0791,0.6211257,TRUE,None,None,,,,,
40.4,id,-1.437022,1.493458,-0.7679036,None,40.28634,,None,-1,-1,-1,385.8828,339.5891,0.736571,TRUE,None,None,,,,,
40.5,id,-1.421162,1.492803,-0.7645946,None,40.37522,,None,2.994385,-1,0.9971926,539.7201,345.4612,0.8414786,TRUE,None,None,,,,,
40.6,id,-1.40523,1.493351,-0.7628825,None,40.4752,,None,2.994385,-1,0.9971926,542.6586,351.2118,0.7515335,TRUE,None,None,,,,,
40.7,id,-1.392452,1.49387,-0.7625027,None,40.57534,,None,3.207329,3.468244,3.337786,850.3443,356.0835,0.5871207,FALSE,None,None,,,,,
40.8,id,-1.386268,1.493117,-0.7622668,None,40.67526,,None,3.207329,3.468244,3.337786,17.81471,358.9492,0.7802465,FALSE,None,None,,,,,
40.9,id,-1.388459,1.489836,-0.7612305,None,40.77532,,None,3.207329,3.468244,3.337786,20.74031,359.2054,1.490432,FALSE,None,None,,,,,
41,id,-1.399813,1.484742,-0.7576809,None,40.87755,,None,-1,3.468244,1.234122,72.86292,356.2115,2.524135,TRUE,None,None,,,,,
41.1,id,-1.427186,1.473974,-0.7565944,None,40.97819,,None,-1,-1,-1,251.4893,347.8969,5.169283,TRUE,None,None,,,,,
41.2,id,-1.471774,1.463962,-0.7665126,None,41.07723,,None,-1,-1,-1,522.2007,333.5728,7.502746,TRUE,None,None,,,,,
41.3,id,-1.517914,1.458214,-0.7941183,None,41.1773,,None,-1,-1,-1,786.3982,317.1294,8.77792,TRUE,None,None,,,,,
41.4,id,-1.55602,1.461419,-0.8373117,None,41.27717,,None,-1,-1,-1,1049.938,299.6354,8.130196,TRUE,None,None,,,,,
41.5,id,-1.576548,1.471745,-0.888482,None,41.37724,,None,-1,-1,-1,1298.718,283.4046,5.59422,TRUE,None,None,,,,,
41.6,id,-1.57906,1.482906,-0.9455975,None,41.47715,,None,-1,-1,-1,1328.853,267.2107,2.85613,TRUE,None,None,,,,,
41.7,id,-1.570317,1.492345,-0.9842319,None,41.57714,,None,-1,-1,-1,1269.837,255.2541,0.3316674,TRUE,None,None,,,,,
41.8,id,-1.560208,1.502398,-1.00734,None,41.68248,,None,-1,-1,-1,1083.021,246.9756,356.7757,TRUE,None,None,,,,,
41.9,id,-1.554583,1.503991,-1.010433,None,41.78217,,None,-1,-1,-1,1124.237,245.2559,356.3429,TRUE,None,None,,,,,
42,id,-1.556133,1.509881,-1.004006,None,41.88221,,None,-1,-1,-1,1151.071,247.0878,355.0498,TRUE,None,None,,,,,
42.1,id,-1.558055,1.512071,-0.9900438,None,41.98237,,None,-1,-1,-1,1190.991,251.6833,354.2763,TRUE,None,None,,,,,
42.2,id,-1.557976,1.514113,-0.9778069,None,42.08222,,None,-1,-1,-1,1247.458,256.1001,354.2015,TRUE,None,None,,,,,
42.3,id,-1.55746,1.517655,-0.9668284,None,42.1823,,None,-1,-1,-1,1271.804,260.2093,353.5006,TRUE,None,None,,,,,
42.4,id,-1.558649,1.519152,-0.9586762,None,42.2822,,None,-1,-1,-1,1291.924,263.4519,353.2913,TRUE,None,None,,,,,
42.5,id,-1.560954,1.518373,-0.9525112,None,42.3824,,None,-1,-1,-1,1303.002,265.7444,353.4727,TRUE,None,None,,,,,
42.6,id,-1.564271,1.517458,-0.94926,None,42.48219,,None,-1,-1,-1,1304.533,266.7361,353.7674,TRUE,None,None,,,,,
42.7,id,-1.566863,1.516874,-0.9475951,None,42.58216,,None,-1,-1,-1,1301.82,266.8091,353.8451,TRUE,None,None,,,,,
42.8,id,-1.567527,1.516004,-0.9460275,None,42.68217,,None,-1,-1,-1,1302.135,266.7957,354.0402,TRUE,None,None,,,,,
42.9,id,-1.56685,1.515889,-0.9444098,None,42.78214,,None,-1,-1,-1,1301.16,266.628,353.9672,TRUE,None,None,,,,,
43,id,-1.565105,1.516196,-0.9436278,None,42.88255,,None,-1,-1,-1,1296.174,266.4279,353.8199,TRUE,None,None,,,,,
43.1,id,-1.562821,1.517154,-0.9420805,None,42.98217,,None,-1,-1,-1,1306.435,266.5114,353.5673,TRUE,None,None,,,,,
43.2,id,-1.560978,1.518226,-0.9410444,None,43.08211,,None,-1,-1,-1,1302.408,266.4362,353.3096,TRUE,None,None,,,,,
43.3,id,-1.559581,1.518801,-0.939222,None,43.18224,,None,-1,-1,-1,1301.622,266.6579,353.1219,TRUE,None,None,,,,,
43.4,id,-1.558356,1.518841,-0.9380399,None,43.28205,,None,-1,-1,-1,1307.042,266.8647,353.1059,TRUE,None,None,,,,,
43.5,id,-1.557162,1.51884,-0.9381205,None,43.38234,,None,-1,-1,-1,1301.493,266.866,353.1396,TRUE,None,None,,,,,
43.6,id,-1.55618,1.519567,-0.9379238,None,43.4821,,None,-1,-1,-1,1306.536,267.0565,352.9897,TRUE,None,None,,,,,
43.7,id,-1.55511,1.519859,-0.9373044,None,43.58224,,None,-1,-1,-1,1304.267,267.4198,352.9419,TRUE,None,None,,,,,
43.8,id,-1.55379,1.520775,-0.9375008,None,43.68236,,None,-1,-1,-1,1302.289,267.5166,352.7186,TRUE,None,None,,,,,
43.9,id,-1.552589,1.521272,-0.9370822,None,43.7824,,None,-1,-1,-1,1304.727,267.7662,352.6021,TRUE,None,None,,,,,
44,id,-1.551895,1.521633,-0.9362922,None,43.88221,,None,-1,-1,-1,1307.196,268.1933,352.4991,TRUE,None,None,,,,,
44.1,id,-1.551557,1.521562,-0.9360925,None,43.98232,,None,-1,-1,-1,1303.838,268.5081,352.4788,TRUE,None,None,,,,,
44.2,id,-1.551476,1.521666,-0.9369364,None,44.0823,,None,-1,-1,-1,1305.353,268.5518,352.4914,TRUE,None,None,,,,,
44.3,id,-1.551785,1.521411,-0.9381275,None,44.18214,,None,-1,-1,-1,1306.398,268.4854,352.567,TRUE,None,None,,,,,
44.4,id,-1.552496,1.521261,-0.9397507,None,44.2759,,None,-1,-1,-1,1391.977,268.2162,352.6201,TRUE,None,None,,,,,
44.5,id,-1.553345,1.521206,-0.9412729,None,44.37589,,None,-1,-1,-1,1304.475,267.9881,352.6318,TRUE,None,None,,,,,
44.6,id,-1.554441,1.520712,-0.94275,None,44.47599,,None,-1,-1,-1,1305.106,267.7546,352.8024,TRUE,None,None,,,,,
44.7,id,-1.555528,1.520346,-0.9441923,None,44.57584,,None,-1,-1,-1,1306.941,267.5957,352.8906,TRUE,None,None,,,,,
44.8,id,-1.556076,1.519538,-0.9449685,None,44.6757,,None,-1,-1,-1,1309.445,267.5591,353.0872,TRUE,None,None,,,,,
44.9,id,-1.556366,1.518713,-0.9449879,None,44.77594,,None,-1,-1,-1,1302.893,267.8275,353.2589,TRUE,None,None,,,,,
45,id,-1.554884,1.517226,-0.9395369,None,44.8757,,None,-1,-1,-1,1315.281,269.6821,353.5461,TRUE,None,None,,,,,
45.1,id,-1.55129,1.514723,-0.9257194,None,44.97599,,None,-1,-1,-1,1293.754,274.1921,354.1112,TRUE,None,None,,,,,
45.2,id,-1.540965,1.511126,-0.8977638,None,45.0759,,None,-1,-1,-1,1249.072,283.7967,355.0258,TRUE,None,None,,,,,
45.3,id,-1.519768,1.507269,-0.8653256,None,45.17604,,None,-1,-1,-1,1085.319,296.7341,356.1493,TRUE,None,None,,,,,
45.4,id,-1.490402,1.5114,-0.8366063,None,45.27611,,None,-1,-1,-1,864.8226,310.2791,355.2908,TRUE,None,None,,,,,
45.5,id,-1.451614,1.516862,-0.816316,None,45.37597,,None,-1,-1,-1,632.6531,324.4459,353.9554,TRUE,None,None,,,,,
45.6,id,-1.408527,1.520899,-0.8079824,None,45.47586,,None,-1,-1,-1,418.385,339.0899,353.0338,TRUE,None,None,,,,,
45.7,id,-1.370549,1.521864,-0.8095394,None,45.57601,,None,-1,-1,-1,205.9441,352.4554,353.438,TRUE,None,None,,,,,
45.8,id,-1.343079,1.521507,-0.8163799,None,45.67591,,None,-1,-1,-1,129.1294,2.454069,354.0735,TRUE,None,None,,,,,
45.9,id,-1.332171,1.518585,-0.8207389,None,45.77583,,None,-1,-1,-1,176.6322,7.140518,355.0875,TRUE,None,None,,,,,
46,id,-1.330277,1.516052,-0.818859,None,45.88129,,None,3.207329,-1,1.103665,225.9454,8.617081,355.9532,TRUE,None,None,,,,,
46.1,id,-1.330091,1.516363,-0.8173036,None,45.98094,,None,3.207329,3.468244,3.337786,429.3509,9.164305,356.4964,FALSE,None,None,,,,,
46.2,id,-1.328558,1.517041,-0.816199,None,46.08085,,None,3.207329,3.468244,3.337786,95.54372,9.347604,356.7191,FALSE,None,None,,,,,
46.3,id,-1.32988,1.515864,-0.8168449,None,46.18105,,None,3.207329,3.468244,3.337786,24.80654,8.920957,357.1907,FALSE,None,None,,,,,
46.4,id,-1.330248,1.515532,-0.8159196,None,46.28088,,None,3.207329,-1,1.103665,119.431,8.536011,357.2235,TRUE,None,None,,,,,
46.5,id,-1.329416,1.512247,-0.8178294,None,46.3809,,None,-1,-1,-1,184.191,8.92954,357.9181,TRUE,None,None,,,,,
46.6,id,-1.330763,1.509906,-0.8198372,None,46.48093,,None,3.207329,3.468244,3.337786,285.0259,8.887362,358.5262,FALSE,None,None,,,,,
46.7,id,-1.333225,1.511463,-0.8212659,None,46.58094,,None,3.207329,3.468244,3.337786,24.18014,8.866134,357.8597,FALSE,None,None,,,,,
46.8,id,-1.335723,1.514625,-0.8210585,None,46.68114,,None,3.207329,3.468244,3.337786,27.41479,8.715007,356.8997,FALSE,None,None,,,,,
46.9,id,-1.339949,1.512122,-0.8198618,None,46.78098,,None,3.207329,3.468244,3.337786,46.32021,7.614839,357.5699,FALSE,None,None,,,,,
47,id,-1.341158,1.507392,-0.8174794,None,46.88102,,None,3.207329,3.929602,3.568466,16.71664,7.60995,358.8729,FALSE,None,None,,,,,
47.1,id,-1.339029,1.504407,-0.8162531,None,46.98096,,None,3.207329,3.929602,3.568466,9.104974,8.443529,359.6061,FALSE,None,None,,,,,
47.2,id,-1.336899,1.503383,-0.817124,None,47.08108,,None,3.207329,3.929602,3.568466,52.67957,8.876943,359.8848,FALSE,None,None,,,,,
47.3,id,-1.338385,1.503749,-0.8179768,None,47.18106,,None,3.207329,3.929602,3.568466,31.70188,8.076865,359.7238,FALSE,None,None,,,,,
47.4,id,-1.340179,1.503854,-0.8194619,None,47.28115,,None,3.207329,3.929602,3.568466,15.38891,7.286019,359.6719,FALSE,None,None,,,,,
47.5,id,-1.341433,1.503253,-0.8207484,None,47.38111,,None,3.304591,3.929602,3.617097,6.792689,6.747425,359.8232,FALSE,None,None,,,,,
47.6,id,-1.342675,1.503013,-0.8210627,None,47.48112,,None,3.304591,3.929602,3.617097,7.090697,6.227493,359.8622,FALSE,None,None,,,,,
47.7,id,-1.344301,1.501964,-0.8211886,None,47.58093,,None,-1,3.929602,1.464801,58.37972,5.493163,0.1511253,TRUE,None,None,,,,,
47.8,id,-1.3453,1.502307,-0.82122,None,47.68107,,None,-1,-1,-1,101.1248,4.86234,0.07363505,TRUE,None,None,,,,,
47.9,id,-1.345594,1.503501,-0.8218663,None,47.78091,,None,3.304591,3.929602,3.617097,164.7311,4.25864,359.7694,FALSE,None,None,,,,,
48,id,-1.344547,1.504536,-0.8227946,None,47.88078,,None,3.304591,3.945427,3.62501,12.10278,4.144182,359.4827,FALSE,None,None,,,,,
48.1,id,-1.343269,1.504421,-0.8236927,None,47.98099,,None,3.304591,3.945427,3.62501,10.89546,4.176146,359.4735,FALSE,None,None,,,,,
48.2,id,-1.34298,1.504854,-0.8243289,None,48.08089,,None,3.304591,3.945427,3.62501,5.032877,3.944806,359.3263,FALSE,None,None,,,,,
48.3,id,-1.343266,1.505595,-0.824766,None,48.17421,,None,3.304591,3.945427,3.62501,1.390088,3.634299,359.1817,FALSE,None,None,,,,,
48.4,id,-1.343539,1.506235,-0.8245487,None,48.27415,,None,3.304591,3.945427,3.62501,3.978698,3.34372,359.0687,FALSE,None,None,,,,,
48.5,id,-1.344116,1.506307,-0.8238865,None,48.37425,,None,3.571835,3.945427,3.758631,44.72833,3.215958,359.0782,FALSE,None,None,,,,,
48.6,id,-1.345718,1.505681,-0.8229303,None,48.47445,,None,3.571835,3.945427,3.758631,7.990383,2.859414,359.2712,FALSE,None,None,,,,,
48.7,id,-1.347322,1.504937,-0.8217117,None,48.57442,,None,3.571835,3.945427,3.758631,3.221246,2.588905,359.4864,FALSE,None,None,,,,,
48.8,id,-1.348686,1.504361,-0.8204512,None,48.67436,,None,3.571835,3.963664,3.767749,2.195426,2.397906,359.6387,FALSE,None,None,,,,,
48.9,id,-1.349827,1.504243,-0.8194999,None,48.77432,,None,3.571835,3.963664,3.767749,1.047159,2.195032,359.6304,FALSE,None,None,,,,,
49,id,-1.350052,1.504287,-0.8188224,None,48.87421,,None,3.571835,3.963664,3.767749,8.767599,2.285656,359.6629,FALSE,None,None,,,,,
49.1,id,-1.350002,1.504364,-0.8182178,None,48.9743,,None,3.571835,3.963664,3.767749,101.6741,2.43444,359.6525,FALSE,None,None,,,,,
49.2,id,-1.349873,1.503685,-0.8180403,None,49.07423,,None,3.571835,3.963664,3.767749,20.38081,2.632833,359.7973,FALSE,None,None,,,,,
49.3,id,-1.348689,1.503998,-0.8181639,None,49.17422,,None,3.491502,3.963664,3.727583,13.37086,3.183397,359.7562,FALSE,None,None,,,,,
49.4,id,-1.347427,1.504974,-0.818628,None,49.27421,,None,3.491502,3.963664,3.727583,87.24799,3.87189,359.5742,FALSE,None,None,,,,,
49.5,id,-1.34776,1.505849,-0.8198611,None,49.37416,,None,3.491502,3.963664,3.727583,17.27508,4.178981,359.409,FALSE,None,None,,,,,
49.6,id,-1.347461,1.51,-0.8205553,None,49.47416,,None,-1,-1,-1,102.147,4.304753,358.4914,TRUE,None,None,,,,,
49.7,id,-1.347112,1.516838,-0.8226588,None,49.5742,,None,3.491502,3.963664,3.727583,37.47556,4.024763,356.7196,FALSE,None,None,,,,,
49.8,id,-1.342837,1.522284,-0.82516,None,49.67412,,None,3.491502,3.899691,3.695596,33.68034,4.707133,355.3303,FALSE,None,None,,,,,
49.9,id,-1.338486,1.526093,-0.8282427,None,49.7743,,None,3.491502,3.899691,3.695596,21.15023,5.624935,354.2893,FALSE,None,None,,,,,
50,id,-1.33799,1.527997,-0.8310738,None,49.87416,,None,3.491502,3.899691,3.695596,10.32029,6.008674,353.7976,FALSE,None,None,,,,,
50.1,id,-1.34282,1.528206,-0.8329999,None,49.97426,,None,3.491502,3.899691,3.695596,59.22649,4.972529,353.7125,FALSE,None,None,,,,,
50.2,id,-1.348149,1.52585,-0.8345415,None,50.07941,,None,3.491502,3.899691,3.695596,49.43412,3.668153,354.2134,FALSE,None,None,,,,,
50.3,id,-1.350968,1.524147,-0.8356341,None,50.1792,,None,3.567421,3.899691,3.733556,17.23243,3.083308,354.7619,FALSE,None,None,,,,,
50.4,id,-1.351244,1.526016,-0.8370346,None,50.27943,,None,3.567421,3.899691,3.733556,7.572661,3.465349,354.3676,FALSE,None,None,,,,,
50.5,id,-1.35068,1.523957,-0.8362569,None,50.37928,,None,3.567421,3.899691,3.733556,7.969364,4.026837,354.9943,FALSE,None,None,,,,,
50.6,id,-1.351134,1.51441,-0.8340718,None,50.47929,,None,3.567421,3.899691,3.733556,67.86217,4.34949,357.3462,FALSE,None,None,,,,,
50.7,id,-1.350944,1.506539,-0.8328397,None,50.57914,,None,3.567421,3.899691,3.733556,43.74412,4.57301,359.2477,FALSE,None,None,,,,,
50.8,id,-1.345663,1.506353,-0.8323611,None,50.67946,,None,3.567421,3.901807,3.734614,28.11219,5.494694,359.3631,FALSE,None,None,,,,,
50.9,id,-1.338471,1.505284,-0.8322225,None,50.77913,,None,3.567421,3.901807,3.734614,18.39005,7.317684,359.6165,FALSE,None,None,,,,,
51,id,-1.337126,1.502199,-0.8304551,None,50.87929,,None,3.567421,3.901807,3.734614,72.26831,7.708201,0.4925525,FALSE,None,None,,,,,
51.1,id,-1.339474,1.498623,-0.8290886,None,50.97933,,None,3.567421,3.901807,3.734614,48.32308,7.042346,1.302151,FALSE,None,None,,,,,
51.2,id,-1.341413,1.497964,-0.8281966,None,51.07932,,None,3.567421,3.901807,3.734614,14.35909,6.273231,1.464994,FALSE,None,None,,,,,
51.3,id,-1.342726,1.498028,-0.8283514,None,51.17931,,None,3.499288,3.901807,3.700548,5.249347,5.890657,1.459849,FALSE,None,None,,,,,
51.4,id,-1.344264,1.497293,-0.8287482,None,51.27914,,None,3.499288,3.901807,3.700548,4.123116,5.506328,1.615209,FALSE,None,None,,,,,
51.5,id,-1.346028,1.496945,-0.8292368,None,51.37926,,None,3.499288,3.901807,3.700548,3.600455,5.08728,1.683822,FALSE,None,None,,,,,
51.6,id,-1.347015,1.49698,-0.8298723,None,51.47911,,None,3.499288,3.901807,3.700548,22.62895,4.71152,1.623358,FALSE,None,None,,,,,
51.7,id,-1.34734,1.497496,-0.830824,None,51.57916,,None,3.499288,3.901807,3.700548,14.76342,4.450515,1.428531,FALSE,None,None,,,,,
51.8,id,-1.346779,1.498656,-0.831797,None,51.67929,,None,3.499288,4.009856,3.754572,7.851134,4.535466,1.093646,FALSE,None,None,,,,,
51.9,id,-1.346197,1.498911,-0.832947,None,51.77934,,None,3.499288,4.009856,3.754572,6.614087,4.69407,1.009799,FALSE,None,None,,,,,
52,id,-1.347352,1.498887,-0.8339451,None,51.8792,,None,3.499288,4.009856,3.754572,71.71645,4.440927,0.9997982,FALSE,None,None,,,,,
52.1,id,-1.351285,1.499454,-0.8347667,None,51.9793,,None,-1,4.009856,1.504928,85.99965,3.459038,0.8463557,TRUE,None,None,,,,,
52.2,id,-1.362388,1.499873,-0.8355992,None,52.08013,,None,3.499288,4.009856,3.754572,240.3192,0.2095482,0.6745557,FALSE,None,None,,,,,
52.3,id,-1.392931,1.498959,-0.8388439,None,52.1793,,None,6.617301,-1,2.808651,136.2896,350.6667,0.8365932,TRUE,None,None,,,,,
52.4,id,-1.435107,1.499951,-0.8492774,None,52.27941,,None,-1,-1,-1,342.8184,337.1323,0.5646706,TRUE,None,None,,,,,
52.5,id,-1.459632,1.498439,-0.8614895,None,52.37341,,None,-1,-1,-1,502.2393,328.2222,1.111645,TRUE,None,None,,,,,
52.6,id,-1.469425,1.498325,-0.8662363,None,52.47338,,None,-1,4.009856,1.504928,80.18793,324.1247,1.218736,TRUE,None,None,,,,,
52.7,id,-1.468246,1.497755,-0.8641998,None,52.57332,,None,-1,-1,-1,457.0882,323.8186,1.334791,TRUE,None,None,,,,,
52.8,id,-1.464875,1.49557,-0.8600501,None,52.67329,,None,-1,-1,-1,440.8499,324.5155,1.753103,TRUE,None,None,,,,,
52.9,id,-1.459446,1.492695,-0.8537821,None,52.77331,,None,-1,-1,-1,407.1599,326.4497,2.445987,TRUE,None,None,,,,,
53,id,-1.455343,1.490281,-0.848525,None,52.87343,,None,6.617301,-1,2.808651,392.2098,328.1917,3.063393,TRUE,None,None,,,,,
53.1,id,-1.455665,1.488503,-0.8461765,None,52.97336,,None,-1,-1,-1,592.5197,328.4611,3.671053,TRUE,None,None,,,,,
53.2,id,-1.457494,1.486923,-0.8448772,None,53.0733,,None,-1,-1,-1,604.0695,328.0553,4.135652,TRUE,None,None,,,,,
53.3,id,-1.457783,1.486275,-0.8427429,None,53.17373,,None,6.617301,-1,2.808651,542.8007,328.0893,4.363527,TRUE,None,None,,,,,
53.4,id,-1.457806,1.486142,-0.8407331,None,53.27339,,None,6.617301,-1,2.808651,709.2003,328.3115,4.441659,TRUE,None,None,,,,,
53.5,id,-1.454946,1.487919,-0.8378224,None,53.37335,,None,-1,-1,-1,449.0148,329.2191,3.920299,TRUE,None,None,,,,,
53.6,id,-1.444127,1.491094,-0.8320383,None,53.47333,,None,-1,-1,-1,400.6119,332.7512,3.136897,TRUE,None,None,,,,,
53.7,id,-1.427273,1.493986,-0.8242056,None,53.5739,,None,-1,-1,-1,317.8065,338.3134,2.440359,TRUE,None,None,,,,,
53.8,id,-1.39924,1.497871,-0.8137621,None,53.67407,,None,6.617301,-1,2.808651,811.8342,347.6106,1.336467,TRUE,None,None,,,,,
53.9,id,-1.367562,1.503214,-0.8080674,None,53.77391,,None,6.617301,-1,2.808651,49.27161,357.6682,359.8775,TRUE,None,None,,,,,
54,id,-1.342457,1.510544,-0.808874,None,53.87373,,None,6.617301,-1,2.808651,46.94565,5.460115,358.0042,TRUE,None,None,,,,,
54.1,id,-1.329398,1.52014,-0.8101701,None,53.97367,,None,6.617301,-1,2.808651,103.1764,9.736719,355.7275,TRUE,None,None,,,,,
54.2,id,-1.323622,1.528554,-0.8117545,None,54.07742,,None,6.617301,-1,2.808651,128.949,11.90339,353.7727,TRUE,None,None,,,,,
54.3,id,-1.321095,1.536472,-0.8142667,None,54.17732,,None,-1,-1,-1,309.7749,13.11422,351.9545,TRUE,None,None,,,,,
54.4,id,-1.321689,1.541209,-0.818644,None,54.27741,,None,6.617301,-1,2.808651,30.53381,13.54399,350.728,TRUE,None,None,,,,,
54.5,id,-1.323106,1.54579,-0.8225669,None,54.37726,,None,6.617301,-1,2.808651,182.0499,13.68734,349.363,TRUE,None,None,,,,,
54.6,id,-1.326136,1.549523,-0.8272117,None,54.47728,,None,6.617301,-1,2.808651,180.8103,13.02908,348.3325,TRUE,None,None,,,,,
54.7,id,-1.328871,1.548915,-0.8340728,None,54.57733,,None,6.617301,-1,2.808651,172.4988,12.47479,348.32,TRUE,None,None,,,,,
54.8,id,-1.330094,1.548701,-0.8405987,None,54.67757,,None,6.617301,-1,2.808651,748.1738,11.94209,348.2266,TRUE,None,None,,,,,
54.9,id,-1.331677,1.549337,-0.8471467,None,54.77821,,None,6.617301,-1,2.808651,764.5616,11.34198,347.9687,TRUE,None,None,,,,,
55,id,-1.333206,1.548633,-0.8536346,None,54.87716,,None,6.617301,-1,2.808651,167.5815,10.70169,348.0385,TRUE,None,None,,,,,
55.1,id,-1.332734,1.547409,-0.8591803,None,54.9771,,None,6.617301,-1,2.808651,158.7266,10.76519,348.2356,TRUE,None,None,,,,,
55.2,id,-1.331003,1.545339,-0.8624321,None,55.07735,,None,6.617301,-1,2.808651,158.3026,11.07067,348.6876,TRUE,None,None,,,,,
55.3,id,-1.330145,1.543404,-0.8629435,None,55.17742,,None,-1,-1,-1,315.1355,11.17422,349.1776,TRUE,None,None,,,,,
55.4,id,-1.330331,1.53897,-0.8626555,None,55.27739,,None,-1,-1,-1,294.7294,10.70028,350.3297,TRUE,None,None,,,,,
55.5,id,-1.329813,1.538213,-0.8618548,None,55.37712,,None,6.617301,-1,2.808651,166.4586,10.43432,350.5338,TRUE,None,None,,,,,
55.6,id,-1.329167,1.537372,-0.8605731,None,55.4772,,None,6.617301,-1,2.808651,138.873,10.27068,350.837,TRUE,None,None,,,,,
55.7,id,-1.329128,1.534382,-0.8578362,None,55.57715,,None,6.617301,-1,2.808651,131.0964,9.956133,351.6547,TRUE,None,None,,,,,
55.8,id,-1.326499,1.533059,-0.8536196,None,55.67735,,None,6.617301,-1,2.808651,132.126,10.07503,352.1883,TRUE,None,None,,,,,
55.9,id,-1.321711,1.533506,-0.8487639,None,55.77702,,None,6.617301,-1,2.808651,148.6072,10.78403,352.3689,TRUE,None,None,,,,,
56,id,-1.315622,1.535554,-0.842686,None,55.87712,,None,6.617301,-1,2.808651,374.8826,11.71707,352.2325,TRUE,None,None,,,,,
56.1,id,-1.309858,1.538936,-0.8381053,None,55.97705,,None,6.617301,-1,2.808651,1263.762,12.94709,351.5911,TRUE,None,None,,,,,
56.2,id,-1.30808,1.54079,-0.8340618,None,56.07718,,None,-1,-1,-1,309.8782,13.15876,351.3087,TRUE,None,None,,,,,
56.3,id,-1.309531,1.542516,-0.8293904,None,56.17708,,None,-1,-1,-1,300.1696,12.16158,350.9154,TRUE,None,None,,,,,
56.4,id,-1.308966,1.543304,-0.8251868,None,56.27706,,None,6.617301,-1,2.808651,162.9237,11.6679,350.7044,TRUE,None,None,,,,,
56.5,id,-1.305519,1.542415,-0.8225858,None,56.37733,,None,6.617301,-1,2.808651,150.8306,12.39656,350.8098,TRUE,None,None,,,,,
56.6,id,-1.303337,1.541085,-0.8209003,None,56.48128,,None,6.617301,-1,2.808651,155.6808,13.23596,351.2089,TRUE,None,None,,,,,
56.7,id,-1.30413,1.539432,-0.819959,None,56.58109,,None,6.617301,-1,2.808651,155.7259,13.1056,351.7004,TRUE,None,None,,,,,
56.8,id,-1.303159,1.538335,-0.8203429,None,56.68153,,None,6.617301,-1,2.808651,154.1682,13.18678,351.95,TRUE,None,None,,,,,
56.9,id,-1.299709,1.538582,-0.8218315,None,56.78133,,None,6.617301,-1,2.808651,168.4373,14.0687,351.8926,TRUE,None,None,,,,,
57,id,-1.298119,1.53897,-0.8236384,None,56.88123,,None,6.617301,-1,2.808651,172.9234,14.63062,351.7538,TRUE,None,None,,,,,
57.1,id,-1.298846,1.5382,-0.82489,None,56.98093,,None,6.617301,-1,2.808651,170.9268,14.56915,351.8843,TRUE,None,None,,,,,
57.2,id,-1.301437,1.537594,-0.8257495,None,57.08336,,None,6.617301,-1,2.808651,1574.19,13.86555,351.9969,TRUE,None,None,,,,,
57.3,id,-1.304004,1.537932,-0.8266715,None,57.18331,,None,6.617301,-1,2.808651,187.3827,13.24963,351.8885,TRUE,None,None,,,,,
57.4,id,-1.307565,1.537662,-0.8276515,None,57.28373,,None,6.617301,-1,2.808651,141.6754,12.29509,351.9294,TRUE,None,None,,,,,
57.5,id,-1.310543,1.537527,-0.8281716,None,57.38372,,None,6.617301,-1,2.808651,138.3321,11.77732,351.9538,TRUE,None,None,,,,,
57.6,id,-1.312069,1.53491,-0.8268805,None,57.48296,,None,6.617301,-1,2.808651,100.9928,11.43249,352.6516,TRUE,None,None,,,,,
57.7,id,-1.311909,1.532986,-0.825457,None,57.58327,,None,6.617301,-1,2.808651,118.7334,11.26297,353.1031,TRUE,None,None,,,,,
57.8,id,-1.30925,1.532341,-0.8243606,None,57.68333,,None,6.617301,-1,2.808651,145.6741,12.41735,353.1843,TRUE,None,None,,,,,
57.9,id,-1.310746,1.529199,-0.823052,None,57.78328,,None,6.617301,-1,2.808651,153.4514,11.96098,354.056,TRUE,None,None,,,,,
58,id,-1.316542,1.528146,-0.8229492,None,57.88315,,None,6.617301,-1,2.808651,115.2616,10.02779,354.251,TRUE,None,None,,,,,
58.1,id,-1.320537,1.529858,-0.8249488,None,57.97827,,None,6.617301,-1,2.808651,115.1894,8.736701,353.7113,TRUE,None,None,,,,,
0.1,id,-1.771163,1.614009,-1.195282,None,0,,None,-1,-1,-1,0,315.4056,337.0371,TRUE,None,None,,,,,
0.2,id,-1.772928,1.613222,-1.195815,None,0.0852973,,None,-1,-1,-1,0,314.9277,337.3867,TRUE,None,None,,,,,
0.3,id,-1.775922,1.611345,-1.197631,None,0.1834103,,None,-1,-1,-1,0,314.08,338.0413,TRUE,None,None,,,,,
0.4,id,-1.777305,1.61004,-1.199766,None,0.2837108,,None,-1,-1,-1,0,313.6242,338.386,TRUE,None,None,,,,,
0.5,id,-1.775912,1.61096,-1.201924,None,0.3833582,,None,-1,-1,-1,0,313.83,338.0381,TRUE,None,None,,,,,
0.6,id,-1.772067,1.612978,-1.201551,None,0.4870012,,None,-1,-1,-1,0,314.9179,337.4127,TRUE,None,None,,,,,
0.7,id,-1.768153,1.615829,-1.199956,None,0.5861103,,None,-1,-1,-1,0,316.1634,336.645,TRUE,None,None,,,,,
0.8,id,-1.764818,1.617661,-1.197387,None,0.6861661,,None,-1,-1,-1,0,317.3009,336.0562,TRUE,None,None,,,,,
0.9,id,-1.760545,1.619522,-1.192548,None,0.7862112,,None,-1,-1,-1,0,319.0297,335.567,TRUE,None,None,,,,,
1,id,-1.755391,1.619673,-1.185749,None,0.8859693,,None,-1,-1,-1,0,321.3107,335.5004,TRUE,None,None,,,,,
1.1,id,-1.755179,1.618621,-1.180512,None,0.9859213,,None,-1,-1,-1,0,322.0055,335.8857,TRUE,None,None,,,,,
1.2,id,-1.758651,1.615627,-1.177203,None,1.085964,,None,-1,-1,-1,0,321.4942,336.8086,TRUE,None,None,,,,,
1.3,id,-1.762937,1.611714,-1.174716,None,1.185769,,None,-1,-1,-1,0,320.7947,338.0122,TRUE,None,None,,,,,
1.4,id,-1.7673,1.604233,-1.172768,None,1.285887,,None,-1,-1,-1,0,320.1909,340.1462,TRUE,None,None,,,,,
1.5,id,-1.775452,1.59231,-1.172262,None,1.377572,,None,-1,-1,-1,0,318.8026,343.3247,TRUE,None,None,,,,,
1.6,id,-1.78583,1.57841,-1.172938,None,1.477596,,None,-1,-1,-1,0,316.9142,347.1679,TRUE,None,None,,,,,
1.7,id,-1.795495,1.54991,-1.170355,None,1.578147,,None,-1,-1,-1,0,315.972,354.6962,TRUE,None,None,,,,,
1.8,id,-1.805223,1.525033,-1.170392,None,1.677359,,None,6.064383,-1,2.532192,237.6803,314.5182,1.196936,TRUE,None,None,,,,,
1.9,id,-1.818099,1.517142,-1.177683,None,1.777451,,None,6.064383,6.365819,6.215101,260.015,311.082,2.957548,FALSE,None,None,,,,,
2,id,-1.827622,1.515685,-1.188224,None,1.876604,,None,-1,-1,-1,75.2886,307.7996,3.439059,FALSE,None,None,,,,,
2.1,id,-1.828896,1.513213,-1.191636,None,1.976691,,None,6.064383,6.365819,6.215101,56.56616,307.4754,4.120788,FALSE,None,None,,,,,
2.2,id,-1.828414,1.51419,-1.190619,None,2.076622,,None,6.064383,6.365819,6.215101,27.19378,308.3517,3.775546,FALSE,None,None,,,,,
2.3,id,-1.829221,1.519611,-1.190363,None,2.176601,,None,6.064383,6.365819,6.215101,13.56235,308.4838,2.359836,FALSE,None,None,,,,,
2.4,id,-1.827686,1.531094,-1.190771,None,2.276507,,None,6.064383,6.365819,6.215101,17.9838,308.584,359.4769,FALSE,None,None,,,,,
2.5,id,-1.824914,1.537028,-1.19232,None,2.376958,,None,6.064383,6.365819,6.215101,21.98496,308.2945,357.9848,FALSE,None,None,,,,,
2.6,id,-1.824451,1.53804,-1.191946,None,2.479369,,None,6.064383,6.365819,6.215101,9.520285,307.9776,357.6478,FALSE,None,None,,,,,
2.7,id,-1.824721,1.542866,-1.193125,None,2.576779,,None,4.59605,4.552697,4.574374,8.905701,307.2697,356.3868,FALSE,None,None,,,,,
2.8,id,-1.822304,1.557871,-1.197219,None,2.676623,,None,-1,-1,-1,258.3609,306.2107,352.5061,FALSE,None,None,,,,,
2.9,id,-1.813791,1.577419,-1.20298,None,2.77639,,None,4.528901,4.674905,4.601903,99.02419,306.1379,346.897,FALSE,None,None,,,,,
3,id,-1.806062,1.586985,-1.205547,None,2.876932,,None,4.537217,4.641436,4.589326,41.51172,306.9525,344.4681,FALSE,None,None,,,,,
3.1,id,-1.801838,1.593727,-1.207194,None,2.976878,,None,4.824194,4.872617,4.848406,11.44768,307.4755,342.4172,FALSE,None,None,,,,,
3.2,id,-1.797579,1.59957,-1.206589,None,3.076592,,None,-1,5.297008,2.148504,124.8987,308.4852,340.4878,FALSE,None,None,,,,,
3.3,id,-1.794315,1.607472,-1.204677,None,3.176338,,None,6.445709,5.302547,5.874128,212.3255,309.6729,338.3972,FALSE,None,None,,,,,
3.4,id,-1.795094,1.606737,-1.203161,None,3.276306,,None,5.530659,6.094518,5.812588,254.8143,309.004,338.4623,FALSE,None,None,,,,,
3.5,id,-1.802143,1.603739,-1.201039,None,3.376543,,None,6.39917,5.68373,6.04145,434.1831,307.9637,339.2796,FALSE,None,None,,,,,
3.6,id,-1.812517,1.600967,-1.201875,None,3.476607,,None,6.062116,5.665232,5.863674,152.108,305.9438,340.2778,FALSE,None,None,,,,,
3.7,id,-1.823194,1.597096,-1.204458,None,3.576957,,None,6.030496,6.165946,6.098221,82.9501,303.8723,341.2649,FALSE,None,None,,,,,
3.8,id,-1.835807,1.590847,-1.205416,None,3.676517,,None,6.184142,6.162414,6.173278,38.89016,302.5148,342.9595,FALSE,None,None,,,,,
3.9,id,-1.872011,1.579737,-1.197449,None,4.130864,,None,6.739327,6.966971,6.853149,24.41373,308.3863,344.6635,FALSE,None,None,,,,,
4,id,-1.871426,1.579861,-1.197008,None,4.139174,,None,6.739327,6.966971,6.853149,0,308.5124,344.6101,FALSE,None,None,,,,,
4.1,id,-1.870835,1.579955,-1.196561,None,4.147344,,None,6.72363,6.960877,6.842254,102.3278,308.6282,344.5745,FALSE,None,None,,,,,
4.2,id,-1.870188,1.580069,-1.19609,None,4.156807,,None,6.714466,6.946131,6.830298,77.32189,308.7728,344.5173,FALSE,None,None,,,,,
4.3,id,-1.86894,1.580018,-1.195346,None,4.178787,,None,6.711292,6.873798,6.792545,81.99763,309.1358,344.44,FALSE,None,None,,,,,
4.4,id,-1.862694,1.58217,-1.189832,None,4.278385,,None,6.724185,6.851485,6.787835,15.21546,311.3615,344.174,FALSE,None,None,,,,,
4.5,id,-1.856862,1.582393,-1.185091,None,4.378719,,None,6.563818,6.962889,6.763353,13.53305,312.8637,344.1794,FALSE,None,None,,,,,
4.6,id,-1.855579,1.581214,-1.184019,None,4.478565,,None,6.398495,6.910518,6.654507,85.88774,312.1446,344.6061,FALSE,None,None,,,,,
4.7,id,-1.856779,1.580379,-1.185771,None,4.579244,,None,6.453945,7.009212,6.731579,63.15169,310.4541,345.1019,FALSE,None,None,,,,,
4.8,id,-1.854761,1.580059,-1.188672,None,4.678936,,None,6.775425,7.045752,6.910588,22.34803,309.1822,345.2591,FALSE,None,None,,,,,
4.9,id,-1.849485,1.581046,-1.190631,None,4.778777,,None,6.821804,7.006218,6.914011,3.368338,308.9146,345.0739,FALSE,None,None,,,,,
5,id,-1.842988,1.582649,-1.190591,None,4.878666,,None,6.741199,7.017467,6.879333,13.58899,309.2436,344.921,FALSE,None,None,,,,,
5.1,id,-1.838807,1.582829,-1.190269,None,4.978892,,None,6.788657,6.999714,6.894186,6.794529,309.3956,345.0403,FALSE,None,None,,,,,
5.2,id,-1.836488,1.580457,-1.189774,None,5.078698,,None,6.767627,6.907022,6.837324,10.7966,309.176,345.6715,FALSE,None,None,,,,,
5.3,id,-1.836913,1.577698,-1.189783,None,5.179176,,None,6.472377,6.632557,6.552467,9.158858,308.8179,346.431,FALSE,None,None,,,,,
5.4,id,-1.837104,1.578612,-1.190833,None,5.278924,,None,6.445802,6.489635,6.467719,3.662256,308.335,346.3279,FALSE,None,None,,,,,
5.5,id,-1.835522,1.58027,-1.191686,None,5.378841,,None,6.394996,6.385835,6.390415,12.10348,308.4808,345.8347,FALSE,None,None,,,,,
5.6,id,-1.834751,1.580669,-1.191237,None,5.478816,,None,6.440098,6.337542,6.38882,6.137272,308.7689,345.7795,FALSE,None,None,,,,,
5.7,id,-1.834938,1.580919,-1.191517,None,5.578565,,None,6.497313,6.399052,6.448183,4.430188,308.7688,345.6523,FALSE,None,None,,,,,
5.8,id,-1.833947,1.582249,-1.190857,None,5.678651,,None,6.589902,6.48975,6.539826,6.812588,309.1196,345.3291,FALSE,None,None,,,,,
5.9,id,-1.831944,1.583326,-1.190442,None,5.778616,,None,6.598555,6.600222,6.599389,13.93463,309.6806,345.0101,FALSE,None,None,,,,,
6,id,-1.83128,1.583664,-1.189926,None,5.87915,,None,6.664857,6.70765,6.686254,8.586229,309.7242,344.9289,FALSE,None,None,,,,,
6.1,id,-1.831041,1.583078,-1.189723,None,5.978749,,None,6.655526,6.76747,6.711498,9.311931,309.7751,345.0102,FALSE,None,None,,,,,
6.2,id,-1.830619,1.583312,-1.189643,None,6.08033,,None,6.726059,6.74371,6.734884,4.596144,309.6826,345.0314,FALSE,None,None,,,,,
6.3,id,-1.829951,1.58322,-1.189902,None,6.178952,,None,6.629511,6.682257,6.655884,8.192307,309.656,345.027,FALSE,None,None,,,,,
6.4,id,-1.829671,1.583885,-1.190271,None,6.278736,,None,6.641932,6.721495,6.681713,5.732211,309.6296,344.837,FALSE,None,None,,,,,
6.5,id,-1.828772,1.584807,-1.190029,None,6.378783,,None,6.634228,6.792016,6.713121,9.404298,309.7537,344.6219,FALSE,None,None,,,,,
6.6,id,-1.828261,1.584421,-1.190076,None,6.478922,,None,6.663508,6.899837,6.781672,5.478184,309.8816,344.706,FALSE,None,None,,,,,
6.7,id,-1.82855,1.584514,-1.189819,None,6.578393,,None,6.836858,6.885138,6.860998,11.70178,309.8518,344.7191,FALSE,None,None,,,,,
6.8,id,-1.828742,1.584111,-1.190352,None,6.678614,,None,6.934237,6.933657,6.933947,6.257597,309.7875,344.7894,FALSE,None,None,,,,,
6.9,id,-1.828601,1.583985,-1.189954,None,6.778683,,None,6.877924,6.976839,6.927382,3.266328,309.8969,344.8295,FALSE,None,None,,,,,
7,id,-1.828794,1.583314,-1.190776,None,6.878627,,None,6.865916,7.035498,6.950706,5.570353,309.7524,344.9635,FALSE,None,None,,,,,
7.1,id,-1.828528,1.583406,-1.190633,None,6.979393,,None,6.920924,7.04645,6.983687,6.003033,309.7566,344.9995,FALSE,None,None,,,,,
7.2,id,-1.828099,1.583003,-1.190753,None,7.078569,,None,6.930277,6.967796,6.949037,2.043931,309.8629,345.0643,FALSE,None,None,,,,,
7.3,id,-1.827939,1.583099,-1.190554,None,7.178961,,None,6.93264,6.885947,6.909293,4.83884,309.9074,345.0506,FALSE,None,None,,,,,
7.4,id,-1.828206,1.583188,-1.190886,None,7.282722,,None,6.96597,6.900152,6.933061,9.684119,309.8132,345.0291,FALSE,None,None,,,,,
7.5,id,-1.827979,1.582991,-1.190289,None,7.382915,,None,6.921489,6.973694,6.947592,6.759343,309.9735,345.1163,FALSE,None,None,,,,,
7.6,id,-1.82794,1.582594,-1.190463,None,7.482612,,None,6.995966,6.992828,6.994397,0.7154329,309.9821,345.1673,FALSE,None,None,,,,,
7.7,id,-1.828169,1.582615,-1.190528,None,7.58294,,None,6.883154,6.905832,6.894493,13.89116,309.8874,345.1608,FALSE,None,None,,,,,
7.8,id,-1.827998,1.582169,-1.190439,None,7.683108,,None,6.763534,6.767522,6.765528,11.23632,309.967,345.2355,FALSE,None,None,,,,,
7.9,id,-1.827765,1.583146,-1.190773,None,7.782996,,None,6.750266,6.729107,6.739686,7.06617,309.8405,345.0415,FALSE,None,None,,,,,
8,id,-1.826807,1.583451,-1.190564,None,7.882963,,None,6.850558,6.710706,6.780632,7.428095,309.9384,344.9516,FALSE,None,None,,,,,
8.1,id,-1.826013,1.583482,-1.189645,None,7.9833,,None,6.781349,6.779202,6.780275,6.184664,310.1431,344.9593,FALSE,None,None,,,,,
8.2,id,-1.825219,1.583964,-1.189375,None,8.083447,,None,6.87607,6.874921,6.875495,7.42535,310.274,344.7911,FALSE,None,None,,,,,
8.3,id,-1.824267,1.583775,-1.188051,None,8.182685,,None,6.919463,6.948574,6.934018,4.448501,310.5531,344.8779,FALSE,None,None,,,,,
8.4,id,-1.824075,1.583319,-1.187349,None,8.282728,,None,6.935284,7.00743,6.971357,1.997055,310.5807,344.9843,FALSE,None,None,,,,,
8.5,id,-1.823709,1.583996,-1.18667,None,8.383004,,None,6.963883,7.045683,7.004784,4.567349,310.5829,344.8693,FALSE,None,None,,,,,
8.6,id,-1.82258,1.584383,-1.185818,None,8.482804,,None,6.947519,7.071349,7.009434,3.984174,310.8027,344.8206,FALSE,None,None,,,,,
8.7,id,-1.822019,1.585282,-1.185263,None,8.582667,,None,6.906271,7.056962,6.981617,1.879292,310.8471,344.7166,FALSE,None,None,,,,,
8.8,id,-1.821298,1.584981,-1.185277,None,8.682774,,None,6.885614,6.935697,6.910656,1.593211,310.8361,344.7767,FALSE,None,None,,,,,
8.9,id,-1.821282,1.585021,-1.185536,None,8.78267,,None,-1,-1,-1,70.59804,310.6561,344.7662,FALSE,None,None,,,,,
9,id,-1.821268,1.584788,-1.186079,None,8.883523,,None,-1,-1,-1,7.028688,310.5701,344.7894,FALSE,None,None,,,,,
9.1,id,-1.821424,1.584793,-1.186217,None,8.983051,,None,5.75423,-1,2.377115,188.8807,310.5822,344.7689,FALSE,None,None,,,,,
9.2,id,-1.822422,1.584602,-1.18653,None,9.082859,,None,5.983375,7.010445,6.49691,60.77797,310.5198,344.8216,FALSE,None,None,,,,,
9.3,id,-1.823267,1.584446,-1.186673,None,9.183091,,None,6.115911,6.890331,6.503121,90.83163,310.4978,344.8724,FALSE,None,None,,,,,
9.4,id,-1.824014,1.583725,-1.187214,None,9.282894,,None,5.90223,6.739936,6.321083,100.9068,310.3997,345.021,FALSE,None,None,,,,,
9.5,id,-1.824242,1.583923,-1.187327,None,9.376863,,None,6.041273,6.923923,6.482597,16.10087,310.4151,344.9864,FALSE,None,None,,,,,
9.6,id,-1.824212,1.583649,-1.187642,None,9.477019,,None,6.177801,6.787312,6.482556,16.35966,310.4371,345.0306,FALSE,None,None,,,,,
9.7,id,-1.824037,1.584065,-1.187683,None,9.576986,,None,6.403655,6.823948,6.613801,7.865983,310.4854,344.9791,FALSE,None,None,,,,,
9.8,id,-1.823736,1.584358,-1.187876,None,9.676934,,None,6.431488,6.762788,6.597138,12.8182,310.4916,344.929,FALSE,None,None,,,,,
9.9,id,-1.822646,1.584577,-1.187225,None,9.77679,,None,6.692658,6.73555,6.714104,46.11841,310.8257,344.8568,FALSE,None,None,,,,,
10,id,-1.822053,1.585179,-1.186714,None,9.8769,,None,6.420965,6.862797,6.641881,25.81758,310.885,344.7014,FALSE,None,None,,,,,
10.1,id,-1.820564,1.587481,-1.185633,None,9.977221,,None,6.737729,6.853071,6.7954,22.98253,311.153,344.1578,FALSE,None,None,,,,,
10.2,id,-1.815439,1.592399,-1.185003,None,10.07692,,None,6.990744,6.803192,6.896968,10.47675,311.9788,342.9153,FALSE,None,None,,,,,
10.3,id,-1.813318,1.59144,-1.185446,None,10.17699,,None,7.010559,6.726862,6.868711,50.88232,311.6372,343.3563,FALSE,None,None,,,,,
10.4,id,-1.82291,1.581788,-1.190598,None,10.277,,None,9.819967,7.706607,8.763287,114.5583,308.0697,346.1946,FALSE,None,None,,,,,
10.5,id,-1.844812,1.569389,-1.213175,None,10.3768,,None,6.967515,7.340516,7.154016,137.6096,299.7579,349.0472,FALSE,None,None,,,,,
10.6,id,-1.870134,1.554337,-1.245899,None,10.47679,,None,6.716162,-1,2.858081,147.9971,290.2736,352.3544,FALSE,None,None,,,,,
10.7,id,-1.889688,1.542889,-1.26882,None,10.57669,,None,10.38035,-1,4.690174,127.4241,285.4656,355.0502,FALSE,None,None,,,,,
10.8,id,-1.903438,1.535416,-1.28743,None,10.67678,,None,11.68715,-1,5.343577,48.08147,282.5063,357.2282,FALSE,None,None,,,,,
10.9,id,-1.910685,1.534884,-1.299385,None,10.77731,,None,7.970028,6.904349,7.437189,64.18064,282.3516,357.2867,FALSE,None,None,,,,,
11,id,-1.914584,1.534905,-1.313626,None,10.88093,,None,8.861771,7.227014,8.044392,109.8704,281.7193,357.1297,FALSE,None,None,,,,,
11.1,id,-1.914852,1.534854,-1.326941,None,10.98075,,None,9.322182,7.670756,8.496469,25.42385,280.5788,356.7196,FALSE,None,None,,,,,
11.2,id,-1.912661,1.536639,-1.334725,None,11.0813,,None,8.325935,7.589077,7.957506,37.5229,280.4201,355.8988,FALSE,None,None,,,,,
11.3,id,-1.908459,1.54258,-1.338586,None,11.18124,,None,8.165227,7.629304,7.897265,22.67422,280.7714,354.3594,FALSE,None,None,,,,,
11.4,id,-1.901276,1.551841,-1.334205,None,11.28057,,None,8.687642,7.264846,7.976244,190.5292,282.7913,351.9336,FALSE,None,None,,,,,
11.5,id,-1.889029,1.563981,-1.323558,None,11.3806,,None,-1,-1,-1,112.8054,286.5346,348.7993,FALSE,None,None,,,,,
11.6,id,-1.869503,1.583108,-1.30439,None,11.48065,,None,-1,-1,-1,370.0425,293.3389,343.5271,FALSE,None,None,,,,,
11.7,id,-1.846164,1.594666,-1.283188,None,11.58054,,None,-1,-1,-1,83.0885,300.7099,340.3388,FALSE,None,None,,,,,
11.8,id,-1.829193,1.595453,-1.260634,None,11.68075,,None,7.732368,6.81146,7.271914,47.16628,306.9931,340.2484,FALSE,None,None,,,,,
11.9,id,-1.820822,1.588901,-1.244561,None,11.78081,,None,7.732368,6.81146,7.271914,169.9995,310.1987,342.2602,FALSE,None,None,,,,,
12,id,-1.816611,1.592319,-1.234176,None,11.88127,,None,7.732368,6.81146,7.271914,101.3885,312.4052,341.209,FALSE,None,None,,,,,
12.1,id,-1.808694,1.594267,-1.227609,None,11.98059,,None,7.732368,6.81146,7.271914,125.1732,313.9294,340.6048,FALSE,None,None,,,,,
12.2,id,-1.79672,1.602607,-1.217615,None,12.08077,,None,7.732368,6.81146,7.271914,204.0121,317.3565,338.4481,FALSE,None,None,,,,,
12.3,id,-1.786802,1.610667,-1.207258,None,12.18051,,None,8.628152,8.195977,8.412065,41.75375,319.9006,336.5317,FALSE,None,None,,,,,
12.4,id,-1.783937,1.615096,-1.198617,None,12.28077,,None,7.467729,7.57352,7.520624,11.29483,320.1321,335.6607,FALSE,None,None,,,,,
12.5,id,-1.784932,1.616645,-1.19247,None,12.38063,,None,7.528821,7.654768,7.591794,21.1031,318.9477,335.4916,FALSE,None,None,,,,,
12.6,id,-1.787176,1.615075,-1.186058,None,12.48081,,None,7.629488,7.586335,7.607911,15.642,318.1359,335.9442,FALSE,None,None,,,,,
12.7,id,-1.789755,1.612843,-1.180487,None,12.58114,,None,7.526335,7.501935,7.514135,2.9707,318.1447,336.6542,FALSE,None,None,,,,,
12.8,id,-1.791821,1.611412,-1.177543,None,12.68103,,None,7.658424,7.544153,7.601289,1.596695,318.3789,337.0696,FALSE,None,None,,,,,
12.9,id,-1.792829,1.611426,-1.177114,None,12.77663,,None,7.585368,7.560426,7.572897,4.857314,318.7195,337.0213,FALSE,None,None,,,,,
13,id,-1.793972,1.611907,-1.178152,None,12.87759,,None,7.699671,7.602828,7.651249,5.369508,318.5789,336.9214,FALSE,None,None,,,,,
13.1,id,-1.795589,1.610565,-1.179563,None,12.97987,,None,7.675601,7.756805,7.716203,8.319215,318.1082,337.1917,FALSE,None,None,,,,,
13.2,id,-1.796413,1.60885,-1.180505,None,13.08002,,None,7.7037,7.733842,7.718771,6.261977,317.831,337.6444,FALSE,None,None,,,,,
13.3,id,-1.795867,1.608616,-1.181058,None,13.1798,,None,7.720252,7.757401,7.738827,1.284819,318.0891,337.6346,FALSE,None,None,,,,,
13.4,id,-1.793969,1.610649,-1.182001,None,13.27975,,None,7.77459,7.805892,7.790241,5.921191,318.3814,337.1998,FALSE,None,None,,,,,
13.5,id,-1.791139,1.612888,-1.181899,None,13.37971,,None,7.7734,7.809473,7.791436,6.385855,318.8458,336.5435,FALSE,None,None,,,,,
13.6,id,-1.787987,1.61392,-1.179037,None,13.48,,None,7.824596,7.699042,7.761819,4.307868,319.3824,336.3499,FALSE,None,None,,,,,
13.7,id,-1.783186,1.614521,-1.17453,None,13.57975,,None,7.909442,7.727818,7.81863,4.625327,319.9763,336.336,FALSE,None,None,,,,,
13.8,id,-1.778972,1.614618,-1.170645,None,13.67991,,None,8.026769,7.752358,7.889564,15.51742,319.7926,336.3345,FALSE,None,None,,,,,
13.9,id,-1.775918,1.614149,-1.166767,None,13.78005,,None,7.985117,7.753446,7.869282,21.12586,318.7192,336.5744,FALSE,None,None,,,,,
14,id,-1.771667,1.614777,-1.163505,None,13.87994,,None,8.088194,7.774795,7.931494,19.20416,318.2445,336.2897,FALSE,None,None,,,,,
14.1,id,-1.765262,1.615471,-1.160359,None,13.98003,,None,8.091178,7.908163,7.99967,7.421775,318.8481,336.1083,FALSE,None,None,,,,,
14.2,id,-1.760021,1.617071,-1.158859,None,14.07992,,None,8.109084,7.927444,8.018265,0.28006,319.2917,335.6522,FALSE,None,None,,,,,
14.3,id,-1.757088,1.616552,-1.158468,None,14.18012,,None,8.199332,7.986709,8.09302,3.379383,319.1697,335.6956,FALSE,None,None,,,,,
14.4,id,-1.756691,1.615324,-1.15912,None,14.28004,,None,8.186417,7.893749,8.040083,8.550598,318.9438,335.9631,FALSE,None,None,,,,,
14.5,id,-1.757876,1.614144,-1.161606,None,14.38474,,None,8.149192,7.794333,7.971762,15.38255,318.3686,336.3025,FALSE,None,None,,,,,
14.6,id,-1.758934,1.613173,-1.163962,None,14.48433,,None,8.160366,7.799999,7.980183,10.64172,317.8646,336.6,FALSE,None,None,,,,,
14.7,id,-1.765395,1.609788,-1.169095,None,14.58431,,None,8.114971,7.726663,7.920817,16.94366,315.935,337.4497,FALSE,None,None,,,,,
14.8,id,-1.783015,1.6003,-1.180158,None,14.68417,,None,7.998885,8.157331,8.078108,55.87217,310.8669,340.313,FALSE,None,None,,,,,
14.9,id,-1.810306,1.579774,-1.200972,None,14.7843,,None,-1,-1,-1,309.1916,302.7431,345.771,FALSE,None,None,,,,,
15,id,-1.840553,1.554215,-1.232954,None,14.88464,,None,-1,-1,-1,200.4048,292.6855,351.8063,FALSE,None,None,,,,,
15.1,id,-1.860104,1.541976,-1.258363,None,14.9844,,None,7.755967,-1,3.377984,60.87165,286.9023,354.814,FALSE,None,None,,,,,
15.2,id,-1.870325,1.537876,-1.275848,None,15.08442,,None,-1,-1,-1,252.3941,285.1915,355.5543,FALSE,None,None,,,,,
15.3,id,-1.878414,1.537638,-1.292267,None,15.18461,,None,-1,8.508443,3.754221,392.3071,284.2329,355.2998,FALSE,None,None,,,,,
15.4,id,-1.885761,1.538465,-1.305868,None,15.28435,,None,9.39244,7.914079,8.653259,77.09666,283.4252,354.7542,FALSE,None,None,,,,,
15.5,id,-1.893923,1.53642,-1.316508,None,15.38438,,None,9.204066,8.16418,8.684123,136.3317,282.4842,354.9852,FALSE,None,None,,,,,
15.6,id,-1.897044,1.535952,-1.323436,None,15.48427,,None,8.437076,7.924526,8.1808,78.31538,282.4726,354.7679,FALSE,None,None,,,,,
15.7,id,-1.897057,1.543554,-1.323929,None,15.58441,,None,10.38028,8.002172,9.191228,66.05946,283.5754,352.7239,FALSE,None,None,,,,,
15.8,id,-1.889087,1.561405,-1.313876,None,15.68439,,None,-1,7.06244,3.03122,50.34057,287.8448,348.1266,FALSE,None,None,,,,,
15.9,id,-1.869346,1.583179,-1.297149,None,15.78446,,None,-1,-1,-1,139.0712,294.7482,342.1292,FALSE,None,None,,,,,
16,id,-1.845916,1.601185,-1.279048,None,15.88435,,None,-1,-1,-1,86.82719,302.7515,337.055,FALSE,None,None,,,,,
16.1,id,-1.826296,1.607579,-1.264053,None,15.98451,,None,-1,-1,-1,137.4937,308.7018,335.5445,FALSE,None,None,,,,,
16.2,id,-1.81407,1.604471,-1.25161,None,16.08846,,None,7.818093,7.306203,7.562148,73.40173,311.8773,336.5377,FALSE,None,None,,,,,
16.3,id,-1.811507,1.599851,-1.243677,None,16.18238,,None,7.072683,7.188384,7.130533,163.7439,311.644,337.9482,FALSE,None,None,,,,,
16.4,id,-1.809453,1.595689,-1.235585,None,16.27717,,None,7.039435,7.025456,7.032446,59.36034,310.5481,339.7529,FALSE,None,None,,,,,
16.5,id,-1.806079,1.591211,-1.231091,None,16.37756,,None,7.085523,7.048644,7.067083,18.21897,309.3122,341.2517,FALSE,None,None,,,,,
16.6,id,-1.805117,1.585695,-1.228163,None,16.47732,,None,6.654107,6.632442,6.643274,11.50006,308.5927,343.1394,FALSE,None,None,,,,,
16.7,id,-1.811981,1.576069,-1.229331,None,16.57708,,None,6.166405,6.092121,6.129263,16.85986,307.5638,345.3521,FALSE,None,None,,,,,
16.8,id,-1.82088,1.560851,-1.228138,None,16.6771,,None,5.56719,5.490829,5.529009,22.64979,306.9155,349.6043,FALSE,None,None,,,,,
16.9,id,-1.827438,1.543441,-1.223154,None,16.77716,,None,-1,5.181299,2.09065,15.73116,307.2575,354.3482,FALSE,None,None,,,,,
17,id,-1.832639,1.530759,-1.219857,None,16.87702,,None,4.836164,4.909836,4.873,9.421586,306.9521,357.5445,FALSE,None,None,,,,,
17.1,id,-1.833415,1.519254,-1.21821,None,16.97722,,None,4.622003,4.747658,4.684831,8.448187,306.3191,0.6387205,FALSE,None,None,,,,,
17.2,id,-1.829366,1.511102,-1.217283,None,17.07707,,None,4.543165,4.623473,4.583319,76.68089,305.652,2.729372,FALSE,None,None,,,,,
17.3,id,-1.821485,1.509911,-1.212581,None,17.17774,,None,4.465318,4.56661,4.515965,13.15453,306.1619,3.01931,FALSE,None,None,,,,,
17.4,id,-1.810256,1.510034,-1.207561,None,17.27729,,None,4.384479,4.470791,4.427635,11.15605,307.2156,3.003549,FALSE,None,None,,,,,
17.5,id,-1.801347,1.508816,-1.204398,None,17.37739,,None,4.320848,4.440606,4.380727,11.80191,307.8581,3.311259,FALSE,None,None,,,,,
17.6,id,-1.794116,1.508357,-1.202725,None,17.47726,,None,4.180512,4.312674,4.246593,1.760537,308.2559,3.343604,FALSE,None,None,,,,,
17.7,id,-1.788624,1.505638,-1.200726,None,17.57733,,None,-1,-1,-1,93.92206,308.8099,3.857173,FALSE,None,None,,,,,
17.8,id,-1.784624,1.499838,-1.200873,None,17.67728,,None,-1,-1,-1,1012.207,308.7361,5.037281,TRUE,None,None,,,,,
17.9,id,-1.782074,1.495169,-1.201465,None,17.77725,,None,-1,-1,-1,1021.654,308.6195,6.136644,TRUE,None,None,,,,,
18,id,-1.779466,1.494917,-1.202213,None,17.8771,,None,-1,-1,-1,1021.248,308.7141,6.404661,TRUE,None,None,,,,,
18.1,id,-1.778643,1.494454,-1.205045,None,17.97714,,None,-1,-1,-1,1027.766,308.3076,6.557712,TRUE,None,None,,,,,
18.2,id,-1.776504,1.494008,-1.208759,None,18.0771,,None,-1,-1,-1,1033.737,308.1709,6.84853,TRUE,None,None,,,,,
18.3,id,-1.775134,1.497139,-1.213501,None,18.17724,,None,-1,-1,-1,1047.342,307.3315,5.877147,TRUE,None,None,,,,,
18.4,id,-1.772919,1.496029,-1.217053,None,18.2772,,None,-1,-1,-1,1059.492,306.8062,6.012534,TRUE,None,None,,,,,
18.5,id,-1.771792,1.495448,-1.221485,None,18.37707,,None,-1,-1,-1,1079.508,305.8857,6.162368,TRUE,None,None,,,,,
18.6,id,-1.768804,1.496528,-1.225365,None,18.48099,,None,-1,-1,-1,1042.016,305.5284,5.854148,TRUE,None,None,,,,,
18.7,id,-1.76546,1.497941,-1.227472,None,18.58096,,None,-1,-1,-1,1081.23,305.7071,5.456901,TRUE,None,None,,,,,
18.8,id,-1.762843,1.49776,-1.228959,None,18.68119,,None,-1,-1,-1,1075.763,305.8457,5.42322,TRUE,None,None,,,,,
18.9,id,-1.760522,1.496757,-1.229815,None,18.78097,,None,-1,-1,-1,1079.165,305.9664,5.555524,TRUE,None,None,,,,,
19,id,-1.75911,1.49638,-1.230038,None,18.88098,,None,-1,-1,-1,1077.203,305.9593,5.580581,TRUE,None,None,,,,,
19.1,id,-1.758033,1.49583,-1.229139,None,18.98136,,None,-1,-1,-1,1069.906,306.1275,5.721817,TRUE,None,None,,,,,
19.2,id,-1.758226,1.494508,-1.22826,None,19.08117,,None,-1,-1,-1,1076.238,306.2068,5.993225,TRUE,None,None,,,,,
19.3,id,-1.760391,1.492589,-1.227455,None,19.18121,,None,-1,-1,-1,1077.353,306.1262,6.484487,TRUE,None,None,,,,,
19.4,id,-1.762328,1.490525,-1.227102,None,19.28117,,None,-1,-1,-1,1078.621,306.0891,7.001159,TRUE,None,None,,,,,
19.5,id,-1.764523,1.491019,-1.227773,None,19.38096,,None,-1,-1,-1,1083.722,305.9183,6.983716,TRUE,None,None,,,,,
19.6,id,-1.766692,1.491258,-1.228946,None,19.48125,,None,-1,-1,-1,1081.639,305.7495,6.938657,TRUE,None,None,,,,,
19.7,id,-1.769181,1.490401,-1.2306,None,19.58093,,None,-1,-1,-1,1094.041,305.4806,7.226349,TRUE,None,None,,,,,
19.8,id,-1.771757,1.488704,-1.232881,None,19.68124,,None,-1,-1,-1,1095.299,305.1261,7.626956,TRUE,None,None,,,,,
19.9,id,-1.773108,1.487505,-1.234874,None,19.78119,,None,-1,-1,-1,1107.778,304.8013,7.972473,TRUE,None,None,,,,,
20,id,-1.773199,1.487379,-1.235815,None,19.88103,,None,-1,-1,-1,1109.254,304.8054,7.997229,TRUE,None,None,,,,,
20.1,id,-1.772796,1.48724,-1.236594,None,19.98388,,None,-1,-1,-1,1077.021,304.7962,8.0241,TRUE,None,None,,,,,
20.2,id,-1.772464,1.487144,-1.236231,None,20.08324,,None,-1,-1,-1,1112.454,304.8629,7.983164,TRUE,None,None,,,,,
20.3,id,-1.771015,1.485415,-1.23569,None,20.18358,,None,-1,-1,-1,1100.661,304.9412,8.332474,TRUE,None,None,,,,,
20.4,id,-1.769879,1.485039,-1.235395,None,20.28321,,None,-1,-1,-1,1109.163,304.9264,8.413795,TRUE,None,None,,,,,
20.5,id,-1.768491,1.485167,-1.235178,None,20.38323,,None,-1,-1,-1,1103.572,304.9542,8.334095,TRUE,None,None,,,,,
20.6,id,-1.767682,1.485073,-1.23498,None,20.48335,,None,-1,-1,-1,1102.724,304.908,8.328316,TRUE,None,None,,,,,
20.7,id,-1.767705,1.483965,-1.23502,None,20.58342,,None,-1,-1,-1,1108.038,304.6659,8.535689,TRUE,None,None,,,,,
20.8,id,-1.767583,1.483329,-1.234502,None,20.68325,,None,-1,-1,-1,1113.858,304.5731,8.761572,TRUE,None,None,,,,,
20.9,id,-1.767798,1.482909,-1.234707,None,20.78338,,None,-1,-1,-1,1111.779,304.5125,8.755949,TRUE,None,None,,,,,
21,id,-1.768079,1.483075,-1.234242,None,20.88338,,None,-1,-1,-1,1113.078,304.5265,8.73172,TRUE,None,None,,,,,
21.1,id,-1.768789,1.48291,-1.234129,None,20.98337,,None,-1,-1,-1,1116.189,304.3632,8.749937,TRUE,None,None,,,,,
21.2,id,-1.769428,1.482161,-1.233469,None,21.08344,,None,-1,-1,-1,1117.396,304.3117,8.969101,TRUE,None,None,,,,,
21.3,id,-1.770109,1.481251,-1.232797,None,21.18332,,None,-1,-1,-1,1118.629,304.345,9.225025,TRUE,None,None,,,,,
21.4,id,-1.771227,1.480631,-1.232594,None,21.2833,,None,-1,-1,-1,1120.403,304.2338,9.414359,TRUE,None,None,,,,,
21.5,id,-1.772344,1.480157,-1.232482,None,21.38329,,None,-1,-1,-1,1122.379,304.176,9.54484,TRUE,None,None,,,,,
21.6,id,-1.773164,1.480166,-1.232225,None,21.47802,,None,-1,-1,-1,1186.26,304.0975,9.590075,TRUE,None,None,,,,,
21.7,id,-1.773736,1.479811,-1.232202,None,21.57786,,None,-1,-1,-1,1126.442,304.0693,9.685824,TRUE,None,None,,,,,
21.8,id,-1.77396,1.479576,-1.232067,None,21.67815,,None,-1,-1,-1,1120.701,304.1415,9.725279,TRUE,None,None,,,,,
21.9,id,-1.774485,1.480132,-1.232451,None,21.77781,,None,-1,-1,-1,1129.796,304.0382,9.653892,TRUE,None,None,,,,,
22,id,-1.774708,1.480589,-1.233024,None,21.87793,,None,-1,-1,-1,1126.465,303.9203,9.580253,TRUE,None,None,,,,,
22.1,id,-1.77437,1.481147,-1.233628,None,21.97813,,None,-1,-1,-1,1124.889,303.8816,9.427976,TRUE,None,None,,,,,
22.2,id,-1.773897,1.481411,-1.23405,None,22.07806,,None,-1,-1,-1,1128.834,303.8495,9.355068,TRUE,None,None,,,,,
22.3,id,-1.773373,1.481511,-1.234772,None,22.17796,,None,-1,-1,-1,1129.792,303.8203,9.284107,TRUE,None,None,,,,,
22.4,id,-1.772876,1.481988,-1.235527,None,22.27802,,None,-1,-1,-1,1127.462,303.8059,9.167415,TRUE,None,None,,,,,
22.5,id,-1.772516,1.48169,-1.236614,None,22.37793,,None,-1,-1,-1,1130.635,303.7538,9.190236,TRUE,None,None,,,,,
22.6,id,-1.772623,1.48133,-1.237285,None,22.47794,,None,-1,-1,-1,1131.334,303.6667,9.256863,TRUE,None,None,,,,,
22.7,id,-1.772792,1.480818,-1.237815,None,22.57812,,None,-1,-1,-1,1130.625,303.6262,9.331324,TRUE,None,None,,,,,
22.8,id,-1.772824,1.480461,-1.237737,None,22.67808,,None,-1,-1,-1,1132.537,303.6839,9.406774,TRUE,None,None,,,,,
22.9,id,-1.77276,1.480478,-1.237607,None,22.77783,,None,-1,-1,-1,1133.513,303.7504,9.394947,TRUE,None,None,,,,,
23,id,-1.773066,1.480501,-1.237337,None,22.87795,,None,-1,-1,-1,1129.532,303.7456,9.415357,TRUE,None,None,,,,,
23.1,id,-1.77352,1.480104,-1.237598,None,22.97833,,None,-1,-1,-1,1128.289,303.691,9.476573,TRUE,None,None,,,,,
23.2,id,-1.773656,1.479724,-1.238064,None,23.07783,,None,-1,-1,-1,1139.425,303.6339,9.572576,TRUE,None,None,,,,,
23.3,id,-1.773989,1.479886,-1.238225,None,23.17787,,None,-1,-1,-1,1134.413,303.5654,9.553251,TRUE,None,None,,,,,
23.4,id,-1.774164,1.479819,-1.238512,None,23.27792,,None,-1,-1,-1,1134.731,303.5529,9.580567,TRUE,None,None,,,,,
23.5,id,-1.774117,1.479862,-1.238899,None,23.37798,,None,-1,-1,-1,1134.576,303.5665,9.552636,TRUE,None,None,,,,,
23.6,id,-1.774082,1.479603,-1.238954,None,23.47799,,None,-1,-1,-1,1134.495,303.6088,9.598635,TRUE,None,None,,,,,
23.7,id,-1.774361,1.479645,-1.238876,None,23.57793,,None,-1,-1,-1,1135.63,303.5784,9.616544,TRUE,None,None,,,,,
23.8,id,-1.774521,1.479931,-1.239275,None,23.67788,,None,-1,-1,-1,1136.616,303.5208,9.555476,TRUE,None,None,,,,,
23.9,id,-1.774851,1.484794,-1.239023,None,23.77797,,None,-1,-1,-1,1131.523,303.5086,8.419179,TRUE,None,None,,,,,
24,id,-1.772407,1.504411,-1.237784,None,23.87795,,None,-1,-1,-1,1085.96,304.0485,3.62776,TRUE,None,None,,,,,
24.1,id,-1.765999,1.528573,-1.238767,None,23.97812,,None,-1,-1,-1,1089.273,304.7107,357.69,TRUE,None,None,,,,,
24.2,id,-1.758291,1.552867,-1.237072,None,24.07817,,None,-1,-1,-1,1079.969,306.2744,351.416,TRUE,None,None,,,,,
24.3,id,-1.751151,1.570721,-1.235536,None,24.17816,,None,-1,-1,-1,1055.75,307.467,347.0264,TRUE,None,None,,,,,
24.4,id,-1.75227,1.576408,-1.236172,None,24.27805,,None,-1,-1,-1,1067.865,307.2375,345.4535,TRUE,None,None,,,,,
24.5,id,-1.749306,1.584649,-1.228874,None,24.37784,,None,-1,-1,-1,1038.341,309.7935,343.6286,TRUE,None,None,,,,,
24.6,id,-1.745981,1.592539,-1.227095,None,24.47792,,None,-1,-1,-1,1011.553,311.3983,341.5817,TRUE,None,None,,,,,
24.7,id,-1.742588,1.599088,-1.225206,None,24.58257,,None,-1,-1,-1,950.4294,312.9203,339.8551,TRUE,None,None,,,,,
24.8,id,-1.743864,1.597557,-1.221573,None,24.68241,,None,-1,-1,-1,978.6909,313.4485,340.6222,TRUE,None,None,,,,,
24.9,id,-1.749965,1.59271,-1.219194,None,24.78246,,None,-1,-1,-1,984.0131,312.533,341.9595,TRUE,None,None,,,,,
25,id,-1.760957,1.588518,-1.221159,None,24.88252,,None,-1,-1,-1,1042.254,309.3988,343.2031,TRUE,None,None,,,,,
25.1,id,-1.771569,1.585214,-1.225218,None,24.98241,,None,-1,-1,-1,1091.326,305.9784,344.2886,TRUE,None,None,,,,,
25.2,id,-1.777908,1.585644,-1.226727,None,25.08241,,None,-1,-1,-1,1111.415,304.6894,344.4342,TRUE,None,None,,,,,
25.3,id,-1.785649,1.584673,-1.227776,None,25.18283,,None,-1,-1,-1,1122.651,303.9004,344.7122,TRUE,None,None,,,,,
25.4,id,-1.794199,1.583083,-1.227508,None,25.28246,,None,-1,-1,-1,1125.818,304.1606,345.1835,TRUE,None,None,,,,,
25.5,id,-1.802421,1.581446,-1.227995,None,25.38258,,None,-1,-1,-1,1100.244,304.7409,345.6465,TRUE,None,None,,,,,
25.6,id,-1.81023,1.581269,-1.228116,None,25.48284,,None,-1,-1,-1,1087.588,305.1283,345.8621,TRUE,None,None,,,,,
25.7,id,-1.814792,1.581993,-1.226356,None,25.58272,,None,-1,-1,-1,1077.26,306.0769,345.8681,TRUE,None,None,,,,,
25.8,id,-1.818456,1.581616,-1.224958,None,25.68249,,None,-1,-1,-1,1070.197,306.4915,345.9167,TRUE,None,None,,,,,
25.9,id,-1.822525,1.579995,-1.224385,None,25.78581,,None,-1,-1,-1,1035.371,306.3064,346.327,TRUE,None,None,,,,,
26,id,-1.825896,1.578351,-1.223998,None,25.88598,,None,-1,-1,-1,1076.102,305.8688,346.8189,TRUE,None,None,,,,,
26.1,id,-1.826601,1.577352,-1.224138,None,25.98582,,None,-1,-1,-1,1080.747,305.6615,347.09,TRUE,None,None,,,,,
26.2,id,-1.826685,1.576459,-1.225036,None,26.08573,,None,-1,-1,-1,1083.851,305.4785,347.2997,TRUE,None,None,,,,,
26.3,id,-1.828455,1.573702,-1.228531,None,26.18571,,None,-1,-1,-1,1102.287,304.4863,347.9235,TRUE,None,None,,,,,
26.4,id,-1.832229,1.571341,-1.234901,None,26.28582,,None,-1,-1,-1,1124.344,302.9366,348.3917,TRUE,None,None,,,,,
26.5,id,-1.830887,1.575166,-1.238709,None,26.38561,,None,-1,-1,-1,1118.15,303.5718,347.4816,TRUE,None,None,,,,,
26.6,id,-1.826226,1.577407,-1.238899,None,26.48575,,None,-1,-1,-1,1074.949,305.5365,346.7118,TRUE,None,None,,,,,
26.7,id,-1.82243,1.57817,-1.237441,None,26.58572,,None,-1,-1,-1,1052.273,307.0976,346.5169,TRUE,None,None,,,,,
26.8,id,-1.821586,1.577841,-1.237997,None,26.68597,,None,-1,-1,-1,1045.353,307.2644,346.5258,TRUE,None,None,,,,,
26.9,id,-1.821014,1.57774,-1.238178,None,26.78576,,None,-1,-1,-1,1051.688,307.1149,346.5202,TRUE,None,None,,,,,
27,id,-1.820052,1.577337,-1.237458,None,26.88589,,None,-1,-1,-1,1049.856,306.9467,346.7477,TRUE,None,None,,,,,
27.1,id,-1.818362,1.577665,-1.236002,None,26.98601,,None,-1,-1,-1,1051.472,306.9273,346.7588,TRUE,None,None,,,,,
27.2,id,-1.817182,1.577261,-1.234375,None,27.08622,,None,-1,-1,-1,1049.792,307.0306,346.8552,TRUE,None,None,,,,,
27.3,id,-1.816895,1.576713,-1.233294,None,27.18588,,None,-1,-1,-1,1055.033,307.0626,347.08,TRUE,None,None,,,,,
27.4,id,-1.817073,1.57618,-1.233393,None,27.28579,,None,-1,-1,-1,1054.356,306.901,347.1532,TRUE,None,None,,,,,
27.5,id,-1.816765,1.576262,-1.233444,None,27.38576,,None,-1,-1,-1,1055.768,306.832,347.2314,TRUE,None,None,,,,,
27.6,id,-1.818187,1.574851,-1.235157,None,27.48598,,None,-1,-1,-1,1063.767,306.2846,347.5487,TRUE,None,None,,,,,
27.7,id,-1.825138,1.568118,-1.241788,None,27.58578,,None,-1,-1,-1,1096.305,303.8863,348.8795,TRUE,None,None,,,,,
27.8,id,-1.840863,1.555321,-1.25804,None,27.68615,,None,-1,-1,-1,1174.463,298.4206,351.9735,TRUE,None,None,,,,,
27.9,id,-1.856752,1.542775,-1.278216,None,27.77777,,None,-1,-1,-1,1418.147,292.7731,354.7832,TRUE,None,None,,,,,
28,id,-1.86916,1.532686,-1.301529,None,27.87819,,None,-1,-1,-1,1363.654,287.3081,357.0245,TRUE,None,None,,,,,
28.1,id,-1.876566,1.527554,-1.319862,None,27.97772,,None,-1,-1,-1,1435.325,283.9335,357.9131,TRUE,None,None,,,,,
28.2,id,-1.881325,1.523783,-1.333612,None,28.07763,,None,-1,-1,-1,1454.536,282.5226,358.5774,TRUE,None,None,,,,,
28.3,id,-1.886025,1.523115,-1.343372,None,28.17803,,None,-1,-1,-1,1460.084,281.5376,358.6137,TRUE,None,None,,,,,
28.4,id,-1.887747,1.526887,-1.34746,None,28.27759,,None,-1,-1,-1,1451.308,282.3067,357.2686,TRUE,None,None,,,,,
28.5,id,-1.887874,1.533546,-1.350469,None,28.37782,,None,-1,-1,-1,1453.25,283.048,355.3098,TRUE,None,None,,,,,
28.6,id,-1.886621,1.537146,-1.350311,None,28.4776,,None,-1,-1,-1,1425.355,284.2216,354.1476,TRUE,None,None,,,,,
28.7,id,-1.884911,1.539826,-1.347079,None,28.57761,,None,-1,-1,-1,1411.188,285.5458,353.382,TRUE,None,None,,,,,
28.8,id,-1.880048,1.549813,-1.337714,None,28.67765,,None,-1,-1,-1,1367.779,288.3781,351.0444,TRUE,None,None,,,,,
28.9,id,-1.86211,1.570241,-1.32067,None,28.78212,,None,-1,-1,-1,1197.533,294.5794,345.4423,TRUE,None,None,,,,,
29,id,-1.840869,1.587394,-1.30302,None,28.88206,,None,-1,-1,-1,1196.769,301.3583,340.8336,TRUE,None,None,,,,,
29.1,id,-1.82489,1.593904,-1.288821,None,28.98196,,None,-1,-1,-1,1101.843,306.5111,339.0803,TRUE,None,None,,,,,
29.2,id,-1.817665,1.594666,-1.278667,None,29.08217,,None,-1,-1,-1,1055.365,309.2446,338.8063,TRUE,None,None,,,,,
29.3,id,-1.816927,1.591315,-1.271029,None,29.18243,,None,-1,-1,-1,1035.527,309.2398,340.1246,TRUE,None,None,,,,,
29.4,id,-1.812202,1.588119,-1.262955,None,29.28214,,None,-1,-1,-1,1031.652,309.9068,341.3206,TRUE,None,None,,,,,
29.5,id,-1.807108,1.586354,-1.257854,None,29.38206,,None,-1,-1,-1,1028.955,309.8265,341.7632,TRUE,None,None,,,,,
29.6,id,-1.801908,1.586388,-1.254325,None,29.48196,,None,-1,-1,-1,1023.662,310.0079,341.9914,TRUE,None,None,,,,,
29.7,id,-1.796182,1.586631,-1.250866,None,29.58199,,None,-1,-1,-1,1010.393,310.8633,341.9925,TRUE,None,None,,,,,
29.8,id,-1.793324,1.586288,-1.249527,None,29.68201,,None,-1,-1,-1,1013.341,310.7444,342.2188,TRUE,None,None,,,,,
29.9,id,-1.793263,1.584677,-1.248715,None,29.7819,,None,-1,-1,-1,1017.745,310.3224,342.6463,TRUE,None,None,,,,,
30,id,-1.795921,1.582019,-1.249186,None,29.88185,,None,-1,-1,-1,1024.502,309.3337,343.412,TRUE,None,None,,,,,
30.1,id,-1.798852,1.580191,-1.249372,None,29.98214,,None,-1,-1,-1,1028.656,308.8939,344.0546,TRUE,None,None,,,,,
30.2,id,-1.801795,1.579537,-1.250158,None,30.08199,,None,-1,-1,-1,1034.601,308.7697,344.2243,TRUE,None,None,,,,,
30.3,id,-1.806251,1.578492,-1.250843,None,30.18252,,None,-1,-1,-1,1027.219,308.5867,344.4129,TRUE,None,None,,,,,
30.4,id,-1.809254,1.576571,-1.248803,None,30.28211,,None,-1,-1,-1,1022.481,308.9503,345.0138,TRUE,None,None,,,,,
30.5,id,-1.810113,1.574062,-1.246078,None,30.38229,,None,-1,-1,-1,1008.111,309.4353,345.7033,TRUE,None,None,,,,,
30.6,id,-1.810976,1.572586,-1.243184,None,30.48223,,None,-1,-1,-1,1006.597,309.4469,346.2467,TRUE,None,None,,,,,
30.7,id,-1.810589,1.56889,-1.23985,None,30.58218,,None,-1,-1,-1,997.3896,309.2298,347.4095,TRUE,None,None,,,,,
30.8,id,-1.810865,1.559719,-1.235721,None,30.68243,,None,-1,-1,-1,1009.308,308.6911,350.0687,TRUE,None,None,,,,,
30.9,id,-1.807979,1.548348,-1.229812,None,30.78207,,None,-1,-1,-1,1006.598,308.9148,353.2197,TRUE,None,None,,,,,
31,id,-1.802821,1.53741,-1.224341,None,30.88226,,None,-1,-1,-1,972.616,309.3026,356.0139,TRUE,None,None,,,,,
31.1,id,-1.797864,1.5263,-1.220193,None,30.98241,,None,-1,-1,-1,978.004,309.1543,359.0309,TRUE,None,None,,,,,
31.2,id,-1.790364,1.516418,-1.216478,None,31.08216,,None,-1,-1,-1,989.2063,309.5036,1.409044,TRUE,None,None,,,,,
31.3,id,-1.784216,1.509818,-1.216175,None,31.18217,,None,-1,-1,-1,990.7515,309.1467,3.013906,TRUE,None,None,,,,,
31.4,id,-1.778438,1.505186,-1.215627,None,31.28203,,None,-1,-1,-1,994.8176,308.9402,4.106327,TRUE,None,None,,,,,
31.5,id,-1.770107,1.501814,-1.214394,None,31.38186,,None,-1,-1,-1,995.4197,309.2231,4.813119,TRUE,None,None,,,,,
31.6,id,-1.764696,1.497437,-1.214516,None,31.48206,,None,-1,-1,-1,1001.736,308.9543,5.919442,TRUE,None,None,,,,,
31.7,id,-1.760388,1.49325,-1.215209,None,31.58214,,None,-1,-1,-1,1010.024,308.4245,6.944392,TRUE,None,None,,,,,
31.8,id,-1.757293,1.493051,-1.216247,None,31.68238,,None,-1,-1,-1,1020.463,307.8569,6.936051,TRUE,None,None,,,,,
31.9,id,-1.754192,1.492494,-1.217374,None,31.78204,,None,-1,-1,-1,1030.567,307.6455,7.013723,TRUE,None,None,,,,,
32,id,-1.751446,1.491311,-1.217914,None,31.88212,,None,-1,-1,-1,1024.564,307.7358,7.2052,TRUE,None,None,,,,,
32.1,id,-1.75015,1.491078,-1.21855,None,31.98237,,None,-1,-1,-1,1023.514,307.7282,7.24178,TRUE,None,None,,,,,
32.2,id,-1.750539,1.489798,-1.219369,None,32.08529,,None,-1,-1,-1,1001.105,307.6045,7.45287,TRUE,None,None,,,,,
32.3,id,-1.750818,1.488554,-1.219917,None,32.18582,,None,-1,-1,-1,1024.643,307.7064,7.746658,TRUE,None,None,,,,,
32.4,id,-1.751785,1.487945,-1.220961,None,32.2852,,None,-1,-1,-1,1039.352,307.5544,7.825322,TRUE,None,None,,,,,
32.5,id,-1.753407,1.487183,-1.222136,None,32.38527,,None,-1,-1,-1,1035.572,307.4018,7.976708,TRUE,None,None,,,,,
32.6,id,-1.754788,1.485661,-1.223094,None,32.48528,,None,-1,-1,-1,1041.602,307.2549,8.277041,TRUE,None,None,,,,,
32.7,id,-1.755751,1.485761,-1.22383,None,32.58523,,None,-1,-1,-1,1043.481,307.1837,8.309659,TRUE,None,None,,,,,
32.8,id,-1.756593,1.485258,-1.224201,None,32.6783,,None,-1,-1,-1,1121.947,307.1132,8.398844,TRUE,None,None,,,,,
32.9,id,-1.757208,1.484226,-1.224415,None,32.77787,,None,-1,-1,-1,1051.648,307.0915,8.62368,TRUE,None,None,,,,,
33,id,-1.75705,1.483192,-1.22504,None,32.87793,,None,-1,-1,-1,1046.854,307.0858,8.823344,TRUE,None,None,,,,,
33.1,id,-1.755885,1.482442,-1.226451,None,32.97828,,None,-1,-1,-1,1044.382,307.0593,9.179225,TRUE,None,None,,,,,
33.2,id,-1.755138,1.482846,-1.227455,None,33.07797,,None,-1,-1,-1,1048.577,307.1148,9.001975,TRUE,None,None,,,,,
33.3,id,-1.754182,1.482768,-1.229369,None,33.17809,,None,-1,-1,-1,1047.396,306.8926,8.982727,TRUE,None,None,,,,,
33.4,id,-1.753049,1.482691,-1.230526,None,33.27811,,None,-1,-1,-1,1048.141,306.9077,9.001076,TRUE,None,None,,,,,
33.5,id,-1.75224,1.482,-1.231488,None,33.38033,,None,-1,-1,-1,1026.447,306.8881,9.082247,TRUE,None,None,,,,,
33.6,id,-1.751635,1.482297,-1.231941,None,33.4803,,None,-1,-1,-1,1047.692,306.8887,9.07608,TRUE,None,None,,,,,
33.7,id,-1.750892,1.482413,-1.231564,None,33.58042,,None,-1,-1,-1,1042.789,307.0686,9.016135,TRUE,None,None,,,,,
33.8,id,-1.750685,1.482076,-1.231282,None,33.68064,,None,-1,-1,-1,1040.49,307.1495,9.073454,TRUE,None,None,,,,,
33.9,id,-1.751033,1.481361,-1.231496,None,33.78073,,None,-1,-1,-1,1043.952,307.1145,9.206817,TRUE,None,None,,,,,
34,id,-1.751398,1.480442,-1.23193,None,33.88057,,None,-1,-1,-1,1050.644,306.9612,9.451231,TRUE,None,None,,,,,
34.1,id,-1.751551,1.47983,-1.232362,None,33.98063,,None,-1,-1,-1,1049.074,306.9212,9.530728,TRUE,None,None,,,,,
34.2,id,-1.751494,1.480121,-1.232806,None,34.08041,,None,-1,-1,-1,1051.102,306.9419,9.470853,TRUE,None,None,,,,,
34.3,id,-1.75158,1.479744,-1.23338,None,34.18084,,None,-1,-1,-1,1045.37,306.9705,9.520447,TRUE,None,None,,,,,
34.4,id,-1.75172,1.479291,-1.233649,None,34.28035,,None,-1,-1,-1,1054.666,306.9677,9.65031,TRUE,None,None,,,,,
34.5,id,-1.752229,1.478653,-1.235083,None,34.38021,,None,-1,-1,-1,1055.764,306.7284,9.749046,TRUE,None,None,,,,,
34.6,id,-1.752414,1.478702,-1.23628,None,34.48027,,None,-1,-1,-1,1058.184,306.5201,9.793553,TRUE,None,None,,,,,
34.7,id,-1.752329,1.478565,-1.23676,None,34.58029,,None,-1,-1,-1,1059.526,306.4924,9.782617,TRUE,None,None,,,,,
34.8,id,-1.75157,1.478397,-1.236192,None,34.68033,,None,-1,-1,-1,1054.477,306.76,9.816325,TRUE,None,None,,,,,
34.9,id,-1.750854,1.478247,-1.236074,None,34.78518,,None,-1,-1,-1,1003.801,306.8764,9.812929,TRUE,None,None,,,,,
35,id,-1.749891,1.479121,-1.236723,None,34.8852,,None,-1,-1,-1,1051.745,306.9308,9.60638,TRUE,None,None,,,,,
35.1,id,-1.74924,1.479671,-1.238224,None,34.98521,,None,-1,-1,-1,1054.772,306.7711,9.418679,TRUE,None,None,,,,,
35.2,id,-1.74831,1.479826,-1.238406,None,35.08512,,None,-1,-1,-1,1056.272,306.7604,9.473543,TRUE,None,None,,,,,
35.3,id,-1.746904,1.479852,-1.2393,None,35.18548,,None,-1,-1,-1,1050.032,306.7645,9.361102,TRUE,None,None,,,,,
35.4,id,-1.745724,1.480639,-1.239817,None,35.28523,,None,-1,-1,-1,1056.338,306.7846,9.167257,TRUE,None,None,,,,,
35.5,id,-1.744415,1.481403,-1.240315,None,35.3852,,None,-1,-1,-1,1051.553,306.8382,8.962851,TRUE,None,None,,,,,
35.6,id,-1.743628,1.481637,-1.240399,None,35.48904,,None,-1,-1,-1,1012.131,306.8582,8.868648,TRUE,None,None,,,,,
35.7,id,-1.743268,1.481159,-1.240314,None,35.58523,,None,-1,-1,-1,1092.495,306.8589,8.951552,TRUE,None,None,,,,,
35.8,id,-1.74321,1.480679,-1.239678,None,35.68546,,None,-1,-1,-1,1049.587,306.8456,9.105141,TRUE,None,None,,,,,
35.9,id,-1.743224,1.480297,-1.23917,None,35.77915,,None,-1,-1,-1,1122.103,306.9046,9.188808,TRUE,None,None,,,,,
36,id,-1.743607,1.479588,-1.23891,None,35.88532,,None,-1,-1,-1,989.8362,306.9141,9.377359,TRUE,None,None,,,,,
36.1,id,-1.74409,1.47918,-1.23928,None,35.98516,,None,-1,-1,-1,1054.489,306.8101,9.467233,TRUE,None,None,,,,,
36.2,id,-1.744046,1.478876,-1.239163,None,36.08525,,None,-1,-1,-1,1052.865,306.811,9.569756,TRUE,None,None,,,,,
36.3,id,-1.743939,1.478395,-1.239431,None,36.18569,,None,-1,-1,-1,1049.915,306.7949,9.67619,TRUE,None,None,,,,,
36.4,id,-1.743636,1.478266,-1.239571,None,36.28505,,None,-1,-1,-1,1060.944,306.813,9.726347,TRUE,None,None,,,,,
36.5,id,-1.743219,1.478181,-1.240026,None,36.38533,,None,-1,-1,-1,1051.162,306.8094,9.72078,TRUE,None,None,,,,,
36.6,id,-1.743083,1.478273,-1.240622,None,36.48507,,None,-1,-1,-1,1057.903,306.747,9.692726,TRUE,None,None,,,,,
36.7,id,-1.742899,1.478064,-1.24165,None,36.58517,,None,-1,-1,-1,1055.593,306.692,9.709435,TRUE,None,None,,,,,
36.8,id,-1.742655,1.478159,-1.242294,None,36.68526,,None,-1,-1,-1,1056.114,306.6535,9.700054,TRUE,None,None,,,,,
36.9,id,-1.742203,1.478011,-1.242967,None,36.78526,,None,-1,-1,-1,1056.998,306.6421,9.652815,TRUE,None,None,,,,,
37,id,-1.741936,1.478045,-1.243056,None,36.88529,,None,-1,-1,-1,1056.258,306.662,9.677776,TRUE,None,None,,,,,
37.1,id,-1.741709,1.477869,-1.243008,None,36.97946,,None,-1,-1,-1,1121.582,306.6975,9.716457,TRUE,None,None,,,,,
37.2,id,-1.741827,1.477959,-1.242804,None,37.0793,,None,-1,-1,-1,1058.478,306.6537,9.69995,TRUE,None,None,,,,,
37.3,id,-1.741776,1.477518,-1.242304,None,37.17935,,None,-1,-1,-1,1056.343,306.6491,9.812614,TRUE,None,None,,,,,
37.4,id,-1.741939,1.477455,-1.241691,None,37.27932,,None,-1,-1,-1,1058.231,306.5988,9.868827,TRUE,None,None,,,,,
37.5,id,-1.741751,1.477529,-1.241088,None,37.3792,,None,-1,-1,-1,1057.864,306.6502,9.834999,TRUE,None,None,,,,,
37.6,id,-1.741651,1.477534,-1.240193,None,37.47925,,None,-1,-1,-1,1054.012,306.7487,9.843104,TRUE,None,None,,,,,
37.7,id,-1.741308,1.477015,-1.239418,None,37.57907,,None,-1,-1,-1,1054.016,306.8544,9.956712,TRUE,None,None,,,,,
37.8,id,-1.74117,1.477305,-1.239248,None,37.67917,,None,-1,-1,-1,1051.68,306.7912,9.86085,TRUE,None,None,,,,,
37.9,id,-1.741285,1.477376,-1.239275,None,37.77918,,None,-1,-1,-1,1053.833,306.7294,9.867052,TRUE,None,None,,,,,
38,id,-1.741574,1.477314,-1.23958,None,37.87908,,None,-1,-1,-1,1056.099,306.7156,9.890836,TRUE,None,None,,,,,
38.1,id,-1.741762,1.477739,-1.240146,None,37.98217,,None,-1,-1,-1,1022.616,306.7322,9.779509,TRUE,None,None,,,,,
38.2,id,-1.741754,1.477937,-1.240364,None,38.07943,,None,-1,-1,-1,1081.51,306.8364,9.680608,TRUE,None,None,,,,,
38.3,id,-1.741805,1.477508,-1.24084,None,38.17912,,None,-1,-1,-1,1057.122,306.7531,9.735668,TRUE,None,None,,,,,
38.4,id,-1.742038,1.477585,-1.241411,None,38.27922,,None,-1,-1,-1,1057.075,306.5294,9.740543,TRUE,None,None,,,,,
38.5,id,-1.741545,1.477044,-1.24162,None,38.37948,,None,-1,-1,-1,1058.023,306.4346,9.832968,TRUE,None,None,,,,,
38.6,id,-1.740738,1.476672,-1.24104,None,38.47937,,None,-1,-1,-1,1060.07,306.5002,9.935725,TRUE,None,None,,,,,
38.7,id,-1.73996,1.476205,-1.240704,None,38.57948,,None,-1,-1,-1,1056.429,306.5605,10.02406,TRUE,None,None,,,,,
38.8,id,-1.739367,1.475821,-1.2406,None,38.6795,,None,-1,-1,-1,1058.825,306.5193,10.10048,TRUE,None,None,,,,,
38.9,id,-1.738713,1.475751,-1.240212,None,38.77944,,None,-1,-1,-1,1058.97,306.5521,10.12358,TRUE,None,None,,,,,
39,id,-1.738086,1.475345,-1.23963,None,38.88473,,None,-1,-1,-1,1005.308,306.5255,10.21376,TRUE,None,None,,,,,
39.1,id,-1.737428,1.475123,-1.239105,None,38.98498,,None,-1,-1,-1,1057.7,306.4691,10.27146,TRUE,None,None,,,,,
39.2,id,-1.73673,1.475088,-1.23831,None,39.08461,,None,-1,-1,-1,1063.92,306.4655,10.28915,TRUE,None,None,,,,,
39.3,id,-1.736031,1.474807,-1.237911,None,39.18497,,None,-1,-1,-1,1055.199,306.5031,10.29552,TRUE,None,None,,,,,
39.4,id,-1.735566,1.474608,-1.237369,None,39.28459,,None,-1,-1,-1,1062.335,306.5559,10.37857,TRUE,None,None,,,,,
39.5,id,-1.735256,1.474363,-1.237458,None,39.38467,,None,-1,-1,-1,1058.204,306.5101,10.38429,TRUE,None,None,,,,,
39.6,id,-1.734406,1.47445,-1.237234,None,39.48468,,None,-1,-1,-1,1057.599,306.5553,10.37358,TRUE,None,None,,,,,
39.7,id,-1.732962,1.474712,-1.236554,None,39.58464,,None,-1,-1,-1,1053.832,306.7878,10.29741,TRUE,None,None,,,,,
39.8,id,-1.731951,1.474722,-1.235818,None,39.68474,,None,-1,-1,-1,1049.823,306.93,10.28977,TRUE,None,None,,,,,
39.9,id,-1.731646,1.473882,-1.235839,None,39.78463,,None,-1,-1,-1,1051.97,306.9836,10.39083,TRUE,None,None,,,,,
40,id,-1.733083,1.472862,-1.23689,None,39.88461,,None,-1,-1,-1,1054.267,306.8161,10.63908,TRUE,None,None,,,,,
40.1,id,-1.734617,1.472117,-1.238238,None,39.98469,,None,-1,-1,-1,1056.832,306.6273,10.76808,TRUE,None,None,,,,,
40.2,id,-1.736053,1.472111,-1.239008,None,40.0848,,None,-1,-1,-1,1057.116,306.6759,10.7697,TRUE,None,None,,,,,
40.3,id,-1.738553,1.471926,-1.240391,None,40.18522,,None,-1,-1,-1,1057.928,306.5815,10.83155,TRUE,None,None,,,,,
40.4,id,-1.740728,1.471827,-1.241064,None,40.28468,,None,-1,-1,-1,1066.543,306.6185,10.89823,TRUE,None,None,,,,,
40.5,id,-1.742753,1.472084,-1.241282,None,40.38488,,None,-1,-1,-1,1058.139,306.6923,10.87746,TRUE,None,None,,,,,
40.6,id,-1.744875,1.471794,-1.241223,None,40.4846,,None,-1,-1,-1,1064.357,306.67,10.98789,TRUE,None,None,,,,,
40.7,id,-1.746931,1.471599,-1.241373,None,40.58474,,None,-1,-1,-1,1062.623,306.5084,11.08797,TRUE,None,None,,,,,
40.8,id,-1.748703,1.471616,-1.241258,None,40.6782,,None,-1,-1,-1,1142.568,306.3456,11.17908,TRUE,None,None,,,,,
40.9,id,-1.750108,1.471034,-1.241281,None,40.77809,,None,-1,-1,-1,1071.309,306.2702,11.27815,TRUE,None,None,,,,,
41,id,-1.751201,1.470849,-1.239738,None,40.87797,,None,-1,-1,-1,1069.673,306.3474,11.50851,TRUE,None,None,,,,,
41.1,id,-1.752437,1.470387,-1.238752,None,40.97823,,None,-1,-1,-1,1066.102,306.3981,11.65896,TRUE,None,None,,,,,
41.2,id,-1.753385,1.469189,-1.237595,None,41.07813,,None,-1,-1,-1,1071.363,306.4788,11.99744,TRUE,None,None,,,,,
41.3,id,-1.754438,1.468489,-1.237355,None,41.17856,,None,-1,-1,-1,1067.514,306.3599,12.17412,TRUE,None,None,,,,,
41.4,id,-1.754902,1.467992,-1.237365,None,41.278,,None,-1,-1,-1,1080.831,306.2761,12.33254,TRUE,None,None,,,,,
41.5,id,-1.7549,1.46773,-1.23771,None,41.3781,,None,-1,-1,-1,1075.426,306.1982,12.39389,TRUE,None,None,,,,,
41.6,id,-1.754365,1.46759,-1.23775,None,41.47804,,None,-1,-1,-1,1075.266,306.2883,12.42086,TRUE,None,None,,,,,
41.7,id,-1.753995,1.467507,-1.238376,None,41.57809,,None,-1,-1,-1,1074.454,306.2681,12.40244,TRUE,None,None,,,,,
41.8,id,-1.753311,1.46745,-1.238781,None,41.67815,,None,-1,-1,-1,1074.001,306.269,12.40723,TRUE,None,None,,,,,
41.9,id,-1.752902,1.467534,-1.239796,None,41.77816,,None,-1,-1,-1,1078.337,306.0705,12.34589,TRUE,None,None,,,,,
42,id,-1.752081,1.46772,-1.240162,None,41.87813,,None,-1,-1,-1,1078.979,306.0558,12.2699,TRUE,None,None,,,,,
42.1,id,-1.751184,1.467738,-1.240634,None,41.97857,,None,-1,-1,-1,1074.037,306.0182,12.21916,TRUE,None,None,,,,,
42.2,id,-1.750036,1.467905,-1.240683,None,42.07821,,None,-1,-1,-1,1080.976,306.0744,12.16728,TRUE,None,None,,,,,
42.3,id,-1.748922,1.467836,-1.240827,None,42.17819,,None,-1,-1,-1,1076.772,306.1057,12.12364,TRUE,None,None,,,,,
42.4,id,-1.747883,1.467914,-1.241136,None,42.27841,,None,-1,-1,-1,1073.93,306.095,12.07777,TRUE,None,None,,,,,
42.5,id,-1.747227,1.468081,-1.24222,None,42.37804,,None,-1,-1,-1,1084.084,305.8342,12.00676,TRUE,None,None,,,,,
42.6,id,-1.74632,1.468789,-1.242794,None,42.47837,,None,-1,-1,-1,1077.047,305.8168,11.81593,TRUE,None,None,,,,,
42.7,id,-1.745343,1.468947,-1.243476,None,42.58062,,None,-1,-1,-1,1055.819,305.8303,11.7204,TRUE,None,None,,,,,
42.8,id,-1.74472,1.468893,-1.243859,None,42.68087,,None,-1,-1,-1,1076.253,305.8624,11.69915,TRUE,None,None,,,,,
42.9,id,-1.744472,1.468785,-1.244497,None,42.78061,,None,-1,-1,-1,1083.659,305.779,11.64621,TRUE,None,None,,,,,
43,id,-1.744066,1.469319,-1.24451,None,42.8807,,None,-1,-1,-1,1078.951,305.812,11.56445,TRUE,None,None,,,,,
43.1,id,-1.743849,1.469864,-1.244586,None,42.98097,,None,-1,-1,-1,1075.652,305.8011,11.4178,TRUE,None,None,,,,,
43.2,id,-1.743678,1.470846,-1.244266,None,43.08062,,None,-1,-1,-1,1081.666,305.8309,11.21426,TRUE,None,None,,,,,
43.3,id,-1.743614,1.471385,-1.244086,None,43.18106,,None,-1,-1,-1,1072.093,305.8679,11.10118,TRUE,None,None,,,,,
43.4,id,-1.743563,1.471641,-1.243806,None,43.28062,,None,-1,-1,-1,1080.811,305.9022,11.07008,TRUE,None,None,,,,,
43.5,id,-1.743545,1.471748,-1.243586,None,43.38079,,None,-1,-1,-1,1073.23,305.9347,11.04856,TRUE,None,None,,,,,
43.6,id,-1.743784,1.471451,-1.24332,None,43.48479,,None,-1,-1,-1,1034.48,305.8953,11.14715,TRUE,None,None,,,,,
43.7,id,-1.7442,1.471391,-1.24358,None,43.58492,,None,-1,-1,-1,1076.464,305.7745,11.15902,TRUE,None,None,,,,,
43.8,id,-1.744521,1.471426,-1.243311,None,43.68485,,None,-1,-1,-1,1079.749,305.7714,11.18689,TRUE,None,None,,,,,
43.9,id,-1.744799,1.470562,-1.242679,None,43.78481,,None,-1,-1,-1,1078.013,305.8319,11.36696,TRUE,None,None,,,,,
44,id,-1.744897,1.469675,-1.241533,None,43.8849,,None,-1,-1,-1,1077.375,305.9195,11.61122,TRUE,None,None,,,,,
44.1,id,-1.744956,1.468953,-1.240634,None,43.98494,,None,-1,-1,-1,1078.519,305.8995,11.79614,TRUE,None,None,,,,,
44.2,id,-1.744891,1.468623,-1.239834,None,44.08478,,None,-1,-1,-1,1080.73,305.8689,11.88964,TRUE,None,None,,,,,
44.3,id,-1.744895,1.468254,-1.239563,None,44.18521,,None,-1,-1,-1,1077.313,305.7433,11.98897,TRUE,None,None,,,,,
44.4,id,-1.744864,1.467864,-1.238972,None,44.28477,,None,-1,-1,-1,1087.567,305.7142,12.08298,TRUE,None,None,,,,,
44.5,id,-1.744477,1.467625,-1.238365,None,44.38478,,None,-1,-1,-1,1081.346,305.7359,12.12106,TRUE,None,None,,,,,
44.6,id,-1.743904,1.468022,-1.237423,None,44.4848,,None,-1,-1,-1,1080.074,305.8353,12.08212,TRUE,None,None,,,,,
44.7,id,-1.743405,1.467691,-1.236842,None,44.58481,,None,-1,-1,-1,1078.867,305.8929,12.1141,TRUE,None,None,,,,,
44.8,id,-1.743474,1.467361,-1.236327,None,44.68483,,None,-1,-1,-1,1079.507,305.8817,12.20756,TRUE,None,None,,,,,
44.9,id,-1.743153,1.467061,-1.236432,None,44.78468,,None,-1,-1,-1,1082.447,305.8237,12.25374,TRUE,None,None,,,,,
45,id,-1.742935,1.467251,-1.236219,None,44.88495,,None,-1,-1,-1,1078.154,305.7832,12.21177,TRUE,None,None,,,,,
45.1,id,-1.742579,1.466865,-1.235859,None,44.98502,,None,-1,-1,-1,1078.905,305.8472,12.29144,TRUE,None,None,,,,,
45.2,id,-1.742611,1.466784,-1.235249,None,45.0849,,None,-1,-1,-1,1078.712,305.9567,12.32327,TRUE,None,None,,,,,
45.3,id,-1.742885,1.466271,-1.235242,None,45.18483,,None,-1,-1,-1,1079.767,305.9275,12.42988,TRUE,None,None,,,,,
45.4,id,-1.743172,1.466412,-1.235342,None,45.28502,,None,-1,-1,-1,1078.173,305.8653,12.40905,TRUE,None,None,,,,,
45.5,id,-1.743352,1.466763,-1.235679,None,45.38491,,None,-1,-1,-1,1082.849,305.8022,12.31632,TRUE,None,None,,,,,
45.6,id,-1.743078,1.467265,-1.235571,None,45.48489,,None,-1,-1,-1,1080.89,305.8116,12.20708,TRUE,None,None,,,,,
45.7,id,-1.742625,1.467632,-1.235329,None,45.58475,,None,-1,-1,-1,1079.055,305.9114,12.08822,TRUE,None,None,,,,,
45.8,id,-1.742439,1.468061,-1.235297,None,45.68502,,None,-1,-1,-1,1075.166,305.9,12.03717,TRUE,None,None,,,,,
45.9,id,-1.742288,1.467928,-1.235646,None,45.78486,,None,-1,-1,-1,1080.35,305.8654,12.03148,TRUE,None,None,,,,,
46,id,-1.742249,1.468706,-1.236236,None,45.88481,,None,-1,-1,-1,1080.109,305.7083,11.87473,TRUE,None,None,,,,,
46.1,id,-1.741733,1.469114,-1.236529,None,45.98513,,None,-1,-1,-1,1075.307,305.7538,11.75031,TRUE,None,None,,,,,
46.2,id,-1.74137,1.469351,-1.23687,None,46.08494,,None,-1,-1,-1,1080.899,305.7419,11.7038,TRUE,None,None,,,,,
46.3,id,-1.740928,1.469454,-1.237016,None,46.17879,,None,-1,-1,-1,1147.075,305.8686,11.65404,TRUE,None,None,,,,,
46.4,id,-1.74052,1.468924,-1.237317,None,46.2785,,None,-1,-1,-1,1079.558,305.9567,11.73088,TRUE,None,None,,,,,
46.5,id,-1.740026,1.469078,-1.237911,None,46.37866,,None,-1,-1,-1,1076.139,305.889,11.75049,TRUE,None,None,,,,,
46.6,id,-1.739331,1.469226,-1.238553,None,46.4786,,None,-1,-1,-1,1079.946,305.7942,11.72891,TRUE,None,None,,,,,
46.7,id,-1.738399,1.468958,-1.239357,None,46.57863,,None,-1,-1,-1,1080.04,305.7477,11.71934,TRUE,None,None,,,,,
46.8,id,-1.737357,1.469202,-1.239808,None,46.67893,,None,-1,-1,-1,1076.261,305.7997,11.65276,TRUE,None,None,,,,,
46.9,id,-1.73618,1.46921,-1.240376,None,46.77859,,None,-1,-1,-1,1081.505,305.8685,11.59382,TRUE,None,None,,,,,
47,id,-1.735235,1.469256,-1.240771,None,46.89038,,None,-1,-1,-1,962.8215,305.9336,11.55171,TRUE,None,None,,,,,
47.1,id,-1.734618,1.46919,-1.241248,None,46.97861,,None,-1,-1,-1,1220.449,305.926,11.52079,TRUE,None,None,,,,,
47.2,id,-1.733773,1.468887,-1.241199,None,47.07864,,None,-1,-1,-1,1075.42,306.0161,11.59222,TRUE,None,None,,,,,
47.3,id,-1.733502,1.468766,-1.241632,None,47.17857,,None,-1,-1,-1,1078.198,305.9251,11.58775,TRUE,None,None,,,,,
47.4,id,-1.733177,1.468775,-1.241349,None,47.27858,,None,-1,-1,-1,1075.062,306.0327,11.58697,TRUE,None,None,,,,,
47.5,id,-1.733206,1.468603,-1.241291,None,47.37853,,None,-1,-1,-1,1075.615,306.0521,11.61553,TRUE,None,None,,,,,
47.6,id,-1.733535,1.468315,-1.240839,None,47.47866,,None,-1,-1,-1,1073.63,306.1213,11.7147,TRUE,None,None,,,,,
47.7,id,-1.734231,1.468122,-1.240918,None,47.57851,,None,-1,-1,-1,1079.093,305.9939,11.76637,TRUE,None,None,,,,,
47.8,id,-1.734671,1.467932,-1.240484,None,47.67874,,None,-1,-1,-1,1074.947,306.0077,11.84409,TRUE,None,None,,,,,
47.9,id,-1.735445,1.467442,-1.240402,None,47.78072,,None,-1,-1,-1,1058.491,305.9601,11.96564,TRUE,None,None,,,,,
48,id,-1.735759,1.467649,-1.239831,None,47.88062,,None,-1,-1,-1,1078.057,306.0674,11.96195,TRUE,None,None,,,,,
48.1,id,-1.736174,1.467803,-1.239584,None,47.98127,,None,-1,-1,-1,1068.161,306.1596,11.89529,TRUE,None,None,,,,,
48.2,id,-1.736629,1.468106,-1.239625,None,48.08071,,None,-1,-1,-1,1080.374,306.1918,11.86774,TRUE,None,None,,,,,
48.3,id,-1.737295,1.468733,-1.24009,None,48.1808,,None,-1,-1,-1,1075.213,306.0712,11.71753,TRUE,None,None,,,,,
48.4,id,-1.737759,1.469066,-1.240401,None,48.28091,,None,-1,-1,-1,1076.43,305.9989,11.65505,TRUE,None,None,,,,,
48.5,id,-1.738029,1.468945,-1.240375,None,48.38085,,None,-1,-1,-1,1078.569,305.9836,11.67186,TRUE,None,None,,,,,
48.6,id,-1.738144,1.46923,-1.240046,None,48.48088,,None,-1,-1,-1,1076.55,306.0221,11.65845,TRUE,None,None,,,,,
48.7,id,-1.738213,1.469358,-1.239541,None,48.58077,,None,-1,-1,-1,1076.383,306.1142,11.59133,TRUE,None,None,,,,,
48.8,id,-1.738705,1.468952,-1.238864,None,48.68101,,None,-1,-1,-1,1072.57,306.1529,11.73504,TRUE,None,None,,,,,
48.9,id,-1.739728,1.468067,-1.238615,None,48.78098,,None,-1,-1,-1,1079.385,306.0361,11.93028,TRUE,None,None,,,,,
49,id,-1.740557,1.467124,-1.238153,None,48.88081,,None,-1,-1,-1,1082.026,305.9911,12.21703,TRUE,None,None,,,,,
49.1,id,-1.741361,1.466298,-1.237878,None,48.98085,,None,-1,-1,-1,1081.263,305.9354,12.38956,TRUE,None,None,,,,,
49.2,id,-1.742046,1.46615,-1.237651,None,49.08073,,None,-1,-1,-1,1083.846,305.939,12.47602,TRUE,None,None,,,,,
49.3,id,-1.742885,1.46548,-1.23749,None,49.18612,,None,-1,-1,-1,1027.903,305.9408,12.59956,TRUE,None,None,,,,,
49.4,id,-1.743525,1.465086,-1.237367,None,49.28612,,None,-1,-1,-1,1082.988,305.9597,12.74558,TRUE,None,None,,,,,
49.5,id,-1.743976,1.464958,-1.23728,None,49.38622,,None,-1,-1,-1,1081.926,305.9615,12.75338,TRUE,None,None,,,,,
49.6,id,-1.744027,1.464927,-1.236954,None,49.48626,,None,-1,-1,-1,1081.842,305.9964,12.78838,TRUE,None,None,,,,,
49.7,id,-1.743505,1.465146,-1.236105,None,49.58622,,None,-1,-1,-1,1079.217,306.169,12.73238,TRUE,None,None,,,,,
49.8,id,-1.742502,1.465367,-1.23444,None,49.68623,,None,-1,-1,-1,1072.392,306.5343,12.7016,TRUE,None,None,,,,,
49.9,id,-1.740632,1.466263,-1.231235,None,49.78617,,None,-1,-1,-1,1059.038,307.2606,12.54621,TRUE,None,None,,,,,
50,id,-1.732966,1.470935,-1.221101,None,49.88638,,None,-1,-1,-1,999.9044,310.2548,11.70029,TRUE,None,None,,,,,
50.1,id,-1.716725,1.47582,-1.204094,None,49.98647,,None,-1,-1,-1,890.7202,316.0169,10.64758,TRUE,None,None,,,,,
50.2,id,-1.698579,1.482615,-1.186798,None,50.08627,,None,-1,-1,-1,776.5424,321.7574,9.215195,TRUE,None,None,,,,,
50.3,id,-1.6802,1.489676,-1.171077,None,50.18638,,None,-1,-1,-1,657.5363,327.291,7.813506,TRUE,None,None,,,,,
50.4,id,-1.666005,1.492216,-1.158632,None,50.28639,,None,-1,-1,-1,570.9871,331.5599,7.489173,TRUE,None,None,,,,,
50.5,id,-1.655953,1.490965,-1.150359,None,50.38621,,None,-1,-1,-1,515.0377,334.5245,7.949661,TRUE,None,None,,,,,
50.6,id,-1.652155,1.489054,-1.145608,None,50.48624,,None,-1,-1,-1,484.9177,336.2499,8.377571,TRUE,None,None,,,,,
50.7,id,-1.65358,1.487083,-1.142993,None,50.58612,,None,-1,-1,-1,487.3384,336.5898,8.964617,TRUE,None,None,,,,,
50.8,id,-1.653081,1.486833,-1.140992,None,50.68939,,None,-1,-1,-1,467.7412,337.1583,9.206724,TRUE,None,None,,,,,
50.9,id,-1.650062,1.487377,-1.138119,None,50.78629,,None,-1,-1,-1,476.0942,338.4835,9.04688,TRUE,None,None,,,,,
51,id,-1.644636,1.487386,-1.135782,None,50.88625,,None,-1,-1,-1,435.3922,339.9915,9.25508,TRUE,None,None,,,,,
51.1,id,-1.641223,1.487577,-1.134918,None,50.98675,,None,-1,-1,-1,414.6674,340.8927,9.203037,TRUE,None,None,,,,,
51.2,id,-1.637923,1.486423,-1.135717,None,51.08636,,None,-1,-1,-1,411.4007,341.2791,9.405351,TRUE,None,None,,,,,
51.3,id,-1.634291,1.485117,-1.138975,None,51.1804,,None,-1,-1,-1,435.5633,341.3697,9.528852,TRUE,None,None,,,,,
51.4,id,-1.630846,1.484449,-1.142914,None,51.28013,,None,-1,-1,-1,404.7499,341.6729,9.428207,TRUE,None,None,,,,,
51.5,id,-1.625637,1.483541,-1.147176,None,51.38025,,None,-1,-1,-1,390.6405,342.4015,9.307924,TRUE,None,None,,,,,
51.6,id,-1.621517,1.482927,-1.151485,None,51.48028,,None,-1,-1,-1,377.4436,343.0116,9.00627,TRUE,None,None,,,,,
51.7,id,-1.619396,1.481761,-1.154989,None,51.58025,,None,-1,-1,-1,368.6586,343.5614,8.843806,TRUE,None,None,,,,,
51.8,id,-1.617157,1.48006,-1.15742,None,51.68033,,None,-1,-1,-1,361.2878,344.1676,9.06171,TRUE,None,None,,,,,
51.9,id,-1.614648,1.478789,-1.159199,None,51.78036,,None,-1,-1,-1,350.302,344.8257,9.11463,TRUE,None,None,,,,,
52,id,-1.612038,1.47639,-1.159848,None,51.88041,,None,-1,-1,-1,347.9986,345.0948,9.423352,TRUE,None,None,,,,,
52.1,id,-1.609724,1.474102,-1.158473,None,51.98069,,None,-1,-1,-1,347.6419,345.103,9.728175,TRUE,None,None,,,,,
52.2,id,-1.607562,1.470663,-1.156423,None,52.08014,,None,-1,-1,-1,353.2216,345.219,10.28229,TRUE,None,None,,,,,
52.3,id,-1.605179,1.467787,-1.152088,None,52.18032,,None,-1,-1,-1,354.5885,345.4838,10.96926,TRUE,None,None,,,,,
52.4,id,-1.602782,1.465982,-1.147752,None,52.28011,,None,-1,-1,-1,364.8542,345.4341,11.50699,TRUE,None,None,,,,,
52.5,id,-1.601631,1.465555,-1.143729,None,52.3801,,None,-1,-1,-1,370.6371,344.9103,11.61781,TRUE,None,None,,,,,
52.6,id,-1.603204,1.465495,-1.139822,None,52.48016,,None,-1,-1,-1,380.3573,344.1286,11.70716,TRUE,None,None,,,,,
52.7,id,-1.606849,1.464323,-1.135453,None,52.58019,,None,-1,-1,-1,401.8171,342.9221,12.07136,TRUE,None,None,,,,,
52.8,id,-1.608943,1.462244,-1.131601,None,52.68,,None,-1,-1,-1,420.2412,342.0705,12.59939,TRUE,None,None,,,,,
52.9,id,-1.610585,1.462156,-1.129456,None,52.78012,,None,-1,-1,-1,432.6448,341.3715,12.6938,TRUE,None,None,,,,,
53,id,-1.612212,1.463922,-1.128684,None,52.88011,,None,-1,-1,-1,442.3641,340.7733,12.32644,TRUE,None,None,,,,,
53.1,id,-1.614391,1.464286,-1.128104,None,52.98295,,None,-1,-1,-1,436.9373,340.2995,12.24862,TRUE,None,None,,,,,
53.2,id,-1.61664,1.462548,-1.12725,None,53.08272,,None,-1,-1,-1,459.4919,340.0407,12.72445,TRUE,None,None,,,,,
53.3,id,-1.617909,1.461383,-1.127027,None,53.18306,,None,-1,-1,-1,463.2371,339.8912,13.01412,TRUE,None,None,,,,,
53.4,id,-1.618677,1.461778,-1.126774,None,53.28268,,None,-1,-1,-1,463.8629,340.0817,12.99318,TRUE,None,None,,,,,
53.5,id,-1.620496,1.461243,-1.12693,None,53.38292,,None,-1,-1,-1,466.2777,340.0558,13.1394,TRUE,None,None,,,,,
53.6,id,-1.622823,1.46088,-1.127248,None,53.48273,,None,-1,-1,-1,474.5184,339.8664,13.24535,TRUE,None,None,,,,,
53.7,id,-1.624691,1.460392,-1.127762,None,53.58274,,None,-1,-1,-1,479.4014,339.6143,13.41051,TRUE,None,None,,,,,
53.8,id,-1.625478,1.459927,-1.128226,None,53.68278,,None,-1,-1,-1,481.7017,339.5381,13.53309,TRUE,None,None,,,,,
53.9,id,-1.625852,1.459212,-1.128703,None,53.78641,,None,-1,-1,-1,466.7942,339.4908,13.64137,TRUE,None,None,,,,,
54,id,-1.626371,1.459158,-1.130196,None,53.88649,,None,-1,-1,-1,488.253,339.0944,13.6167,TRUE,None,None,,,,,
54.1,id,-1.626089,1.458762,-1.131317,None,53.9868,,None,-1,-1,-1,489.1831,338.9037,13.63749,TRUE,None,None,,,,,
54.2,id,-1.625492,1.458423,-1.132972,None,54.08637,,None,-1,-1,-1,496.3026,338.7815,13.62673,TRUE,None,None,,,,,
54.3,id,-1.624407,1.459105,-1.134857,None,54.18695,,None,-1,-1,-1,489.048,338.7415,13.41569,TRUE,None,None,,,,,
54.4,id,-1.623361,1.45975,-1.136637,None,54.28643,,None,-1,-1,-1,492.6723,338.7773,13.23639,TRUE,None,None,,,,,
54.5,id,-1.623114,1.459548,-1.137968,None,54.38655,,None,-1,-1,-1,490.6568,338.7148,13.23312,TRUE,None,None,,,,,
54.6,id,-1.622908,1.459665,-1.138911,None,54.48637,,None,-1,-1,-1,493.0864,338.6291,13.19674,TRUE,None,None,,,,,
54.7,id,-1.622985,1.459712,-1.139351,None,54.58651,,None,-1,-1,-1,492.2147,338.5568,13.1787,TRUE,None,None,,,,,
54.8,id,-1.623042,1.459899,-1.139478,None,54.68649,,None,-1,-1,-1,493.1991,338.5109,13.16417,TRUE,None,None,,,,,
54.9,id,-1.623785,1.459306,-1.139252,None,54.78668,,None,-1,-1,-1,496.3663,338.3259,13.29836,TRUE,None,None,,,,,
55,id,-1.624256,1.459065,-1.138846,None,54.88662,,None,-1,-1,-1,499.2702,338.2609,13.36426,TRUE,None,None,,,,,
55.1,id,-1.624514,1.458795,-1.13823,None,54.98701,,None,-1,-1,-1,495.8139,338.3513,13.42368,TRUE,None,None,,,,,
55.2,id,-1.624708,1.458631,-1.137766,None,55.08652,,None,-1,-1,-1,500.0772,338.392,13.50907,TRUE,None,None,,,,,
55.3,id,-1.625536,1.458503,-1.137498,None,55.18678,,None,-1,-1,-1,498.2439,338.2912,13.53475,TRUE,None,None,,,,,
55.4,id,-1.626166,1.458649,-1.13772,None,55.2865,,None,-1,-1,-1,502.2534,338.14,13.48722,TRUE,None,None,,,,,
55.5,id,-1.626539,1.459143,-1.137871,None,55.38654,,None,-1,-1,-1,500.1214,338.0899,13.39872,TRUE,None,None,,,,,
55.6,id,-1.626565,1.459591,-1.137973,None,55.48642,,None,-1,-1,-1,499.3284,338.0768,13.30676,TRUE,None,None,,,,,
55.7,id,-1.627024,1.45939,-1.13801,None,55.57948,,None,-1,-1,-1,537.8507,337.9661,13.34052,TRUE,None,None,,,,,
55.8,id,-1.627358,1.459338,-1.138071,None,55.67953,,None,-1,-1,-1,501.9786,337.8642,13.35029,TRUE,None,None,,,,,
55.9,id,-1.627335,1.459772,-1.13816,None,55.77957,,None,-1,-1,-1,501.0146,337.8779,13.22981,TRUE,None,None,,,,,
56,id,-1.627016,1.459776,-1.138138,None,55.8796,,None,-1,-1,-1,500.0123,337.9472,13.2387,TRUE,None,None,,,,,
56.1,id,-1.626784,1.459534,-1.138063,None,55.97944,,None,-1,-1,-1,501.2004,337.9852,13.29311,TRUE,None,None,,,,,
56.2,id,-1.626417,1.459167,-1.137808,None,56.07954,,None,-1,-1,-1,500.4321,338.0423,13.40093,TRUE,None,None,,,,,
56.3,id,-1.626641,1.458402,-1.137494,None,56.17949,,None,-1,-1,-1,504.6414,337.944,13.60025,TRUE,None,None,,,,,
56.4,id,-1.62717,1.457984,-1.137128,None,56.27956,,None,-1,-1,-1,506.7538,337.8088,13.77444,TRUE,None,None,,,,,
56.5,id,-1.627809,1.457108,-1.136595,None,56.37965,,None,-1,-1,-1,508.7242,337.7765,13.96881,TRUE,None,None,,,,,
56.6,id,-1.628383,1.456803,-1.135758,None,56.4837,,None,-1,-1,-1,489.9628,337.809,14.12838,TRUE,None,None,,,,,
56.7,id,-1.629573,1.456151,-1.134961,None,56.58382,,None,-1,-1,-1,512.4464,337.7182,14.29137,TRUE,None,None,,,,,
56.8,id,-1.63095,1.455612,-1.134216,None,56.68385,,None,-1,-1,-1,516.3,337.632,14.43828,TRUE,None,None,,,,,
56.9,id,-1.632097,1.455244,-1.133574,None,56.78354,,None,-1,-1,-1,521.1051,337.5722,14.58938,TRUE,None,None,,,,,
57,id,-1.633654,1.454907,-1.133006,None,56.87638,,None,-1,-1,-1,563.5134,337.5337,14.67104,TRUE,None,None,,,,,
57.1,id,-1.634876,1.454791,-1.132853,None,56.97663,,None,-1,-1,-1,523.7365,337.5187,14.73853,TRUE,None,None,,,,,
57.2,id,-1.636621,1.454717,-1.132924,None,57.08727,,None,-1,-1,-1,477.7776,337.3568,14.78473,TRUE,None,None,,,,,
57.3,id,-1.637814,1.454221,-1.133109,None,57.18768,,None,-1,-1,-1,529.1358,337.2685,14.92909,TRUE,None,None,,,,,
57.4,id,-1.638701,1.454126,-1.133325,None,57.27629,,None,-1,-1,-1,600.0536,337.227,14.92035,TRUE,None,None,,,,,
57.5,id,-1.63927,1.454044,-1.133442,None,57.38728,,None,-1,-1,-1,477.5973,337.3437,14.88524,TRUE,None,None,,,,,
57.6,id,-1.639804,1.453653,-1.133952,None,57.47641,,None,-1,-1,-1,595.8845,337.3043,14.9385,TRUE,None,None,,,,,
57.7,id,-1.640637,1.454314,-1.134665,None,57.58735,,None,-1,-1,-1,479.5162,337.0759,14.72509,TRUE,None,None,,,,,
57.8,id,-1.639133,1.454678,-1.134957,None,57.68768,,None,-1,-1,-1,524.8551,337.3788,14.64159,TRUE,None,None,,,,,
57.9,id,-1.63815,1.454855,-1.135265,None,57.77627,,None,-1,-1,-1,591.2425,337.4968,14.55759,TRUE,None,None,,,,,
58,id,-1.637424,1.455485,-1.135664,None,57.87632,,None,-1,-1,-1,522.9966,337.4796,14.46946,TRUE,None,None,,,,,
58.1,id,-1.636727,1.45663,-1.136638,None,57.97636,,None,-1,-1,-1,520.818,337.3037,14.18432,TRUE,None,None,,,,,
58.2,id,-1.636314,1.457782,-1.137631,None,58.0816,,None,-1,-1,-1,493.2332,337.0532,13.922,TRUE,None,None,,,,,
58.3,id,-1.635813,1.457907,-1.138157,None,58.18154,,None,-1,-1,-1,519.2679,336.9752,13.83658,TRUE,None,None,,,,,
58.4,id,-1.634841,1.45761,-1.138388,None,58.2816,,None,-1,-1,-1,517.4149,337.0768,13.91698,TRUE,None,None,,,,,
58.5,id,-1.634113,1.456928,-1.138318,None,58.38172,,None,-1,-1,-1,515.0064,337.2128,14.01509,TRUE,None,None,,,,,
58.6,id,-1.63389,1.456054,-1.13837,None,58.48166,,None,-1,-1,-1,517.8442,337.2086,14.23786,TRUE,None,None,,,,,
58.7,id,-1.634159,1.455479,-1.13867,None,58.58606,,None,-1,-1,-1,498.9498,337.0748,14.34459,TRUE,None,None,,,,,
58.8,id,-1.634571,1.455449,-1.139019,None,58.68591,,None,-1,-1,-1,523.8627,336.8956,14.36245,TRUE,None,None,,,,,
58.9,id,-1.634742,1.455016,-1.13897,None,58.78591,,None,-1,-1,-1,524.8407,336.8866,14.43673,TRUE,None,None,,,,,
59,id,-1.634787,1.454779,-1.138999,None,58.88595,,None,-1,-1,-1,526.0811,336.8996,14.5151,TRUE,None,None,,,,,
59.1,id,-1.634899,1.454664,-1.138955,None,58.98636,,None,-1,-1,-1,522.9386,336.9617,14.5507,TRUE,None,None,,,,,
59.2,id,-1.635271,1.454645,-1.139115,None,59.08602,,None,-1,-1,-1,527.8606,336.9214,14.58008,TRUE,None,None,,,,,
59.3,id,-1.635759,1.45437,-1.139208,None,59.18613,,None,-1,-1,-1,526.7823,336.8698,14.63501,TRUE,None,None,,,,,
59.4,id,-1.635938,1.45418,-1.139258,None,59.28646,,None,-1,-1,-1,526.499,336.8557,14.68268,TRUE,None,None,,,,,
59.5,id,-1.636,1.453938,-1.139184,None,59.3858,,None,-1,-1,-1,531.8412,336.9363,14.73055,TRUE,None,None,,,,,
59.6,id,-1.636149,1.454132,-1.139173,None,59.48596,,None,-1,-1,-1,527.2344,336.9717,14.71427,TRUE,None,None,,,,,
59.7,id,-1.636647,1.45388,-1.139227,None,59.58601,,None,-1,-1,-1,528.9135,336.9579,14.74772,TRUE,None,None,,,,,
59.8,id,-1.637138,1.453654,-1.139285,None,59.68626,,None,-1,-1,-1,528.9068,336.9359,14.82088,TRUE,None,None,,,,,
59.9,id,-1.63765,1.453468,-1.139252,None,59.78624,,None,-1,-1,-1,530.8345,336.9175,14.84995,TRUE,None,None,,,,,
60,id,-1.638515,1.453362,-1.139257,None,59.88609,,None,-1,-1,-1,533.3475,336.824,14.89469,TRUE,None,None,,,,,
60.1,id,-1.638984,1.453167,-1.139057,None,59.98629,,None,-1,-1,-1,531.5287,336.8856,14.93449,TRUE,None,None,,,,,
60.2,id,-1.639539,1.45298,-1.139112,None,60.08603,,None,-1,-1,-1,535.6821,336.9068,14.99773,TRUE,None,None,,,,,
60.3,id,-1.64025,1.452877,-1.139663,None,60.18602,,None,-1,-1,-1,536.913,336.7909,14.98679,TRUE,None,None,,,,,
60.4,id,-1.640566,1.453401,-1.140679,None,60.28601,,None,-1,-1,-1,538.7521,336.6617,14.87452,TRUE,None,None,,,,,
60.5,id,-1.640019,1.453694,-1.141578,None,60.38602,,None,-1,-1,-1,537.1288,336.7007,14.76019,TRUE,None,None,,,,,
60.6,id,-1.639021,1.454678,-1.142293,None,60.48602,,None,-1,-1,-1,532.8446,336.8139,14.52408,TRUE,None,None,,,,,
60.7,id,-1.638279,1.455029,-1.143031,None,60.57811,,None,-1,-1,-1,576.7698,336.7954,14.40274,TRUE,None,None,,,,,
60.8,id,-1.637402,1.455334,-1.143621,None,60.67798,,None,-1,-1,-1,530.6972,336.7548,14.34982,TRUE,None,None,,,,,
60.9,id,-1.636566,1.456028,-1.14393,None,60.77808,,None,-1,-1,-1,526.5725,336.7221,14.16245,TRUE,None,None,,,,,
61,id,-1.635674,1.456377,-1.144046,None,60.87812,,None,-1,-1,-1,525.689,336.7273,14.09423,TRUE,None,None,,,,,
61.1,id,-1.635271,1.456493,-1.143949,None,60.97808,,None,-1,-1,-1,526.6077,336.6862,14.06414,TRUE,None,None,,,,,
61.2,id,-1.634775,1.456327,-1.143548,None,61.07808,,None,-1,-1,-1,525.6122,336.7589,14.11263,TRUE,None,None,,,,,
61.3,id,-1.634419,1.455501,-1.142851,None,61.17811,,None,-1,-1,-1,525.7922,336.9053,14.28382,TRUE,None,None,,,,,
61.4,id,-1.634492,1.454843,-1.142206,None,61.27822,,None,-1,-1,-1,527.2338,336.978,14.46369,TRUE,None,None,,,,,
61.5,id,-1.635087,1.454415,-1.141927,None,61.37857,,None,-1,-1,-1,528.8245,336.8853,14.57277,TRUE,None,None,,,,,
61.6,id,-1.635853,1.454226,-1.142199,None,61.47823,,None,-1,-1,-1,535.4343,336.75,14.63262,TRUE,None,None,,,,,
61.7,id,-1.636394,1.454129,-1.142468,None,61.57817,,None,-1,-1,-1,535.0668,336.7321,14.66295,TRUE,None,None,,,,,
61.8,id,-1.636435,1.453907,-1.142745,None,61.67834,,None,-1,-1,-1,532.3418,336.8306,14.70442,TRUE,None,None,,,,,
61.9,id,-1.636726,1.45384,-1.143264,None,61.77826,,None,-1,-1,-1,534.0657,336.8137,14.71827,TRUE,None,None,,,,,
62,id,-1.637003,1.453773,-1.143849,None,61.87803,,None,-1,-1,-1,535.2142,336.8005,14.72379,TRUE,None,None,,,,,
62.1,id,-1.637574,1.453577,-1.144469,None,61.97812,,None,-1,-1,-1,535.7511,336.6946,14.73644,TRUE,None,None,,,,,
62.2,id,-1.637622,1.453469,-1.14495,None,62.07808,,None,-1,-1,-1,537.5898,336.6629,14.75511,TRUE,None,None,,,,,
62.3,id,-1.63765,1.453446,-1.145218,None,62.1823,,None,-1,-1,-1,516.028,336.6326,14.73699,TRUE,None,None,,,,,
62.4,id,-1.637281,1.453229,-1.145123,None,62.28203,,None,-1,-1,-1,538.4179,336.6871,14.77635,TRUE,None,None,,,,,
62.5,id,-1.636963,1.453092,-1.144664,None,62.38186,,None,-1,-1,-1,538.0811,336.6954,14.80027,TRUE,None,None,,,,,
62.6,id,-1.636695,1.452832,-1.144037,None,62.4819,,None,-1,-1,-1,538.104,336.6946,14.87851,TRUE,None,None,,,,,
62.7,id,-1.636778,1.452634,-1.143337,None,62.58178,,None,-1,-1,-1,540.0481,336.6484,14.92139,TRUE,None,None,,,,,
62.8,id,-1.636653,1.452245,-1.142609,None,62.6819,,None,-1,-1,-1,539.7798,336.6566,15.05164,TRUE,None,None,,,,,
62.9,id,-1.636785,1.451857,-1.141943,None,62.78188,,None,-1,-1,-1,541.4713,336.6392,15.16031,TRUE,None,None,,,,,
63,id,-1.636685,1.451756,-1.14128,None,62.88206,,None,-1,-1,-1,538.8922,336.7205,15.20704,TRUE,None,None,,,,,
63.1,id,-1.63647,1.451982,-1.140648,None,62.98245,,None,-1,-1,-1,534.9822,336.8731,15.18365,TRUE,None,None,,,,,
63.2,id,-1.636239,1.452176,-1.140389,None,63.08199,,None,-1,-1,-1,537.4091,336.9861,15.14239,TRUE,None,None,,,,,
63.3,id,-1.636415,1.452259,-1.140395,None,63.18188,,None,-1,-1,-1,534.5687,337.0475,15.11452,TRUE,None,None,,,,,
63.4,id,-1.637189,1.452706,-1.140862,None,63.28216,,None,-1,-1,-1,533.1299,336.9172,15.04065,TRUE,None,None,,,,,
63.5,id,-1.637968,1.453106,-1.141454,None,63.38195,,None,-1,-1,-1,537.3941,336.7934,14.93163,TRUE,None,None,,,,,
63.6,id,-1.638298,1.453398,-1.142015,None,63.48487,,None,-1,-1,-1,520.5344,336.8381,14.82855,TRUE,None,None,,,,,
63.7,id,-1.638089,1.453626,-1.14285,None,63.58203,,None,-1,-1,-1,546.4458,337.0842,14.74226,TRUE,None,None,,,,,
63.8,id,-1.638154,1.453921,-1.143864,None,63.68201,,None,-1,-1,-1,528.5241,337.1685,14.65695,TRUE,None,None,,,,,
63.9,id,-1.638499,1.454101,-1.145044,None,63.78199,,None,-1,-1,-1,527.4759,337.1482,14.56362,TRUE,None,None,,,,,
64,id,-1.639419,1.454624,-1.146928,None,63.88228,,None,-1,-1,-1,527.5687,336.9008,14.42798,TRUE,None,None,,,,,
64.1,id,-1.639849,1.454408,-1.148562,None,63.98185,,None,-1,-1,-1,533.5543,336.823,14.40936,TRUE,None,None,,,,,
64.2,id,-1.639841,1.454285,-1.150028,None,64.08197,,None,-1,-1,-1,530.6906,336.8359,14.41963,TRUE,None,None,,,,,
64.3,id,-1.639885,1.454264,-1.151422,None,64.18188,,None,-1,-1,-1,531.3229,336.8582,14.36991,TRUE,None,None,,,,,
64.4,id,-1.640007,1.453995,-1.152456,None,64.28221,,None,-1,-1,-1,529.3335,336.856,14.40062,TRUE,None,None,,,,,
64.5,id,-1.640745,1.453809,-1.153413,None,64.38183,,None,-1,-1,-1,535.8346,336.6543,14.38847,TRUE,None,None,,,,,
64.6,id,-1.641278,1.454143,-1.153908,None,64.48211,,None,-1,-1,-1,533.7591,336.4334,14.30751,TRUE,None,None,,,,,
64.7,id,-1.641391,1.453724,-1.153655,None,64.58219,,None,-1,-1,-1,536.6818,336.388,14.41418,TRUE,None,None,,,,,
64.8,id,-1.641167,1.453351,-1.152937,None,64.68203,,None,-1,-1,-1,538.4523,336.4273,14.55273,TRUE,None,None,,,,,
64.9,id,-1.641309,1.45305,-1.151976,None,64.78211,,None,-1,-1,-1,537.3132,336.4267,14.65598,TRUE,None,None,,,,,
65,id,-1.641482,1.452566,-1.15088,None,64.88199,,None,-1,-1,-1,539.1371,336.4409,14.81551,TRUE,None,None,,,,,
65.1,id,-1.64214,1.452271,-1.149775,None,64.98191,,None,-1,-1,-1,541.234,336.3718,14.92275,TRUE,None,None,,,,,
65.2,id,-1.64265,1.451895,-1.148755,None,65.08191,,None,-1,-1,-1,543.5309,336.3287,15.06728,TRUE,None,None,,,,,
65.3,id,-1.643395,1.451326,-1.147805,None,65.18197,,None,-1,-1,-1,546.2736,336.2882,15.22327,TRUE,None,None,,,,,
65.4,id,-1.643698,1.450941,-1.146971,None,65.28201,,None,-1,-1,-1,546.6074,336.3501,15.33576,TRUE,None,None,,,,,
65.5,id,-1.643782,1.450652,-1.146291,None,65.38206,,None,-1,-1,-1,545.8844,336.3962,15.41896,TRUE,None,None,,,,,
65.6,id,-1.643821,1.450402,-1.145927,None,65.48201,,None,-1,-1,-1,547.1678,336.3792,15.49268,TRUE,None,None,,,,,
65.7,id,-1.644108,1.450237,-1.145917,None,65.58204,,None,-1,-1,-1,548.3181,336.2835,15.50247,TRUE,None,None,,,,,
65.8,id,-1.643941,1.45048,-1.146306,None,65.68742,,None,-1,-1,-1,520.6404,336.1992,15.44359,TRUE,None,None,,,,,
65.9,id,-1.643572,1.450745,-1.146709,None,65.78732,,None,-1,-1,-1,547.1222,336.2222,15.32198,TRUE,None,None,,,,,
66,id,-1.642841,1.451066,-1.146961,None,65.87628,,None,-1,-1,-1,610.2916,336.3349,15.20895,TRUE,None,None,,,,,
66.1,id,-1.642669,1.45147,-1.147539,None,65.9764,,None,-1,-1,-1,543.5509,336.2009,15.09053,TRUE,None,None,,,,,
66.2,id,-1.642789,1.451798,-1.148834,None,66.07655,,None,-1,-1,-1,551.1899,335.7279,14.99342,TRUE,None,None,,,,,
66.3,id,-1.643198,1.453206,-1.150432,None,66.17635,,None,-1,-1,-1,561.0597,335.1069,14.6375,TRUE,None,None,,,,,
66.4,id,-1.641949,1.453815,-1.151371,None,66.28121,,None,-1,-1,-1,533.8031,334.9546,14.45797,TRUE,None,None,,,,,
66.5,id,-1.640247,1.454237,-1.151953,None,66.38123,,None,-1,-1,-1,555.7546,335.017,14.313,TRUE,None,None,,,,,
66.6,id,-1.638276,1.454589,-1.152155,None,66.48129,,None,-1,-1,-1,550.5588,335.2815,14.21371,TRUE,None,None,,,,,
66.7,id,-1.636902,1.454257,-1.152141,None,66.58116,,None,-1,-1,-1,546.9879,335.5736,14.23135,TRUE,None,None,,,,,
66.8,id,-1.63629,1.453765,-1.152287,None,66.68104,,None,-1,-1,-1,546.7504,335.6012,14.35575,TRUE,None,None,,,,,
66.9,id,-1.63629,1.453553,-1.15229,None,66.781,,None,-1,-1,-1,549.153,335.4563,14.38705,TRUE,None,None,,,,,
67,id,-1.636085,1.453046,-1.151899,None,66.88115,,None,-1,-1,-1,551.1114,335.387,14.52256,TRUE,None,None,,,,,
67.1,id,-1.635825,1.452294,-1.150997,None,66.98126,,None,-1,-1,-1,551.9048,335.5105,14.67063,TRUE,None,None,,,,,
67.2,id,-1.636035,1.45161,-1.149868,None,67.08086,,None,-1,-1,-1,556.2329,335.5988,14.85161,TRUE,None,None,,,,,
67.3,id,-1.636591,1.450917,-1.148812,None,67.18123,,None,-1,-1,-1,552.5743,335.6412,15.01837,TRUE,None,None,,,,,
67.4,id,-1.637264,1.450571,-1.147957,None,67.28099,,None,-1,-1,-1,556.5988,335.6502,15.18575,TRUE,None,None,,,,,
67.5,id,-1.638446,1.450157,-1.147303,None,67.38097,,None,-1,-1,-1,557.1198,335.5839,15.272,TRUE,None,None,,,,,
67.6,id,-1.63951,1.449646,-1.146763,None,67.48095,,None,-1,-1,-1,559.4138,335.5423,15.42407,TRUE,None,None,,,,,
67.7,id,-1.640642,1.449247,-1.146339,None,67.58096,,None,-1,-1,-1,561.9009,335.4781,15.53057,TRUE,None,None,,,,,
67.8,id,-1.641084,1.448856,-1.145939,None,67.68098,,None,-1,-1,-1,562.3006,335.6026,15.6408,TRUE,None,None,,,,,
67.9,id,-1.64177,1.448557,-1.145536,None,67.78544,,None,-1,-1,-1,539.0801,335.6328,15.70099,TRUE,None,None,,,,,
68,id,-1.642381,1.448367,-1.145404,None,67.88564,,None,-1,-1,-1,563.2416,335.6102,15.78321,TRUE,None,None,,,,,
68.1,id,-1.643105,1.448238,-1.145574,None,67.98585,,None,-1,-1,-1,564.6949,335.5427,15.80799,TRUE,None,None,,,,,
68.2,id,-1.643553,1.448181,-1.145768,None,68.0855,,None,-1,-1,-1,567.6616,335.5614,15.83837,TRUE,None,None,,,,,
68.3,id,-1.643911,1.448038,-1.145969,None,68.18545,,None,-1,-1,-1,565.9308,335.5739,15.84045,TRUE,None,None,,,,,
68.4,id,-1.644228,1.448258,-1.146392,None,68.28564,,None,-1,-1,-1,564.3875,335.5595,15.81875,TRUE,None,None,,,,,
68.5,id,-1.644519,1.448343,-1.146756,None,68.38535,,None,-1,-1,-1,567.0529,335.5772,15.76874,TRUE,None,None,,,,,
68.6,id,-1.645151,1.448962,-1.147375,None,68.48546,,None,-1,-1,-1,566.5504,335.4732,15.64377,TRUE,None,None,,,,,
68.7,id,-1.645165,1.449304,-1.147726,None,68.58553,,None,-1,-1,-1,565.1527,335.5244,15.53853,TRUE,None,None,,,,,
68.8,id,-1.644249,1.449576,-1.147761,None,68.68566,,None,-1,-1,-1,560.0938,335.7663,15.46571,TRUE,None,None,,,,,
68.9,id,-1.643566,1.450145,-1.147887,None,68.78558,,None,-1,-1,-1,557.6324,335.8749,15.32478,TRUE,None,None,,,,,
69,id,-1.643101,1.450643,-1.148287,None,68.88532,,None,-1,-1,-1,557.001,335.8349,15.2093,TRUE,None,None,,,,,
69.1,id,-1.642751,1.451175,-1.148868,None,68.98572,,None,-1,-1,-1,553.0801,335.7193,15.05753,TRUE,None,None,,,,,
69.2,id,-1.641917,1.451959,-1.149288,None,69.08551,,None,-1,-1,-1,555.3079,335.7355,14.87654,TRUE,None,None,,,,,
69.3,id,-1.640816,1.452565,-1.14952,None,69.18544,,None,-1,-1,-1,550.6201,335.8884,14.71605,TRUE,None,None,,,,,
69.4,id,-1.639374,1.452705,-1.14997,None,69.28546,,None,-1,-1,-1,546.6346,336.0737,14.66269,TRUE,None,None,,,,,
69.5,id,-1.638408,1.452305,-1.150174,None,69.378,,None,-1,-1,-1,590.3616,336.1557,14.71088,TRUE,None,None,,,,,
69.6,id,-1.637362,1.452179,-1.150614,None,69.47826,,None,-1,-1,-1,543.9462,336.2358,14.72819,TRUE,None,None,,,,,
69.7,id,-1.637081,1.452082,-1.151203,None,69.5781,,None,-1,-1,-1,547.7574,336.0881,14.73134,TRUE,None,None,,,,,
69.8,id,-1.636603,1.451869,-1.151476,None,69.67828,,None,-1,-1,-1,547.7223,336.0005,14.75126,TRUE,None,None,,,,,
69.9,id,-1.63581,1.451576,-1.151479,None,69.77823,,None,-1,-1,-1,548.754,336.003,14.79957,TRUE,None,None,,,,,
70,id,-1.635264,1.451373,-1.151334,None,69.87821,,None,-1,-1,-1,548.8444,336.0137,14.84866,TRUE,None,None,,,,,
70.1,id,-1.63514,1.450735,-1.150753,None,69.9779,,None,-1,-1,-1,551.691,336.0412,14.96456,TRUE,None,None,,,,,
70.2,id,-1.635723,1.450069,-1.150073,None,70.07814,,None,-1,-1,-1,552.5179,335.9791,15.1399,TRUE,None,None,,,,,
70.3,id,-1.636534,1.449622,-1.149071,None,70.17809,,None,-1,-1,-1,555.2942,335.9628,15.26949,TRUE,None,None,,,,,
70.4,id,-1.637586,1.449166,-1.148248,None,70.278,,None,-1,-1,-1,559.3689,335.8982,15.41559,TRUE,None,None,,,,,
70.5,id,-1.638859,1.448601,-1.147319,None,70.37815,,None,-1,-1,-1,559.8843,335.8539,15.57522,TRUE,None,None,,,,,
70.6,id,-1.639841,1.447832,-1.146202,None,70.47819,,None,-1,-1,-1,561.1103,335.9164,15.79337,TRUE,None,None,,,,,
70.7,id,-1.64102,1.447035,-1.145283,None,70.57798,,None,-1,-1,-1,564.3866,335.9549,15.99396,TRUE,None,None,,,,,
70.8,id,-1.642246,1.446614,-1.144705,None,70.67803,,None,-1,-1,-1,565.7551,335.9554,16.15005,TRUE,None,None,,,,,
70.9,id,-1.643539,1.446404,-1.144387,None,70.77801,,None,-1,-1,-1,569.2943,335.8551,16.23697,TRUE,None,None,,,,,
71,id,-1.644383,1.44618,-1.144179,None,70.878,,None,-1,-1,-1,572.0126,335.7755,16.33636,TRUE,None,None,,,,,
71.1,id,-1.644975,1.445676,-1.143869,None,70.98153,,None,-1,-1,-1,553.8788,335.7552,16.45235,TRUE,None,None,,,,,
71.2,id,-1.645036,1.445478,-1.143544,None,71.08166,,None,-1,-1,-1,572.2625,335.8067,16.50997,TRUE,None,None,,,,,
71.3,id,-1.644619,1.445465,-1.143356,None,71.18166,,None,-1,-1,-1,571.72,335.8943,16.50517,TRUE,None,None,,,,,
71.4,id,-1.644524,1.445383,-1.14333,None,71.28162,,None,-1,-1,-1,572.8331,335.8627,16.54685,TRUE,None,None,,,,,
71.5,id,-1.644681,1.445275,-1.143611,None,71.38164,,None,-1,-1,-1,574.2039,335.755,16.53773,TRUE,None,None,,,,,
71.6,id,-1.644586,1.445893,-1.144072,None,71.48185,,None,-1,-1,-1,571.9516,335.6995,16.39521,TRUE,None,None,,,,,
71.7,id,-1.644374,1.446537,-1.144759,None,71.58166,,None,-1,-1,-1,573.9071,335.6701,16.23364,TRUE,None,None,,,,,
71.8,id,-1.643732,1.447073,-1.14534,None,71.68156,,None,-1,-1,-1,570.9647,335.7368,16.08389,TRUE,None,None,,,,,
71.9,id,-1.642949,1.448204,-1.146078,None,71.78165,,None,-1,-1,-1,566.06,335.7781,15.8023,TRUE,None,None,,,,,
72,id,-1.642375,1.449041,-1.146765,None,71.88153,,None,-1,-1,-1,564.5911,335.726,15.60014,TRUE,None,None,,,,,
72.1,id,-1.641777,1.449772,-1.147165,None,71.98166,,None,-1,-1,-1,560.2513,335.7175,15.39559,TRUE,None,None,,,,,
72.2,id,-1.641222,1.450356,-1.147501,None,72.08181,,None,-1,-1,-1,558.5131,335.7229,15.25291,TRUE,None,None,,,,,
72.3,id,-1.640769,1.450408,-1.147727,None,72.1815,,None,-1,-1,-1,559.6485,335.7807,15.19459,TRUE,None,None,,,,,
72.4,id,-1.640607,1.450382,-1.147705,None,72.28684,,None,-1,-1,-1,528.465,335.8488,15.19416,TRUE,None,None,,,,,
72.5,id,-1.640963,1.449304,-1.147451,None,72.38701,,None,-1,-1,-1,557.8125,335.883,15.43414,TRUE,None,None,,,,,
72.6,id,-1.641668,1.448389,-1.147204,None,72.48697,,None,-1,-1,-1,563.1954,335.8352,15.67129,TRUE,None,None,,,,,
72.7,id,-1.642328,1.447977,-1.147014,None,72.58695,,None,-1,-1,-1,565.877,335.7901,15.7747,TRUE,None,None,,,,,
72.8,id,-1.642822,1.447588,-1.146766,None,72.68719,,None,-1,-1,-1,566.1743,335.7779,15.89291,TRUE,None,None,,,,,
72.9,id,-1.64302,1.447109,-1.146324,None,72.78719,,None,-1,-1,-1,567.1337,335.8402,16.00781,TRUE,None,None,,,,,
73,id,-1.64309,1.44673,-1.145998,None,72.88705,,None,-1,-1,-1,567.4579,335.9114,16.12384,TRUE,None,None,,,,,
73.1,id,-1.643414,1.446342,-1.145876,None,72.98748,,None,-1,-1,-1,564.8705,335.9131,16.19304,TRUE,None,None,,,,,
73.2,id,-1.643877,1.446149,-1.145851,None,73.08732,,None,-1,-1,-1,569.7241,335.8707,16.25805,TRUE,None,None,,,,,
73.3,id,-1.644548,1.445806,-1.146052,None,73.18719,,None,-1,-1,-1,572.9955,335.7548,16.34274,TRUE,None,None,,,,,
73.4,id,-1.644989,1.445639,-1.146107,None,73.287,,None,-1,-1,-1,574.73,335.7085,16.37888,TRUE,None,None,,,,,
73.5,id,-1.645204,1.445441,-1.146053,None,73.38694,,None,-1,-1,-1,574.4502,335.7136,16.41573,TRUE,None,None,,,,,
73.6,id,-1.644994,1.445586,-1.146039,None,73.48702,,None,-1,-1,-1,572.1895,335.7875,16.41004,TRUE,None,None,,,,,
73.7,id,-1.645087,1.445535,-1.145934,None,73.58697,,None,-1,-1,-1,572.5663,335.8034,16.39804,TRUE,None,None,,,,,
73.8,id,-1.64515,1.44525,-1.14591,None,73.6869,,None,-1,-1,-1,574.0805,335.7966,16.48762,TRUE,None,None,,,,,
73.9,id,-1.645475,1.44519,-1.146043,None,73.7868,,None,-1,-1,-1,575.3439,335.7014,16.47071,TRUE,None,None,,,,,
74,id,-1.645531,1.445216,-1.145955,None,73.88713,,None,-1,-1,-1,572.9533,335.7072,16.49345,TRUE,None,None,,,,,
74.1,id,-1.645557,1.445131,-1.145976,None,73.97636,,None,-1,-1,-1,644.7447,335.6996,16.52069,TRUE,None,None,,,,,
74.2,id,-1.645484,1.445251,-1.145952,None,74.08687,,None,-1,-1,-1,520.037,335.7253,16.5131,TRUE,None,None,,,,,
74.3,id,-1.645602,1.445102,-1.145909,None,74.18699,,None,-1,-1,-1,573.6921,335.75,16.52629,TRUE,None,None,,,,,
74.4,id,-1.645784,1.445002,-1.145902,None,74.28706,,None,-1,-1,-1,574.6949,335.7658,16.58824,TRUE,None,None,,,,,
74.5,id,-1.646238,1.445151,-1.146171,None,74.38697,,None,-1,-1,-1,575.9721,335.6576,16.54379,TRUE,None,None,,,,,
74.6,id,-1.646532,1.445962,-1.146536,None,74.48717,,None,-1,-1,-1,573.7406,335.5792,16.3653,TRUE,None,None,,,,,
74.7,id,-1.646212,1.44649,-1.146655,None,74.58707,,None,-1,-1,-1,573.0844,335.6827,16.24297,TRUE,None,None,,,,,
74.8,id,-1.646032,1.447027,-1.146939,None,74.68732,,None,-1,-1,-1,570.0847,335.7005,16.13416,TRUE,None,None,,,,,
74.9,id,-1.646288,1.447931,-1.147732,None,74.78717,,None,-1,-1,-1,573.0023,335.5385,15.9483,TRUE,None,None,,,,,
75,id,-1.646692,1.448463,-1.148417,None,74.88699,,None,-1,-1,-1,574.0297,335.3293,15.83017,TRUE,None,None,,,,,
75.1,id,-1.646794,1.448699,-1.14896,None,74.98727,,None,-1,-1,-1,570.5554,335.3235,15.73376,TRUE,None,None,,,,,
75.2,id,-1.646747,1.449162,-1.14955,None,75.08219,,None,-1,-1,-1,602.0344,335.3037,15.6225,TRUE,None,None,,,,,
75.3,id,-1.646452,1.449409,-1.149909,None,75.18158,,None,-1,-1,-1,572.8793,335.3974,15.53673,TRUE,None,None,,,,,
75.4,id,-1.646182,1.449263,-1.15009,None,75.28154,,None,-1,-1,-1,569.2121,335.4295,15.58383,TRUE,None,None,,,,,
75.5,id,-1.64616,1.448577,-1.150248,None,75.38158,,None,-1,-1,-1,570.9921,335.3528,15.67866,TRUE,None,None,,,,,
75.6,id,-1.645858,1.447622,-1.150053,None,75.48152,,None,-1,-1,-1,575.2169,335.3468,15.92422,TRUE,None,None,,,,,
75.7,id,-1.645589,1.446911,-1.149812,None,75.58165,,None,-1,-1,-1,576.1428,335.3676,16.05432,TRUE,None,None,,,,,
75.8,id,-1.64506,1.446629,-1.149644,None,75.68153,,None,-1,-1,-1,577.5864,335.3965,16.13463,TRUE,None,None,,,,,
75.9,id,-1.6448,1.446502,-1.149519,None,75.78144,,None,-1,-1,-1,577.3768,335.3706,16.14145,TRUE,None,None,,,,,
76,id,-1.644356,1.446129,-1.149173,None,75.88165,,None,-1,-1,-1,574.3296,335.4689,16.2425,TRUE,None,None,,,,,
76.1,id,-1.644619,1.445847,-1.149068,None,75.98223,,None,-1,-1,-1,573.5901,335.4172,16.29646,TRUE,None,None,,,,,
76.2,id,-1.644833,1.445678,-1.148879,None,76.08163,,None,-1,-1,-1,581.1159,335.4385,16.36296,TRUE,None,None,,,,,
76.3,id,-1.645516,1.445493,-1.148915,None,76.18188,,None,-1,-1,-1,578.7798,335.3307,16.40739,TRUE,None,None,,,,,
76.4,id,-1.645691,1.445433,-1.148731,None,76.28462,,None,-1,-1,-1,564.6083,335.355,16.44328,TRUE,None,None,,,,,
76.5,id,-1.645949,1.445271,-1.148661,None,76.38195,,None,-1,-1,-1,596.2986,335.3618,16.46668,TRUE,None,None,,,,,
76.6,id,-1.645937,1.445169,-1.148514,None,76.48167,,None,-1,-1,-1,580.6997,335.4515,16.50194,TRUE,None,None,,,,,
76.7,id,-1.646461,1.445078,-1.148542,None,76.58175,,None,-1,-1,-1,579.2195,335.4151,16.51426,TRUE,None,None,,,,,
76.8,id,-1.647327,1.444921,-1.148689,None,76.68147,,None,-1,-1,-1,583.6403,335.3204,16.5829,TRUE,None,None,,,,,
76.9,id,-1.648231,1.444794,-1.148944,None,76.78176,,None,-1,-1,-1,581.5901,335.2596,16.57495,TRUE,None,None,,,,,
77,id,-1.648763,1.444973,-1.14923,None,76.88155,,None,-1,-1,-1,584.947,335.2504,16.55449,TRUE,None,None,,,,,
77.1,id,-1.649094,1.445074,-1.14948,None,76.98191,,None,-1,-1,-1,581.572,335.2771,16.52295,TRUE,None,None,,,,,
77.2,id,-1.649261,1.445379,-1.149726,None,77.08148,,None,-1,-1,-1,584.8511,335.3152,16.44044,TRUE,None,None,,,,,
77.3,id,-1.650104,1.44585,-1.150376,None,77.18172,,None,-1,-1,-1,582.5781,335.1281,16.33504,TRUE,None,None,,,,,
77.4,id,-1.650838,1.446219,-1.150919,None,77.28152,,None,-1,-1,-1,585.9253,334.9901,16.26518,TRUE,None,None,,,,,
77.5,id,-1.651392,1.446513,-1.151302,None,77.38165,,None,-1,-1,-1,583.9562,334.9629,16.1868,TRUE,None,None,,,,,
77.6,id,-1.65165,1.446976,-1.151444,None,77.48156,,None,-1,-1,-1,583.4166,335.0179,16.08609,TRUE,None,None,,,,,
77.7,id,-1.651931,1.447308,-1.151612,None,77.58172,,None,-1,-1,-1,581.5656,335.0266,16.01036,TRUE,None,None,,,,,
77.8,id,-1.652484,1.447573,-1.151728,None,77.68193,,None,-1,-1,-1,581.8544,334.9789,15.96565,TRUE,None,None,,,,,
77.9,id,-1.653209,1.447521,-1.151707,None,77.78169,,None,-1,-1,-1,585.1529,334.9329,15.96921,TRUE,None,None,,,,,
78,id,-1.65347,1.44707,-1.151334,None,77.88158,,None,-1,-1,-1,585.6353,335.0142,16.10526,TRUE,None,None,,,,,
78.1,id,-1.653842,1.446421,-1.150848,None,77.98209,,None,-1,-1,-1,583.3265,335.072,16.2287,TRUE,None,None,,,,,
78.2,id,-1.65436,1.44592,-1.150637,None,78.0817,,None,-1,-1,-1,590.682,335.0717,16.37369,TRUE,None,None,,,,,
78.3,id,-1.655059,1.445587,-1.150555,None,78.18163,,None,-1,-1,-1,590.8727,335.0037,16.46009,TRUE,None,None,,,,,
78.4,id,-1.655416,1.4451,-1.150349,None,78.28643,,None,-1,-1,-1,563.6299,335.0467,16.58879,TRUE,None,None,,,,,
78.5,id,-1.656392,1.444891,-1.150489,None,78.3864,,None,-1,-1,-1,591.9303,334.9961,16.62044,TRUE,None,None,,,,,
78.6,id,-1.657779,1.444924,-1.150884,None,78.4865,,None,-1,-1,-1,592.5137,334.9266,16.63154,TRUE,None,None,,,,,
78.7,id,-1.660101,1.444844,-1.151867,None,78.5864,,None,-1,-1,-1,598.345,334.7039,16.6518,TRUE,None,None,,,,,
78.8,id,-1.663322,1.444633,-1.153136,None,78.68665,,None,-1,-1,-1,604.8078,334.4192,16.71197,TRUE,None,None,,,,,
78.9,id,-1.665709,1.444795,-1.154138,None,78.78648,,None,-1,-1,-1,610.3308,334.3377,16.71461,TRUE,None,None,,,,,
79,id,-1.667318,1.445048,-1.154657,None,78.88642,,None,-1,-1,-1,608.3089,334.3863,16.65858,TRUE,None,None,,,,,
79.1,id,-1.671839,1.444322,-1.156315,None,78.98677,,None,-1,-1,-1,611.4256,334.0404,16.7091,TRUE,None,None,,,,,
79.2,id,-1.684206,1.443994,-1.162359,None,79.08672,,None,-1,-1,-1,637.8594,332.0514,16.6786,TRUE,None,None,,,,,
79.3,id,-1.705664,1.445678,-1.174304,None,79.1783,,None,-1,-1,-1,755.0073,327.7783,16.15782,TRUE,None,None,,,,,
79.4,id,-1.73566,1.447763,-1.194684,None,79.27807,,None,-1,-1,-1,810.1959,321.6443,15.48194,TRUE,None,None,,,,,
79.5,id,-1.766766,1.450738,-1.218724,None,79.37808,,None,-1,-1,-1,923.7197,315.3866,14.60503,TRUE,None,None,,,,,
79.6,id,-1.799992,1.455956,-1.24748,None,79.47802,,None,-1,-1,-1,1019.15,308.4699,13.17258,TRUE,None,None,,,,,
79.7,id,-1.830094,1.46373,-1.277465,None,79.57809,,None,-1,-1,-1,1115.574,301.4359,11.10785,TRUE,None,None,,,,,
79.8,id,-1.860791,1.466973,-1.312093,None,79.67815,,None,-1,-1,-1,1253.824,294.0341,10.06354,TRUE,None,None,,,,,
79.9,id,-1.887133,1.465108,-1.344912,None,79.77811,,None,-1,-1,-1,1348.412,287.2827,9.804539,TRUE,None,None,,,,,
80,id,-1.908267,1.464952,-1.366489,None,79.878,,None,-1,-1,-1,1397.526,283.4303,9.660843,TRUE,None,None,,,,,
80.1,id,-1.921575,1.472092,-1.381786,None,79.97804,,None,-1,-1,-1,1426.059,281.598,7.10337,TRUE,None,None,,,,,
80.2,id,-1.931568,1.475921,-1.389121,None,80.07787,,None,-1,-1,-1,1426.739,281.1459,5.490824,TRUE,None,None,,,,,
80.3,id,-1.934667,1.481619,-1.383886,None,80.17794,,None,-1,-1,-1,1386.037,284.8177,3.650579,TRUE,None,None,,,,,
80.4,id,-1.937488,1.487096,-1.374461,None,80.27814,,None,-1,-1,-1,1306.891,289.1769,1.888252,TRUE,None,None,,,,,
80.5,id,-1.944758,1.48603,-1.3714,None,80.37787,,None,-1,-1,-1,1304.761,290.0459,1.863922,TRUE,None,None,,,,,
80.6,id,-1.956462,1.48184,-1.371272,None,80.47797,,None,-1,-1,-1,1318.98,289.3911,2.61501,TRUE,None,None,,,,,
80.7,id,-1.964786,1.478494,-1.371531,None,80.57781,,None,-1,-1,-1,1331.437,288.6728,3.132791,TRUE,None,None,,,,,
80.8,id,-1.969038,1.477102,-1.368547,None,80.6781,,None,-1,-1,-1,1315.748,289.4014,3.06956,TRUE,None,None,,,,,
80.9,id,-1.972342,1.477147,-1.367585,None,80.77807,,None,-1,-1,-1,1309.881,289.7665,2.662675,TRUE,None,None,,,,,
81,id,-1.973607,1.477779,-1.36712,None,80.87823,,None,-1,-1,-1,1303.955,290.1087,2.230498,TRUE,None,None,,,,,
81.1,id,-1.974317,1.479607,-1.366052,None,80.98178,,None,-1,-1,-1,1240.987,291.1299,1.174776,TRUE,None,None,,,,,
81.2,id,-1.971725,1.479318,-1.363456,None,81.08154,,None,-1,-1,-1,1263.254,292.9613,1.338554,TRUE,None,None,,,,,
81.3,id,-1.969181,1.478686,-1.359472,None,81.18163,,None,-1,-1,-1,1235.506,294.4952,0.9707649,TRUE,None,None,,,,,
81.4,id,-1.964834,1.476171,-1.348802,None,81.28178,,None,-1,-1,-1,1184.936,297.8385,1.630449,TRUE,None,None,,,,,
81.5,id,-1.956855,1.473088,-1.337216,None,81.38158,,None,-1,-1,-1,1125.677,301.315,2.266225,TRUE,None,None,,,,,
81.6,id,-1.953245,1.470071,-1.328776,None,81.48147,,None,4.621585,-1,1.810793,945.7793,302.8843,3.28723,TRUE,None,None,,,,,
81.7,id,-1.953383,1.468488,-1.323976,None,81.58175,,None,4.621585,-1,1.810793,580.9413,302.8996,3.54491,TRUE,None,None,,,,,
81.8,id,-1.953661,1.46695,-1.319839,None,81.68137,,None,4.621585,-1,1.810793,854.3815,303.1767,3.766431,TRUE,None,None,,,,,
81.9,id,-1.954193,1.466307,-1.317758,None,81.78179,,None,4.621585,-1,1.810793,546.6808,303.1807,3.969311,TRUE,None,None,,,,,
82,id,-1.956865,1.466576,-1.31764,None,81.88152,,None,4.621585,-1,1.810793,561.0228,302.6101,3.93947,TRUE,None,None,,,,,
82.1,id,-1.959467,1.466575,-1.317696,None,81.98156,,None,4.922801,-1,1.961401,880.4371,302.0751,3.806528,TRUE,None,None,,,,,
82.2,id,-1.964679,1.46933,-1.319985,None,82.08144,,None,4.714649,-1,1.857325,553.2493,301.1339,2.79588,TRUE,None,None,,,,,
82.3,id,-1.972354,1.47211,-1.325495,None,82.18171,,None,-1,-1,-1,615.6381,299.6977,1.67776,TRUE,None,None,,,,,
82.4,id,-1.975601,1.476858,-1.332106,None,82.28162,,None,-1,-1,-1,995.6913,299.3248,359.7419,TRUE,None,None,,,,,
82.5,id,-1.976402,1.48027,-1.340769,None,82.38165,,None,-1,-1,-1,1005.135,298.9433,358.9205,TRUE,None,None,,,,,
82.6,id,-1.979379,1.481774,-1.34582,None,82.48157,,None,-1,-1,-1,1012.188,298.4932,357.9617,TRUE,None,None,,,,,
82.7,id,-1.977019,1.483287,-1.345017,None,82.58168,,None,-1,-1,-1,982.7405,300.2823,357.1093,TRUE,None,None,,,,,
82.8,id,-1.974746,1.484052,-1.340843,None,82.68165,,None,-1,-1,-1,972.4833,302.9491,356.1653,TRUE,None,None,,,,,
82.9,id,-1.976553,1.485522,-1.340553,None,82.78162,,None,-1,-1,-1,957.4973,303.9842,355.3654,TRUE,None,None,,,,,
83,id,-1.976846,1.486015,-1.338347,None,82.88139,,None,-1,-1,-1,941.6029,305.1183,355.1093,TRUE,None,None,,,,,
83.1,id,-1.9758,1.486154,-1.333746,None,82.98177,,None,-1,-1,-1,912.8776,306.5661,354.6654,TRUE,None,None,,,,,
83.2,id,-1.975757,1.485626,-1.329068,None,83.08151,,None,-1,-1,-1,900.3987,307.7518,354.5988,TRUE,None,None,,,,,
83.3,id,-1.978392,1.485689,-1.325723,None,83.18155,,None,-1,-1,-1,888.1177,308.2263,354.3755,TRUE,None,None,,,,,
83.4,id,-1.980794,1.485475,-1.323399,None,83.28146,,None,-1,-1,-1,888.5892,308.4002,354.3503,TRUE,None,None,,,,,
83.5,id,-1.981713,1.485597,-1.320875,None,83.3812,,None,-1,-1,-1,885.872,308.751,354.2769,TRUE,None,None,,,,,
83.6,id,-1.982286,1.485002,-1.318607,None,83.48126,,None,-1,-1,-1,875.6176,309.2162,354.2164,TRUE,None,None,,,,,
83.7,id,-1.979986,1.484858,-1.315293,None,83.58109,,None,-1,-1,-1,867.736,310.1584,354.3208,TRUE,None,None,,,,,
83.8,id,-1.978569,1.483479,-1.312188,None,83.6812,,None,-1,-1,-1,850.2836,311.0416,354.4846,TRUE,None,None,,,,,
83.9,id,-1.977874,1.484096,-1.311263,None,83.7812,,None,-1,-1,-1,849.7755,311.16,354.4485,TRUE,None,None,,,,,
84,id,-1.978685,1.484172,-1.312148,None,83.88117,,None,-1,-1,-1,853.5548,310.9211,354.4171,TRUE,None,None,,,,,
84.1,id,-1.978085,1.484838,-1.312213,None,83.98139,,None,-1,-1,-1,850.3512,310.8864,354.3552,TRUE,None,None,,,,,
84.2,id,-1.978105,1.484572,-1.312012,None,84.08135,,None,-1,-1,-1,852.0604,310.9816,354.2927,TRUE,None,None,,,,,
84.3,id,-1.977254,1.484845,-1.310999,None,84.1814,,None,-1,-1,-1,847.9119,311.2008,354.2912,TRUE,None,None,,,,,
84.4,id,-1.977566,1.484233,-1.311172,None,84.28146,,None,-1,-1,-1,845.0878,311.3576,354.2627,TRUE,None,None,,,,,
84.5,id,-1.977206,1.485138,-1.310549,None,84.38125,,None,-1,-1,-1,849.6243,311.2626,354.2036,TRUE,None,None,,,,,
84.6,id,-1.977317,1.485398,-1.309846,None,84.48117,,None,-1,-1,-1,848.7476,311.2476,354.212,TRUE,None,None,,,,,
84.7,id,-1.97769,1.484761,-1.309602,None,84.58134,,None,-1,-1,-1,845.4579,311.3426,354.2379,TRUE,None,None,,,,,
84.8,id,-1.978009,1.484178,-1.309395,None,84.68121,,None,-1,-1,-1,846.6771,311.4212,354.252,TRUE,None,None,,,,,
84.9,id,-1.978052,1.483978,-1.308777,None,84.78121,,None,-1,-1,-1,844.0473,311.4005,354.3181,TRUE,None,None,,,,,
85,id,-1.977873,1.483413,-1.308518,None,84.88111,,None,-1,-1,-1,842.2668,311.5381,354.3705,TRUE,None,None,,,,,
85.1,id,-1.978222,1.483182,-1.308607,None,84.98131,,None,-1,-1,-1,842.6794,311.3917,354.4022,TRUE,None,None,,,,,
85.2,id,-1.978008,1.483014,-1.307511,None,85.08112,,None,-1,-1,-1,843.7393,311.5089,354.4804,TRUE,None,None,,,,,
85.3,id,-1.977925,1.482476,-1.307607,None,85.18121,,None,-1,-1,-1,840.2831,311.4965,354.5677,TRUE,None,None,,,,,
85.4,id,-1.977621,1.482583,-1.306768,None,85.28117,,None,-1,-1,-1,843.5478,311.4215,354.595,TRUE,None,None,,,,,
85.5,id,-1.977616,1.482134,-1.306662,None,85.38111,,None,-1,-1,-1,844.2803,311.4324,354.6352,TRUE,None,None,,,,,
85.6,id,-1.977511,1.482281,-1.305576,None,85.48137,,None,-1,-1,-1,837.9268,311.6167,354.5586,TRUE,None,None,,,,,
85.7,id,-1.978668,1.482659,-1.307243,None,85.58146,,None,-1,-1,-1,842.3982,311.5421,354.3468,TRUE,None,None,,,,,
85.8,id,-1.980033,1.483874,-1.311,None,85.68131,,None,-1,-1,-1,847.5361,311.2402,353.9362,TRUE,None,None,,,,,
85.9,id,-1.979016,1.485514,-1.314007,None,85.78177,,None,-1,-1,-1,852.96,311.0336,354.2149,TRUE,None,None,,,,,
86,id,-1.980396,1.485416,-1.31563,None,85.88167,,None,-1,-1,-1,863.8754,310.4756,354.0456,TRUE,None,None,,,,,
86.1,id,-1.981466,1.484678,-1.310794,None,85.98183,,None,-1,-1,-1,865.1582,310.3144,354.2799,TRUE,None,None,,,,,
86.2,id,-1.971184,1.479941,-1.301895,None,86.08117,,None,-1,-1,-1,879.3665,311.3372,356.6095,TRUE,None,None,,,,,
86.3,id,-1.957005,1.472842,-1.289236,None,86.18137,,None,-1,-1,-1,855.1978,311.4803,359.8134,TRUE,None,None,,,,,
86.4,id,-1.933233,1.457881,-1.271431,None,86.28129,,None,-1,-1,-1,773.421,312.9821,4.941442,TRUE,None,None,,,,,
86.5,id,-1.905902,1.44201,-1.251479,None,86.38128,,None,-1,-1,-1,794.4927,314.2293,9.935995,TRUE,None,None,,,,,
86.6,id,-1.884875,1.436817,-1.240114,None,86.48113,,None,-1,-1,-1,825.8408,314.6717,12.25284,TRUE,None,None,,,,,
86.7,id,-1.869972,1.437353,-1.233865,None,86.58127,,None,-1,-1,-1,838.2986,313.1607,12.8566,TRUE,None,None,,,,,
86.8,id,-1.854404,1.439567,-1.230654,None,86.68106,,None,-1,-1,-1,862.6034,311.8844,13.24708,TRUE,None,None,,,,,
86.9,id,-1.840062,1.439296,-1.226127,None,86.78121,,None,-1,-1,-1,882.9377,310.8341,13.93969,TRUE,None,None,,,,,
87,id,-1.82628,1.437739,-1.223118,None,86.88116,,None,-1,-1,-1,896.1297,310.1591,14.40358,TRUE,None,None,,,,,
87.1,id,-1.813071,1.439284,-1.216779,None,86.98167,,None,-1,-1,-1,882.9564,310.4224,14.37043,TRUE,None,None,,,,,
87.2,id,-1.797439,1.441319,-1.207094,None,87.08116,,None,-1,-1,-1,862.658,312.0589,14.13948,TRUE,None,None,,,,,
87.3,id,-1.782407,1.443384,-1.194757,None,87.18111,,None,-1,-1,-1,832.9172,313.8098,13.82956,TRUE,None,None,,,,,
87.4,id,-1.771313,1.437325,-1.184616,None,87.28119,,None,-1,-1,-1,816.2616,315.3401,15.12852,TRUE,None,None,,,,,
87.5,id,-1.768138,1.432783,-1.178494,None,87.38121,,None,-1,-1,-1,804.8668,315.9138,16.09261,TRUE,None,None,,,,,
87.6,id,-1.766628,1.430811,-1.176315,None,87.48135,,None,-1,-1,-1,802.1461,316.1566,17.01686,TRUE,None,None,,,,,
87.7,id,-1.766883,1.433559,-1.175356,None,87.58138,,None,-1,-1,-1,816.0926,314.5721,17.10918,TRUE,None,None,,,,,
87.8,id,-1.762124,1.438045,-1.169593,None,87.68135,,None,-1,-1,-1,782.2328,314.8531,16.27016,TRUE,None,None,,,,,
87.9,id,-1.754844,1.440398,-1.161206,None,87.78141,,None,-1,-1,-1,742.5816,317.2542,15.8944,TRUE,None,None,,,,,
88,id,-1.749562,1.440601,-1.155001,None,87.88165,,None,-1,-1,-1,725.1066,319.0638,16.28274,TRUE,None,None,,,,,
88.1,id,-1.748294,1.441911,-1.15225,None,87.98139,,None,-1,-1,-1,717.5723,319.5625,16.13729,TRUE,None,None,,,,,
88.2,id,-1.750065,1.44681,-1.152662,None,88.0814,,None,-1,-1,-1,716.8467,318.7504,15.32382,TRUE,None,None,,,,,
88.3,id,-1.750352,1.451071,-1.152755,None,88.18129,,None,-1,-1,-1,734.6215,318.2018,14.24904,TRUE,None,None,,,,,
88.4,id,-1.745389,1.45161,-1.15271,None,88.28124,,None,-1,-1,-1,723.1586,318.7037,14.19786,TRUE,None,None,,,,,
88.5,id,-1.742021,1.452837,-1.153617,None,88.38125,,None,-1,-1,-1,711.2109,319.1027,13.73212,TRUE,None,None,,,,,
88.6,id,-1.738298,1.454232,-1.155067,None,88.48123,,None,-1,-1,-1,704.803,319.5092,13.29516,TRUE,None,None,,,,,
88.7,id,-1.733558,1.455691,-1.153857,None,88.58123,,None,-1,-1,-1,688.9045,320.5072,12.91625,TRUE,None,None,,,,,
88.8,id,-1.729462,1.454441,-1.152764,None,88.6815,,None,-1,-1,-1,676.0295,321.5351,13.14444,TRUE,None,None,,,,,
88.9,id,-1.727467,1.454076,-1.152848,None,88.782,,None,-1,-1,-1,667.7287,322.2086,13.25513,TRUE,None,None,,,,,
89,id,-1.733186,1.455993,-1.158283,None,88.88605,,None,-1,-1,-1,658.8641,320.3931,12.83479,TRUE,None,None,,,,,
89.1,id,-1.736626,1.455553,-1.161999,None,88.98656,,None,-1,-1,-1,702.4959,319.1904,12.85462,TRUE,None,None,,,,,
89.2,id,-1.738956,1.455513,-1.164439,None,89.078,,None,-1,-1,-1,788.1903,318.3511,12.85102,TRUE,None,None,,,,,
89.3,id,-1.74018,1.454494,-1.165071,None,89.18638,,None,-1,-1,-1,658.904,318.3657,13.13413,TRUE,None,None,,,,,
89.4,id,-1.741071,1.451226,-1.164247,None,89.28678,,None,-1,-1,-1,725.3906,318.5769,14.18102,TRUE,None,None,,,,,
89.5,id,-1.742848,1.450579,-1.16121,None,89.38638,,None,-1,-1,-1,714.761,318.851,14.18601,TRUE,None,None,,,,,
89.6,id,-1.744101,1.451901,-1.157921,None,89.48669,,None,-1,-1,-1,718.0412,319.0922,13.9194,TRUE,None,None,,,,,
89.7,id,-1.743686,1.45457,-1.15276,None,89.57902,,None,-1,-1,-1,767.3715,320.5127,13.04264,TRUE,None,None,,,,,
89.8,id,-1.745046,1.455579,-1.151723,None,89.67892,,None,-1,-1,-1,706.9269,320.3063,12.79807,TRUE,None,None,,,,,
89.9,id,-1.745708,1.455149,-1.146641,None,89.77889,,None,-1,-1,-1,696.8097,321.1619,12.93823,TRUE,None,None,,,,,
90,id,-1.745019,1.454467,-1.143652,None,89.88416,,None,-1,-1,-1,657.7802,321.5153,12.66567,TRUE,None,None,,,,,
90.1,id,-1.740005,1.447717,-1.141077,None,89.98452,,None,-1,-1,-1,656.6207,322.956,14.80455,TRUE,None,None,,,,,
90.2,id,-1.737789,1.445405,-1.141865,None,90.08421,,None,-1,-1,-1,692.397,321.6945,15.9238,TRUE,None,None,,,,,
90.3,id,-1.73836,1.453725,-1.143557,None,90.18405,,None,-1,-1,-1,668.3073,320.4501,13.44512,TRUE,None,None,,,,,
90.4,id,-1.728867,1.46225,-1.139783,None,90.28423,,None,-1,-1,-1,644.3354,322.5516,11.52279,TRUE,None,None,,,,,
90.5,id,-1.719409,1.47466,-1.135063,None,90.38411,,None,-1,-1,-1,608.9814,325.092,8.43649,TRUE,None,None,,,,,
90.6,id,-1.698702,1.477111,-1.125335,None,90.48409,,None,-1,-1,-1,480.7151,331.8811,7.382919,TRUE,None,None,,,,,
90.7,id,-1.691017,1.471607,-1.121482,None,90.58417,,None,-1,-1,-1,471.0297,335.2487,8.706955,TRUE,None,None,,,,,
90.8,id,-1.695184,1.471603,-1.12653,None,90.68404,,None,-1,-1,-1,474.369,333.5316,8.198588,TRUE,None,None,,,,,
90.9,id,-1.698715,1.484536,-1.132449,None,90.78416,,None,-1,-1,-1,523.0127,329.3975,5.018829,TRUE,None,None,,,,,
91,id,-1.689381,1.493738,-1.130988,None,90.88421,,None,-1,-1,-1,511.6562,331.5103,2.910082,TRUE,None,None,,,,,
91.1,id,-1.683309,1.490655,-1.128982,None,90.98575,,None,-1,-1,-1,411.4117,334.4601,3.260462,TRUE,None,None,,,,,
91.2,id,-1.686919,1.488116,-1.132393,None,91.08517,,None,-1,-1,-1,429.8138,333.9218,4.03081,TRUE,None,None,,,,,
91.3,id,-1.698166,1.484222,-1.137465,None,91.18499,,None,-1,-1,-1,470.8138,332.0338,5.118792,TRUE,None,None,,,,,
91.4,id,-1.705122,1.480915,-1.138899,None,91.28517,,None,-1,-1,-1,491.1411,330.6941,5.619748,TRUE,None,None,,,,,
91.5,id,-1.70765,1.47987,-1.138342,None,91.38515,,None,-1,-1,-1,523.1,329.6425,6.170463,TRUE,None,None,,,,,
91.6,id,-1.708994,1.484286,-1.138207,None,91.48507,,None,-1,-1,-1,539.5826,329.4659,5.930169,TRUE,None,None,,,,,
91.7,id,-1.72481,1.493744,-1.1451,None,91.57625,,None,-1,-1,-1,652.4904,325.9899,3.763791,TRUE,None,None,,,,,
91.8,id,-1.73298,1.520018,-1.143627,None,91.68511,,None,-1,-1,-1,527.8105,325.3973,1.366894,TRUE,None,None,,,,,
91.9,id,-1.730783,1.545755,-1.134409,None,91.78508,,None,-1,-1,-1,510.8164,326.299,357.9199,TRUE,None,None,,,,,
92,id,-1.732609,1.572463,-1.133279,None,91.88508,,None,-1,-1,-1,602.6512,325.4985,354.7928,TRUE,None,None,,,,,
92.1,id,-1.743214,1.596634,-1.135023,None,91.98695,,None,-1,-1,-1,677.4897,323.7827,354.8195,TRUE,None,None,,,,,
92.2,id,-1.753561,1.608906,-1.139592,None,92.08529,,None,-1,-1,-1,713.5758,322.0874,355.6368,TRUE,None,None,,,,,
92.3,id,-1.755185,1.619782,-1.143835,None,92.1852,,None,-1,-1,-1,717.4069,323.3369,357.4342,TRUE,None,None,,,,,
92.4,id,-1.752706,1.621192,-1.137127,None,92.28503,,None,-1,-1,-1,824.1003,324.8451,2.530656,TRUE,None,None,,,,,
92.5,id,-1.753764,1.607719,-1.122949,None,92.38507,,None,-1,-1,-1,790.5057,328.3772,9.748288,TRUE,None,None,,,,,
92.6,id,-1.757413,1.572631,-1.099999,None,92.48547,,None,-1,-1,-1,801.9965,331.9115,17.48734,TRUE,None,None,,,,,
92.7,id,-1.751253,1.505645,-1.071617,None,92.58521,,None,-1,-1,-1,1058.811,341.0478,26.09423,TRUE,None,None,,,,,
92.8,id,-1.734082,1.419381,-1.044334,None,92.68512,,None,-1,-1,-1,1051.382,355.0931,34.49796,TRUE,None,None,,,,,
92.9,id,-1.710391,1.323879,-1.023215,None,92.78523,,None,-1,-1,-1,1094.106,8.899236,38.65678,TRUE,None,None,,,,,
93,id,-1.683724,1.226081,-1.01376,None,92.88521,,None,-1,-1,-1,1030.465,18.98842,41.10118,TRUE,None,None,,,,,
93.1,id,-1.64709,1.136415,-1.021897,None,92.98559,,None,-1,-1,-1,984.6051,27.1125,43.0457,TRUE,None,None,,,,,
93.2,id,-1.601986,1.059278,-1.049314,None,93.08535,,None,-1,-1,-1,845.3896,39.07768,43.95547,TRUE,None,None,,,,,
93.3,id,-1.561635,1.010923,-1.071881,None,93.18508,,None,-1,-1,-1,679.1495,49.58688,40.67974,TRUE,None,None,,,,,
93.4,id,-1.539936,0.9693292,-1.084149,None,93.285,,None,-1,-1,-1,617.3494,53.71153,38.87629,TRUE,None,None,,,,,
93.5,id,-1.529794,0.9569153,-1.085007,None,93.37946,,None,-1,-1,-1,516.3227,59.36144,34.30634,TRUE,None,None,,,,,
93.6,id,-1.532816,0.9647428,-1.078345,None,93.47964,,None,-1,-1,-1,346.259,59.20468,26.77372,TRUE,None,None,,,,,
93.7,id,-1.533792,0.9631752,-1.079159,None,93.5795,,None,-1,-1,-1,245.3831,60.12004,21.86509,TRUE,None,None,,,,,
93.8,id,-1.531684,0.9635113,-1.078082,None,93.67955,,None,-1,-1,-1,148.6858,61.51783,17.43039,TRUE,None,None,,,,,
93.9,id,-1.529393,0.9625371,-1.076594,None,93.77935,,None,-1,-1,-1,64.31396,60.9789,16.45062,TRUE,None,None,,,,,
94,id,-1.536726,0.9651281,-1.071383,None,93.87954,,None,-1,-1,-1,8.830312,59.585,13.54379,TRUE,None,None,,,,,
94.1,id,-1.544359,0.9635182,-1.066851,None,93.97976,,None,-1,-1,-1,80.63931,58.12066,11.87096,TRUE,None,None,,,,,
94.2,id,-1.549383,0.9700711,-1.063858,None,94.07944,,None,-1,-1,-1,154.222,56.67089,9.246725,TRUE,None,None,,,,,
94.3,id,-1.554432,0.9794232,-1.058894,None,94.17962,,None,-1,-1,-1,250.754,54.80315,5.067707,TRUE,None,None,,,,,
94.4,id,-1.558949,0.9800146,-1.05314,None,94.2796,,None,-1,-1,-1,323.2623,53.46822,3.879871,TRUE,None,None,,,,,
94.5,id,-1.561904,0.9789882,-1.055994,None,94.37952,,None,-1,-1,-1,331.6193,54.17844,3.034971,TRUE,None,None,,,,,
94.6,id,-1.563471,0.9759858,-1.060673,None,94.47977,,None,-1,-1,-1,323.1865,54.49718,1.803146,TRUE,None,None,,,,,
94.7,id,-1.567085,0.9749491,-1.062804,None,94.57962,,None,-1,-1,-1,326.9457,55.08561,0.8899804,TRUE,None,None,,,,,
94.8,id,-1.564568,0.9737148,-1.058721,None,94.68217,,None,-1,-1,-1,321.8025,55.25415,0.8457122,TRUE,None,None,,,,,
94.9,id,-1.563824,0.9766362,-1.058023,None,94.78194,,None,-1,-1,-1,332.3142,55.03546,0.8678352,TRUE,None,None,,,,,
95,id,-1.565811,0.9780703,-1.060222,None,94.88197,,None,-1,-1,-1,327.7947,55.1269,0.9562752,TRUE,None,None,,,,,
95.1,id,-1.566449,0.9768585,-1.059501,None,94.98242,,None,-1,-1,-1,328.2245,54.85608,0.6640689,TRUE,None,None,,,,,
95.2,id,-1.565678,0.9741518,-1.057578,None,95.08189,,None,-1,-1,-1,335.7165,54.68659,1.011291,TRUE,None,None,,,,,
95.3,id,-1.567634,0.9765738,-1.059241,None,95.18198,,None,-1,-1,-1,341.4581,54.19841,0.625318,TRUE,None,None,,,,,
95.4,id,-1.571454,0.9753268,-1.059888,None,95.28193,,None,-1,-1,-1,345.7021,53.84039,0.6591226,TRUE,None,None,,,,,
95.5,id,-1.57348,0.9764224,-1.058828,None,95.38245,,None,-1,-1,-1,345.9868,53.41418,0.3092152,TRUE,None,None,,,,,
95.6,id,-1.572654,0.9746864,-1.057297,None,95.482,,None,-1,-1,-1,356.9323,53.66785,0.5900354,TRUE,None,None,,,,,
95.7,id,-1.571567,0.9744295,-1.05498,None,95.58202,,None,-1,-1,-1,358.3147,53.63007,0.7457113,TRUE,None,None,,,,,
95.8,id,-1.571843,0.9718099,-1.053078,None,95.68209,,None,-1,-1,-1,358.5512,53.73064,0.9113837,TRUE,None,None,,,,,
95.9,id,-1.574368,0.9713884,-1.052332,None,95.78252,,None,-1,-1,-1,356.8185,53.21704,1.170942,TRUE,None,None,,,,,
96,id,-1.577693,0.9699971,-1.051109,None,95.88203,,None,-1,-1,-1,372.1002,52.99721,1.080494,TRUE,None,None,,,,,
96.1,id,-1.580804,0.9707986,-1.050025,None,95.98299,,None,-1,-1,-1,381.3909,52.73461,0.5846812,TRUE,None,None,,,,,
96.2,id,-1.582263,0.9697688,-1.047332,None,96.0827,,None,-1,-1,-1,392.9173,52.25587,0.395092,TRUE,None,None,,,,,
96.3,id,-1.579232,0.9700471,-1.048047,None,96.18221,,None,-1,-1,-1,387.1795,52.56851,0.875824,TRUE,None,None,,,,,
96.4,id,-1.578936,0.9695252,-1.046387,None,96.28242,,None,-1,-1,-1,392.4574,52.57493,0.7226088,TRUE,None,None,,,,,
96.5,id,-1.579862,0.9694239,-1.045247,None,96.38215,,None,-1,-1,-1,401.3188,52.60804,0.8391196,TRUE,None,None,,,,,
96.6,id,-1.583786,0.9673844,-1.042056,None,96.48225,,None,-1,-1,-1,410.9543,52.23666,0.7332093,TRUE,None,None,,,,,
96.7,id,-1.587063,0.9671913,-1.040793,None,96.58241,,None,-1,-1,-1,416.2771,51.6891,0.8762236,TRUE,None,None,,,,,
96.8,id,-1.58728,0.9664217,-1.040933,None,96.683,,None,-1,-1,-1,414.0939,51.78755,0.8135216,TRUE,None,None,,,,,
96.9,id,-1.584678,0.9672579,-1.041754,None,96.78185,,None,-1,-1,-1,420.8222,51.97465,0.8323801,TRUE,None,None,,,,,
97,id,-1.584304,0.9670902,-1.0417,None,96.88219,,None,-1,-1,-1,413.7547,51.97733,0.7912428,TRUE,None,None,,,,,
97.1,id,-1.584135,0.9678162,-1.042004,None,96.98239,,None,-1,-1,-1,417.2153,51.89748,0.8382375,TRUE,None,None,,,,,
97.2,id,-1.583949,0.9674851,-1.04147,None,97.08224,,None,-1,-1,-1,419.8438,51.81932,0.8470947,TRUE,None,None,,,,,
97.3,id,-1.583909,0.9671618,-1.040848,None,97.18195,,None,-1,-1,-1,420.1008,51.77721,0.8848785,TRUE,None,None,,,,,
97.4,id,-1.583359,0.9674107,-1.041629,None,97.28199,,None,-1,-1,-1,418.2165,51.8298,0.8673545,TRUE,None,None,,,,,
97.5,id,-1.5837,0.9677979,-1.042085,None,97.38215,,None,-1,-1,-1,418.1358,51.87083,0.8351005,TRUE,None,None,,,,,
97.6,id,-1.584373,0.9666902,-1.041144,None,97.48231,,None,-1,-1,-1,418.7833,51.81823,0.8585647,TRUE,None,None,,,,,
97.7,id,-1.583766,0.9668256,-1.041452,None,97.58226,,None,-1,-1,-1,418.746,51.85398,0.9433011,TRUE,None,None,,,,,
97.8,id,-1.5843,0.966023,-1.041055,None,97.68206,,None,-1,-1,-1,419.6048,51.90549,0.9047166,TRUE,None,None,,,,,
97.9,id,-1.583827,0.9671568,-1.042125,None,97.78249,,None,-1,-1,-1,416.3212,51.89517,0.9102925,TRUE,None,None,,,,,
98,id,-1.583884,0.9665188,-1.041756,None,97.88351,,None,-1,-1,-1,415.7013,51.92451,0.8455961,TRUE,None,None,,,,,
98.1,id,-1.582203,0.967416,-1.042568,None,97.98251,,None,-1,-1,-1,421.6468,52.00655,0.9185982,TRUE,None,None,,,,,
98.2,id,-1.582885,0.9662658,-1.041763,None,98.08253,,None,-1,-1,-1,419.335,51.92847,1.059656,TRUE,None,None,,,,,
98.3,id,-1.583982,0.9662148,-1.041491,None,98.18232,,None,-1,-1,-1,419.5008,51.83335,1.082942,TRUE,None,None,,,,,
98.4,id,-1.584045,0.9661366,-1.041654,None,98.28209,,None,-1,-1,-1,419.2451,51.87083,0.9954494,TRUE,None,None,,,,,
98.5,id,-1.582944,0.9674889,-1.042875,None,98.3824,,None,-1,-1,-1,413.1693,51.84176,1.042626,TRUE,None,None,,,,,
98.6,id,-1.583844,0.967207,-1.042073,None,98.48238,,None,-1,-1,-1,416.9297,51.8892,1.009225,TRUE,None,None,,,,,
98.7,id,-1.5829,0.9675552,-1.042279,None,98.58269,,None,-1,-1,-1,413.7997,51.9684,1.050039,TRUE,None,None,,,,,
98.8,id,-1.583218,0.9671471,-1.04161,None,98.68202,,None,-1,-1,-1,422.5178,51.90654,0.9806112,TRUE,None,None,,,,,
98.9,id,-1.582285,0.9670026,-1.04117,None,98.78286,,None,-1,-1,-1,413.4655,52.05293,1.151916,TRUE,None,None,,,,,
99,id,-1.582621,0.9665916,-1.04056,None,98.88268,,None,-1,-1,-1,417.5205,51.92598,1.214827,TRUE,None,None,,,,,
99.1,id,-1.584515,0.9670095,-1.040797,None,98.98244,,None,-1,-1,-1,419.5078,51.67813,1.128931,TRUE,None,None,,,,,
99.2,id,-1.585562,0.9666141,-1.040409,None,99.08219,,None,-1,-1,-1,420.2451,51.74279,1.090361,TRUE,None,None,,,,,
99.3,id,-1.584947,0.9658703,-1.039922,None,99.18304,,None,-1,-1,-1,414.079,51.81785,1.205434,TRUE,None,None,,,,,
99.4,id,-1.585333,0.9658156,-1.039888,None,99.28285,,None,-1,-1,-1,418.0556,51.77039,1.190818,TRUE,None,None,,,,,
99.5,id,-1.58492,0.9670126,-1.041126,None,99.3825,,None,-1,-1,-1,418.9334,51.72445,1.143658,TRUE,None,None,,,,,
99.6,id,-1.584723,0.9663748,-1.040384,None,99.48248,,None,-1,-1,-1,417.5863,51.72817,1.158505,TRUE,None,None,,,,,
99.7,id,-1.583556,0.9671459,-1.040775,None,99.5825,,None,-1,-1,-1,416.7583,51.74947,1.186369,TRUE,None,None,,,,,
99.8,id,-1.583188,0.9673308,-1.041035,None,99.68243,,None,-1,-1,-1,417.144,51.77,1.156431,TRUE,None,None,,,,,
99.9,id,-1.584112,0.9668078,-1.040487,None,99.78241,,None,-1,-1,-1,418.1243,51.70452,1.141988,TRUE,None,None,,,,,
100,id,-1.583604,0.9671694,-1.041041,None,99.8829,,None,-1,-1,-1,416.0606,51.73791,1.14011,TRUE,None,None,,,,,
100.1,id,-1.583771,0.9668844,-1.040576,None,99.98467,,None,-1,-1,-1,410.9727,51.77392,1.125213,TRUE,None,None,,,,,
100.2,id,-1.583906,0.966265,-1.040292,None,100.082,,None,-1,-1,-1,429.5314,51.76206,1.143234,TRUE,None,None,,,,,
100.3,id,-1.583272,0.9675908,-1.041619,None,100.1822,,None,-1,-1,-1,416.8443,51.749,1.199554,TRUE,None,None,,,,,
100.4,id,-1.583785,0.9671853,-1.041202,None,100.2822,,None,-1,-1,-1,417.8743,51.71428,1.149764,TRUE,None,None,,,,,
100.5,id,-1.582782,0.9675283,-1.041443,None,100.3821,,None,-1,-1,-1,417.4407,51.77692,1.174419,TRUE,None,None,,,,,
100.6,id,-1.583425,0.9670243,-1.040982,None,100.4822,,None,-1,-1,-1,417.8529,51.75322,1.180905,TRUE,None,None,,,,,
100.7,id,-1.583203,0.9676923,-1.041545,None,100.5821,,None,-1,-1,-1,418.5611,51.76355,1.170137,TRUE,None,None,,,,,
100.8,id,-1.583699,0.9672135,-1.040984,None,100.6822,,None,-1,-1,-1,418.0032,51.76799,1.157028,TRUE,None,None,,,,,
100.9,id,-1.583612,0.9675934,-1.041447,None,100.7822,,None,-1,-1,-1,418.7027,51.7648,1.158962,TRUE,None,None,,,,,
101,id,-1.583061,0.9678916,-1.041837,None,100.8822,,None,-1,-1,-1,419.3564,51.75703,1.122352,TRUE,None,None,,,,,
101.1,id,-1.583282,0.9677576,-1.041679,None,100.9827,,None,-1,-1,-1,417.4458,51.7431,1.118522,TRUE,None,None,,,,,
101.2,id,-1.583556,0.9673809,-1.041336,None,101.0826,,None,-1,-1,-1,419.424,51.75169,1.131075,TRUE,None,None,,,,,
101.3,id,-1.583547,0.9673911,-1.041185,None,101.1822,,None,-1,-1,-1,421.6231,51.73612,1.130938,TRUE,None,None,,,,,
101.4,id,-1.583617,0.967404,-1.041274,None,101.282,,None,-1,-1,-1,420.4977,51.74944,1.146613,TRUE,None,None,,,,,
101.5,id,-1.583307,0.9674401,-1.041297,None,101.3821,,None,-1,-1,-1,419.3029,51.73865,1.125695,TRUE,None,None,,,,,
101.6,id,-1.583509,0.96715,-1.041064,None,101.4821,,None,-1,-1,-1,418.561,51.76743,1.167781,TRUE,None,None,,,,,
101.7,id,-1.583567,0.9674956,-1.041448,None,101.5821,,None,-1,-1,-1,419.2887,51.74369,1.154768,TRUE,None,None,,,,,
101.8,id,-1.583601,0.967397,-1.041384,None,101.6821,,None,-1,-1,-1,419.0713,51.76273,1.168398,TRUE,None,None,,,,,
101.9,id,-1.583279,0.9673693,-1.041418,None,101.7822,,None,-1,-1,-1,418.3847,51.77712,1.175047,TRUE,None,None,,,,,
102,id,-1.583505,0.9671569,-1.041258,None,101.882,,None,-1,-1,-1,419.1531,51.74917,1.219649,TRUE,None,None,,,,,
102.1,id,-1.584092,0.9669644,-1.040985,None,101.9907,,None,-1,-1,-1,384.8029,51.78049,1.199833,TRUE,None,None,,,,,
102.2,id,-1.584546,0.9665075,-1.04069,None,102.082,,None,-1,-1,-1,457.537,51.77376,1.220098,TRUE,None,None,,,,,
102.3,id,-1.584215,0.9664448,-1.040794,None,102.1825,,None,-1,-1,-1,416.296,51.77245,1.227993,TRUE,None,None,,,,,
102.4,id,-1.583999,0.9664196,-1.040989,None,102.2824,,None,-1,-1,-1,418.1983,51.77963,1.204225,TRUE,None,None,,,,,
102.5,id,-1.584046,0.965899,-1.040613,None,102.3822,,None,-1,-1,-1,419.5168,51.82755,1.131299,TRUE,None,None,,,,,
102.6,id,-1.584126,0.9670062,-1.041143,None,102.482,,None,-1,-1,-1,424.8282,51.85014,0.9492656,TRUE,None,None,,,,,
102.7,id,-1.585669,0.9675258,-1.041645,None,102.5823,,None,-1,-1,-1,427.6536,52.04083,0.5267345,TRUE,None,None,,,,,
102.8,id,-1.587064,0.9680686,-1.041966,None,102.6821,,None,-1,-1,-1,436.6802,52.16007,0.04217813,TRUE,None,None,,,,,
102.9,id,-1.585576,0.969129,-1.04214,None,102.7821,,None,-1,-1,-1,436.5304,52.32159,359.7739,TRUE,None,None,,,,,
103,id,-1.585101,0.9679728,-1.04079,None,102.8821,,None,-1,-1,-1,436.596,52.3221,359.9804,TRUE,None,None,,,,,
103.1,id,-1.584815,0.9687408,-1.041342,None,102.982,,None,-1,-1,-1,437.3692,52.51474,359.9193,TRUE,None,None,,,,,
103.2,id,-1.585667,0.9699893,-1.04271,None,103.0821,,None,-1,-1,-1,434.2092,52.58918,359.539,TRUE,None,None,,,,,
103.3,id,-1.585861,0.9697912,-1.042964,None,103.1822,,None,-1,-1,-1,433.0788,52.41348,359.7168,TRUE,None,None,,,,,
103.4,id,-1.587503,0.9698815,-1.042923,None,103.2825,,None,-1,-1,-1,435.6156,52.45214,359.2418,TRUE,None,None,,,,,
103.5,id,-1.586767,0.969571,-1.042237,None,103.3819,,None,-1,-1,-1,435.9838,52.34006,359.4109,TRUE,None,None,,,,,
103.6,id,-1.586306,0.9696546,-1.042068,None,103.4822,,None,-1,-1,-1,433.4201,52.50122,359.5105,TRUE,None,None,,,,,
103.7,id,-1.585951,0.9696251,-1.04188,None,103.582,,None,-1,-1,-1,433.8816,52.443,359.5824,TRUE,None,None,,,,,
103.8,id,-1.585754,0.9697639,-1.042166,None,103.682,,None,-1,-1,-1,433.3453,52.47878,359.5594,TRUE,None,None,,,,,
103.9,id,-1.585499,0.9705375,-1.042737,None,103.7822,,None,-1,-1,-1,433.126,52.39974,359.3835,TRUE,None,None,,,,,
104,id,-1.585349,0.9701459,-1.04242,None,103.8899,,None,-1,-1,-1,404.0176,52.41604,359.4518,TRUE,None,None,,,,,
104.1,id,-1.584717,0.9700979,-1.042894,None,103.9827,,None,-1,-1,-1,468.9464,52.47092,359.4911,TRUE,None,None,,,,,
104.2,id,-1.584818,0.9704612,-1.043197,None,104.0828,,None,-1,-1,-1,434.0598,52.45404,359.4319,TRUE,None,None,,,,,
104.3,id,-1.584394,0.9710946,-1.043798,None,104.1827,,None,-1,-1,-1,434.7334,52.44682,359.4428,TRUE,None,None,,,,,
104.4,id,-1.584508,0.9712282,-1.043939,None,104.2825,,None,-1,-1,-1,435.0543,52.41206,359.4233,TRUE,None,None,,,,,
104.5,id,-1.58445,0.9712821,-1.043936,None,104.3822,,None,-1,-1,-1,436.0406,52.41006,359.4314,TRUE,None,None,,,,,
104.6,id,-1.584301,0.971146,-1.043887,None,104.4827,,None,-1,-1,-1,432.007,52.43312,359.4416,TRUE,None,None,,,,,
104.7,id,-1.58407,0.971346,-1.044391,None,104.5824,,None,-1,-1,-1,435.8228,52.44404,359.3976,TRUE,None,None,,,,,
104.8,id,-1.584225,0.9709741,-1.043972,None,104.682,,None,-1,-1,-1,436.1034,52.41847,359.3908,TRUE,None,None,,,,,
104.9,id,-1.583937,0.9707246,-1.043692,None,104.7826,,None,-1,-1,-1,431.2225,52.4436,359.4164,TRUE,None,None,,,,,
105,id,-1.584363,0.9704643,-1.043485,None,104.8825,,None,-1,-1,-1,434.5453,52.42669,359.421,TRUE,None,None,,,,,
105.1,id,-1.58451,0.970509,-1.043723,None,104.983,,None,-1,-1,-1,432.3885,52.43302,359.392,TRUE,None,None,,,,,
105.2,id,-1.584677,0.9701581,-1.043405,None,105.0825,,None,-1,-1,-1,436.4293,52.44307,359.4022,TRUE,None,None,,,,,
105.3,id,-1.584517,0.9700979,-1.043165,None,105.1828,,None,-1,-1,-1,433.2101,52.4271,359.3894,TRUE,None,None,,,,,
105.4,id,-1.584279,0.9699155,-1.043048,None,105.2821,,None,-1,-1,-1,437.0974,52.4366,359.3871,TRUE,None,None,,,,,
105.5,id,-1.58464,0.9696901,-1.043048,None,105.3822,,None,-1,-1,-1,433.787,52.43508,359.3845,TRUE,None,None,,,,,
105.6,id,-1.584849,0.969381,-1.042883,None,105.4822,,None,-1,-1,-1,434.483,52.42998,359.3787,TRUE,None,None,,,,,
105.7,id,-1.584698,0.9696819,-1.04305,None,105.5825,,None,-1,-1,-1,432.9654,52.44963,359.3823,TRUE,None,None,,,,,
105.8,id,-1.584536,0.969978,-1.043496,None,105.6822,,None,-1,-1,-1,435.4978,52.47622,359.3825,TRUE,None,None,,,,,
105.9,id,-1.584629,0.9696741,-1.043285,None,105.7822,,None,-1,-1,-1,434.2088,52.44575,359.3688,TRUE,None,None,,,,,
106,id,-1.584428,0.9699355,-1.043349,None,105.8822,,None,-1,-1,-1,434.4546,52.45871,359.3709,TRUE,None,None,,,,,
106.1,id,-1.584274,0.9700907,-1.043375,None,105.9826,,None,-1,-1,-1,432.5239,52.45712,359.3903,TRUE,None,None,,,,,
106.2,id,-1.584394,0.970167,-1.043319,None,106.0822,,None,-1,-1,-1,436.0851,52.44967,359.4058,TRUE,None,None,,,,,
106.3,id,-1.584691,0.9700384,-1.04334,None,106.1822,,None,-1,-1,-1,433.6825,52.4736,359.3795,TRUE,None,None,,,,,
106.4,id,-1.58474,0.9697716,-1.043186,None,106.282,,None,-1,-1,-1,435.1383,52.45389,359.3706,TRUE,None,None,,,,,
106.5,id,-1.584526,0.9698502,-1.043213,None,106.3821,,None,-1,-1,-1,433.39,52.47309,359.3969,TRUE,None,None,,,,,
106.6,id,-1.584482,0.9696082,-1.043112,None,106.482,,None,-1,-1,-1,434.3059,52.45748,359.4153,TRUE,None,None,,,,,
106.7,id,-1.584331,0.970018,-1.043468,None,106.5823,,None,-1,-1,-1,432.3322,52.47906,359.381,TRUE,None,None,,,,,
106.8,id,-1.584396,0.9697493,-1.04331,None,106.6821,,None,-1,-1,-1,434.5067,52.46451,359.3756,TRUE,None,None,,,,,
106.9,id,-1.584094,0.9698285,-1.043392,None,106.7824,,None,-1,-1,-1,432.6737,52.46783,359.3678,TRUE,None,None,,,,,
107,id,-1.584105,0.9700658,-1.043503,None,106.882,,None,-1,-1,-1,435.1783,52.4662,359.3884,TRUE,None,None,,,,,
107.1,id,-1.584036,0.9703766,-1.04366,None,106.9825,,None,-1,-1,-1,431.7472,52.46387,359.3734,TRUE,None,None,,,,,
107.2,id,-1.584238,0.9701685,-1.043532,None,107.0822,,None,-1,-1,-1,434.8374,52.46934,359.3756,TRUE,None,None,,,,,
107.3,id,-1.584115,0.9704322,-1.043858,None,107.1831,,None,-1,-1,-1,430.0317,52.48355,359.3896,TRUE,None,None,,,,,
107.4,id,-1.584036,0.9702319,-1.043784,None,107.2832,,None,-1,-1,-1,432.8946,52.47522,359.381,TRUE,None,None,,,,,
107.5,id,-1.584018,0.9704354,-1.043704,None,107.3833,,None,-1,-1,-1,433.2229,52.477,359.3861,TRUE,None,None,,,,,
107.6,id,-1.584245,0.970387,-1.043681,None,107.4832,,None,-1,-1,-1,433.9046,52.46612,359.3709,TRUE,None,None,,,,,
107.7,id,-1.584036,0.9705095,-1.04377,None,107.5831,,None,-1,-1,-1,433.8639,52.49343,359.3845,TRUE,None,None,,,,,
107.8,id,-1.584068,0.9702802,-1.043632,None,107.6833,,None,-1,-1,-1,432.4192,52.4825,359.3993,TRUE,None,None,,,,,
107.9,id,-1.583973,0.9705236,-1.043991,None,107.7832,,None,-1,-1,-1,434.0462,52.48742,359.374,TRUE,None,None,,,,,
108,id,-1.583912,0.9704312,-1.043947,None,107.8831,,None,-1,-1,-1,433.2887,52.48473,359.4063,TRUE,None,None,,,,,
108.1,id,-1.583749,0.9702801,-1.043894,None,107.9835,,None,-1,-1,-1,430.8383,52.5059,359.4509,TRUE,None,None,,,,,
108.2,id,-1.583653,0.9698597,-1.043601,None,108.0831,,None,-1,-1,-1,434.8057,52.51223,359.3971,TRUE,None,None,,,,,
108.3,id,-1.583926,0.969388,-1.043367,None,108.1836,,None,-1,-1,-1,431.4626,52.51967,359.4068,TRUE,None,None,,,,,
108.4,id,-1.58449,0.9680623,-1.042597,None,108.2831,,None,-1,-1,-1,436.0584,52.43616,359.6027,TRUE,None,None,,,,,
108.5,id,-1.585063,0.9681098,-1.043617,None,108.3832,,None,-1,-1,-1,429.7505,52.23592,359.8657,TRUE,None,None,,,,,
108.6,id,-1.586706,0.9688594,-1.043996,None,108.483,,None,-1,-1,-1,434.5718,52.5748,359.4722,TRUE,None,None,,,,,
108.7,id,-1.586534,0.9686742,-1.043542,None,108.583,,None,-1,-1,-1,434.5145,52.52682,359.5438,TRUE,None,None,,,,,
108.8,id,-1.586185,0.9689893,-1.043359,None,108.6831,,None,-1,-1,-1,432.3944,52.17215,359.6696,TRUE,None,None,,,,,
108.9,id,-1.586836,0.968756,-1.043148,None,108.783,,None,-1,-1,-1,427.9678,51.88503,359.9931,TRUE,None,None,,,,,
109,id,-1.588702,0.9689653,-1.043673,None,108.8833,,None,-1,-1,-1,426.6251,51.95278,359.8117,TRUE,None,None,,,,,
109.1,id,-1.588102,0.969756,-1.045269,None,108.9832,,None,-1,-1,-1,425.4506,52.20942,359.896,TRUE,None,None,,,,,
109.2,id,-1.587803,0.9704418,-1.045594,None,109.0832,,None,-1,-1,-1,423.4142,52.27063,359.5821,TRUE,None,None,,,,,
109.3,id,-1.587283,0.9702141,-1.044939,None,109.1833,,None,-1,-1,-1,427.3002,52.14264,359.6072,TRUE,None,None,,,,,
109.4,id,-1.587456,0.9695617,-1.044141,None,109.2833,,None,-1,-1,-1,426.7347,51.86184,359.753,TRUE,None,None,,,,,
109.5,id,-1.586644,0.969591,-1.044153,None,109.3831,,None,-1,-1,-1,426.1232,51.83531,359.83,TRUE,None,None,,,,,
109.6,id,-1.586633,0.9704043,-1.044363,None,109.4834,,None,-1,-1,-1,423.4574,51.9091,359.6363,TRUE,None,None,,,,,
109.7,id,-1.585776,0.9700879,-1.044009,None,109.5831,,None,-1,-1,-1,425.9958,52.14141,359.6816,TRUE,None,None,,,,,
109.8,id,-1.585384,0.9702924,-1.043513,None,109.6832,,None,-1,-1,-1,424.732,52.12005,359.7191,TRUE,None,None,,,,,
109.9,id,-1.585297,0.9700256,-1.043661,None,109.7832,,None,-1,-1,-1,424.7177,52.09961,359.7615,TRUE,None,None,,,,,
110,id,-1.585955,0.9697684,-1.043179,None,109.8832,,None,-1,-1,-1,425.9418,51.96929,359.7627,TRUE,None,None,,,,,
110.1,id,-1.585393,0.9700947,-1.043217,None,109.9831,,None,-1,-1,-1,424.7076,52.0347,359.7728,TRUE,None,None,,,,,
110.2,id,-1.585871,0.9700741,-1.043245,None,110.0832,,None,-1,-1,-1,425.8903,52.13339,359.6548,TRUE,None,None,,,,,
110.3,id,-1.585431,0.9699022,-1.042952,None,110.1835,,None,-1,-1,-1,424.0627,52.11962,359.6775,TRUE,None,None,,,,,
110.4,id,-1.585239,0.9702001,-1.043168,None,110.2833,,None,-1,-1,-1,426.4087,52.16464,359.597,TRUE,None,None,,,,,
110.5,id,-1.584458,0.9707339,-1.043619,None,110.3832,,None,-1,-1,-1,424.7821,52.18295,359.5503,TRUE,None,None,,,,,
110.6,id,-1.583452,0.9713575,-1.044274,None,110.4835,,None,-1,-1,-1,422.0443,52.22516,359.4446,TRUE,None,None,,,,,
110.7,id,-1.583999,0.9710748,-1.043896,None,110.5834,,None,-1,-1,-1,426.094,52.1441,359.4468,TRUE,None,None,,,,,
110.8,id,-1.584308,0.9708496,-1.043938,None,110.6835,,None,-1,-1,-1,424.902,52.12963,359.5162,TRUE,None,None,,,,,
110.9,id,-1.584464,0.9712415,-1.04435,None,110.7836,,None,-1,-1,-1,425.2478,52.15578,359.4543,TRUE,None,None,,,,,
111,id,-1.584683,0.9710553,-1.044319,None,110.8834,,None,-1,-1,-1,426.659,52.22267,359.4462,TRUE,None,None,,,,,
111.1,id,-1.5848,0.9711547,-1.044436,None,110.9838,,None,-1,-1,-1,424.9145,52.18425,359.4141,TRUE,None,None,,,,,
111.2,id,-1.585242,0.9712957,-1.04444,None,111.0835,,None,-1,-1,-1,429.1396,52.21762,359.2957,TRUE,None,None,,,,,
111.3,id,-1.585493,0.9709378,-1.044069,None,111.1835,,None,-1,-1,-1,428.5364,52.23894,359.3461,TRUE,None,None,,,,,
111.4,id,-1.585168,0.9711876,-1.044323,None,111.2834,,None,-1,-1,-1,427.8766,52.24097,359.3254,TRUE,None,None,,,,,
111.5,id,-1.58501,0.9714091,-1.044474,None,111.3837,,None,-1,-1,-1,425.9253,52.20087,359.312,TRUE,None,None,,,,,
111.6,id,-1.585531,0.9712415,-1.044244,None,111.4834,,None,-1,-1,-1,429.5653,52.22333,359.2813,TRUE,None,None,,,,,
111.7,id,-1.585039,0.9714584,-1.044485,None,111.5832,,None,-1,-1,-1,428.8506,52.23588,359.2931,TRUE,None,None,,,,,
111.8,id,-1.584966,0.971494,-1.044674,None,111.6833,,None,-1,-1,-1,427.4939,52.2464,359.2979,TRUE,None,None,,,,,
111.9,id,-1.585102,0.9715587,-1.04479,None,111.7831,,None,-1,-1,-1,428.7898,52.25807,359.2978,TRUE,None,None,,,,,
112,id,-1.58462,0.9713497,-1.044702,None,111.8831,,None,-1,-1,-1,427.7454,52.2399,359.2916,TRUE,None,None,,,,,
112.1,id,-1.584518,0.9711081,-1.044626,None,111.9837,,None,-1,-1,-1,425.0752,52.24932,359.2951,TRUE,None,None,,,,,
112.2,id,-1.584425,0.9711446,-1.044737,None,112.0831,,None,-1,-1,-1,430.1209,52.25793,359.2992,TRUE,None,None,,,,,
112.3,id,-1.584512,0.9715333,-1.044956,None,112.1843,,None,-1,-1,-1,422.7454,52.24847,359.3153,TRUE,None,None,,,,,
112.4,id,-1.584512,0.9716862,-1.045103,None,112.2843,,None,-1,-1,-1,427.6885,52.24989,359.3037,TRUE,None,None,,,,,
112.5,id,-1.584399,0.9716741,-1.045192,None,112.3842,,None,-1,-1,-1,427.9006,52.26109,359.2853,TRUE,None,None,,,,,
112.6,id,-1.584542,0.971734,-1.045253,None,112.4842,,None,-1,-1,-1,427.7931,52.28426,359.3395,TRUE,None,None,,,,,
112.7,id,-1.584416,0.9719104,-1.045363,None,112.5845,,None,-1,-1,-1,426.1046,52.26987,359.3254,TRUE,None,None,,,,,
112.8,id,-1.584138,0.9718384,-1.045423,None,112.6842,,None,-1,-1,-1,428.3175,52.2876,359.3236,TRUE,None,None,,,,,
112.9,id,-1.584251,0.9719366,-1.045364,None,112.7842,,None,-1,-1,-1,427.6467,52.27253,359.309,TRUE,None,None,,,,,
113,id,-1.584237,0.9718291,-1.045402,None,112.8841,,None,-1,-1,-1,428.1328,52.26824,359.3059,TRUE,None,None,,,,,
113.1,id,-1.584104,0.9717312,-1.045376,None,112.9848,,None,-1,-1,-1,424.1938,52.27089,359.3233,TRUE,None,None,,,,,
113.2,id,-1.584293,0.9718524,-1.045296,None,113.084,,None,-1,-1,-1,431.1723,52.25978,359.3253,TRUE,None,None,,,,,
113.3,id,-1.584158,0.9721054,-1.045346,None,113.1842,,None,-1,-1,-1,426.5771,52.27262,359.3043,TRUE,None,None,,,,,
113.4,id,-1.584362,0.9720725,-1.045422,None,113.2841,,None,-1,-1,-1,427.7463,52.27921,359.3275,TRUE,None,None,,,,,
113.5,id,-1.584125,0.9719946,-1.045483,None,113.3842,,None,-1,-1,-1,426.8764,52.27536,359.3232,TRUE,None,None,,,,,
113.6,id,-1.584236,0.971898,-1.045512,None,113.4841,,None,-1,-1,-1,427.3658,52.2655,359.3245,TRUE,None,None,,,,,
113.7,id,-1.584046,0.9718839,-1.045376,None,113.5843,,None,-1,-1,-1,426.012,52.26785,359.3459,TRUE,None,None,,,,,
113.8,id,-1.584172,0.9718888,-1.045344,None,113.6841,,None,-1,-1,-1,428.4799,52.28133,359.325,TRUE,None,None,,,,,
113.9,id,-1.583882,0.9719146,-1.045417,None,113.7846,,None,-1,-1,-1,424.7757,52.2901,359.3473,TRUE,None,None,,,,,
114,id,-1.58385,0.9720738,-1.045347,None,113.8842,,None,-1,-1,-1,429.3465,52.27302,359.3194,TRUE,None,None,,,,,
114.1,id,-1.583813,0.9717447,-1.045211,None,113.9847,,None,-1,-1,-1,425.4055,52.29062,359.3413,TRUE,None,None,,,,,
114.2,id,-1.584121,0.9719149,-1.045388,None,114.0844,,None,-1,-1,-1,428.4792,52.26407,359.3104,TRUE,None,None,,,,,
114.3,id,-1.583819,0.9721608,-1.045629,None,114.1843,,None,-1,-1,-1,427.8324,52.28068,359.3217,TRUE,None,None,,,,,
114.4,id,-1.583811,0.9720963,-1.045649,None,114.2843,,None,-1,-1,-1,427.4908,52.28193,359.3223,TRUE,None,None,,,,,
114.5,id,-1.583881,0.972082,-1.04576,None,114.3846,,None,-1,-1,-1,426.1108,52.31216,359.3355,TRUE,None,None,,,,,
114.6,id,-1.583583,0.9720821,-1.045534,None,114.4841,,None,-1,-1,-1,429.437,52.28319,359.3137,TRUE,None,None,,,,,
114.7,id,-1.583421,0.9718753,-1.045406,None,114.5842,,None,-1,-1,-1,427.1396,52.30428,359.3324,TRUE,None,None,,,,,
114.8,id,-1.583528,0.9717693,-1.045349,None,114.684,,None,-1,-1,-1,427.9631,52.26444,359.3285,TRUE,None,None,,,,,
114.9,id,-1.583933,0.9718529,-1.045519,None,114.7844,,None,-1,-1,-1,425.7018,52.30096,359.3347,TRUE,None,None,,,,,
115,id,-1.583948,0.97168,-1.045374,None,114.887,,None,-1,-1,-1,416.3875,52.30217,359.3762,TRUE,None,None,,,,,
115.1,id,-1.583861,0.971595,-1.045296,None,114.9847,,None,-1,-1,-1,437.5876,52.33207,359.3686,TRUE,None,None,,,,,
115.2,id,-1.583787,0.9716245,-1.045183,None,115.0842,,None,-1,-1,-1,429.3145,52.2995,359.3898,TRUE,None,None,,,,,
115.3,id,-1.583768,0.9715559,-1.045229,None,115.1841,,None,-1,-1,-1,427.4221,52.30346,359.3913,TRUE,None,None,,,,,
115.4,id,-1.583556,0.9714586,-1.045347,None,115.2843,,None,-1,-1,-1,425.5237,52.32557,359.4012,TRUE,None,None,,,,,
115.5,id,-1.58366,0.9715611,-1.045555,None,115.3842,,None,-1,-1,-1,426.9281,52.33073,359.3916,TRUE,None,None,,,,,
115.6,id,-1.583516,0.9713246,-1.045285,None,115.4847,,None,-1,-1,-1,424.6642,52.33944,359.3953,TRUE,None,None,,,,,
115.7,id,-1.583404,0.971387,-1.045111,None,115.5844,,None,-1,-1,-1,428.2677,52.33286,359.3668,TRUE,None,None,,,,,
115.8,id,-1.583039,0.9712397,-1.044989,None,115.6844,,None,-1,-1,-1,426.2796,52.33047,359.4132,TRUE,None,None,,,,,
115.9,id,-1.582885,0.9714296,-1.045246,None,115.7844,,None,-1,-1,-1,426.3831,52.34542,359.3949,TRUE,None,None,,,,,
116,id,-1.583092,0.971578,-1.045271,None,115.8843,,None,-1,-1,-1,426.5902,52.3246,359.3641,TRUE,None,None,,,,,
116.1,id,-1.583293,0.9716578,-1.045389,None,115.9847,,None,-1,-1,-1,424.4956,52.31263,359.3538,TRUE,None,None,,,,,
116.2,id,-1.58295,0.9719591,-1.045842,None,116.0841,,None,-1,-1,-1,428.495,52.33301,359.3867,TRUE,None,None,,,,,
116.3,id,-1.583197,0.9718335,-1.045809,None,116.1851,,None,-1,-1,-1,422.3158,52.31814,359.3749,TRUE,None,None,,,,,
116.4,id,-1.583282,0.9718747,-1.045662,None,116.285,,None,-1,-1,-1,426.8466,52.32662,359.383,TRUE,None,None,,,,,
116.5,id,-1.582928,0.9717278,-1.045573,None,116.3852,,None,-1,-1,-1,426.1478,52.32173,359.3632,TRUE,None,None,,,,,
116.6,id,-1.582839,0.9716059,-1.045367,None,116.4853,,None,-1,-1,-1,426.5724,52.32819,359.3755,TRUE,None,None,,,,,
116.7,id,-1.582963,0.9714372,-1.045068,None,116.5851,,None,-1,-1,-1,428.4654,52.36435,359.3812,TRUE,None,None,,,,,
116.8,id,-1.583142,0.9714465,-1.045008,None,116.685,,None,-1,-1,-1,428.749,52.38761,359.3621,TRUE,None,None,,,,,
116.9,id,-1.583221,0.9714545,-1.045231,None,116.7854,,None,-1,-1,-1,426.6599,52.40553,359.3509,TRUE,None,None,,,,,
117,id,-1.58346,0.9713537,-1.045052,None,116.8851,,None,-1,-1,-1,430.2462,52.39237,359.3774,TRUE,None,None,,,,,
117.1,id,-1.583002,0.9713588,-1.045206,None,116.9857,,None,-1,-1,-1,425.9326,52.3775,359.3657,TRUE,None,None,,,,,
117.2,id,-1.583647,0.9719757,-1.045686,None,117.0852,,None,-1,-1,-1,431.1568,52.37334,359.3138,TRUE,None,None,,,,,
117.3,id,-1.583562,0.9718885,-1.045479,None,117.1856,,None,-1,-1,-1,427.0765,52.37519,359.325,TRUE,None,None,,,,,
117.4,id,-1.583246,0.9717739,-1.045278,None,117.2853,,None,-1,-1,-1,430.1491,52.3805,359.3389,TRUE,None,None,,,,,
117.5,id,-1.583344,0.9714563,-1.045207,None,117.3853,,None,-1,-1,-1,428.7296,52.39289,359.3385,TRUE,None,None,,,,,
117.6,id,-1.583256,0.9713342,-1.045121,None,117.4853,,None,-1,-1,-1,429.104,52.36572,359.3705,TRUE,None,None,,,,,
117.7,id,-1.583374,0.9717141,-1.045326,None,117.5852,,None,-1,-1,-1,429.071,52.37357,359.336,TRUE,None,None,,,,,
117.8,id,-1.583408,0.9716359,-1.045311,None,117.6851,,None,-1,-1,-1,429.6942,52.37578,359.3521,TRUE,None,None,,,,,
117.9,id,-1.583285,0.9717214,-1.045203,None,117.7852,,None,-1,-1,-1,428.4621,52.34698,359.3189,TRUE,None,None,,,,,
118,id,-1.583151,0.9715664,-1.045063,None,117.8849,,None,-1,-1,-1,430.0766,52.38598,359.3405,TRUE,None,None,,,,,
118.1,id,-1.583073,0.9716524,-1.045112,None,117.9856,,None,-1,-1,-1,426.0514,52.3812,359.323,TRUE,None,None,,,,,
118.2,id,-1.583098,0.971401,-1.045137,None,118.0851,,None,-1,-1,-1,430.9049,52.38945,359.3391,TRUE,None,None,,,,,
118.3,id,-1.582461,0.9712355,-1.04516,None,118.1855,,None,-1,-1,-1,426.9291,52.37383,359.3322,TRUE,None,None,,,,,
118.4,id,-1.582404,0.9710365,-1.045127,None,118.2851,,None,-1,-1,-1,430.5829,52.37022,359.3329,TRUE,None,None,,,,,
118.5,id,-1.582762,0.9712394,-1.045267,None,118.3851,,None,-1,-1,-1,428.4474,52.35333,359.3292,TRUE,None,None,,,,,
118.6,id,-1.582589,0.9708666,-1.045243,None,118.4851,,None,-1,-1,-1,429.0174,52.38334,359.3206,TRUE,None,None,,,,,
118.7,id,-1.582641,0.9708084,-1.045244,None,118.5852,,None,-1,-1,-1,428.0317,52.37086,359.3331,TRUE,None,None,,,,,
118.8,id,-1.582866,0.9708387,-1.045245,None,118.6851,,None,-1,-1,-1,428.998,52.38041,359.3113,TRUE,None,None,,,,,
118.9,id,-1.582733,0.9711212,-1.045153,None,118.7851,,None,-1,-1,-1,429.0078,52.36586,359.3044,TRUE,None,None,,,,,
119,id,-1.582714,0.9710468,-1.045008,None,118.8852,,None,-1,-1,-1,428.6091,52.37624,359.3109,TRUE,None,None,,,,,
119.1,id,-1.582871,0.9711188,-1.045004,None,118.9857,,None,-1,-1,-1,427.1325,52.37319,359.2866,TRUE,None,None,,,,,
119.2,id,-1.583004,0.971132,-1.044982,None,119.0852,,None,-1,-1,-1,431.3578,52.38081,359.2936,TRUE,None,None,,,,,
119.3,id,-1.582878,0.971151,-1.045179,None,119.1852,,None,-1,-1,-1,429.2376,52.36557,359.3175,TRUE,None,None,,,,,
119.4,id,-1.583127,0.9711612,-1.045171,None,119.2851,,None,-1,-1,-1,429.4018,52.37683,359.2894,TRUE,None,None,,,,,
119.5,id,-1.582804,0.9708855,-1.045046,None,119.3849,,None,-1,-1,-1,429.8491,52.37169,359.3349,TRUE,None,None,,,,,
119.6,id,-1.582603,0.9707915,-1.044942,None,119.4851,,None,-1,-1,-1,427.2305,52.37308,359.3557,TRUE,None,None,,,,,
119.7,id,-1.582516,0.9709687,-1.045091,None,119.5852,,None,-1,-1,-1,427.8526,52.40829,359.3616,TRUE,None,None,,,,,
119.8,id,-1.582727,0.971083,-1.045025,None,119.685,,None,-1,-1,-1,429.0421,52.35546,359.3279,TRUE,None,None,,,,,
119.9,id,-1.582772,0.9711727,-1.045025,None,119.7851,,None,-1,-1,-1,427.385,52.35368,359.3282,TRUE,None,None,,,,,
120,id,-1.582668,0.9711915,-1.045008,None,119.8851,,None,-1,-1,-1,427.7225,52.37841,359.3434,TRUE,None,None,,,,,
120.1,id,-1.582803,0.9716337,-1.045129,None,119.9852,,None,-1,-1,-1,427.5165,52.39482,359.2457,TRUE,None,None,,,,,
120.2,id,-1.582925,0.97177,-1.044944,None,120.0853,,None,-1,-1,-1,428.2208,52.34764,359.1945,TRUE,None,None,,,,,
120.3,id,-1.582052,0.9714324,-1.044522,None,120.1851,,None,-1,-1,-1,428.892,52.37401,359.3126,TRUE,None,None,,,,,
120.4,id,-1.582218,0.9712077,-1.043908,None,120.2853,,None,-1,-1,-1,427.9398,52.33651,359.3655,TRUE,None,None,,,,,
120.5,id,-1.582655,0.9716053,-1.044588,None,120.3852,,None,-1,-1,-1,430.2428,52.39055,359.2631,TRUE,None,None,,,,,
120.6,id,-1.583028,0.9723043,-1.045339,None,120.4853,,None,-1,-1,-1,429.2057,52.34819,359.2205,TRUE,None,None,,,,,
120.7,id,-1.583162,0.97214,-1.045495,None,120.5851,,None,-1,-1,-1,430.7295,52.37179,359.1976,TRUE,None,None,,,,,
120.8,id,-1.582715,0.9719118,-1.04522,None,120.6853,,None,-1,-1,-1,428.6295,52.41028,359.2357,TRUE,None,None,,,,,
120.9,id,-1.582334,0.9718611,-1.045218,None,120.7852,,None,-1,-1,-1,429.4508,52.37867,359.2448,TRUE,None,None,,,,,
121,id,-1.582753,0.9716482,-1.045211,None,120.885,,None,-1,-1,-1,430.8796,52.37109,359.2168,TRUE,None,None,,,,,
121.1,id,-1.58297,0.9717239,-1.045051,None,120.9857,,None,-1,-1,-1,427.3413,52.3625,359.2427,TRUE,None,None,,,,,
121.2,id,-1.582708,0.9718585,-1.045191,None,121.0851,,None,-1,-1,-1,431.9694,52.39585,359.2595,TRUE,None,None,,,,,
121.3,id,-1.582739,0.9718385,-1.045292,None,121.1851,,None,-1,-1,-1,428.9191,52.40429,359.2587,TRUE,None,None,,,,,
121.4,id,-1.582899,0.971637,-1.045137,None,121.2852,,None,-1,-1,-1,428.8555,52.38976,359.2625,TRUE,None,None,,,,,
121.5,id,-1.583088,0.97168,-1.045079,None,121.3855,,None,-1,-1,-1,427.8087,52.38002,359.2616,TRUE,None,None,,,,,
121.6,id,-1.583088,0.9714448,-1.044847,None,121.485,,None,-1,-1,-1,430.9875,52.41094,359.2576,TRUE,None,None,,,,,
121.7,id,-1.583041,0.9714627,-1.044679,None,121.5851,,None,-1,-1,-1,428.4211,52.39899,359.2709,TRUE,None,None,,,,,
121.8,id,-1.582917,0.9713073,-1.044589,None,121.6852,,None,-1,-1,-1,428.6655,52.40456,359.3061,TRUE,None,None,,,,,
121.9,id,-1.582636,0.9712687,-1.044578,None,121.785,,None,-1,-1,-1,429.0132,52.40034,359.2643,TRUE,None,None,,,,,
122,id,-1.582959,0.9714487,-1.04468,None,121.8852,,None,-1,-1,-1,428.2188,52.41271,359.2841,TRUE,None,None,,,,,
122.1,id,-1.582865,0.9714868,-1.044607,None,121.9854,,None,-1,-1,-1,427.6733,52.39576,359.3004,TRUE,None,None,,,,,
122.2,id,-1.582971,0.971378,-1.044624,None,122.0853,,None,-1,-1,-1,429.055,52.42139,359.3022,TRUE,None,None,,,,,
122.3,id,-1.582925,0.9713248,-1.044569,None,122.1851,,None,-1,-1,-1,428.5309,52.40443,359.3138,TRUE,None,None,,,,,
122.4,id,-1.583203,0.9712493,-1.04454,None,122.2852,,None,-1,-1,-1,428.1353,52.40311,359.3087,TRUE,None,None,,,,,
122.5,id,-1.583292,0.9711999,-1.044412,None,122.3852,,None,-1,-1,-1,428.4689,52.41021,359.3051,TRUE,None,None,,,,,
122.6,id,-1.583069,0.9712247,-1.044311,None,122.4853,,None,-1,-1,-1,428.0114,52.38784,359.306,TRUE,None,None,,,,,
122.7,id,-1.583004,0.9711657,-1.044595,None,122.585,,None,-1,-1,-1,428.7699,52.41577,359.3291,TRUE,None,None,,,,,
122.8,id,-1.583073,0.9711142,-1.044613,None,122.6851,,None,-1,-1,-1,427.8441,52.38178,359.3237,TRUE,None,None,,,,,
122.9,id,-1.583119,0.9712234,-1.044579,None,122.7852,,None,-1,-1,-1,427.443,52.40642,359.3134,TRUE,None,None,,,,,
123,id,-1.58331,0.9712474,-1.044613,None,122.8851,,None,-1,-1,-1,428.3328,52.40244,359.3228,TRUE,None,None,,,,,
123.1,id,-1.583385,0.9712213,-1.044519,None,122.9856,,None,-1,-1,-1,426.1588,52.40054,359.2996,TRUE,None,None,,,,,
123.2,id,-1.583358,0.9713107,-1.044763,None,123.0851,,None,-1,-1,-1,430.0599,52.41806,359.3085,TRUE,None,None,,,,,
123.3,id,-1.583072,0.9711149,-1.044594,None,123.1851,,None,-1,-1,-1,427.9183,52.41827,359.3377,TRUE,None,None,,,,,
123.4,id,-1.583275,0.970984,-1.044555,None,123.2851,,None,-1,-1,-1,427.6797,52.41836,359.3062,TRUE,None,None,,,,,
123.5,id,-1.583525,0.9709499,-1.044635,None,123.3851,,None,-1,-1,-1,428.0828,52.4129,359.3073,TRUE,None,None,,,,,
123.6,id,-1.583616,0.9708872,-1.044652,None,123.4851,,None,-1,-1,-1,428.5267,52.40909,359.29,TRUE,None,None,,,,,
123.7,id,-1.583376,0.9710205,-1.044775,None,123.5852,,None,-1,-1,-1,427.4059,52.41584,359.3062,TRUE,None,None,,,,,
123.8,id,-1.583655,0.9709042,-1.044483,None,123.6853,,None,-1,-1,-1,428.5019,52.40649,359.2887,TRUE,None,None,,,,,
123.9,id,-1.583432,0.9711754,-1.0448,None,123.7853,,None,-1,-1,-1,428.5363,52.41423,359.2994,TRUE,None,None,,,,,
124,id,-1.583632,0.9712301,-1.044995,None,123.8853,,None,-1,-1,-1,428.2023,52.41437,359.3108,TRUE,None,None,,,,,
124.1,id,-1.583652,0.9713284,-1.045011,None,123.9856,,None,-1,-1,-1,426.7859,52.41457,359.2788,TRUE,None,None,,,,,
124.2,id,-1.583758,0.9713971,-1.044922,None,124.0854,,None,-1,-1,-1,429.2608,52.40431,359.2997,TRUE,None,None,,,,,
124.3,id,-1.583787,0.9714947,-1.044954,None,124.1852,,None,-1,-1,-1,429.5732,52.41463,359.3127,TRUE,None,None,,,,,
124.4,id,-1.583745,0.9715089,-1.04484,None,124.2852,,None,-1,-1,-1,428.3518,52.42188,359.2898,TRUE,None,None,,,,,
124.5,id,-1.583587,0.9715267,-1.044878,None,124.3851,,None,-1,-1,-1,428.7093,52.40822,359.2907,TRUE,None,None,,,,,
124.6,id,-1.58354,0.9714788,-1.044835,None,124.4851,,None,-1,-1,-1,428.397,52.4374,359.3041,TRUE,None,None,,,,,
124.7,id,-1.583875,0.9715934,-1.044901,None,124.5851,,None,-1,-1,-1,428.1644,52.39632,359.2784,TRUE,None,None,,,,,
124.8,id,-1.583828,0.9714488,-1.044892,None,124.6852,,None,-1,-1,-1,427.9749,52.42611,359.2812,TRUE,None,None,,,,,
124.9,id,-1.584116,0.9714347,-1.044905,None,124.785,,None,-1,-1,-1,429.1373,52.41869,359.2825,TRUE,None,None,,,,,
125,id,-1.583919,0.9712017,-1.044846,None,124.8852,,None,-1,-1,-1,427.3249,52.42308,359.294,TRUE,None,None,,,,,
125.1,id,-1.583698,0.9712473,-1.044785,None,124.9855,,None,-1,-1,-1,427.0888,52.4033,359.295,TRUE,None,None,,,,,
125.2,id,-1.583934,0.9713063,-1.044849,None,125.0853,,None,-1,-1,-1,429.0125,52.40773,359.2877,TRUE,None,None,,,,,
125.3,id,-1.583877,0.9714899,-1.04507,None,125.1853,,None,-1,-1,-1,428.9318,52.40623,359.2622,TRUE,None,None,,,,,
125.4,id,-1.583833,0.9714303,-1.045035,None,125.2854,,None,-1,-1,-1,428.1112,52.41526,359.2828,TRUE,None,None,,,,,
125.5,id,-1.583611,0.9714797,-1.045182,None,125.3853,,None,-1,-1,-1,428.7358,52.42672,359.298,TRUE,None,None,,,,,
125.6,id,-1.583848,0.9715165,-1.045323,None,125.4852,,None,-1,-1,-1,428.9409,52.40368,359.2683,TRUE,None,None,,,,,
125.7,id,-1.583868,0.971747,-1.045208,None,125.5854,,None,-1,-1,-1,427.5096,52.39755,359.283,TRUE,None,None,,,,,
125.8,id,-1.583686,0.9717113,-1.045277,None,125.6852,,None,-1,-1,-1,429.2039,52.43336,359.2987,TRUE,None,None,,,,,
125.9,id,-1.583796,0.9718589,-1.045414,None,125.7853,,None,-1,-1,-1,427.6208,52.44415,359.3073,TRUE,None,None,,,,,
126,id,-1.58388,0.9719304,-1.045332,None,125.8851,,None,-1,-1,-1,428.9433,52.42532,359.2786,TRUE,None,None,,,,,
126.1,id,-1.583735,0.9719031,-1.045259,None,125.9855,,None,-1,-1,-1,426.8533,52.43473,359.28,TRUE,None,None,,,,,
126.2,id,-1.58359,0.9718641,-1.045262,None,126.0851,,None,-1,-1,-1,430.0833,52.44635,359.2729,TRUE,None,None,,,,,
126.3,id,-1.583176,0.9716582,-1.045287,None,126.1854,,None,-1,-1,-1,427.2014,52.45892,359.2805,TRUE,None,None,,,,,
126.4,id,-1.582883,0.9717106,-1.045326,None,126.285,,None,-1,-1,-1,429.4802,52.41475,359.2771,TRUE,None,None,,,,,
126.5,id,-1.583266,0.9719825,-1.045452,None,126.3851,,None,-1,-1,-1,427.7009,52.41002,359.3005,TRUE,None,None,,,,,
126.6,id,-1.583273,0.9720544,-1.045591,None,126.485,,None,-1,-1,-1,428.6362,52.43136,359.2776,TRUE,None,None,,,,,
126.7,id,-1.583382,0.9721076,-1.045656,None,126.5852,,None,-1,-1,-1,427.8923,52.42098,359.2745,TRUE,None,None,,,,,
126.8,id,-1.583158,0.9721092,-1.045701,None,126.6851,,None,-1,-1,-1,428.8271,52.44456,359.2879,TRUE,None,None,,,,,
126.9,id,-1.583404,0.9720182,-1.045496,None,126.7854,,None,-1,-1,-1,427.4111,52.4362,359.2821,TRUE,None,None,,,,,
127,id,-1.583411,0.9719701,-1.045539,None,126.8851,,None,-1,-1,-1,429.7336,52.43784,359.3191,TRUE,None,None,,,,,
127.1,id,-1.583699,0.9721117,-1.04574,None,126.9856,,None,-1,-1,-1,426.2858,52.44069,359.2847,TRUE,None,None,,,,,
127.2,id,-1.583822,0.9722096,-1.04597,None,127.0853,,None,-1,-1,-1,429.8447,52.42993,359.2787,TRUE,None,None,,,,,
127.3,id,-1.583879,0.972362,-1.045863,None,127.1853,,None,-1,-1,-1,429.0585,52.44963,359.284,TRUE,None,None,,,,,
127.4,id,-1.583749,0.9724066,-1.045796,None,127.2853,,None,-1,-1,-1,428.5521,52.44204,359.2831,TRUE,None,None,,,,,
127.5,id,-1.583808,0.972217,-1.045659,None,127.3854,,None,-1,-1,-1,428.4657,52.45098,359.2995,TRUE,None,None,,,,,
127.6,id,-1.58354,0.9721839,-1.045557,None,127.4851,,None,-1,-1,-1,429.4555,52.43296,359.3098,TRUE,None,None,,,,,
127.7,id,-1.583538,0.9721336,-1.04559,None,127.5852,,None,-1,-1,-1,427.7487,52.4321,359.3006,TRUE,None,None,,,,,
127.8,id,-1.583674,0.9721022,-1.045638,None,127.6851,,None,-1,-1,-1,429.2625,52.44711,359.2993,TRUE,None,None,,,,,
127.9,id,-1.583981,0.9722532,-1.0457,None,127.7851,,None,-1,-1,-1,428.389,52.44443,359.2904,TRUE,None,None,,,,,
128,id,-1.584269,0.972402,-1.04582,None,127.8769,,None,-1,-1,-1,466.8974,52.45653,359.2834,TRUE,None,None,,,,,
128.1,id,-1.584202,0.9722614,-1.045773,None,127.9855,,None,-1,-1,-1,394.6745,52.45339,359.2732,TRUE,None,None,,,,,
128.2,id,-1.584134,0.9721044,-1.045595,None,128.0851,,None,-1,-1,-1,430.0972,52.46096,359.3081,TRUE,None,None,,,,,
128.3,id,-1.584072,0.9721297,-1.045632,None,128.1852,,None,-1,-1,-1,427.6899,52.42543,359.2855,TRUE,None,None,,,,,
128.4,id,-1.584029,0.9720109,-1.045578,None,128.2852,,None,-1,-1,-1,428.5617,52.45942,359.3141,TRUE,None,None,,,,,
128.5,id,-1.584085,0.9721763,-1.045703,None,128.3851,,None,-1,-1,-1,428.6637,52.46703,359.295,TRUE,None,None,,,,,
128.6,id,-1.584179,0.9722031,-1.045588,None,128.4853,,None,-1,-1,-1,427.6581,52.41947,359.2973,TRUE,None,None,,,,,
128.7,id,-1.584156,0.9722288,-1.045711,None,128.5854,,None,-1,-1,-1,428.0836,52.47433,359.2941,TRUE,None,None,,,,,
128.8,id,-1.584442,0.9721508,-1.045581,None,128.6852,,None,-1,-1,-1,429.5035,52.43686,359.292,TRUE,None,None,,,,,
128.9,id,-1.583977,0.972291,-1.045397,None,128.7852,,None,-1,-1,-1,428.7709,52.4304,359.2862,TRUE,None,None,,,,,
129,id,-1.583889,0.9723122,-1.045361,None,128.8851,,None,-1,-1,-1,428.8299,52.44296,359.2868,TRUE,None,None,,,,,
129.1,id,-1.583959,0.9723432,-1.045568,None,128.9858,,None,-1,-1,-1,425.6916,52.44605,359.2743,TRUE,None,None,,,,,
129.2,id,-1.583912,0.9722956,-1.045688,None,129.0851,,None,-1,-1,-1,431.4803,52.46641,359.2841,TRUE,None,None,,,,,
129.3,id,-1.583984,0.9723274,-1.045688,None,129.1852,,None,-1,-1,-1,428.4389,52.47662,359.3094,TRUE,None,None,,,,,
129.4,id,-1.58423,0.9722363,-1.045603,None,129.2854,,None,-1,-1,-1,427.5036,52.45436,359.2815,TRUE,None,None,,,,,
129.5,id,-1.58401,0.9720681,-1.04556,None,129.3852,,None,-1,-1,-1,429.0214,52.4393,359.2895,TRUE,None,None,,,,,
129.6,id,-1.584049,0.9718918,-1.045636,None,129.4851,,None,-1,-1,-1,428.6075,52.45176,359.2851,TRUE,None,None,,,,,
129.7,id,-1.583995,0.971967,-1.045677,None,129.585,,None,-1,-1,-1,428.9515,52.44642,359.2984,TRUE,None,None,,,,,
129.8,id,-1.584244,0.97217,-1.045736,None,129.6853,,None,-1,-1,-1,427.0316,52.43567,359.2866,TRUE,None,None,,,,,
129.9,id,-1.584076,0.9722201,-1.045919,None,129.7851,,None,-1,-1,-1,429.0511,52.46099,359.3064,TRUE,None,None,,,,,
130,id,-1.584268,0.9724442,-1.045891,None,129.8852,,None,-1,-1,-1,427.4559,52.4515,359.2637,TRUE,None,None,,,,,
130.1,id,-1.584121,0.9722025,-1.045692,None,129.9851,,None,-1,-1,-1,428.4782,52.44526,359.3086,TRUE,None,None,,,,,
130.2,id,-1.58395,0.9722681,-1.045833,None,130.0853,,None,-1,-1,-1,427.0783,52.43788,359.2877,TRUE,None,None,,,,,
130.3,id,-1.583952,0.9725916,-1.046112,None,130.1852,,None,-1,-1,-1,428.2995,52.47862,359.3143,TRUE,None,None,,,,,
130.4,id,-1.583983,0.9726598,-1.046134,None,130.2852,,None,-1,-1,-1,428.3587,52.44663,359.298,TRUE,None,None,,,,,
130.5,id,-1.583845,0.9728223,-1.046276,None,130.3852,,None,-1,-1,-1,428.1992,52.45901,359.2898,TRUE,None,None,,,,,
130.6,id,-1.583668,0.9728096,-1.046418,None,130.4852,,None,-1,-1,-1,428.0127,52.45049,359.3173,TRUE,None,None,,,,,
130.7,id,-1.583745,0.9727085,-1.046351,None,130.5853,,None,-1,-1,-1,428.1723,52.46936,359.2923,TRUE,None,None,,,,,
130.8,id,-1.583428,0.9726068,-1.04634,None,130.6852,,None,-1,-1,-1,428.8981,52.4455,359.3056,TRUE,None,None,,,,,
130.9,id,-1.583436,0.9724799,-1.046159,None,130.7852,,None,-1,-1,-1,428.1629,52.46732,359.2996,TRUE,None,None,,,,,
131,id,-1.58331,0.9722965,-1.046099,None,130.8851,,None,-1,-1,-1,429.1136,52.44141,359.2762,TRUE,None,None,,,,,
131.1,id,-1.583462,0.9724756,-1.046201,None,130.9855,,None,-1,-1,-1,426.6009,52.44431,359.2842,TRUE,None,None,,,,,
131.2,id,-1.583303,0.9724733,-1.046274,None,131.0852,,None,-1,-1,-1,430.0857,52.44769,359.288,TRUE,None,None,,,,,
131.3,id,-1.58363,0.9725811,-1.046385,None,131.1852,,None,-1,-1,-1,428.2594,52.47302,359.2855,TRUE,None,None,,,,,
131.4,id,-1.583679,0.9724807,-1.046258,None,131.2851,,None,-1,-1,-1,428.5085,52.4388,359.2853,TRUE,None,None,,,,,
131.5,id,-1.583456,0.9723067,-1.046132,None,131.3851,,None,-1,-1,-1,428.1619,52.45042,359.3079,TRUE,None,None,,,,,
131.6,id,-1.583254,0.972454,-1.046161,None,131.4853,,None,-1,-1,-1,427.3485,52.49042,359.3005,TRUE,None,None,,,,,
131.7,id,-1.583044,0.9722164,-1.045845,None,131.5851,,None,-1,-1,-1,428.5694,52.45288,359.299,TRUE,None,None,,,,,
131.8,id,-1.582902,0.9721359,-1.045971,None,131.686,,None,-1,-1,-1,423.976,52.45834,359.3034,TRUE,None,None,,,,,
131.9,id,-1.583005,0.9721547,-1.046005,None,131.7852,,None,-1,-1,-1,431.0653,52.45939,359.2784,TRUE,None,None,,,,,
132,id,-1.58275,0.9718324,-1.045856,None,131.8855,,None,-1,-1,-1,426.2013,52.44748,359.3397,TRUE,None,None,,,,,
132.1,id,-1.582861,0.972145,-1.046296,None,131.9857,,None,-1,-1,-1,426.6452,52.47855,359.321,TRUE,None,None,,,,,
132.2,id,-1.583193,0.9721138,-1.04651,None,132.0853,,None,-1,-1,-1,428.6195,52.47704,359.3109,TRUE,None,None,,,,,
132.3,id,-1.583216,0.9720505,-1.046128,None,132.1854,,None,-1,-1,-1,427.24,52.44105,359.2848,TRUE,None,None,,,,,
132.4,id,-1.583351,0.9718893,-1.045998,None,132.2855,,None,-1,-1,-1,427.4798,52.44558,359.3051,TRUE,None,None,,,,,
132.5,id,-1.583275,0.9721339,-1.046072,None,132.3852,,None,-1,-1,-1,429.5619,52.46376,359.2883,TRUE,None,None,,,,,
132.6,id,-1.583205,0.9719728,-1.045708,None,132.4854,,None,-1,-1,-1,427.1003,52.46574,359.3066,TRUE,None,None,,,,,
132.7,id,-1.582887,0.9720587,-1.045902,None,132.5851,,None,-1,-1,-1,428.5742,52.44241,359.2997,TRUE,None,None,,,,,
132.8,id,-1.582736,0.9718927,-1.045876,None,132.6852,,None,-1,-1,-1,427.1047,52.45227,359.3326,TRUE,None,None,,,,,
132.9,id,-1.582837,0.9720811,-1.046099,None,132.7851,,None,-1,-1,-1,427.3491,52.45548,359.3053,TRUE,None,None,,,,,
133,id,-1.582498,0.971918,-1.046038,None,132.8852,,None,-1,-1,-1,427.191,52.4666,359.3061,TRUE,None,None,,,,,
133.1,id,-1.58234,0.9721543,-1.045976,None,132.9855,,None,-1,-1,-1,425.7048,52.46021,359.3134,TRUE,None,None,,,,,
133.2,id,-1.582026,0.9719377,-1.045905,None,133.0852,,None,-1,-1,-1,429.0663,52.45633,359.3125,TRUE,None,None,,,,,
133.3,id,-1.582169,0.9719929,-1.045906,None,133.185,,None,-1,-1,-1,427.9711,52.45568,359.3322,TRUE,None,None,,,,,
133.4,id,-1.582321,0.9720588,-1.045826,None,133.2852,,None,-1,-1,-1,426.8692,52.4532,359.2984,TRUE,None,None,,,,,
133.5,id,-1.582234,0.9720458,-1.045815,None,133.3853,,None,-1,-1,-1,426.9264,52.46788,359.2891,TRUE,None,None,,,,,
133.6,id,-1.582224,0.9720935,-1.045737,None,133.4853,,None,-1,-1,-1,427.6907,52.45314,359.3003,TRUE,None,None,,,,,
133.7,id,-1.582176,0.9718477,-1.045808,None,133.5854,,None,-1,-1,-1,426.9993,52.46494,359.3104,TRUE,None,None,,,,,
133.8,id,-1.581975,0.9716592,-1.045607,None,133.6853,,None,-1,-1,-1,428.238,52.46812,359.2903,TRUE,None,None,,,,,
133.9,id,-1.582198,0.9720302,-1.046097,None,133.7851,,None,-1,-1,-1,428.9001,52.4524,359.292,TRUE,None,None,,,,,
134,id,-1.582399,0.9720098,-1.046005,None,133.8854,,None,-1,-1,-1,426.6301,52.44279,359.2651,TRUE,None,None,,,,,
134.1,id,-1.582148,0.9719785,-1.04593,None,133.9855,,None,-1,-1,-1,427.2405,52.45101,359.2851,TRUE,None,None,,,,,
134.2,id,-1.582143,0.9718815,-1.045985,None,134.085,,None,-1,-1,-1,430.3722,52.4491,359.2802,TRUE,None,None,,,,,
134.3,id,-1.582001,0.9718023,-1.045877,None,134.1854,,None,-1,-1,-1,426.4282,52.45214,359.2926,TRUE,None,None,,,,,
134.4,id,-1.582021,0.9718251,-1.045845,None,134.2852,,None,-1,-1,-1,429.1514,52.46214,359.3024,TRUE,None,None,,,,,
134.5,id,-1.581876,0.9718558,-1.045834,None,134.3851,,None,-1,-1,-1,428.1682,52.44337,359.3021,TRUE,None,None,,,,,
134.6,id,-1.581725,0.9716056,-1.045488,None,134.4852,,None,-1,-1,-1,427.6664,52.43608,359.2916,TRUE,None,None,,,,,
134.7,id,-1.582034,0.9718014,-1.04561,None,134.5852,,None,-1,-1,-1,427.9206,52.4431,359.2771,TRUE,None,None,,,,,
134.8,id,-1.581975,0.9719375,-1.04553,None,134.6851,,None,-1,-1,-1,428.5345,52.45732,359.2932,TRUE,None,None,,,,,
134.9,id,-1.581909,0.9718448,-1.045496,None,134.7851,,None,-1,-1,-1,428.1959,52.4587,359.2934,TRUE,None,None,,,,,
135,id,-1.581856,0.9718663,-1.045472,None,134.8852,,None,-1,-1,-1,427.6005,52.44437,359.2949,TRUE,None,None,,,,,
135.1,id,-1.581553,0.9717642,-1.045592,None,134.9857,,None,-1,-1,-1,425.7335,52.43636,359.2877,TRUE,None,None,,,,,
135.2,id,-1.581287,0.9715968,-1.045678,None,135.0856,,None,-1,-1,-1,428.6187,52.44535,359.2854,TRUE,None,None,,,,,
135.3,id,-1.581286,0.9715327,-1.045692,None,135.1852,,None,-1,-1,-1,429.5356,52.45615,359.3007,TRUE,None,None,,,,,
135.4,id,-1.581167,0.9714356,-1.045425,None,135.2856,,None,-1,-1,-1,426.195,52.42303,359.2917,TRUE,None,None,,,,,
135.5,id,-1.581517,0.9712409,-1.045385,None,135.3853,,None,-1,-1,-1,429.6056,52.43887,359.3165,TRUE,None,None,,,,,
135.6,id,-1.582005,0.9706223,-1.044854,None,135.4853,,None,-1,-1,-1,430.3458,52.47084,359.3198,TRUE,None,None,,,,,
135.7,id,-1.582618,0.9695009,-1.044145,None,135.5853,,None,-1,-1,-1,433.1678,52.37411,359.3773,TRUE,None,None,,,,,
135.8,id,-1.582846,0.9682372,-1.043646,None,135.6852,,None,-1,-1,-1,430.8219,52.15598,359.7644,TRUE,None,None,,,,,
135.9,id,-1.582505,0.9692603,-1.044338,None,135.7851,,None,-1,-1,-1,429.821,52.45111,359.4237,TRUE,None,None,,,,,
136,id,-1.583064,0.9684618,-1.04342,None,135.8851,,None,-1,-1,-1,432.4782,52.44353,359.5818,TRUE,None,None,,,,,
136.1,id,-1.582692,0.9695361,-1.043779,None,135.9859,,None,-1,-1,-1,427.4803,52.27725,359.5651,TRUE,None,None,,,,,
136.2,id,-1.582466,0.970363,-1.044678,None,136.0852,,None,-1,-1,-1,431.6556,52.21781,359.5085,TRUE,None,None,,,,,
136.3,id,-1.582433,0.9702955,-1.044487,None,136.1852,,None,-1,-1,-1,428.597,52.37498,359.5489,TRUE,None,None,,,,,
136.4,id,-1.581511,0.9705874,-1.044729,None,136.2851,,None,-1,-1,-1,428.233,52.4384,359.5034,TRUE,None,None,,,,,
136.5,id,-1.582596,0.9707286,-1.044455,None,136.3852,,None,-1,-1,-1,430.0914,52.42381,359.3582,TRUE,None,None,,,,,
136.6,id,-1.582831,0.9702587,-1.044421,None,136.485,,None,-1,-1,-1,430.0347,52.29475,359.5092,TRUE,None,None,,,,,
136.7,id,-1.583078,0.9702958,-1.044448,None,136.5852,,None,-1,-1,-1,430.416,52.30198,359.5369,TRUE,None,None,,,,,
136.8,id,-1.584198,0.9695514,-1.044175,None,136.6852,,None,-1,-1,-1,431.5709,52.35078,359.5617,TRUE,None,None,,,,,
136.9,id,-1.585244,0.9698878,-1.044526,None,136.7853,,None,-1,-1,-1,431.8806,52.3821,359.525,TRUE,None,None,,,,,
137,id,-1.585037,0.9692248,-1.042885,None,136.8852,,None,-1,-1,-1,433.2112,52.25155,359.6122,TRUE,None,None,,,,,
137.1,id,-1.584107,0.9692642,-1.042342,None,136.9858,,None,-1,-1,-1,430.2879,52.25323,359.6478,TRUE,None,None,,,,,
137.2,id,-1.582879,0.9701402,-1.043164,None,137.0853,,None,-1,-1,-1,431.9905,52.30708,359.6105,TRUE,None,None,,,,,
137.3,id,-1.58371,0.9704319,-1.043853,None,137.1853,,None,-1,-1,-1,430.0701,52.2727,359.5165,TRUE,None,None,,,,,
137.4,id,-1.584163,0.9702977,-1.043978,None,137.2851,,None,-1,-1,-1,431.9225,52.26914,359.4945,TRUE,None,None,,,,,
137.5,id,-1.583594,0.9704256,-1.043729,None,137.3851,,None,-1,-1,-1,430.3212,52.28269,359.4724,TRUE,None,None,,,,,
137.6,id,-1.583422,0.9701376,-1.043466,None,137.4852,,None,-1,-1,-1,429.8956,52.34663,359.5067,TRUE,None,None,,,,,
137.7,id,-1.584016,0.9703226,-1.043722,None,137.5857,,None,-1,-1,-1,428.5494,52.29989,359.4734,TRUE,None,None,,,,,
137.8,id,-1.583703,0.9704491,-1.044014,None,137.6853,,None,-1,-1,-1,432.2252,52.31723,359.4473,TRUE,None,None,,,,,
137.9,id,-1.583205,0.9706522,-1.04436,None,137.7852,,None,-1,-1,-1,429.8445,52.33892,359.4891,TRUE,None,None,,,,,
138,id,-1.583021,0.9711553,-1.044762,None,137.8851,,None,-1,-1,-1,428.5172,52.34649,359.4736,TRUE,None,None,,,,,
138.1,id,-1.582628,0.9716003,-1.045083,None,137.9855,,None,-1,-1,-1,426.0783,52.30087,359.4124,TRUE,None,None,,,,,
138.2,id,-1.583333,0.9713529,-1.044563,None,138.0855,,None,-1,-1,-1,429.6001,52.27671,359.3784,TRUE,None,None,,,,,
138.3,id,-1.583348,0.9708046,-1.044266,None,138.1855,,None,-1,-1,-1,430.4473,52.31775,359.4364,TRUE,None,None,,,,,
138.4,id,-1.583172,0.9712664,-1.044771,None,138.2854,,None,-1,-1,-1,430.05,52.30549,359.4015,TRUE,None,None,,,,,
138.5,id,-1.583683,0.9713101,-1.04504,None,138.3851,,None,-1,-1,-1,431.54,52.32137,359.3578,TRUE,None,None,,,,,
138.6,id,-1.583853,0.9711244,-1.044826,None,138.4853,,None,-1,-1,-1,430.1534,52.34801,359.3898,TRUE,None,None,,,,,
138.7,id,-1.583377,0.9710382,-1.044869,None,138.5851,,None,-1,-1,-1,430.794,52.30215,359.3955,TRUE,None,None,,,,,
138.8,id,-1.583521,0.9708837,-1.044769,None,138.6852,,None,-1,-1,-1,430.4391,52.31748,359.406,TRUE,None,None,,,,,
138.9,id,-1.583565,0.9712468,-1.045056,None,138.7852,,None,-1,-1,-1,430.6418,52.3196,359.3964,TRUE,None,None,,,,,
139,id,-1.583751,0.9714265,-1.04514,None,138.8851,,None,-1,-1,-1,430.7161,52.30605,359.3737,TRUE,None,None,,,,,
139.1,id,-1.583616,0.9714699,-1.045075,None,138.9854,,None,-1,-1,-1,429.5063,52.36287,359.3853,TRUE,None,None,,,,,
139.2,id,-1.583454,0.9715141,-1.045105,None,139.0856,,None,-1,-1,-1,429.0385,52.35738,359.3992,TRUE,None,None,,,,,
139.3,id,-1.583382,0.97153,-1.044917,None,139.1851,,None,-1,-1,-1,433.1986,52.31406,359.3392,TRUE,None,None,,,,,
139.4,id,-1.583173,0.9713131,-1.04494,None,139.2851,,None,-1,-1,-1,429.6724,52.38204,359.4058,TRUE,None,None,,,,,
139.5,id,-1.58324,0.9713581,-1.045019,None,139.3852,,None,-1,-1,-1,430.0273,52.35491,359.3996,TRUE,None,None,,,,,
139.6,id,-1.58347,0.9713779,-1.044966,None,139.4851,,None,-1,-1,-1,430.6263,52.31992,359.3858,TRUE,None,None,,,,,
139.7,id,-1.583248,0.9712989,-1.04491,None,139.5851,,None,-1,-1,-1,430.0559,52.32364,359.372,TRUE,None,None,,,,,
139.8,id,-1.583115,0.9712594,-1.044709,None,139.6852,,None,-1,-1,-1,429.9372,52.34372,359.3791,TRUE,None,None,,,,,
139.9,id,-1.582913,0.9713215,-1.044855,None,139.7851,,None,-1,-1,-1,429.8975,52.33436,359.3914,TRUE,None,None,,,,,
140,id,-1.583153,0.9714054,-1.044589,None,139.8854,,None,-1,-1,-1,428.5622,52.32674,359.3908,TRUE,None,None,,,,,
140.1,id,-1.583166,0.9712732,-1.044378,None,139.9855,,None,-1,-1,-1,428.9886,52.34547,359.401,TRUE,None,None,,,,,
140.2,id,-1.582842,0.9712951,-1.044404,None,140.0853,,None,-1,-1,-1,430.468,52.3474,359.4038,TRUE,None,None,,,,,
140.3,id,-1.583385,0.9712865,-1.04436,None,140.1854,,None,-1,-1,-1,429.365,52.31853,359.3775,TRUE,None,None,,,,,
140.4,id,-1.583438,0.9711533,-1.044433,None,140.2854,,None,-1,-1,-1,430.5087,52.33855,359.3784,TRUE,None,None,,,,,
140.5,id,-1.583071,0.9713988,-1.044715,None,140.3852,,None,-1,-1,-1,430.8686,52.35675,359.3571,TRUE,None,None,,,,,
140.6,id,-1.582975,0.9713537,-1.044842,None,140.4853,,None,-1,-1,-1,429.4677,52.35282,359.3803,TRUE,None,None,,,,,
140.7,id,-1.583148,0.9713489,-1.044786,None,140.5853,,None,-1,-1,-1,430.0952,52.32628,359.3781,TRUE,None,None,,,,,
140.8,id,-1.583238,0.9714746,-1.044888,None,140.6851,,None,-1,-1,-1,430.4297,52.34256,359.3733,TRUE,None,None,,,,,
140.9,id,-1.583314,0.9712663,-1.044675,None,140.7851,,None,-1,-1,-1,429.934,52.34151,359.3933,TRUE,None,None,,,,,
141,id,-1.583416,0.9711931,-1.044611,None,140.8773,,None,-1,-1,-1,466.1154,52.35059,359.3965,TRUE,None,None,,,,,
141.1,id,-1.583447,0.9713894,-1.044804,None,140.9851,,None,-1,-1,-1,398.7487,52.343,359.3911,TRUE,None,None,,,,,
141.2,id,-1.583472,0.9713641,-1.044582,None,141.0855,,None,-1,-1,-1,428.01,52.33974,359.3883,TRUE,None,None,,,,,
141.3,id,-1.583427,0.9712671,-1.044471,None,141.1852,,None,-1,-1,-1,431.4246,52.33424,359.397,TRUE,None,None,,,,,
141.4,id,-1.583466,0.9712629,-1.044447,None,141.2853,,None,-1,-1,-1,429.2973,52.33702,359.404,TRUE,None,None,,,,,
141.5,id,-1.583181,0.9713077,-1.044657,None,141.3852,,None,-1,-1,-1,430.2178,52.35286,359.3808,TRUE,None,None,,,,,
141.6,id,-1.583083,0.9712592,-1.044483,None,141.4889,,None,-1,-1,-1,414.5793,52.33665,359.4167,TRUE,None,None,,,,,
141.7,id,-1.583086,0.9712884,-1.044495,None,141.5852,,None,-1,-1,-1,446.3811,52.34244,359.3867,TRUE,None,None,,,,,
141.8,id,-1.583166,0.9713243,-1.044455,None,141.6853,,None,-1,-1,-1,429.44,52.35114,359.4118,TRUE,None,None,,,,,
141.9,id,-1.583362,0.9713377,-1.044565,None,141.7852,,None,-1,-1,-1,430.6631,52.32307,359.3841,TRUE,None,None,,,,,
142,id,-1.583263,0.971297,-1.044642,None,141.8854,,None,-1,-1,-1,429.0297,52.34954,359.3854,TRUE,None,None,,,,,
142.1,id,-1.583368,0.9714848,-1.04463,None,141.9855,,None,-1,-1,-1,429.3388,52.3307,359.3866,TRUE,None,None,,,,,
142.2,id,-1.583418,0.9713725,-1.044592,None,142.0853,,None,-1,-1,-1,431.0368,52.3349,359.3878,TRUE,None,None,,,,,
142.3,id,-1.583368,0.9713549,-1.044774,None,142.1853,,None,-1,-1,-1,429.8676,52.34804,359.3824,TRUE,None,None,,,,,
142.4,id,-1.583334,0.9712558,-1.044764,None,142.2851,,None,-1,-1,-1,430.653,52.33841,359.3852,TRUE,None,None,,,,,
142.5,id,-1.583329,0.9711746,-1.044638,None,142.3852,,None,-1,-1,-1,429.5609,52.35244,359.3976,TRUE,None,None,,,,,
142.6,id,-1.583481,0.9712912,-1.044616,None,142.4851,,None,-1,-1,-1,430.385,52.32876,359.3902,TRUE,None,None,,,,,
142.7,id,-1.583462,0.9712957,-1.044643,None,142.5853,,None,-1,-1,-1,429.3187,52.33067,359.3889,TRUE,None,None,,,,,
142.8,id,-1.583427,0.9712197,-1.044633,None,142.6854,,None,-1,-1,-1,429.3549,52.35239,359.4043,TRUE,None,None,,,,,
142.9,id,-1.583245,0.9712647,-1.044663,None,142.7852,,None,-1,-1,-1,430.5635,52.33986,359.3812,TRUE,None,None,,,,,
143,id,-1.583297,0.9712428,-1.044678,None,142.8853,,None,-1,-1,-1,429.5948,52.34702,359.3968,TRUE,None,None,,,,,
143.1,id,-1.583335,0.9713281,-1.044668,None,142.9856,,None,-1,-1,-1,428.5952,52.33153,359.3877,TRUE,None,None,,,,,
143.2,id,-1.583443,0.9712674,-1.044572,None,143.0852,,None,-1,-1,-1,431.6913,52.35649,359.3875,TRUE,None,None,,,,,
143.3,id,-1.58377,0.9713917,-1.044768,None,143.1854,,None,-1,-1,-1,429.244,52.33193,359.4006,TRUE,None,None,,,,,
143.4,id,-1.583787,0.9714979,-1.044888,None,143.2852,,None,-1,-1,-1,430.6781,52.3311,359.3936,TRUE,None,None,,,,,
143.5,id,-1.583684,0.9715675,-1.044867,None,143.3855,,None,-1,-1,-1,428.6396,52.3136,359.3923,TRUE,None,None,,,,,
143.6,id,-1.583702,0.9715307,-1.044972,None,143.4853,,None,-1,-1,-1,430.6111,52.32956,359.3792,TRUE,None,None,,,,,
143.7,id,-1.583577,0.9714746,-1.044834,None,143.5855,,None,-1,-1,-1,429.0455,52.34441,359.4009,TRUE,None,None,,,,,
143.8,id,-1.583793,0.9714929,-1.044858,None,143.6852,,None,-1,-1,-1,430.8212,52.33055,359.394,TRUE,None,None,,,,,
143.9,id,-1.583722,0.9714938,-1.044947,None,143.7852,,None,-1,-1,-1,429.6295,52.32035,359.4115,TRUE,None,None,,,,,
144,id,-1.583968,0.9715336,-1.04493,None,143.8853,,None,-1,-1,-1,429.326,52.34521,359.3845,TRUE,None,None,,,,,
144.1,id,-1.584124,0.9716631,-1.044738,None,143.9857,,None,-1,-1,-1,428.3872,52.30663,359.4004,TRUE,None,None,,,,,
144.2,id,-1.584156,0.971875,-1.044901,None,144.0853,,None,-1,-1,-1,431.876,52.34152,359.3691,TRUE,None,None,,,,,
144.3,id,-1.584202,0.971725,-1.045045,None,144.1853,,None,-1,-1,-1,429.8081,52.34996,359.387,TRUE,None,None,,,,,
144.4,id,-1.584058,0.9715984,-1.044897,None,144.2854,,None,-1,-1,-1,429.8142,52.32519,359.37,TRUE,None,None,,,,,
144.5,id,-1.583935,0.9716042,-1.044986,None,144.3852,,None,-1,-1,-1,431.1792,52.33834,359.3698,TRUE,None,None,,,,,
144.6,id,-1.584267,0.9717406,-1.045162,None,144.4853,,None,-1,-1,-1,429.4589,52.34213,359.3637,TRUE,None,None,,,,,
144.7,id,-1.584234,0.9717482,-1.045018,None,144.5852,,None,-1,-1,-1,430.4218,52.35038,359.3975,TRUE,None,None,,,,,
144.8,id,-1.584016,0.9716016,-1.045041,None,144.6853,,None,-1,-1,-1,429.3128,52.35029,359.3874,TRUE,None,None,,,,,
144.9,id,-1.584118,0.9717085,-1.044857,None,144.7853,,None,-1,-1,-1,430.2456,52.34465,359.3797,TRUE,None,None,,,,,
145,id,-1.584228,0.9716737,-1.044729,None,144.8864,,None,-1,-1,-1,425.5424,52.32502,359.3805,TRUE,None,None,,,,,
145.1,id,-1.584192,0.9716786,-1.044845,None,144.9865,,None,-1,-1,-1,429.4317,52.31983,359.359,TRUE,None,None,,,,,
145.2,id,-1.584251,0.9715972,-1.044793,None,145.0864,,None,-1,-1,-1,430.8478,52.34567,359.3661,TRUE,None,None,,,,,
145.3,id,-1.584335,0.9717073,-1.044957,None,145.1862,,None,-1,-1,-1,430.7902,52.32592,359.3983,TRUE,None,None,,,,,
145.4,id,-1.58415,0.9716911,-1.045071,None,145.2863,,None,-1,-1,-1,429.8936,52.34155,359.38,TRUE,None,None,,,,,
145.5,id,-1.584127,0.9718007,-1.045024,None,145.3862,,None,-1,-1,-1,429.8722,52.35583,359.3875,TRUE,None,None,,,,,
145.6,id,-1.583946,0.9716813,-1.044984,None,145.4862,,None,-1,-1,-1,429.5691,52.31859,359.3871,TRUE,None,None,,,,,
145.7,id,-1.583518,0.9712775,-1.044693,None,145.5862,,None,-1,-1,-1,429.7093,52.33379,359.416,TRUE,None,None,,,,,
145.8,id,-1.583246,0.9710834,-1.04462,None,145.6863,,None,-1,-1,-1,429.4155,52.3303,359.3816,TRUE,None,None,,,,,
145.9,id,-1.583042,0.9710008,-1.04446,None,145.7861,,None,-1,-1,-1,430.1509,52.32577,359.411,TRUE,None,None,,,,,
146,id,-1.583148,0.9710594,-1.044605,None,145.8863,,None,-1,-1,-1,428.8842,52.32457,359.4038,TRUE,None,None,,,,,
146.1,id,-1.583201,0.9715437,-1.044998,None,145.9865,,None,-1,-1,-1,428.8711,52.32613,359.3931,TRUE,None,None,,,,,
146.2,id,-1.583411,0.9718171,-1.04513,None,146.0863,,None,-1,-1,-1,431.039,52.34473,359.3924,TRUE,None,None,,,,,
146.3,id,-1.583256,0.971795,-1.045154,None,146.1864,,None,-1,-1,-1,428.8635,52.34507,359.3848,TRUE,None,None,,,,,
146.4,id,-1.583299,0.9719667,-1.045204,None,146.2865,,None,-1,-1,-1,429.6874,52.31892,359.351,TRUE,None,None,,,,,
146.5,id,-1.582742,0.9719074,-1.045219,None,146.3803,,None,-1,-1,-1,457.1364,52.37215,359.3974,TRUE,None,None,,,,,
146.6,id,-1.582494,0.9719511,-1.045339,None,146.487,,None,-1,-1,-1,401.5796,52.33372,359.4101,TRUE,None,None,,,,,
146.7,id,-1.582581,0.9719754,-1.045447,None,146.5867,,None,-1,-1,-1,429.3554,52.3402,359.4108,TRUE,None,None,,,,,
146.8,id,-1.582693,0.9720045,-1.04573,None,146.6866,,None,-1,-1,-1,428.2424,52.32981,359.3943,TRUE,None,None,,,,,
146.9,id,-1.582628,0.9719111,-1.045855,None,146.7766,,None,-1,-1,-1,476.0945,52.3435,359.382,TRUE,None,None,,,,,
147,id,-1.582594,0.9717354,-1.045789,None,146.887,,None,-1,-1,-1,387.8185,52.3478,359.3885,TRUE,None,None,,,,,
147.1,id,-1.582901,0.9715946,-1.045606,None,146.9867,,None,-1,-1,-1,430.3796,52.31657,359.3809,TRUE,None,None,,,,,
147.2,id,-1.582888,0.9713987,-1.045757,None,147.0864,,None,-1,-1,-1,430.747,52.34088,359.3985,TRUE,None,None,,,,,
147.3,id,-1.582941,0.9713381,-1.045911,None,147.1863,,None,-1,-1,-1,429.6156,52.34132,359.3878,TRUE,None,None,,,,,
147.4,id,-1.58284,0.971563,-1.04616,None,147.2868,,None,-1,-1,-1,427.5459,52.34647,359.3924,TRUE,None,None,,,,,
147.5,id,-1.582632,0.9714732,-1.0461,None,147.3865,,None,-1,-1,-1,430.3121,52.32362,359.3836,TRUE,None,None,,,,,
147.6,id,-1.582855,0.9716115,-1.046109,None,147.4863,,None,-1,-1,-1,430.4268,52.33359,359.3896,TRUE,None,None,,,,,
147.7,id,-1.582934,0.9715591,-1.045918,None,147.5863,,None,-1,-1,-1,429.1229,52.36862,359.3983,TRUE,None,None,,,,,
147.8,id,-1.582888,0.9715102,-1.045813,None,147.6864,,None,-1,-1,-1,429.1636,52.31002,359.3867,TRUE,None,None,,,,,
147.9,id,-1.582602,0.9710183,-1.045555,None,147.7867,,None,-1,-1,-1,428.0201,52.33219,359.4172,TRUE,None,None,,,,,
148,id,-1.582621,0.9711714,-1.045683,None,147.8861,,None,-1,-1,-1,431.9236,52.34096,359.4149,TRUE,None,None,,,,,
148.1,id,-1.582435,0.9712325,-1.045604,None,147.9865,,None,-1,-1,-1,427.8286,52.34031,359.4024,TRUE,None,None,,,,,
148.2,id,-1.582662,0.971554,-1.045821,None,148.0867,,None,-1,-1,-1,428.819,52.31873,359.3955,TRUE,None,None,,,,,
148.3,id,-1.582547,0.9714093,-1.045832,None,148.1863,,None,-1,-1,-1,430.7705,52.33458,359.4484,TRUE,None,None,,,,,
148.4,id,-1.582099,0.9713033,-1.045858,None,148.2864,,None,-1,-1,-1,428.1964,52.35115,359.4265,TRUE,None,None,,,,,
148.5,id,-1.582309,0.9712036,-1.045587,None,148.3864,,None,-1,-1,-1,428.6366,52.32347,359.4171,TRUE,None,None,,,,,
148.6,id,-1.582054,0.9707845,-1.045263,None,148.4862,,None,-1,-1,-1,428.93,52.32523,359.4354,TRUE,None,None,,,,,
148.7,id,-1.581954,0.9709617,-1.045434,None,148.5863,,None,-1,-1,-1,427.8654,52.33522,359.4296,TRUE,None,None,,,,,
148.8,id,-1.581985,0.9708365,-1.045464,None,148.6862,,None,-1,-1,-1,428.5689,52.33159,359.4204,TRUE,None,None,,,,,
148.9,id,-1.582474,0.9710125,-1.045539,None,148.7862,,None,-1,-1,-1,427.9607,52.32455,359.4336,TRUE,None,None,,,,,
149,id,-1.582476,0.9711956,-1.045566,None,148.8863,,None,-1,-1,-1,428.5762,52.28135,359.4083,TRUE,None,None,,,,,
149.1,id,-1.582752,0.9712988,-1.04591,None,148.9868,,None,-1,-1,-1,426.8883,52.14538,359.4505,TRUE,None,None,,,,,
149.2,id,-1.583304,0.9718151,-1.047038,None,149.0864,,None,-1,-1,-1,430.6648,52.29714,359.3499,TRUE,None,None,,,,,
149.3,id,-1.582992,0.9718752,-1.046461,None,149.1864,,None,-1,-1,-1,428.8925,52.27393,359.3001,TRUE,None,None,,,,,
149.4,id,-1.582062,0.971424,-1.045836,None,149.2862,,None,-1,-1,-1,429.7189,52.27444,359.4264,TRUE,None,None,,,,,
149.5,id,-1.582067,0.9711331,-1.045928,None,149.3861,,None,-1,-1,-1,428.3992,52.23433,359.418,TRUE,None,None,,,,,
149.6,id,-1.582928,0.9714468,-1.046104,None,149.4863,,None,-1,-1,-1,428.5465,52.21764,359.3469,TRUE,None,None,,,,,
149.7,id,-1.582844,0.971176,-1.046195,None,149.5861,,None,-1,-1,-1,429.8604,52.28978,359.3482,TRUE,None,None,,,,,
149.8,id,-1.583244,0.9711946,-1.046135,None,149.686,,None,-1,-1,-1,429.9811,52.28481,359.3455,TRUE,None,None,,,,,
149.9,id,-1.583178,0.9712865,-1.046026,None,149.7882,,None,-1,-1,-1,420.6275,52.26074,359.3355,TRUE,None,None,,,,,
150,id,-1.582931,0.9713298,-1.04607,None,149.8768,,None,-1,-1,-1,484.8546,52.29089,359.3636,TRUE,None,None,,,,,
150.1,id,-1.582701,0.9710184,-1.04577,None,149.9769,,None,-1,-1,-1,429.5034,52.30492,359.3729,TRUE,None,None,,,,,
150.2,id,-1.582927,0.9710311,-1.045928,None,150.0767,,None,-1,-1,-1,430.3481,52.304,359.3835,TRUE,None,None,,,,,
150.3,id,-1.583114,0.9710094,-1.045989,None,150.1785,,None,-1,-1,-1,422.2643,52.28011,359.3583,TRUE,None,None,,,,,
150.4,id,-1.582832,0.9712162,-1.046042,None,150.2765,,None,-1,-1,-1,438.27,52.31591,359.3843,TRUE,None,None,,,,,
150.5,id,-1.582744,0.9709378,-1.045862,None,150.3875,,None,-1,-1,-1,386.7219,52.28387,359.3848,TRUE,None,None,,,,,
150.6,id,-1.582563,0.9707575,-1.045742,None,150.4873,,None,-1,-1,-1,430.349,52.27485,359.3826,TRUE,None,None,,,,,
150.7,id,-1.582551,0.9708654,-1.045939,None,150.5872,,None,-1,-1,-1,430.0125,52.28003,359.3477,TRUE,None,None,,,,,
150.8,id,-1.582486,0.9709246,-1.045859,None,150.6873,,None,-1,-1,-1,429.713,52.30783,359.3606,TRUE,None,None,,,,,
150.9,id,-1.582389,0.9710452,-1.045874,None,150.7762,,None,-1,-1,-1,482.8528,52.31712,359.3565,TRUE,None,None,,,,,
151,id,-1.582682,0.9713771,-1.045865,None,150.8871,,None,-1,-1,-1,387.7575,52.27604,359.3577,TRUE,None,None,,,,,
151.1,id,-1.582718,0.9714987,-1.045886,None,150.9877,,None,-1,-1,-1,427.6057,52.28132,359.3746,TRUE,None,None,,,,,
151.2,id,-1.582545,0.9716593,-1.046129,None,151.0871,,None,-1,-1,-1,432.1549,52.28285,359.3632,TRUE,None,None,,,,,
151.3,id,-1.582267,0.9713994,-1.045912,None,151.1874,,None,-1,-1,-1,427.9336,52.29828,359.3463,TRUE,None,None,,,,,
151.4,id,-1.582067,0.9711854,-1.045653,None,151.2871,,None,-1,-1,-1,430.3688,52.30054,359.3964,TRUE,None,None,,,,,
151.5,id,-1.582004,0.971217,-1.04569,None,151.3765,,None,-1,-1,-1,480.3181,52.26764,359.3629,TRUE,None,None,,,,,
151.6,id,-1.582104,0.9709889,-1.045472,None,151.4763,,None,-1,-1,-1,429.9155,52.27506,359.382,TRUE,None,None,,,,,
151.7,id,-1.582102,0.9711463,-1.04578,None,151.5763,,None,-1,-1,-1,429.2343,52.30523,359.3545,TRUE,None,None,,,,,
151.8,id,-1.582085,0.9710968,-1.04566,None,151.6763,,None,-1,-1,-1,429.5172,52.28682,359.3657,TRUE,None,None,,,,,
151.9,id,-1.581998,0.9711826,-1.045614,None,151.7905,,None,-1,-1,-1,376.1078,52.28999,359.3524,TRUE,None,None,,,,,
152,id,-1.581931,0.9711534,-1.045547,None,151.8764,,None,-1,-1,-1,500.3847,52.27615,359.3774,TRUE,None,None,,,,,
152.1,id,-1.581897,0.9712619,-1.045549,None,151.9876,,None,-1,-1,-1,386.3075,52.28325,359.3774,TRUE,None,None,,,,,
152.2,id,-1.581837,0.9712533,-1.045644,None,152.0763,,None,-1,-1,-1,484.3531,52.29221,359.3689,TRUE,None,None,,,,,
152.3,id,-1.581766,0.9710063,-1.045499,None,152.1873,,None,-1,-1,-1,386.5899,52.31741,359.443,TRUE,None,None,,,,,
152.4,id,-1.581754,0.971066,-1.045242,None,152.2871,,None,-1,-1,-1,430.785,52.29322,359.3773,TRUE,None,None,,,,,
152.5,id,-1.581732,0.9710778,-1.04521,None,152.3871,,None,-1,-1,-1,429.3145,52.28437,359.3675,TRUE,None,None,,,,,
152.6,id,-1.581766,0.9710585,-1.045097,None,152.4873,,None,-1,-1,-1,429.3282,52.27664,359.3763,TRUE,None,None,,,,,
152.7,id,-1.581988,0.9712754,-1.04501,None,152.5871,,None,-1,-1,-1,430.572,52.27167,359.3553,TRUE,None,None,,,,,
152.8,id,-1.581709,0.9708915,-1.044935,None,152.6871,,None,-1,-1,-1,429.6154,52.30578,359.4217,TRUE,None,None,,,,,
152.9,id,-1.581829,0.9710503,-1.044996,None,152.7872,,None,-1,-1,-1,429.8557,52.30199,359.3756,TRUE,None,None,,,,,
153,id,-1.582014,0.9711779,-1.044902,None,152.8872,,None,-1,-1,-1,430.5832,52.25623,359.3664,TRUE,None,None,,,,,
153.1,id,-1.582092,0.9712566,-1.044916,None,152.9875,,None,-1,-1,-1,429.5335,52.29806,359.3169,TRUE,None,None,,,,,
153.2,id,-1.582359,0.9711288,-1.044816,None,153.0873,,None,-1,-1,-1,431.6472,52.25333,359.3307,TRUE,None,None,,,,,
153.3,id,-1.582387,0.9713173,-1.044891,None,153.1873,,None,-1,-1,-1,430.4618,52.2751,359.3332,TRUE,None,None,,,,,
153.4,id,-1.582286,0.9713531,-1.044888,None,153.2764,,None,-1,-1,-1,483.1497,52.28191,359.3503,TRUE,None,None,,,,,
153.5,id,-1.582618,0.9713309,-1.044796,None,153.3763,,None,-1,-1,-1,430.9027,52.25738,359.3338,TRUE,None,None,,,,,
153.6,id,-1.582649,0.9712322,-1.044641,None,153.4762,,None,-1,-1,-1,430.9274,52.25915,359.3459,TRUE,None,None,,,,,
153.7,id,-1.58253,0.9713428,-1.044576,None,153.5874,,None,-1,-1,-1,387.5344,52.2886,359.3314,TRUE,None,None,,,,,
153.8,id,-1.582449,0.9711516,-1.044551,None,153.6763,,None,-1,-1,-1,484.23,52.26501,359.3411,TRUE,None,None,,,,,
153.9,id,-1.582461,0.9709901,-1.044528,None,153.7871,,None,-1,-1,-1,388.3445,52.26439,359.354,TRUE,None,None,,,,,
154,id,-1.582293,0.9709294,-1.044592,None,153.8872,,None,-1,-1,-1,429.9104,52.29319,359.3624,TRUE,None,None,,,,,
154.1,id,-1.582142,0.9709023,-1.044744,None,153.9793,,None,-1,-1,-1,466.2032,52.30618,359.3404,TRUE,None,None,,,,,
154.2,id,-1.581906,0.9708676,-1.044615,None,154.0764,,None,-1,-1,-1,442.3019,52.28707,359.3538,TRUE,None,None,,,,,
154.3,id,-1.582132,0.9708157,-1.044505,None,154.1763,,None,-1,-1,-1,430.453,52.25423,359.3605,TRUE,None,None,,,,,
154.4,id,-1.582206,0.9708596,-1.044862,None,154.2764,,None,-1,-1,-1,429.4224,52.27722,359.3809,TRUE,None,None,,,,,
154.5,id,-1.581815,0.9711834,-1.045589,None,154.3764,,None,-1,-1,-1,428.1742,52.33147,359.3448,TRUE,None,None,,,,,
154.6,id,-1.582131,0.9711607,-1.045156,None,154.4763,,None,-1,-1,-1,430.0248,52.27475,359.3023,TRUE,None,None,,,,,
154.7,id,-1.582209,0.9709281,-1.04495,None,154.5874,,None,-1,-1,-1,386.4312,52.31953,359.3624,TRUE,None,None,,,,,
154.8,id,-1.582252,0.9711425,-1.045244,None,154.6763,,None,-1,-1,-1,482.6916,52.29135,359.3463,TRUE,None,None,,,,,
154.9,id,-1.582274,0.9710464,-1.045111,None,154.7762,,None,-1,-1,-1,429.135,52.30746,359.4012,TRUE,None,None,,,,,
155,id,-1.582704,0.9714195,-1.045416,None,154.8763,,None,-1,-1,-1,428.8555,52.26368,359.4109,TRUE,None,None,,,,,
155.1,id,-1.58275,0.9716306,-1.04548,None,154.9765,,None,-1,-1,-1,428.0937,52.25482,359.3739,TRUE,None,None,,,,,
155.2,id,-1.582422,0.9718273,-1.045647,None,155.0873,,None,-1,-1,-1,386.6573,52.32684,359.3788,TRUE,None,None,,,,,
155.3,id,-1.582504,0.9715908,-1.045587,None,155.1872,,None,-1,-1,-1,428.8305,52.29804,359.398,TRUE,None,None,,,,,
155.4,id,-1.582529,0.9715621,-1.045447,None,155.2875,,None,-1,-1,-1,428.0266,52.27817,359.3401,TRUE,None,None,,,,,
155.5,id,-1.582371,0.9713984,-1.045461,None,155.3764,,None,-1,-1,-1,482.8203,52.30979,359.4054,TRUE,None,None,,,,,
155.6,id,-1.58226,0.9716306,-1.045534,None,155.4872,,None,-1,-1,-1,387.1161,52.30231,359.3975,TRUE,None,None,,,,,
155.7,id,-1.582538,0.971732,-1.045607,None,155.5872,,None,-1,-1,-1,429.2509,52.29398,359.3909,TRUE,None,None,,,,,
155.8,id,-1.582832,0.9716427,-1.045453,None,155.6873,,None,-1,-1,-1,428.6358,52.27057,359.3898,TRUE,None,None,,,,,
155.9,id,-1.582817,0.9715952,-1.045456,None,155.7874,,None,-1,-1,-1,429.2475,52.29243,359.3764,TRUE,None,None,,,,,
156,id,-1.582843,0.9713759,-1.045062,None,155.8871,,None,-1,-1,-1,430.8455,52.25214,359.3717,TRUE,None,None,,,,,
156.1,id,-1.582647,0.9711795,-1.044967,None,155.9876,,None,-1,-1,-1,427.7538,52.26229,359.3986,TRUE,None,None,,,,,
156.2,id,-1.582917,0.971468,-1.045115,None,156.0872,,None,-1,-1,-1,431.3214,52.26403,359.3842,TRUE,None,None,,,,,
156.3,id,-1.583182,0.9714494,-1.045225,None,156.1872,,None,-1,-1,-1,429.612,52.26871,359.3676,TRUE,None,None,,,,,
156.4,id,-1.582991,0.9715375,-1.045385,None,156.2871,,None,-1,-1,-1,430.2337,52.27841,359.3661,TRUE,None,None,,,,,
156.5,id,-1.582972,0.9712601,-1.045212,None,156.3764,,None,-1,-1,-1,481.5636,52.2443,359.3706,TRUE,None,None,,,,,
156.6,id,-1.583065,0.9711154,-1.04509,None,156.4763,,None,-1,-1,-1,430.1176,52.24813,359.3861,TRUE,None,None,,,,,
156.7,id,-1.583146,0.9711315,-1.045123,None,156.5763,,None,-1,-1,-1,429.6487,52.26694,359.407,TRUE,None,None,,,,,
156.8,id,-1.583292,0.9713871,-1.045039,None,156.6764,,None,-1,-1,-1,428.8875,52.28588,359.4065,TRUE,None,None,,,,,
156.9,id,-1.58325,0.9714198,-1.045053,None,156.7762,,None,-1,-1,-1,430.1377,52.26534,359.397,TRUE,None,None,,,,,
157,id,-1.583274,0.9713394,-1.045008,None,156.8765,,None,-1,-1,-1,428.8386,52.24651,359.3476,TRUE,None,None,,,,,
157.1,id,-1.58305,0.9713069,-1.044892,None,156.9876,,None,-1,-1,-1,386.8849,52.25023,359.3606,TRUE,None,None,,,,,
157.2,id,-1.583042,0.9712441,-1.044841,None,157.0762,,None,-1,-1,-1,485.6457,52.26141,359.3676,TRUE,None,None,,,,,
157.3,id,-1.583185,0.9712937,-1.045022,None,157.1871,,None,-1,-1,-1,388.1613,52.26543,359.3487,TRUE,None,None,,,,,
157.4,id,-1.583063,0.9713604,-1.045117,None,157.2872,,None,-1,-1,-1,429.7591,52.25241,359.332,TRUE,None,None,,,,,
157.5,id,-1.58308,0.9712645,-1.045332,None,157.3764,,None,-1,-1,-1,482.2436,52.27586,359.3518,TRUE,None,None,,,,,
157.6,id,-1.583089,0.9714204,-1.045352,None,157.4872,,None,-1,-1,-1,388.8408,52.25882,359.3342,TRUE,None,None,,,,,
157.7,id,-1.583406,0.9715289,-1.045248,None,157.5763,,None,-1,-1,-1,483.0148,52.2608,359.312,TRUE,None,None,,,,,
157.8,id,-1.583317,0.9715384,-1.045295,None,157.6871,,None,-1,-1,-1,388.2189,52.27361,359.3496,TRUE,None,None,,,,,
157.9,id,-1.583297,0.9714223,-1.0453,None,157.7871,,None,-1,-1,-1,430.9423,52.26491,359.3362,TRUE,None,None,,,,,
158,id,-1.583338,0.9713602,-1.045344,None,157.8872,,None,-1,-1,-1,429.8194,52.2553,359.3275,TRUE,None,None,,,,,
158.1,id,-1.583265,0.9712157,-1.045304,None,157.9877,,None,-1,-1,-1,428.5255,52.27978,359.3463,TRUE,None,None,,,,,
158.2,id,-1.583278,0.9713253,-1.045276,None,158.0873,,None,-1,-1,-1,432.3383,52.28147,359.3496,TRUE,None,None,,,,,
158.3,id,-1.583211,0.9712008,-1.045242,None,158.1874,,None,-1,-1,-1,429.8989,52.27478,359.3432,TRUE,None,None,,,,,
158.4,id,-1.583218,0.9713163,-1.045248,None,158.2875,,None,-1,-1,-1,430.4034,52.27831,359.3485,TRUE,None,None,,,,,
158.5,id,-1.583268,0.9713204,-1.045153,None,158.3764,,None,-1,-1,-1,484.459,52.27585,359.312,TRUE,None,None,,,,,
158.6,id,-1.583183,0.9713188,-1.045058,None,158.4874,,None,-1,-1,-1,388.1357,52.25119,359.3148,TRUE,None,None,,,,,
158.7,id,-1.583242,0.9713998,-1.04508,None,158.5762,,None,-1,-1,-1,484.8787,52.28299,359.3424,TRUE,None,None,,,,,
158.8,id,-1.583322,0.9714392,-1.045117,None,158.6872,,None,-1,-1,-1,388.4801,52.29382,359.3539,TRUE,None,None,,,,,
158.9,id,-1.583219,0.9714919,-1.045088,None,158.7872,,None,-1,-1,-1,430.7701,52.25267,359.3132,TRUE,None,None,,,,,
159,id,-1.58289,0.9714046,-1.045074,None,158.8872,,None,-1,-1,-1,430.3646,52.26657,359.346,TRUE,None,None,,,,,
159.1,id,-1.58272,0.9712329,-1.045164,None,158.9765,,None,-1,-1,-1,482.66,52.28294,359.3602,TRUE,None,None,,,,,
159.2,id,-1.582998,0.971185,-1.044968,None,159.0871,,None,-1,-1,-1,389.2768,52.2753,359.3456,TRUE,None,None,,,,,
159.3,id,-1.583061,0.9713979,-1.044898,None,159.1872,,None,-1,-1,-1,430.3449,52.26237,359.357,TRUE,None,None,,,,,
159.4,id,-1.583221,0.9714892,-1.044957,None,159.2872,,None,-1,-1,-1,431.1673,52.28181,359.3551,TRUE,None,None,,,,,
159.5,id,-1.583356,0.9715906,-1.044964,None,159.3763,,None,-1,-1,-1,483.4119,52.2853,359.3393,TRUE,None,None,,,,,
159.6,id,-1.583569,0.9716349,-1.045062,None,159.4779,,None,-1,-1,-1,423.8887,52.2596,359.3295,TRUE,None,None,,,,,
159.7,id,-1.583791,0.9716269,-1.045123,None,159.5871,,None,-1,-1,-1,394.2786,52.25382,359.3405,TRUE,None,None,,,,,
159.8,id,-1.58391,0.9715923,-1.045167,None,159.6763,,None,-1,-1,-1,482.6998,52.28576,359.3766,TRUE,None,None,,,,,
159.9,id,-1.583842,0.9712646,-1.044904,None,159.7764,,None,-1,-1,-1,429.7933,52.26115,359.3787,TRUE,None,None,,,,,
160,id,-1.58372,0.9714373,-1.044929,None,159.8763,,None,-1,-1,-1,430.4291,52.26787,359.3745,TRUE,None,None,,,,,
160.1,id,-1.583535,0.9713341,-1.044847,None,159.9877,,None,-1,-1,-1,385.8645,52.26598,359.393,TRUE,None,None,,,,,
160.2,id,-1.583614,0.9712308,-1.044899,None,160.0765,,None,-1,-1,-1,483.722,52.28184,359.4005,TRUE,None,None,,,,,
160.3,id,-1.58363,0.9713307,-1.044828,None,160.1878,,None,-1,-1,-1,385.9506,52.27845,359.3896,TRUE,None,None,,,,,
160.4,id,-1.583421,0.9713526,-1.044869,None,160.2763,,None,-1,-1,-1,485.2303,52.30767,359.3906,TRUE,None,None,,,,,
160.5,id,-1.583463,0.971615,-1.044912,None,160.3875,,None,-1,-1,-1,386.0974,52.27397,359.3841,TRUE,None,None,,,,,
160.6,id,-1.583653,0.9716887,-1.045031,None,160.4871,,None,-1,-1,-1,430.9367,52.25945,359.3798,TRUE,None,None,,,,,
160.7,id,-1.583437,0.972016,-1.045198,None,160.5874,,None,-1,-1,-1,427.6016,52.29015,359.371,TRUE,None,None,,,,,
160.8,id,-1.58361,0.9721702,-1.045166,None,160.6762,,None,-1,-1,-1,483.1277,52.29581,359.3621,TRUE,None,None,,,,,
160.9,id,-1.583806,0.9723705,-1.045339,None,160.7873,,None,-1,-1,-1,386.9139,52.28677,359.3583,TRUE,None,None,,,,,
161,id,-1.583913,0.9723711,-1.045349,None,160.8872,,None,-1,-1,-1,430.2106,52.27666,359.3547,TRUE,None,None,,,,,
161.1,id,-1.583811,0.9722247,-1.045237,None,160.9875,,None,-1,-1,-1,428.5899,52.30467,359.3504,TRUE,None,None,,,,,
161.2,id,-1.583611,0.9721736,-1.045277,None,161.0872,,None,-1,-1,-1,431.1403,52.30722,359.355,TRUE,None,None,,,,,
161.3,id,-1.583637,0.9719681,-1.04535,None,161.1873,,None,-1,-1,-1,429.5565,52.28012,359.3453,TRUE,None,None,,,,,
161.4,id,-1.583627,0.9719577,-1.045279,None,161.2764,,None,-1,-1,-1,482.7384,52.28389,359.3558,TRUE,None,None,,,,,
161.5,id,-1.583496,0.9717586,-1.045214,None,161.3764,,None,-1,-1,-1,429.9456,52.29088,359.3724,TRUE,None,None,,,,,
161.6,id,-1.583622,0.9719326,-1.045246,None,161.4764,,None,-1,-1,-1,430.6263,52.28588,359.3198,TRUE,None,None,,,,,
161.7,id,-1.583645,0.9719024,-1.045293,None,161.5768,,None,-1,-1,-1,428.8549,52.2872,359.3358,TRUE,None,None,,,,,
161.8,id,-1.583489,0.9720436,-1.045292,None,161.6765,,None,-1,-1,-1,431.4706,52.28555,359.3607,TRUE,None,None,,,,,
161.9,id,-1.583774,0.9719727,-1.045428,None,161.777,,None,-1,-1,-1,428.3158,52.29974,359.3456,TRUE,None,None,,,,,
162,id,-1.583838,0.972008,-1.045516,None,161.8764,,None,-1,-1,-1,432.6982,52.28333,359.3337,TRUE,None,None,,,,,
170.6,id,-1.583235,0.9704245,-1.044399,None,170.4775,,None,-1,-1,-1,429.2645,52.27873,359.3368,TRUE,None,None,,,,,
170.7,id,-1.58301,0.97064,-1.044404,None,170.5772,,None,-1,-1,-1,431.6319,52.29095,359.3375,TRUE,None,None,,,,,
170.8,id,-1.583184,0.9706661,-1.044384,None,170.6773,,None,-1,-1,-1,430.1595,52.26753,359.3474,TRUE,None,None,,,,,
170.9,id,-1.583345,0.9710216,-1.0446,None,170.7775,,None,-1,-1,-1,429.5497,52.2868,359.3268,TRUE,None,None,,,,,
171,id,-1.583218,0.9710616,-1.04477,None,170.8775,,None,-1,-1,-1,430.0495,52.31435,359.3331,TRUE,None,None,,,,,
171.1,id,-1.583167,0.9711002,-1.044787,None,170.9774,,None,-1,-1,-1,430.3906,52.29883,359.3394,TRUE,None,None,,,,,
171.2,id,-1.58338,0.9709569,-1.044684,None,171.0774,,None,-1,-1,-1,430.3391,52.30715,359.3401,TRUE,None,None,,,,,
171.3,id,-1.583414,0.9710246,-1.044753,None,171.1776,,None,-1,-1,-1,429.4196,52.29599,359.3497,TRUE,None,None,,,,,
171.4,id,-1.583451,0.971005,-1.044744,None,171.2773,,None,-1,-1,-1,431.5118,52.31281,359.3304,TRUE,None,None,,,,,
171.5,id,-1.583378,0.9710733,-1.044854,None,171.377,,None,-1,-1,-1,431.8925,52.33521,359.3302,TRUE,None,None,,,,,
171.6,id,-1.583343,0.9710001,-1.044894,None,171.4775,,None,-1,-1,-1,428.1259,52.28836,359.3391,TRUE,None,None,,,,,
171.7,id,-1.583175,0.970969,-1.045045,None,171.5771,,None,-1,-1,-1,431.316,52.3143,359.3446,TRUE,None,None,,,,,
171.8,id,-1.583318,0.9709721,-1.044842,None,171.6773,,None,-1,-1,-1,429.2651,52.29656,359.3559,TRUE,None,None,,,,,
171.9,id,-1.583395,0.9710338,-1.045141,None,171.7772,,None,-1,-1,-1,430.1931,52.28911,359.3412,TRUE,None,None,,,,,
172,id,-1.583328,0.9707782,-1.045168,None,171.8773,,None,-1,-1,-1,429.5813,52.31182,359.348,TRUE,None,None,,,,,
172.1,id,-1.583295,0.970821,-1.045151,None,171.9771,,None,-1,-1,-1,430.3369,52.30657,359.3676,TRUE,None,None,,,,,
172.2,id,-1.583297,0.9709787,-1.045235,None,172.0771,,None,-1,-1,-1,429.9559,52.28965,359.3372,TRUE,None,None,,,,,
172.3,id,-1.583114,0.9707304,-1.045042,None,172.177,,None,-1,-1,-1,430.6808,52.3003,359.3537,TRUE,None,None,,,,,
172.4,id,-1.58304,0.9705026,-1.044953,None,172.2773,,None,-1,-1,-1,428.787,52.29006,359.3477,TRUE,None,None,,,,,
172.5,id,-1.583046,0.9707005,-1.04495,None,172.377,,None,-1,-1,-1,431.2178,52.30853,359.3702,TRUE,None,None,,,,,
172.6,id,-1.582893,0.9706932,-1.044991,None,172.4774,,None,-1,-1,-1,428.0833,52.29847,359.3519,TRUE,None,None,,,,,
172.7,id,-1.582991,0.9709838,-1.045109,None,172.5772,,None,-1,-1,-1,430.787,52.297,359.3618,TRUE,None,None,,,,,
172.8,id,-1.582974,0.9710888,-1.045037,None,172.6772,,None,-1,-1,-1,430.0159,52.28525,359.369,TRUE,None,None,,,,,
172.9,id,-1.582763,0.9710479,-1.045028,None,172.7775,,None,-1,-1,-1,428.5483,52.28981,359.3559,TRUE,None,None,,,,,
173,id,-1.582871,0.9712245,-1.045042,None,172.8771,,None,-1,-1,-1,431.6758,52.3004,359.3537,TRUE,None,None,,,,,
173.1,id,-1.582957,0.9712007,-1.044945,None,172.9776,,None,-1,-1,-1,427.7538,52.28048,359.3661,TRUE,None,None,,,,,
173.2,id,-1.582892,0.9713261,-1.045033,None,173.0771,,None,-1,-1,-1,432.1818,52.31612,359.3437,TRUE,None,None,,,,,
173.3,id,-1.582977,0.971323,-1.045102,None,173.1772,,None,-1,-1,-1,429.2899,52.3065,359.3566,TRUE,None,None,,,,,
173.4,id,-1.583058,0.9714053,-1.04525,None,173.2772,,None,-1,-1,-1,429.9382,52.29753,359.3436,TRUE,None,None,,,,,
173.5,id,-1.583014,0.9713246,-1.045318,None,173.3774,,None,-1,-1,-1,429.4341,52.29982,359.3609,TRUE,None,None,,,,,
173.6,id,-1.583024,0.9714895,-1.045374,None,173.4772,,None,-1,-1,-1,430.6692,52.2993,359.3418,TRUE,None,None,,,,,
173.7,id,-1.583246,0.971429,-1.045239,None,173.5777,,None,-1,-1,-1,427.8033,52.3029,359.3469,TRUE,None,None,,,,,
173.8,id,-1.583215,0.9713378,-1.045254,None,173.6777,,None,-1,-1,-1,429.8866,52.29179,359.3578,TRUE,None,None,,,,,
173.9,id,-1.583336,0.9713438,-1.045219,None,173.7774,,None,-1,-1,-1,431.2362,52.29602,359.3406,TRUE,None,None,,,,,
174,id,-1.583262,0.9712216,-1.045344,None,173.8774,,None,-1,-1,-1,430.0855,52.29771,359.3493,TRUE,None,None,,,,,
174.1,id,-1.583254,0.9711105,-1.045123,None,173.9775,,None,-1,-1,-1,429.8982,52.29656,359.3515,TRUE,None,None,,,,,
174.2,id,-1.583398,0.9710789,-1.045017,None,174.0774,,None,-1,-1,-1,430.8505,52.31416,359.3624,TRUE,None,None,,,,,
174.3,id,-1.58366,0.97109,-1.045082,None,174.1781,,None,-1,-1,-1,427.6046,52.31201,359.3407,TRUE,None,None,,,,,
174.4,id,-1.583501,0.9710489,-1.044908,None,174.2782,,None,-1,-1,-1,430.4655,52.30435,359.3338,TRUE,None,None,,,,,
174.5,id,-1.583351,0.9708964,-1.044891,None,174.3781,,None,-1,-1,-1,431.0536,52.31294,359.3416,TRUE,None,None,,,,,
174.6,id,-1.583282,0.9707618,-1.044802,None,174.4782,,None,-1,-1,-1,430.2332,52.3036,359.3196,TRUE,None,None,,,,,
174.7,id,-1.583568,0.970865,-1.044972,None,174.5782,,None,-1,-1,-1,431.5452,52.32313,359.301,TRUE,None,None,,,,,
174.8,id,-1.583833,0.9709849,-1.044924,None,174.6787,,None,-1,-1,-1,428.8356,52.32502,359.3229,TRUE,None,None,,,,,
174.9,id,-1.583725,0.9711058,-1.044989,None,174.7786,,None,-1,-1,-1,431.808,52.32322,359.3083,TRUE,None,None,,,,,
175,id,-1.58353,0.9712428,-1.045007,None,174.8784,,None,-1,-1,-1,431.579,52.2997,359.3292,TRUE,None,None,,,,,
175.1,id,-1.583652,0.9712485,-1.045118,None,174.9787,,None,-1,-1,-1,429.9262,52.30702,359.3141,TRUE,None,None,,,,,
175.2,id,-1.583824,0.9712926,-1.045082,None,175.0785,,None,-1,-1,-1,431.5247,52.31247,359.3149,TRUE,None,None,,,,,
175.3,id,-1.583797,0.9712216,-1.045143,None,175.1785,,None,-1,-1,-1,430.6014,52.31704,359.3317,TRUE,None,None,,,,,
175.4,id,-1.583663,0.9713309,-1.045202,None,175.2788,,None,-1,-1,-1,429.8501,52.30214,359.323,TRUE,None,None,,,,,
175.5,id,-1.583545,0.9713352,-1.044971,None,175.3781,,None,-1,-1,-1,433.4554,52.30192,359.3319,TRUE,None,None,,,,,
175.6,id,-1.583557,0.9713811,-1.044946,None,175.4782,,None,-1,-1,-1,430.2886,52.3025,359.3373,TRUE,None,None,,,,,
175.7,id,-1.583661,0.9713784,-1.045198,None,175.5781,,None,-1,-1,-1,430.931,52.31353,359.3373,TRUE,None,None,,,,,
175.8,id,-1.583779,0.971481,-1.045281,None,175.6783,,None,-1,-1,-1,429.6346,52.3089,359.3534,TRUE,None,None,,,,,
175.9,id,-1.583938,0.9716327,-1.045365,None,175.7781,,None,-1,-1,-1,430.9833,52.31393,359.322,TRUE,None,None,,,,,
176,id,-1.584023,0.9716642,-1.045268,None,175.8783,,None,-1,-1,-1,429.7802,52.32931,359.3472,TRUE,None,None,,,,,
176.1,id,-1.584047,0.9715369,-1.04518,None,175.9783,,None,-1,-1,-1,430.5272,52.32707,359.3217,TRUE,None,None,,,,,
176.2,id,-1.584032,0.971589,-1.045192,None,176.0784,,None,-1,-1,-1,430.0854,52.33293,359.3459,TRUE,None,None,,,,,
176.3,id,-1.584011,0.9717336,-1.045264,None,176.1782,,None,-1,-1,-1,431.5944,52.32857,359.3296,TRUE,None,None,,,,,
176.4,id,-1.584095,0.9717277,-1.04517,None,176.2785,,None,-1,-1,-1,429.0423,52.31773,359.3409,TRUE,None,None,,,,,
176.5,id,-1.584258,0.9719647,-1.045324,None,176.3781,,None,-1,-1,-1,432.5533,52.31171,359.3215,TRUE,None,None,,,,,
176.6,id,-1.584398,0.9717931,-1.045296,None,176.4782,,None,-1,-1,-1,430.241,52.31105,359.3383,TRUE,None,None,,,,,
176.7,id,-1.584567,0.9718053,-1.045259,None,176.5783,,None,-1,-1,-1,430.8136,52.32563,359.3135,TRUE,None,None,,,,,
176.8,id,-1.584678,0.9717336,-1.045152,None,176.6784,,None,-1,-1,-1,430.4721,52.3329,359.3446,TRUE,None,None,,,,,
176.9,id,-1.584409,0.9717716,-1.045274,None,176.778,,None,-1,-1,-1,431.9331,52.32296,359.3306,TRUE,None,None,,,,,
177,id,-1.584365,0.9716455,-1.045356,None,176.8782,,None,-1,-1,-1,429.7238,52.32323,359.3493,TRUE,None,None,,,,,
177.1,id,-1.584398,0.9716514,-1.045289,None,176.9787,,None,-1,-1,-1,428.8917,52.31272,359.343,TRUE,None,None,,,,,
177.2,id,-1.584225,0.9716043,-1.045273,None,177.078,,None,-1,-1,-1,433.1831,52.32318,359.3458,TRUE,None,None,,,,,
177.3,id,-1.584238,0.9716411,-1.045315,None,177.1784,,None,-1,-1,-1,429.2621,52.32383,359.3281,TRUE,None,None,,,,,
177.4,id,-1.584094,0.9714663,-1.0452,None,177.278,,None,-1,-1,-1,432.1899,52.33131,359.3467,TRUE,None,None,,,,,
177.5,id,-1.583976,0.971446,-1.045225,None,177.3782,,None,-1,-1,-1,429.965,52.32434,359.3485,TRUE,None,None,,,,,
177.6,id,-1.583982,0.9715353,-1.045187,None,177.4782,,None,-1,-1,-1,430.2075,52.3234,359.3533,TRUE,None,None,,,,,
177.7,id,-1.58402,0.971562,-1.045106,None,177.5783,,None,-1,-1,-1,430.0601,52.31997,359.3372,TRUE,None,None,,,,,
177.8,id,-1.583842,0.9714047,-1.044966,None,177.6781,,None,-1,-1,-1,431.2053,52.31605,359.3512,TRUE,None,None,,,,,
177.9,id,-1.584002,0.971637,-1.045164,None,177.7783,,None,-1,-1,-1,429.7366,52.31314,359.3303,TRUE,None,None,,,,,
178,id,-1.584411,0.971792,-1.045372,None,177.8787,,None,-1,-1,-1,429.0242,52.34739,359.3529,TRUE,None,None,,,,,
178.1,id,-1.584255,0.9719033,-1.045363,None,177.9786,,None,-1,-1,-1,430.9749,52.32635,359.3454,TRUE,None,None,,,,,
178.2,id,-1.584092,0.9718716,-1.045419,None,178.0787,,None,-1,-1,-1,430.2065,52.32636,359.3581,TRUE,None,None,,,,,
178.3,id,-1.58399,0.9716911,-1.045406,None,178.1786,,None,-1,-1,-1,431.2817,52.32929,359.3543,TRUE,None,None,,,,,
178.4,id,-1.583519,0.9719445,-1.045603,None,178.2784,,None,-1,-1,-1,431.2558,52.32668,359.3341,TRUE,None,None,,,,,
178.5,id,-1.58347,0.9717964,-1.045455,None,178.3784,,None,-1,-1,-1,431.1295,52.31338,359.3613,TRUE,None,None,,,,,
178.6,id,-1.583481,0.9715874,-1.04528,None,178.4785,,None,-1,-1,-1,429.9659,52.33879,359.3565,TRUE,None,None,,,,,
178.7,id,-1.583642,0.9717575,-1.045494,None,178.5787,,None,-1,-1,-1,429.5088,52.31258,359.3223,TRUE,None,None,,,,,
178.8,id,-1.583312,0.9715973,-1.045533,None,178.6803,,None,-1,-1,-1,423.1526,52.33177,359.3567,TRUE,None,None,,,,,
178.9,id,-1.583035,0.9715905,-1.045541,None,178.7784,,None,-1,-1,-1,438.0185,52.28791,359.3739,TRUE,None,None,,,,,
179,id,-1.583455,0.9715534,-1.045573,None,178.878,,None,-1,-1,-1,431.5776,52.31222,359.3546,TRUE,None,None,,,,,
179.1,id,-1.583373,0.971799,-1.045843,None,178.9803,,None,-1,-1,-1,420.4371,52.35194,359.3317,TRUE,None,None,,,,,
179.2,id,-1.583102,0.9717225,-1.046131,None,179.0781,,None,-1,-1,-1,439.4527,52.36149,359.3169,TRUE,None,None,,,,,
179.3,id,-1.583374,0.9716648,-1.045768,None,179.178,,None,-1,-1,-1,431.0172,52.29473,359.3352,TRUE,None,None,,,,,
179.4,id,-1.583282,0.9717977,-1.045969,None,179.2789,,None,-1,-1,-1,427.5524,52.29948,359.332,TRUE,None,None,,,,,
179.5,id,-1.58374,0.9719299,-1.04614,None,179.3784,,None,-1,-1,-1,433.3819,52.32503,359.3306,TRUE,None,None,,,,,
179.6,id,-1.583796,0.9719226,-1.046182,None,179.4783,,None,-1,-1,-1,431.424,52.31757,359.3066,TRUE,None,None,,,,,
179.7,id,-1.583984,0.9718639,-1.046164,None,179.5782,,None,-1,-1,-1,431.7971,52.32195,359.311,TRUE,None,None,,,,,
179.8,id,-1.583708,0.9718368,-1.046029,None,179.6783,,None,-1,-1,-1,430.4704,52.33606,359.3343,TRUE,None,None,,,,,
179.9,id,-1.583663,0.9717813,-1.045856,None,179.7783,,None,-1,-1,-1,430.8988,52.30732,359.341,TRUE,None,None,,,,,
180,id,-1.583717,0.9718198,-1.045982,None,179.8783,,None,-1,-1,-1,430.9151,52.30306,359.3484,TRUE,None,None,,,,,
180.1,id,-1.583827,0.9717937,-1.04581,None,179.9784,,None,-1,-1,-1,430.6077,52.30318,359.3358,TRUE,None,None,,,,,
180.2,id,-1.583879,0.9718781,-1.045851,None,180.0782,,None,-1,-1,-1,431.6911,52.32739,359.334,TRUE,None,None,,,,,
180.3,id,-1.583816,0.9718986,-1.04587,None,180.188,,None,-1,-1,-1,392.3056,52.32895,359.3382,TRUE,None,None,,,,,
180.4,id,-1.583466,0.9719223,-1.045914,None,180.2796,,None,-1,-1,-1,470.314,52.33827,359.3402,TRUE,None,None,,,,,
180.5,id,-1.583437,0.9716128,-1.045471,None,180.3793,,None,-1,-1,-1,431.9742,52.3164,359.3677,TRUE,None,None,,,,,
180.6,id,-1.583228,0.9713974,-1.045213,None,180.4794,,None,-1,-1,-1,429.9106,52.31333,359.3508,TRUE,None,None,,,,,
180.7,id,-1.583199,0.9712539,-1.045113,None,180.5793,,None,-1,-1,-1,431.2597,52.32547,359.3237,TRUE,None,None,,,,,
180.8,id,-1.583059,0.9713033,-1.045091,None,180.6792,,None,-1,-1,-1,431.1663,52.33924,359.3235,TRUE,None,None,,,,,
180.9,id,-1.583239,0.9715521,-1.045289,None,180.7793,,None,-1,-1,-1,430.6835,52.33052,359.3274,TRUE,None,None,,,,,
181,id,-1.583344,0.9714459,-1.045316,None,180.8791,,None,-1,-1,-1,431.8273,52.32697,359.3278,TRUE,None,None,,,,,
181.1,id,-1.583191,0.9715753,-1.045505,None,180.9857,,None,-1,-1,-1,404.3799,52.32122,359.3135,TRUE,None,None,,,,,
181.2,id,-1.582901,0.9715481,-1.045431,None,181.0795,,None,-1,-1,-1,459.1387,52.33484,359.326,TRUE,None,None,,,,,
181.3,id,-1.582974,0.9717188,-1.045436,None,181.1806,,None,-1,-1,-1,425.644,52.34168,359.3302,TRUE,None,None,,,,,
181.4,id,-1.583245,0.9717261,-1.045419,None,181.2802,,None,-1,-1,-1,431.8258,52.2987,359.3496,TRUE,None,None,,,,,
181.5,id,-1.5831,0.9718274,-1.04565,None,181.3805,,None,-1,-1,-1,429.1449,52.3344,359.3357,TRUE,None,None,,,,,
181.6,id,-1.583079,0.9717941,-1.045696,None,181.4806,,None,-1,-1,-1,429.609,52.33407,359.3597,TRUE,None,None,,,,,
181.7,id,-1.583152,0.9718298,-1.04561,None,181.5806,,None,-1,-1,-1,429.6696,52.32084,359.3175,TRUE,None,None,,,,,
181.8,id,-1.583061,0.9716886,-1.045597,None,181.68,,None,-1,-1,-1,432.2757,52.32164,359.3271,TRUE,None,None,,,,,
181.9,id,-1.582889,0.9713304,-1.04556,None,181.7801,,None,-1,-1,-1,429.24,52.31985,359.3689,TRUE,None,None,,,,,
182,id,-1.582801,0.9712327,-1.045499,None,181.8801,,None,-1,-1,-1,430.1465,52.34151,359.353,TRUE,None,None,,,,,
182.1,id,-1.583136,0.9714011,-1.045573,None,181.9807,,None,-1,-1,-1,427.0381,52.32047,359.3091,TRUE,None,None,,,,,
0.1,id,-1.838989,1.589332,-1.159891,None,0,,None,-1,-1,-1,0,314.6782,339.8262,TRUE,None,None,,,,,
0.2,id,-1.840062,1.587571,-1.160955,None,0.0735251,,None,-1,-1,-1,0,314.6463,340.355,TRUE,None,None,,,,,
0.3,id,-1.839379,1.587334,-1.161143,None,0.1786933,,None,-1,-1,-1,0,315.1366,340.3675,TRUE,None,None,,,,,
0.4,id,-1.838277,1.588933,-1.16156,None,0.2633345,,None,-1,-1,-1,0,315.4844,339.8905,TRUE,None,None,,,,,
0.5,id,-1.837733,1.590783,-1.162482,None,0.3632452,,None,-1,-1,-1,0,315.5369,339.3232,TRUE,None,None,,,,,
0.6,id,-1.836799,1.592393,-1.163186,None,0.4674559,,None,-1,-1,-1,0,315.494,338.9568,TRUE,None,None,,,,,
0.7,id,-1.835607,1.593536,-1.162962,None,0.5678178,,None,-1,-1,-1,0,315.5278,338.7382,TRUE,None,None,,,,,
0.8,id,-1.834642,1.592936,-1.161586,None,0.6674571,,None,-1,-1,-1,0,315.5928,338.9392,TRUE,None,None,,,,,
0.9,id,-1.835089,1.590754,-1.159412,None,0.7675596,,None,-1,-1,-1,0,315.5946,339.6504,TRUE,None,None,,,,,
1,id,-1.839844,1.582998,-1.157616,None,0.8680542,,None,-1,-1,-1,0,314.7773,341.768,TRUE,None,None,,,,,
1.1,id,-1.849447,1.569708,-1.156234,None,0.967536,,None,-1,-1,-1,0,313.1662,345.3842,TRUE,None,None,,,,,
1.2,id,-1.856127,1.56037,-1.153344,None,1.067958,,None,-1,-1,-1,0,312.8922,347.5669,TRUE,None,None,,,,,
1.3,id,-1.859076,1.557927,-1.151906,None,1.166104,,None,-1,-1,-1,0,313.0136,348.169,TRUE,None,None,,,,,
1.4,id,-1.855613,1.564066,-1.149829,None,1.266345,,None,-1,-1,-1,0,314.6761,346.5541,TRUE,None,None,,,,,
1.5,id,-1.849926,1.572984,-1.149094,None,1.366613,,None,-1,-1,-1,0,316.5951,344.0389,TRUE,None,None,,,,,
1.6,id,-1.849548,1.575517,-1.150646,None,1.466213,,None,-1,-1,-1,0,316.6337,343.3289,TRUE,None,None,,,,,
1.7,id,-1.859895,1.568312,-1.154221,None,1.566657,,None,-1,-1,-1,0,314.1015,345.0891,TRUE,None,None,,,,,
1.8,id,-1.87705,1.553055,-1.159848,None,1.666175,,None,-1,-1,-1,0,310.3128,348.5937,TRUE,None,None,,,,,
1.9,id,-1.904636,1.519837,-1.173168,None,1.76619,,None,-1,-1,-1,0,303.5954,356.4866,TRUE,None,None,,,,,
2,id,-1.931346,1.490249,-1.197547,None,1.86634,,None,-1,-1,-1,0,295.1412,2.980396,TRUE,None,None,,,,,
2.1,id,-1.952019,1.47899,-1.222639,None,1.966168,,None,-1,-1,-1,0,288.4269,4.845093,TRUE,None,None,,,,,
2.2,id,-1.964541,1.481899,-1.235866,None,2.066583,,None,-1,-1,-1,0,286.0443,3.723975,TRUE,None,None,,,,,
2.3,id,-1.971411,1.473239,-1.240366,None,2.16614,,None,-1,-1,-1,0,286.3667,5.86985,TRUE,None,None,,,,,
2.4,id,-1.976347,1.478264,-1.236654,None,2.266182,,None,-1,-1,-1,0,287.7755,4.491044,TRUE,None,None,,,,,
2.5,id,-1.974599,1.486803,-1.233103,None,2.36617,,None,-1,-1,-1,0,288.1642,2.249819,TRUE,None,None,,,,,
2.6,id,-1.970072,1.484966,-1.227865,None,2.466152,,None,-1,-1,-1,0,289.0193,2.914716,TRUE,None,None,,,,,
2.7,id,-1.971299,1.483063,-1.227915,None,2.566441,,None,-1,-1,-1,0,288.4099,2.944401,TRUE,None,None,,,,,
2.8,id,-1.969477,1.483635,-1.229854,None,2.66642,,None,-1,-1,-1,0,287.8684,2.779758,TRUE,None,None,,,,,
2.9,id,-1.966224,1.48797,-1.226145,None,2.766462,,None,-1,-1,-1,0,289.2646,1.604064,TRUE,None,None,,,,,
3,id,-1.963873,1.486243,-1.216583,None,2.866216,,None,-1,-1,-1,0,291.9432,1.585723,TRUE,None,None,,,,,
3.1,id,-1.871951,1.578093,-1.159048,None,3.32051,,None,-1,-1,-1,0,311.777,340.6693,TRUE,None,None,,,,,
3.2,id,-1.871607,1.578106,-1.158577,None,3.334985,,None,-1,-1,-1,0,311.7678,340.7335,TRUE,None,None,,,,,
3.3,id,-1.87081,1.578251,-1.158221,None,3.345837,,None,-1,-1,-1,0,311.7868,340.7392,TRUE,None,None,,,,,
3.4,id,-1.870004,1.578363,-1.157825,None,3.355234,,None,-1,-1,-1,0,311.8026,340.7686,TRUE,None,None,,,,,
3.5,id,-1.86903,1.578567,-1.157344,None,3.366706,,None,-1,-1,-1,0,311.8753,340.7384,TRUE,None,None,,,,,
3.6,id,-1.861475,1.578516,-1.151485,None,3.470073,,None,-1,-1,-1,0,312.7419,341.2056,TRUE,None,None,,,,,
3.7,id,-1.856217,1.578452,-1.14606,None,3.570633,,None,-1,-1,-1,0,313.4055,341.4293,TRUE,None,None,,,,,
3.8,id,-1.852074,1.57838,-1.141644,None,3.670658,,None,-1,-1,-1,0,314.2296,341.5941,TRUE,None,None,,,,,
3.9,id,-1.847939,1.580115,-1.139547,None,3.77065,,None,-1,-1,-1,0,314.5639,341.3627,TRUE,None,None,,,,,
4,id,-1.845311,1.581365,-1.137677,None,3.871027,,None,-1,-1,-1,0,314.7816,341.1505,TRUE,None,None,,,,,
4.1,id,-1.843353,1.580526,-1.135723,None,3.975577,,None,-1,-1,-1,0,314.8625,341.4135,TRUE,None,None,,,,,
4.2,id,-1.848127,1.57262,-1.134828,None,4.064166,,None,-1,-1,-1,0,313.8495,343.5459,TRUE,None,None,,,,,
4.3,id,-1.858187,1.561372,-1.135323,None,4.163821,,None,-1,-1,-1,0,311.7815,346.4455,TRUE,None,None,,,,,
4.4,id,-1.866506,1.552549,-1.135244,None,4.263896,,None,-1,-1,-1,0,310.7087,348.4174,TRUE,None,None,,,,,
4.5,id,-1.881193,1.536694,-1.141095,None,4.364353,,None,-1,-1,-1,0,307.0613,352.4749,TRUE,None,None,,,,,
4.6,id,-1.907931,1.517501,-1.154468,None,4.473713,,None,-1,-1,-1,0,300.2949,356.4376,TRUE,None,None,,,,,
4.7,id,-1.925097,1.507369,-1.163091,None,4.57368,,None,-1,-1,-1,0,296.9308,358.0103,TRUE,None,None,,,,,
4.8,id,-1.932806,1.500317,-1.161796,None,4.673552,,None,-1,-1,-1,0,297.4092,359.2972,TRUE,None,None,,,,,
4.9,id,-1.93771,1.492049,-1.152659,None,4.773489,,None,-1,-1,-1,0,300.2156,0.8374428,TRUE,None,None,,,,,
5,id,-1.944321,1.4831,-1.144228,None,4.873518,,None,-1,-1,-1,0,302.7512,1.993872,TRUE,None,None,,,,,
5.1,id,-1.950179,1.47126,-1.138239,None,4.973953,,None,-1,-1,-1,0,304.7673,3.830864,TRUE,None,None,,,,,
5.2,id,-1.956805,1.479018,-1.139666,None,5.073613,,None,-1,-1,-1,0,304.6619,1.72327,TRUE,None,None,,,,,
5.3,id,-1.959209,1.480001,-1.143008,None,5.17366,,None,-1,-1,-1,0,304.4282,1.558967,TRUE,None,None,,,,,
5.4,id,-1.96459,1.482401,-1.147696,None,5.273586,,None,-1,-1,-1,0,303.6583,0.6249827,TRUE,None,None,,,,,
5.5,id,-1.96637,1.484893,-1.151104,None,5.373577,,None,-1,-1,-1,0,303.6412,359.6959,TRUE,None,None,,,,,
5.6,id,-1.964771,1.486773,-1.150816,None,5.473527,,None,-1,-1,-1,0,304.5744,359.1447,TRUE,None,None,,,,,
5.7,id,-1.965005,1.48625,-1.151578,None,5.573797,,None,-1,-1,-1,0,304.4161,359.1376,TRUE,None,None,,,,,
5.8,id,-1.965899,1.488209,-1.154886,None,5.673743,,None,-1,-1,-1,0,303.5327,358.5773,TRUE,None,None,,,,,
5.9,id,-1.967041,1.487791,-1.156748,None,5.773596,,None,-1,-1,-1,0,302.9375,358.7752,TRUE,None,None,,,,,
6,id,-1.967423,1.488859,-1.157155,None,5.873549,,None,-1,-1,-1,0,302.8601,358.4364,TRUE,None,None,,,,,
6.1,id,-1.967009,1.488815,-1.155769,None,5.974184,,None,-1,-1,-1,0,303.2693,358.3597,TRUE,None,None,,,,,
6.2,id,-1.967294,1.488967,-1.157115,None,6.073648,,None,-1,-1,-1,0,302.7526,358.4463,TRUE,None,None,,,,,
6.3,id,-1.967786,1.489101,-1.157825,None,6.173479,,None,-1,-1,-1,0,302.2258,358.523,TRUE,None,None,,,,,
6.4,id,-1.967402,1.489304,-1.15729,None,6.273563,,None,-1,-1,-1,0,302.4524,358.5902,TRUE,None,None,,,,,
6.5,id,-1.967331,1.489199,-1.155958,None,6.36502,,None,-1,-1,-1,0,302.5872,358.6503,TRUE,None,None,,,,,
6.6,id,-1.966956,1.48888,-1.155349,None,6.464823,,None,-1,-1,-1,0,302.6284,358.903,TRUE,None,None,,,,,
6.7,id,-1.96708,1.489028,-1.154238,None,6.564822,,None,-1,-1,-1,0,302.4851,358.8357,TRUE,None,None,,,,,
6.8,id,-1.966671,1.4888,-1.153063,None,6.664738,,None,-1,-1,-1,0,302.7449,358.8642,TRUE,None,None,,,,,
6.9,id,-1.965885,1.488508,-1.151074,None,6.764871,,None,-1,-1,-1,0,303.1471,358.9683,TRUE,None,None,,,,,
7,id,-1.965397,1.488327,-1.150089,None,6.864785,,None,-1,-1,-1,0,303.3935,359.0965,TRUE,None,None,,,,,
7.1,id,-1.965087,1.488448,-1.150209,None,6.964831,,None,-1,-1,-1,0,303.4307,359.0714,TRUE,None,None,,,,,
7.2,id,-1.964872,1.488563,-1.150903,None,7.064769,,None,-1,-1,-1,0,303.4575,359.052,TRUE,None,None,,,,,
7.3,id,-1.964937,1.488469,-1.150912,None,7.165045,,None,-1,-1,-1,0,303.5076,359.0715,TRUE,None,None,,,,,
7.4,id,-1.964906,1.488428,-1.151532,None,7.264915,,None,-1,-1,-1,0,303.5209,359.0647,TRUE,None,None,,,,,
7.5,id,-1.964642,1.488364,-1.151866,None,7.364907,,None,-1,-1,-1,0,303.5258,359.1189,TRUE,None,None,,,,,
7.6,id,-1.964748,1.488468,-1.152813,None,7.469328,,None,-1,-1,-1,0,303.3668,359.0851,TRUE,None,None,,,,,
7.7,id,-1.964895,1.488312,-1.153672,None,7.569452,,None,-1,-1,-1,0,303.1649,359.1318,TRUE,None,None,,,,,
7.8,id,-1.965093,1.48844,-1.154048,None,7.669458,,None,-1,-1,-1,0,303.0284,359.0836,TRUE,None,None,,,,,
7.9,id,-1.965168,1.488457,-1.154211,None,7.769277,,None,-1,-1,-1,0,303.0782,359.049,TRUE,None,None,,,,,
8,id,-1.964749,1.488214,-1.153521,None,7.869282,,None,-1,-1,-1,0,303.2968,359.0935,TRUE,None,None,,,,,
8.1,id,-1.964736,1.488037,-1.153958,None,7.969355,,None,-1,-1,-1,0,303.2274,359.1716,TRUE,None,None,,,,,
8.2,id,-1.966433,1.487764,-1.15571,None,8.069283,,None,-1,-1,-1,0,302.5148,359.1797,TRUE,None,None,,,,,
8.3,id,-1.967863,1.487916,-1.158553,None,8.169618,,None,-1,-1,-1,0,301.744,359.1531,TRUE,None,None,,,,,
8.4,id,-1.968677,1.488508,-1.159871,None,8.269491,,None,-1,-1,-1,0,301.3904,359.0048,TRUE,None,None,,,,,
8.5,id,-1.968194,1.488586,-1.159732,None,8.369136,,None,-1,-1,-1,0,301.6809,358.9231,TRUE,None,None,,,,,
8.6,id,-1.967171,1.488343,-1.158268,None,8.469404,,None,-1,-1,-1,0,302.3496,358.9536,TRUE,None,None,,,,,
8.7,id,-1.966541,1.488289,-1.157787,None,8.569598,,None,-1,-1,-1,0,302.8263,358.9327,TRUE,None,None,,,,,
8.8,id,-1.967118,1.488402,-1.158457,None,8.669254,,None,-1,-1,-1,0,302.8925,358.7905,TRUE,None,None,,,,,
8.9,id,-1.967747,1.488833,-1.160498,None,8.769535,,None,-1,-1,-1,0,302.6844,358.6995,TRUE,None,None,,,,,
9,id,-1.968033,1.489413,-1.161768,None,8.869696,,None,-1,-1,-1,0,302.5579,358.5405,TRUE,None,None,,,,,
9.1,id,-1.967416,1.489431,-1.16193,None,8.969366,,None,-1,-1,-1,0,302.8022,358.565,TRUE,None,None,,,,,
9.2,id,-1.967204,1.48958,-1.161644,None,9.069436,,None,-1,-1,-1,0,302.9357,358.5113,TRUE,None,None,,,,,
9.3,id,-1.966871,1.489834,-1.161511,None,9.169437,,None,-1,-1,-1,0,303.0925,358.4748,TRUE,None,None,,,,,
9.4,id,-1.966659,1.489766,-1.161095,None,9.2695,,None,-1,-1,-1,0,303.1792,358.5392,TRUE,None,None,,,,,
9.5,id,-1.966724,1.489646,-1.16087,None,9.369352,,None,-1,-1,-1,0,303.1269,358.5837,TRUE,None,None,,,,,
9.6,id,-1.966596,1.489679,-1.161275,None,9.469362,,None,-1,-1,-1,0,302.9932,358.6563,TRUE,None,None,,,,,
9.7,id,-1.96748,1.487895,-1.165153,None,9.569395,,None,-1,-1,-1,0,301.758,359.413,TRUE,None,None,,,,,
9.8,id,-1.973224,1.485728,-1.182777,None,9.669256,,None,-1,-1,-1,0,295.9304,0.4945805,TRUE,None,None,,,,,
9.9,id,-1.977484,1.481943,-1.207701,None,9.769142,,None,-1,-1,-1,0,287.86,2.183416,TRUE,None,None,,,,,
10,id,-1.974482,1.478498,-1.22638,None,9.869936,,None,-1,-1,-1,0,282.5814,4.233641,TRUE,None,None,,,,,
10.1,id,-1.965553,1.486876,-1.242929,None,9.969272,,None,-1,-1,-1,0,279.1074,2.856848,TRUE,None,None,,,,,
10.2,id,-1.952277,1.493137,-1.252695,None,10.06938,,None,-1,-1,-1,0,278.4067,2.281738,TRUE,None,None,,,,,
10.3,id,-1.938402,1.495107,-1.2623,None,10.16931,,None,-1,-1,-1,0,279.4692,2.298121,TRUE,None,None,,,,,
10.4,id,-1.927863,1.4962,-1.27903,None,10.26938,,None,-1,-1,-1,0,278.4959,2.029874,TRUE,None,None,,,,,
10.5,id,-1.924271,1.493229,-1.295207,None,10.36371,,None,-1,-1,-1,0,276.8894,2.719476,TRUE,None,None,,,,,
10.6,id,-1.92251,1.491552,-1.307686,None,10.46407,,None,-1,-1,-1,0,276.0016,3.033541,TRUE,None,None,,,,,
10.7,id,-1.923131,1.489745,-1.316206,None,10.56395,,None,-1,-1,-1,0,276.4918,3.00973,TRUE,None,None,,,,,
10.8,id,-1.92746,1.485774,-1.325417,None,10.66379,,None,-1,-1,-1,0,277.3372,3.174633,TRUE,None,None,,,,,
10.9,id,-1.937945,1.480461,-1.337098,None,10.76385,,None,-1,-1,-1,0,277.541,3.185444,TRUE,None,None,,,,,
11,id,-1.946656,1.473585,-1.347553,None,10.86395,,None,-1,-1,-1,0,278.0007,4.369761,TRUE,None,None,,,,,
11.1,id,-1.955438,1.474787,-1.359596,None,10.96393,,None,-1,-1,-1,0,277.1538,4.103894,TRUE,None,None,,,,,
11.2,id,-1.955244,1.480457,-1.369534,None,11.06397,,None,-1,-1,-1,0,276.0846,2.794893,TRUE,None,None,,,,,
11.3,id,-1.951625,1.484911,-1.371904,None,11.1641,,None,-1,-1,-1,0,276.3556,1.369397,TRUE,None,None,,,,,
11.4,id,-1.95391,1.482043,-1.374219,None,11.26369,,None,-1,-1,-1,0,277.2267,0.928068,TRUE,None,None,,,,,
11.5,id,-1.9586,1.485435,-1.371674,None,11.36366,,None,-1,-1,-1,0,279.855,359.8275,TRUE,None,None,,,,,
11.6,id,-1.957326,1.486823,-1.366057,None,11.46363,,None,-1,-1,-1,0,283.1578,359.1913,TRUE,None,None,,,,,
11.7,id,-1.959348,1.486808,-1.36112,None,11.56367,,None,-1,-1,-1,0,285.9838,358.834,TRUE,None,None,,,,,
11.8,id,-1.962399,1.48467,-1.359698,None,11.66366,,None,-1,-1,-1,0,287.3312,359.0123,TRUE,None,None,,,,,
11.9,id,-1.962668,1.486999,-1.362091,None,11.76366,,None,-1,-1,-1,0,287.0103,358.4529,TRUE,None,None,,,,,
12,id,-1.964377,1.487702,-1.368796,None,11.86409,,None,-1,-1,-1,0,285.2831,358.3629,TRUE,None,None,,,,,
12.1,id,-1.966247,1.488949,-1.371559,None,11.96377,,None,-1,-1,-1,0,284.7607,357.8351,TRUE,None,None,,,,,
12.2,id,-1.967082,1.488564,-1.369928,None,12.06373,,None,-1,-1,-1,0,285.0632,357.8273,TRUE,None,None,,,,,
12.3,id,-1.966458,1.488162,-1.367878,None,12.16397,,None,-1,-1,-1,0,284.9164,358.4153,TRUE,None,None,,,,,
12.4,id,-1.965075,1.487217,-1.363882,None,12.2638,,None,-1,-1,-1,0,285.4943,358.9175,TRUE,None,None,,,,,
12.5,id,-1.965175,1.48679,-1.360007,None,12.36775,,None,-1,-1,-1,0,285.8715,358.8172,TRUE,None,None,,,,,
12.6,id,-1.965174,1.486195,-1.357042,None,12.47061,,None,-1,-1,-1,0,286.2785,358.9207,TRUE,None,None,,,,,
12.7,id,-1.964582,1.486267,-1.356222,None,12.56762,,None,-1,-1,-1,0,285.9868,359.1396,TRUE,None,None,,,,,
12.8,id,-1.96495,1.48545,-1.355396,None,12.6676,,None,-1,-1,-1,0,285.657,359.401,TRUE,None,None,,,,,
12.9,id,-1.965068,1.485753,-1.355403,None,12.7675,,None,-1,-1,-1,0,285.4461,359.2843,TRUE,None,None,,,,,
13,id,-1.965119,1.486079,-1.355857,None,12.86773,,None,-1,-1,-1,0,285.4899,359.0635,TRUE,None,None,,,,,
13.1,id,-1.96567,1.486221,-1.356189,None,12.96731,,None,-1,-1,-1,0,285.4431,359.0587,TRUE,None,None,,,,,
13.2,id,-1.965875,1.486249,-1.356188,None,13.06754,,None,-1,-1,-1,0,285.5507,359.0251,TRUE,None,None,,,,,
13.3,id,-1.966367,1.486554,-1.356371,None,13.16736,,None,-1,-1,-1,0,285.636,358.8873,TRUE,None,None,,,,,
13.4,id,-1.96641,1.48647,-1.3572,None,13.2674,,None,-1,-1,-1,0,285.5518,358.817,TRUE,None,None,,,,,
13.5,id,-1.966567,1.486584,-1.357707,None,13.36744,,None,-1,-1,-1,0,285.4329,358.706,TRUE,None,None,,,,,
13.6,id,-1.967111,1.486752,-1.358331,None,13.46752,,None,-1,-1,-1,0,285.1293,358.6669,TRUE,None,None,,,,,
13.7,id,-1.967862,1.486596,-1.359537,None,13.56743,,None,-1,-1,-1,0,284.7015,358.7043,TRUE,None,None,,,,,
13.8,id,-1.968587,1.486709,-1.361269,None,13.66729,,None,-1,-1,-1,0,283.9937,358.7067,TRUE,None,None,,,,,
13.9,id,-1.969549,1.4871,-1.364376,None,13.77352,,None,-1,-1,-1,0,283.0076,358.6311,TRUE,None,None,,,,,
14,id,-1.970355,1.487223,-1.363997,None,13.87399,,None,-1,-1,-1,0,282.949,358.5497,TRUE,None,None,,,,,
14.1,id,-1.97041,1.486822,-1.362804,None,13.97381,,None,-1,-1,-1,0,283.3532,358.6507,TRUE,None,None,,,,,
14.2,id,-1.97064,1.486764,-1.361737,None,14.07351,,None,-1,-1,-1,0,283.4099,358.7149,TRUE,None,None,,,,,
14.3,id,-1.970371,1.486454,-1.361989,None,14.1737,,None,-1,-1,-1,0,283.5992,358.69,TRUE,None,None,,,,,
14.4,id,-1.970505,1.486748,-1.361974,None,14.27346,,None,-1,-1,-1,0,283.526,358.6341,TRUE,None,None,,,,,
14.5,id,-1.969961,1.486625,-1.363196,None,14.37327,,None,-1,-1,-1,0,283.3506,358.6924,TRUE,None,None,,,,,
14.6,id,-1.968217,1.486542,-1.361769,None,14.47427,,None,-1,-1,-1,0,283.8818,358.8744,TRUE,None,None,,,,,
14.7,id,-1.968603,1.486655,-1.363426,None,14.57321,,None,-1,-1,-1,0,283.6317,358.6752,TRUE,None,None,,,,,
14.8,id,-1.968026,1.486523,-1.362549,None,14.67337,,None,-1,-1,-1,0,283.8073,358.7941,TRUE,None,None,,,,,
14.9,id,-1.967736,1.486269,-1.362613,None,14.77326,,None,-1,-1,-1,0,283.9423,358.8009,TRUE,None,None,,,,,
15,id,-1.969301,1.486901,-1.36483,None,14.87406,,None,-1,-1,-1,0,283.562,358.442,TRUE,None,None,,,,,
15.1,id,-1.971004,1.486985,-1.368507,None,14.97325,,None,-1,-1,-1,0,282.7514,358.4865,TRUE,None,None,,,,,
15.2,id,-1.971783,1.487386,-1.369157,None,15.07331,,None,-1,-1,-1,0,282.6041,358.4012,TRUE,None,None,,,,,
15.3,id,-1.972034,1.487039,-1.368839,None,15.17345,,None,-1,-1,-1,0,282.8611,358.3057,TRUE,None,None,,,,,
15.4,id,-1.970773,1.486927,-1.36677,None,15.27326,,None,-1,-1,-1,0,283.281,358.4182,TRUE,None,None,,,,,
15.5,id,-1.968387,1.486472,-1.362917,None,15.37348,,None,-1,-1,-1,0,283.7587,358.6731,TRUE,None,None,,,,,
15.6,id,-1.960726,1.483189,-1.349661,None,15.47345,,None,-1,-1,-1,0,285.6746,0.09561544,TRUE,None,None,,,,,
15.7,id,-1.942271,1.476491,-1.323106,None,15.57338,,None,-1,-1,-1,0,289.7838,3.028057,TRUE,None,None,,,,,
15.8,id,-1.916282,1.464166,-1.289289,None,15.67342,,None,-1,-1,-1,0,295.6131,6.856007,TRUE,None,None,,,,,
15.9,id,-1.89146,1.457606,-1.265097,None,15.77342,,None,-1,-1,-1,0,300.5607,9.075805,TRUE,None,None,,,,,
16,id,-1.873896,1.466948,-1.256913,None,15.87387,,None,-1,-1,-1,0,301.7991,7.520876,TRUE,None,None,,,,,
16.1,id,-1.85815,1.475875,-1.25287,None,15.97388,,None,-1,-1,-1,0,301.0655,6.644372,TRUE,None,None,,,,,
16.2,id,-1.83834,1.479035,-1.242404,None,16.07363,,None,-1,-1,-1,0,302.9827,6.241262,TRUE,None,None,,,,,
16.3,id,-1.814055,1.477334,-1.223483,None,16.17344,,None,-1,-1,-1,0,307.8176,7.203691,TRUE,None,None,,,,,
16.4,id,-1.777462,1.480793,-1.19272,None,16.27336,,None,-1,-1,-1,0,318.0171,6.624242,TRUE,None,None,,,,,
16.5,id,-1.733426,1.486774,-1.163601,None,16.36527,,None,-1,-1,-1,0,329.2924,5.106974,TRUE,None,None,,,,,
16.6,id,-1.687588,1.494925,-1.141184,None,16.46546,,None,-1,-1,-1,0,339.503,2.920306,TRUE,None,None,,,,,
16.7,id,-1.642421,1.500293,-1.125811,None,16.56538,,None,-1,-1,-1,0,349.8168,1.777277,TRUE,None,None,,,,,
16.8,id,-1.601018,1.503755,-1.115375,None,16.66543,,None,-1,-1,-1,0,358.6182,1.359353,TRUE,None,None,,,,,
16.9,id,-1.569012,1.507135,-1.107246,None,16.7654,,None,-1,-1,-1,0,4.189595,0.8800684,TRUE,None,None,,,,,
17,id,-1.54869,1.510017,-1.098999,None,16.86535,,None,-1,-1,-1,0,6.541363,0.5829222,TRUE,None,None,,,,,
17.1,id,-1.52803,1.511768,-1.091955,None,16.96567,,None,-1,-1,-1,0,8.580747,0.4122584,TRUE,None,None,,,,,
17.2,id,-1.506383,1.512771,-1.086339,None,17.06537,,None,-1,-1,-1,0,11.46514,0.2577967,TRUE,None,None,,,,,
17.3,id,-1.487789,1.512975,-1.077821,None,17.16565,,None,-1,-1,-1,0,12.86654,359.9683,TRUE,None,None,,,,,
17.4,id,-1.476204,1.512147,-1.068353,None,17.26537,,None,-1,-1,-1,0,13.24567,359.8093,TRUE,None,None,,,,,
17.5,id,-1.465909,1.510891,-1.060969,None,17.36567,,None,-1,-1,-1,0,12.83566,359.9692,TRUE,None,None,,,,,
17.6,id,-1.463698,1.514531,-1.05379,None,17.46553,,None,-1,-1,-1,0,11.4241,359.2491,TRUE,None,None,,,,,
17.7,id,-1.463408,1.517908,-1.050287,None,17.57013,,None,-1,-1,-1,0,9.789429,358.5612,TRUE,None,None,,,,,
17.8,id,-1.461593,1.515674,-1.049911,None,17.6698,,None,-1,-1,-1,0,9.928947,359.1931,TRUE,None,None,,,,,
17.9,id,-1.456868,1.510478,-1.051402,None,17.7704,,None,-1,-1,-1,0,11.20088,0.3896537,TRUE,None,None,,,,,
18,id,-1.45811,1.507127,-1.053769,None,17.86973,,None,-1,-1,-1,0,11.36022,1.196358,TRUE,None,None,,,,,
18.1,id,-1.463701,1.508248,-1.059226,None,17.9703,,None,-1,-1,-1,0,10.52252,0.8051633,TRUE,None,None,,,,,
18.2,id,-1.471714,1.510602,-1.065243,None,18.06977,,None,-1,-1,-1,0,9.317617,0.320841,TRUE,None,None,,,,,
18.3,id,-1.473753,1.510598,-1.072365,None,18.17002,,None,-1,-1,-1,0,9.555112,0.283882,TRUE,None,None,,,,,
18.4,id,-1.475546,1.508492,-1.078583,None,18.26962,,None,-1,-1,-1,0,10.14012,0.691269,TRUE,None,None,,,,,
18.5,id,-1.476707,1.507439,-1.084098,None,18.3699,,None,-1,-1,-1,0,10.41424,0.9122307,TRUE,None,None,,,,,
18.6,id,-1.479035,1.506262,-1.088955,None,18.46975,,None,-1,-1,-1,0,10.656,1.180617,TRUE,None,None,,,,,
18.7,id,-1.483061,1.504515,-1.092154,None,18.56997,,None,-1,-1,-1,0,10.32749,1.595148,TRUE,None,None,,,,,
18.8,id,-1.488021,1.503778,-1.093747,None,18.66976,,None,-1,-1,-1,0,9.59199,1.747469,TRUE,None,None,,,,,
18.9,id,-1.49191,1.503991,-1.095515,None,18.76974,,None,-1,-1,-1,0,9.117741,1.606051,TRUE,None,None,,,,,
19,id,-1.494654,1.505063,-1.097226,None,18.87011,,None,-1,-1,-1,0,8.93949,1.362618,TRUE,None,None,,,,,
19.1,id,-1.495636,1.505264,-1.098791,None,18.97016,,None,-1,-1,-1,0,9.011329,1.305956,TRUE,None,None,,,,,
19.2,id,-1.496274,1.504853,-1.099967,None,19.07003,,None,-1,-1,-1,0,9.099312,1.416382,TRUE,None,None,,,,,
19.3,id,-1.497102,1.503423,-1.100464,None,19.17007,,None,-1,-1,-1,0,8.91482,1.650632,TRUE,None,None,,,,,
19.4,id,-1.498777,1.502116,-1.100508,None,19.27006,,None,-1,-1,-1,0,8.456238,1.970087,TRUE,None,None,,,,,
19.5,id,-1.49921,1.501207,-1.100259,None,19.36324,,None,-1,-1,-1,0,8.242858,2.147329,TRUE,None,None,,,,,
19.6,id,-1.498328,1.500527,-1.100222,None,19.47432,,None,-1,-1,-1,0,8.381071,2.282371,TRUE,None,None,,,,,
19.7,id,-1.497165,1.499926,-1.099985,None,19.57422,,None,-1,-1,-1,0,8.62945,2.430389,TRUE,None,None,,,,,
19.8,id,-1.496207,1.499115,-1.099557,None,19.67414,,None,-1,-1,-1,0,8.88856,2.580522,TRUE,None,None,,,,,
19.9,id,-1.496919,1.498631,-1.098882,None,19.77425,,None,-1,-1,-1,0,8.756084,2.679133,TRUE,None,None,,,,,
20,id,-1.498047,1.498732,-1.097957,None,19.8741,,None,-1,-1,-1,0,8.575899,2.624552,TRUE,None,None,,,,,
20.1,id,-1.497913,1.498943,-1.097543,None,19.96319,,None,-1,-1,-1,0,8.693667,2.5779,TRUE,None,None,,,,,
20.2,id,-1.496799,1.499125,-1.097096,None,20.07397,,None,-1,-1,-1,0,9.130069,2.59858,TRUE,None,None,,,,,
20.3,id,-1.496202,1.498783,-1.096603,None,20.17407,,None,-1,-1,-1,0,9.384501,2.703886,TRUE,None,None,,,,,
20.4,id,-1.496558,1.498128,-1.095944,None,20.26545,,None,-1,-1,-1,0,9.276703,2.847661,TRUE,None,None,,,,,
20.5,id,-1.497389,1.497315,-1.095453,None,20.37449,,None,-1,-1,-1,0,8.975821,3.011312,TRUE,None,None,,,,,
20.6,id,-1.497589,1.497072,-1.095557,None,20.47425,,None,-1,-1,-1,0,8.779458,3.070098,TRUE,None,None,,,,,
20.7,id,-1.496778,1.496561,-1.096136,None,20.57422,,None,-1,-1,-1,0,8.797154,3.166988,TRUE,None,None,,,,,
20.8,id,-1.496216,1.496523,-1.096708,None,20.67441,,None,-1,-1,-1,0,8.861737,3.194852,TRUE,None,None,,,,,
20.9,id,-1.49613,1.496088,-1.096762,None,20.77415,,None,-1,-1,-1,0,8.904743,3.267809,TRUE,None,None,,,,,
21,id,-1.496546,1.495786,-1.096385,None,20.86319,,None,-1,-1,-1,0,8.919508,3.332731,TRUE,None,None,,,,,
21.1,id,-1.497725,1.495785,-1.095836,None,20.97458,,None,-1,-1,-1,0,8.816442,3.329302,TRUE,None,None,,,,,
21.2,id,-1.499328,1.495747,-1.095147,None,21.07421,,None,-1,-1,-1,0,8.59998,3.353358,TRUE,None,None,,,,,
21.3,id,-1.500388,1.49554,-1.094659,None,21.17418,,None,-1,-1,-1,0,8.505972,3.402096,TRUE,None,None,,,,,
21.4,id,-1.501053,1.495286,-1.09429,None,21.26665,,None,-1,-1,-1,0,8.473185,3.465516,TRUE,None,None,,,,,
21.5,id,-1.501607,1.495006,-1.093941,None,21.36677,,None,-1,-1,-1,0,8.461662,3.514879,TRUE,None,None,,,,,
21.6,id,-1.502266,1.494795,-1.093782,None,21.46655,,None,-1,-1,-1,0,8.426485,3.595929,TRUE,None,None,,,,,
21.7,id,-1.50304,1.495159,-1.093739,None,21.56717,,None,-1,-1,-1,0,8.376888,3.548806,TRUE,None,None,,,,,
21.8,id,-1.503394,1.495335,-1.093979,None,21.6667,,None,-1,-1,-1,0,8.378381,3.502602,TRUE,None,None,,,,,
21.9,id,-1.503399,1.495241,-1.094303,None,21.76672,,None,-1,-1,-1,0,8.466786,3.523925,TRUE,None,None,,,,,
22,id,-1.502953,1.495468,-1.094844,None,21.86658,,None,-1,-1,-1,0,8.624082,3.499161,TRUE,None,None,,,,,
22.1,id,-1.502813,1.495617,-1.095193,None,21.96693,,None,-1,-1,-1,0,8.680941,3.488587,TRUE,None,None,,,,,
22.2,id,-1.5031,1.495525,-1.095365,None,22.06642,,None,-1,-1,-1,0,8.638172,3.48496,TRUE,None,None,,,,,
22.3,id,-1.503573,1.49594,-1.095921,None,22.16694,,None,-1,-1,-1,0,8.693828,3.463771,TRUE,None,None,,,,,
22.4,id,-1.506447,1.496063,-1.096493,None,22.26668,,None,-1,-1,-1,0,8.269772,3.420582,TRUE,None,None,,,,,
22.5,id,-1.50999,1.496978,-1.096874,None,22.36665,,None,-1,-1,-1,0,7.673743,3.26073,TRUE,None,None,,,,,
22.6,id,-1.51246,1.497008,-1.098213,None,22.46686,,None,-1,-1,-1,0,7.52335,3.15746,TRUE,None,None,,,,,
22.7,id,-1.515267,1.497704,-1.100187,None,22.5668,,None,-1,-1,-1,0,7.565863,2.99485,TRUE,None,None,,,,,
22.8,id,-1.51774,1.498777,-1.102494,None,22.66957,,None,-1,-1,-1,0,7.591246,2.68138,TRUE,None,None,,,,,
22.9,id,-1.51921,1.499913,-1.10491,None,22.76951,,None,-1,-1,-1,0,7.711867,2.387465,TRUE,None,None,,,,,
23,id,-1.520208,1.501056,-1.107405,None,22.86947,,None,-1,-1,-1,0,7.810412,2.111593,TRUE,None,None,,,,,
23.1,id,-1.520456,1.501509,-1.109726,None,22.96951,,None,-1,-1,-1,0,7.846804,2.014265,TRUE,None,None,,,,,
23.2,id,-1.519593,1.501589,-1.112071,None,23.06938,,None,-1,-1,-1,0,7.88296,1.895455,TRUE,None,None,,,,,
23.3,id,-1.519085,1.502121,-1.114162,None,23.16947,,None,-1,-1,-1,0,7.681117,1.760004,TRUE,None,None,,,,,
23.4,id,-1.518339,1.502177,-1.11568,None,23.26947,,None,-1,-1,-1,0,7.547338,1.727034,TRUE,None,None,,,,,
23.5,id,-1.517167,1.50235,-1.116763,None,23.36935,,None,-1,-1,-1,0,7.552027,1.664335,TRUE,None,None,,,,,
23.6,id,-1.516029,1.502161,-1.117949,None,23.46938,,None,-1,-1,-1,0,7.582795,1.644708,TRUE,None,None,,,,,
23.7,id,-1.515115,1.502427,-1.118801,None,23.56931,,None,-1,-1,-1,0,7.584884,1.548964,TRUE,None,None,,,,,
23.8,id,-1.513742,1.502979,-1.119599,None,23.66944,,None,-1,-1,-1,0,7.784595,1.49252,TRUE,None,None,,,,,
23.9,id,-1.513121,1.50324,-1.119888,None,23.76933,,None,-1,-1,-1,0,7.928834,1.446826,TRUE,None,None,,,,,
24,id,-1.513993,1.503054,-1.1197,None,23.86357,,None,-1,-1,-1,0,7.712675,1.53321,TRUE,None,None,,,,,
24.1,id,-1.515845,1.503289,-1.119823,None,23.96384,,None,-1,-1,-1,0,7.244259,1.527405,TRUE,None,None,,,,,
24.2,id,-1.516063,1.50341,-1.120761,None,24.06364,,None,-1,-1,-1,0,7.09651,1.595351,TRUE,None,None,,,,,
24.3,id,-1.514239,1.506397,-1.120891,None,24.16372,,None,-1,-1,-1,0,7.30654,0.8465813,TRUE,None,None,,,,,
24.4,id,-1.515562,1.506897,-1.121301,None,24.26396,,None,-1,-1,-1,0,7.113409,0.7796289,TRUE,None,None,,,,,
24.5,id,-1.517518,1.506208,-1.121816,None,24.36384,,None,-1,-1,-1,0,6.836843,1.024129,TRUE,None,None,,,,,
24.6,id,-1.515232,1.506085,-1.122115,None,24.46367,,None,-1,-1,-1,0,7.723576,1.11022,TRUE,None,None,,,,,
24.7,id,-1.511638,1.506063,-1.122149,None,24.56366,,None,-1,-1,-1,0,8.979438,1.108283,TRUE,None,None,,,,,
24.8,id,-1.506922,1.505358,-1.121237,None,24.66677,,None,-1,-1,-1,0,10.28802,1.399821,TRUE,None,None,,,,,
24.9,id,-1.503872,1.50407,-1.116649,None,24.76354,,None,-1,-1,-1,0,10.93671,1.804241,TRUE,None,None,,,,,
25,id,-1.504553,1.50207,-1.108507,None,24.86367,,None,-1,-1,-1,0,10.27761,2.437535,TRUE,None,None,,,,,
25.1,id,-1.503579,1.50068,-1.099315,None,24.9635,,None,-1,-1,-1,0,9.944712,2.918404,TRUE,None,None,,,,,
25.2,id,-1.499665,1.498958,-1.090421,None,25.06371,,None,6.127082,-1,2.563541,128.9778,10.34787,3.606024,TRUE,None,None,,,,,
25.3,id,-1.494975,1.497046,-1.082458,None,25.16372,,None,6.127082,-1,2.563541,2.365436,10.88842,4.131872,TRUE,None,None,,,,,
25.4,id,-1.491469,1.496219,-1.076588,None,25.26982,,None,6.127082,-1,2.563541,42.7876,11.24526,4.385288,TRUE,None,None,,,,,
25.5,id,-1.493333,1.492284,-1.072079,None,25.36364,,None,6.127082,-1,2.563541,7.602923,10.43387,5.391824,TRUE,None,None,,,,,
25.6,id,-1.501538,1.483705,-1.068452,None,25.4639,,None,6.127082,-1,2.563541,11.79393,8.381914,7.059644,TRUE,None,None,,,,,
25.7,id,-1.507691,1.480896,-1.065777,None,25.56377,,None,6.127082,6.14195,6.134516,53.82736,6.683605,7.68077,FALSE,None,None,,,,,
25.8,id,-1.507529,1.482093,-1.067083,None,25.66388,,None,4.026463,3.899997,3.96323,34.59124,7.042361,7.392502,FALSE,None,None,,,,,
25.9,id,-1.509438,1.484277,-1.069113,None,25.76379,,None,4.088068,4.025112,4.05659,2.772005,7.09711,6.756378,FALSE,None,None,,,,,
26,id,-1.515694,1.487035,-1.070303,None,25.86701,,None,4.202105,4.29086,4.246483,39.48077,5.587443,6.203673,FALSE,None,None,,,,,
26.1,id,-1.519173,1.490502,-1.071849,None,25.96733,,None,4.292973,4.460524,4.376748,58.79945,4.885867,5.42359,FALSE,None,None,,,,,
26.2,id,-1.519371,1.491429,-1.073128,None,26.06696,,None,4.242934,4.41011,4.326522,2.511528,4.94329,5.145473,FALSE,None,None,,,,,
26.3,id,-1.515559,1.491158,-1.075859,None,26.16728,,None,4.153223,4.072611,4.112917,57.13901,6.190434,5.11341,FALSE,None,None,,,,,
26.4,id,-1.513733,1.490577,-1.079279,None,26.26691,,None,4.137029,4.009192,4.073111,63.59842,6.74958,5.206974,FALSE,None,None,,,,,
26.5,id,-1.516631,1.491167,-1.081403,None,26.36688,,None,4.130466,4.038207,4.084336,20.84191,6.029729,5.025379,FALSE,None,None,,,,,
26.6,id,-1.518821,1.492482,-1.084337,None,26.46688,,None,4.217751,4.084765,4.151258,5.740619,5.393418,4.65744,FALSE,None,None,,,,,
26.7,id,-1.519333,1.492922,-1.086663,None,26.56694,,None,4.365318,4.336241,4.35078,29.06824,5.320848,4.51025,FALSE,None,None,,,,,
26.8,id,-1.520072,1.492544,-1.088046,None,26.6669,,None,4.442115,4.491943,4.467029,39.57515,5.266529,4.628482,FALSE,None,None,,,,,
26.9,id,-1.520712,1.492792,-1.088646,None,26.76697,,None,4.538438,4.572033,4.555235,5.245345,5.134559,4.659116,FALSE,None,None,,,,,
27,id,-1.520161,1.49246,-1.088921,None,26.87006,,None,4.623388,4.418083,4.520736,3.058281,5.19948,4.719854,FALSE,None,None,,,,,
27.1,id,-1.519146,1.492038,-1.0892,None,26.96984,,None,4.581474,4.44162,4.511547,76.61745,5.333015,4.841074,FALSE,None,None,,,,,
27.2,id,-1.518916,1.491734,-1.088971,None,27.07006,,None,4.501528,4.433545,4.467537,4.8145,5.352396,4.933268,FALSE,None,None,,,,,
27.3,id,-1.518381,1.491817,-1.088951,None,27.17024,,None,4.454676,4.447976,4.451326,5.103731,5.309759,4.915375,FALSE,None,None,,,,,
27.4,id,-1.517973,1.491236,-1.089163,None,27.27023,,None,4.472042,4.614685,4.543364,51.8694,5.293288,5.073624,FALSE,None,None,,,,,
27.5,id,-1.5202,1.491175,-1.089219,None,27.37019,,None,4.461905,4.64002,4.550962,46.54121,5.182893,5.071437,FALSE,None,None,,,,,
27.6,id,-1.524851,1.490734,-1.087914,None,27.47019,,None,4.48181,4.59304,4.537425,4.467817,4.26863,5.073299,FALSE,None,None,,,,,
27.7,id,-1.527242,1.489872,-1.087471,None,27.56992,,None,4.503795,4.449247,4.476521,7.874725,3.289094,5.308517,FALSE,None,None,,,,,
27.8,id,-1.526668,1.489677,-1.087833,None,27.67029,,None,4.487608,4.321299,4.404453,62.67787,3.518464,5.387528,FALSE,None,None,,,,,
27.9,id,-1.525119,1.489166,-1.087909,None,27.77002,,None,4.450452,4.335134,4.392793,13.7087,4.265132,5.485548,FALSE,None,None,,,,,
28,id,-1.523258,1.488716,-1.088573,None,27.87004,,None,4.474638,4.359308,4.416973,1.326782,4.683149,5.611278,FALSE,None,None,,,,,
28.1,id,-1.523662,1.489058,-1.089388,None,27.97053,,None,4.47373,4.444749,4.459239,3.299941,4.612418,5.544017,FALSE,None,None,,,,,
28.2,id,-1.524899,1.48951,-1.089763,None,28.06998,,None,4.517596,4.45604,4.486818,5.213924,4.28649,5.467247,FALSE,None,None,,,,,
28.3,id,-1.525395,1.489507,-1.090026,None,28.16994,,None,4.517461,4.460128,4.488795,3.317382,3.985642,5.520395,FALSE,None,None,,,,,
28.4,id,-1.525431,1.489617,-1.090157,None,28.26998,,None,4.512112,4.573041,4.542577,50.91719,3.829569,5.557559,FALSE,None,None,,,,,
28.5,id,-1.526544,1.488937,-1.089641,None,28.3701,,None,4.502472,4.583611,4.543041,23.66044,3.505449,5.716343,FALSE,None,None,,,,,
28.6,id,-1.528756,1.488388,-1.088244,None,28.47003,,None,4.53027,4.572455,4.551363,1.759428,2.795624,5.842026,FALSE,None,None,,,,,
28.7,id,-1.529204,1.486987,-1.086951,None,28.57001,,None,4.543652,4.578455,4.561053,0.7663393,2.562507,6.300162,FALSE,None,None,,,,,
28.8,id,-1.527294,1.486561,-1.086724,None,28.67,,None,4.64148,4.459963,4.550722,94.12682,3.138496,6.298753,FALSE,None,None,,,,,
28.9,id,-1.525194,1.487073,-1.087649,None,28.77003,,None,4.619176,4.50612,4.562648,7.155244,3.696322,6.16777,FALSE,None,None,,,,,
29,id,-1.523444,1.486734,-1.08914,None,28.86435,,None,4.610127,4.529131,4.569629,0.6956008,4.121211,6.190476,FALSE,None,None,,,,,
29.1,id,-1.52359,1.487626,-1.090602,None,28.96474,,None,4.525987,4.625136,4.575562,81.64409,4.267116,5.966473,FALSE,None,None,,,,,
29.2,id,-1.523669,1.489374,-1.091665,None,29.06449,,None,4.354433,4.508851,4.431642,6.943745,4.189893,5.394174,FALSE,None,None,,,,,
29.3,id,-1.522524,1.490269,-1.093092,None,29.16446,,None,4.192973,4.302923,4.247948,4.728729,4.187091,5.214551,FALSE,None,None,,,,,
29.4,id,-1.522556,1.491537,-1.094115,None,29.26438,,None,4.089894,4.057593,4.073744,71.87933,3.855175,4.823649,FALSE,None,None,,,,,
29.5,id,-1.52069,1.492778,-1.095455,None,29.36455,,None,4.07142,4.05868,4.06505,18.19103,4.252851,4.520777,FALSE,None,None,,,,,
29.6,id,-1.518977,1.492713,-1.09648,None,29.46431,,None,4.042382,4.033034,4.037708,6.185213,4.674188,4.468139,FALSE,None,None,,,,,
29.7,id,-1.518131,1.49235,-1.097618,None,29.5645,,None,4.028851,4.127653,4.078252,30.57963,4.797095,4.518779,FALSE,None,None,,,,,
29.8,id,-1.517402,1.49507,-1.098082,None,29.66428,,None,4.089346,4.249387,4.169366,21.95827,4.966434,3.98988,FALSE,None,None,,,,,
29.9,id,-1.517892,1.496753,-1.098196,None,29.76455,,None,4.204663,4.326927,4.265795,3.087996,5.194011,3.710263,FALSE,None,None,,,,,
30,id,-1.521331,1.49731,-1.097168,None,29.86426,,None,4.262519,4.389135,4.325828,1.79657,4.982112,3.537357,FALSE,None,None,,,,,
30.1,id,-1.525187,1.495996,-1.09594,None,29.96473,,None,4.311415,4.333555,4.322485,4.701175,4.620086,3.866908,FALSE,None,None,,,,,
30.2,id,-1.52784,1.494991,-1.094797,None,30.06429,,None,4.396513,4.558564,4.477538,79.90508,4.501606,4.081722,FALSE,None,None,,,,,
30.3,id,-1.528551,1.495648,-1.095026,None,30.1643,,None,4.425894,4.550982,4.488439,30.64606,4.821445,3.968454,FALSE,None,None,,,,,
30.4,id,-1.526768,1.49602,-1.095507,None,30.26447,,None,4.389837,4.538967,4.464402,7.694907,5.747071,3.752723,FALSE,None,None,,,,,
30.5,id,-1.523994,1.49637,-1.094829,None,30.36449,,None,4.272343,4.393737,4.33304,8.048263,6.467578,3.665836,FALSE,None,None,,,,,
30.6,id,-1.522562,1.497397,-1.093489,None,30.46442,,None,4.167564,4.375377,4.27147,77.217,6.035441,3.332493,FALSE,None,None,,,,,
30.7,id,-1.520209,1.497241,-1.092845,None,30.56784,,None,4.105536,4.265148,4.185342,7.373551,5.710679,3.362195,FALSE,None,None,,,,,
30.8,id,-1.516522,1.495699,-1.091128,None,30.66794,,None,4.071615,4.160213,4.115914,3.7184,5.742911,3.549224,FALSE,None,None,,,,,
30.9,id,-1.514028,1.492997,-1.088297,None,30.76787,,None,4.0655,4.129288,4.097394,11.16314,5.086893,4.391263,FALSE,None,None,,,,,
31,id,-1.505969,1.493373,-1.086365,None,30.86812,,None,4.102353,4.160612,4.131482,11.16436,6.076748,4.104359,FALSE,None,None,,,,,
31.1,id,-1.500409,1.49123,-1.083713,None,30.96828,,None,4.160825,4.248846,4.204835,6.430738,6.380468,4.660784,FALSE,None,None,,,,,
31.2,id,-1.499078,1.488933,-1.079493,None,31.06787,,None,4.16288,4.258923,4.210901,4.68802,6.09086,5.168633,FALSE,None,None,,,,,
31.3,id,-1.497423,1.488047,-1.07491,None,31.16781,,None,4.164919,4.220363,4.192641,6.148917,5.675499,4.981267,FALSE,None,None,,,,,
31.4,id,-1.490363,1.483648,-1.073929,None,31.26779,,None,4.144721,4.180811,4.162766,11.42845,6.674221,5.789554,FALSE,None,None,,,,,
31.5,id,-1.486423,1.482574,-1.073911,None,31.36787,,None,4.038276,4.144612,4.091444,4.007207,6.734812,6.087976,FALSE,None,None,,,,,
31.6,id,-1.483716,1.483222,-1.074443,None,31.46775,,None,4.067986,4.066153,4.06707,7.701242,6.73015,5.906143,FALSE,None,None,,,,,
31.7,id,-1.483312,1.485031,-1.075368,None,31.56767,,None,4.064689,4.128514,4.096601,5.094142,7.024552,5.613788,FALSE,None,None,,,,,
31.8,id,-1.48551,1.487297,-1.076441,None,31.66784,,None,4.082166,4.097764,4.089965,3.292966,6.665511,5.069346,FALSE,None,None,,,,,
31.9,id,-1.48666,1.490192,-1.077214,None,31.76778,,None,3.999991,4.069417,4.034704,5.214318,6.768741,4.370038,FALSE,None,None,,,,,
32,id,-1.4869,1.492063,-1.077907,None,31.86788,,None,3.948116,4.021558,3.984837,3.681383,7.132886,3.884054,FALSE,None,None,,,,,
32.1,id,-1.489272,1.494541,-1.076654,None,31.96803,,None,3.961283,4.000306,3.980795,30.97938,6.009043,3.230218,FALSE,None,None,,,,,
32.2,id,-1.490848,1.494203,-1.074544,None,32.06796,,None,3.997873,4.061274,4.029573,9.149649,4.912439,3.282801,FALSE,None,None,,,,,
32.3,id,-1.490112,1.49306,-1.071864,None,32.16792,,None,4.022775,4.051422,4.037098,8.859715,4.621189,3.533791,FALSE,None,None,,,,,
32.4,id,-1.486466,1.493167,-1.069367,None,32.26789,,None,3.952321,4.013717,3.983019,5.792411,5.388135,3.348565,FALSE,None,None,,,,,
32.5,id,-1.48359,1.493558,-1.067796,None,32.37199,,None,4.040537,4.123364,4.081951,56.94,5.904645,3.302784,FALSE,None,None,,,,,
32.6,id,-1.484319,1.494939,-1.066554,None,32.4719,,None,4.071766,4.134511,4.103139,1.084533,5.626564,3.030733,FALSE,None,None,,,,,
32.7,id,-1.486941,1.496403,-1.064947,None,32.57165,,None,4.056889,4.134567,4.095728,6.438752,5.093876,2.677114,FALSE,None,None,,,,,
32.8,id,-1.488998,1.495954,-1.063804,None,32.6717,,None,4.065793,4.141379,4.103586,3.735831,4.752625,2.770593,FALSE,None,None,,,,,
32.9,id,-1.489905,1.496091,-1.063167,None,32.77182,,None,4.030589,4.10409,4.067339,2.598731,4.823854,2.796073,FALSE,None,None,,,,,
33,id,-1.491348,1.497152,-1.062853,None,32.8718,,None,3.935097,4.005254,3.970176,5.645223,4.712975,2.552192,FALSE,None,None,,,,,
33.1,id,-1.492335,1.497987,-1.063094,None,32.97164,,None,3.882352,4.015127,3.94874,101.7158,4.618797,2.413734,FALSE,None,None,,,,,
33.2,id,-1.49373,1.499212,-1.063446,None,33.07159,,None,3.792576,3.925683,3.859129,21.05587,4.35583,2.148829,FALSE,None,None,,,,,
33.3,id,-1.494239,1.501203,-1.06449,None,33.17161,,None,3.757132,3.917459,3.837296,4.387177,4.18931,1.768363,FALSE,None,None,,,,,
33.4,id,-1.494177,1.501639,-1.066106,None,33.27163,,None,3.6154,3.712673,3.664037,113.4881,4.017627,1.712011,FALSE,None,None,,,,,
33.5,id,-1.495713,1.501776,-1.066946,None,33.37165,,None,3.723066,3.820317,3.771691,42.92966,3.427438,1.663253,FALSE,None,None,,,,,
33.6,id,-1.496742,1.501922,-1.068124,None,33.47409,,None,3.774341,3.871232,3.822786,3.161615,3.127394,1.609143,FALSE,None,None,,,,,
33.7,id,-1.4974,1.502872,-1.069356,None,33.57385,,None,3.77844,3.893252,3.835846,2.839161,2.955278,1.341523,FALSE,None,None,,,,,
33.8,id,-1.498036,1.503565,-1.070588,None,33.67383,,None,3.826048,3.958289,3.892169,2.994232,2.713385,1.226806,FALSE,None,None,,,,,
33.9,id,-1.498691,1.504412,-1.071839,None,33.77401,,None,3.863011,3.959855,3.911433,3.122197,2.434316,1.041294,FALSE,None,None,,,,,
34,id,-1.498685,1.505879,-1.07304,None,33.87399,,None,3.873977,3.952356,3.913167,11.65696,2.377624,0.6505696,FALSE,None,None,,,,,
34.1,id,-1.498268,1.506602,-1.073968,None,33.97441,,None,4.000482,4.071035,4.035758,155.6051,2.382186,0.4716648,FALSE,None,None,,,,,
34.2,id,-1.49713,1.50663,-1.074499,None,34.07399,,None,3.918406,3.988951,3.953679,8.24147,2.533592,0.4467978,FALSE,None,None,,,,,
34.3,id,-1.494539,1.506107,-1.074939,None,34.17412,,None,3.839178,3.918972,3.879075,5.378345,3.081465,0.5702886,FALSE,None,None,,,,,
34.4,id,-1.491237,1.505798,-1.075244,None,34.27396,,None,3.795674,3.915357,3.855515,56.09101,3.843221,0.6534785,FALSE,None,None,,,,,
34.5,id,-1.489363,1.505512,-1.075251,None,34.37423,,None,3.847645,3.94077,3.894207,7.434587,4.200175,0.6906174,FALSE,None,None,,,,,
34.6,id,-1.489364,1.505357,-1.075275,None,34.474,,None,3.877005,3.968949,3.922977,9.414081,3.965284,0.748652,FALSE,None,None,,,,,
34.7,id,-1.489578,1.505612,-1.075275,None,34.57385,,None,3.934806,3.990307,3.962556,8.51666,3.696589,0.6604456,FALSE,None,None,,,,,
34.8,id,-1.488991,1.504929,-1.075664,None,34.67394,,None,4.065667,4.065332,4.0655,5.755766,3.753073,0.8253507,FALSE,None,None,,,,,
34.9,id,-1.488909,1.504864,-1.075683,None,34.76551,,None,4.103708,4.10849,4.106099,3.779003,3.602795,0.7889136,FALSE,None,None,,,,,
35,id,-1.488394,1.505255,-1.075903,None,34.86553,,None,4.123949,4.14499,4.13447,2.389892,3.569752,0.7093764,FALSE,None,None,,,,,
35.1,id,-1.48825,1.505599,-1.075898,None,34.96533,,None,4.089537,4.141768,4.115653,5.421246,3.599778,0.5587885,FALSE,None,None,,,,,
35.2,id,-1.489456,1.505436,-1.076151,None,35.06548,,None,4.093554,4.17775,4.135652,1.026331,3.216096,0.6352401,FALSE,None,None,,,,,
35.3,id,-1.487162,1.50491,-1.076596,None,35.16541,,None,4.102863,4.143705,4.123284,8.077805,3.771841,0.7654113,FALSE,None,None,,,,,
35.4,id,-1.4844,1.504478,-1.07715,None,35.26549,,None,4.079669,4.117357,4.098513,8.019948,4.422312,0.857823,FALSE,None,None,,,,,
35.5,id,-1.482763,1.504812,-1.077445,None,35.36574,,None,4.100119,4.132041,4.11608,3.876771,4.660475,0.7690254,FALSE,None,None,,,,,
35.6,id,-1.481735,1.50519,-1.077569,None,35.46552,,None,4.090189,4.143293,4.116741,3.719647,4.628183,0.6538446,FALSE,None,None,,,,,
35.7,id,-1.481876,1.504575,-1.077172,None,35.5654,,None,4.117898,4.179852,4.148874,7.93733,4.064658,0.7655656,FALSE,None,None,,,,,
35.8,id,-1.480758,1.503685,-1.076548,None,35.6655,,None,4.136458,4.177373,4.156916,3.524395,3.933756,0.9579818,FALSE,None,None,,,,,
35.9,id,-1.478815,1.503231,-1.076109,None,35.76555,,None,4.146903,4.194717,4.17081,3.693737,4.305864,1.070263,FALSE,None,None,,,,,
36,id,-1.477361,1.503315,-1.075772,None,35.86543,,None,4.137036,4.247412,4.192225,2.284235,4.591019,1.021269,FALSE,None,None,,,,,
36.1,id,-1.476665,1.502862,-1.075593,None,35.96545,,None,4.136804,4.206713,4.171759,1.768942,4.737448,1.195567,FALSE,None,None,,,,,
36.2,id,-1.476711,1.502824,-1.075562,None,36.06533,,None,4.112705,4.134788,4.123746,1.572058,4.802486,1.182228,FALSE,None,None,,,,,
36.3,id,-1.477355,1.502842,-1.075468,None,36.17002,,None,4.122694,4.177866,4.15028,3.332475,4.716704,1.170581,FALSE,None,None,,,,,
36.4,id,-1.477601,1.502837,-1.075447,None,36.26945,,None,4.089919,4.137376,4.113647,0.7173234,4.670623,1.166605,FALSE,None,None,,,,,
36.5,id,-1.4777,1.502719,-1.075459,None,36.3698,,None,4.035151,4.112938,4.074045,0.965795,4.649958,1.196172,FALSE,None,None,,,,,
36.6,id,-1.477362,1.502859,-1.075564,None,36.46979,,None,3.934584,4.066683,4.000634,4.159389,4.759886,1.218297,FALSE,None,None,,,,,
36.7,id,-1.477123,1.502929,-1.075582,None,36.5694,,None,3.922783,4.065835,3.994309,5.941202,4.860287,1.227213,FALSE,None,None,,,,,
36.8,id,-1.477583,1.502427,-1.075448,None,36.6697,,None,3.968977,4.091267,4.030122,2.049697,4.777126,1.345452,FALSE,None,None,,,,,
36.9,id,-1.47755,1.502017,-1.075272,None,36.76946,,None,4.027915,4.125812,4.076863,0.9714825,4.784284,1.502104,FALSE,None,None,,,,,
37,id,-1.478086,1.501939,-1.075352,None,36.86977,,None,4.088947,4.166375,4.127661,0.8131158,4.707678,1.499866,FALSE,None,None,,,,,
37.1,id,-1.478187,1.50239,-1.075567,None,36.96986,,None,4.148431,4.166454,4.157443,2.072924,4.74844,1.381349,FALSE,None,None,,,,,
37.2,id,-1.478203,1.502245,-1.075683,None,37.0696,,None,4.127632,4.176479,4.152056,1.635624,4.733316,1.417968,FALSE,None,None,,,,,
37.3,id,-1.478578,1.502235,-1.075698,None,37.16962,,None,4.122324,4.208044,4.165184,1.35592,4.636075,1.404541,FALSE,None,None,,,,,
37.4,id,-1.478488,1.502414,-1.075993,None,37.26965,,None,4.149557,4.235914,4.192736,1.466673,4.626307,1.339566,FALSE,None,None,,,,,
37.5,id,-1.478138,1.50278,-1.076314,None,37.36953,,None,4.197974,4.228388,4.213181,1.428182,4.601696,1.246001,FALSE,None,None,,,,,
37.6,id,-1.477703,1.502521,-1.07668,None,37.47325,,None,4.223104,4.24269,4.232897,8.690135,4.648343,1.299279,FALSE,None,None,,,,,
37.7,id,-1.47793,1.502824,-1.077059,None,37.57308,,None,4.233415,4.240048,4.236732,5.178957,4.559528,1.188482,FALSE,None,None,,,,,
37.8,id,-1.477839,1.503455,-1.078011,None,37.67301,,None,4.250245,4.226873,4.238559,2.448567,4.565188,1.035908,FALSE,None,None,,,,,
37.9,id,-1.477618,1.504249,-1.079078,None,37.77298,,None,4.296165,4.263053,4.279609,3.026974,4.553985,0.792478,FALSE,None,None,,,,,
38,id,-1.477064,1.504564,-1.080017,None,37.87295,,None,4.316729,4.321668,4.319199,0.5597298,4.58952,0.7239012,FALSE,None,None,,,,,
38.1,id,-1.476761,1.504927,-1.080811,None,37.97322,,None,4.311125,4.29816,4.304643,0.6834398,4.576189,0.6299902,FALSE,None,None,,,,,
38.2,id,-1.476957,1.505173,-1.081278,None,38.07296,,None,4.324175,4.268528,4.296351,1.497327,4.509056,0.5664582,FALSE,None,None,,,,,
38.3,id,-1.477231,1.505083,-1.081762,None,38.17146,,None,4.373952,4.30102,4.337486,0.8034118,4.439311,0.5928782,FALSE,None,None,,,,,
38.4,id,-1.477159,1.505205,-1.082301,None,38.27314,,None,4.385141,4.370185,4.377663,1.531858,4.459979,0.5805004,FALSE,None,None,,,,,
38.5,id,-1.476941,1.505098,-1.082847,None,38.37317,,None,4.414298,4.40019,4.407244,2.064818,4.495522,0.6187803,FALSE,None,None,,,,,
38.6,id,-1.476582,1.504844,-1.083197,None,38.47321,,None,4.435763,4.432429,4.434096,0.7909738,4.533817,0.6947376,FALSE,None,None,,,,,
38.7,id,-1.475142,1.504735,-1.083766,None,38.57297,,None,4.42996,4.406961,4.418461,4.044457,4.98294,0.7482631,FALSE,None,None,,,,,
38.8,id,-1.473667,1.505134,-1.084277,None,38.67346,,None,4.373657,4.344859,4.359258,3.981057,5.380239,0.6136513,FALSE,None,None,,,,,
38.9,id,-1.472758,1.504766,-1.085031,None,38.77306,,None,4.335825,4.268447,4.302136,0.9315842,5.617273,0.7184567,FALSE,None,None,,,,,
39,id,-1.47102,1.504977,-1.086456,None,38.87309,,None,4.264405,4.249209,4.256807,1.907261,6.149356,0.6638027,FALSE,None,None,,,,,
39.1,id,-1.470444,1.505537,-1.087691,None,38.97346,,None,4.231507,4.230483,4.230995,3.591286,6.27843,0.5038821,FALSE,None,None,,,,,
39.2,id,-1.470425,1.505348,-1.088733,None,39.07326,,None,4.249831,4.244366,4.247098,3.90951,6.148491,0.5362102,FALSE,None,None,,,,,
39.3,id,-1.468281,1.505973,-1.090209,None,39.17331,,None,4.266912,4.254291,4.260602,4.01817,6.723226,0.4578105,FALSE,None,None,,,,,
39.4,id,-1.464716,1.507386,-1.091738,None,39.26526,,None,4.268728,4.276521,4.272624,8.393423,7.779021,0.1811635,FALSE,None,None,,,,,
39.5,id,-1.461479,1.50774,-1.092448,None,39.3652,,None,4.286102,4.31245,4.299276,4.704806,8.71376,0.1465262,FALSE,None,None,,,,,
39.6,id,-1.459742,1.50724,-1.092396,None,39.46562,,None,4.265145,4.295918,4.280531,2.372283,9.091985,0.3001844,FALSE,None,None,,,,,
39.7,id,-1.458751,1.507234,-1.092333,None,39.56514,,None,4.253877,4.246394,4.250135,69.06482,9.280959,0.3551723,FALSE,None,None,,,,,
39.8,id,-1.458024,1.507785,-1.09152,None,39.66514,,None,4.148036,4.152719,4.150378,4.11144,9.338919,0.2280567,FALSE,None,None,,,,,
39.9,id,-1.457579,1.506698,-1.090737,None,39.76529,,None,4.017337,4.022997,4.020167,3.94077,9.3009,0.4988061,FALSE,None,None,,,,,
40,id,-1.456698,1.506395,-1.090145,None,39.86527,,None,3.979416,3.966592,3.973004,0.4424377,9.458597,0.5343093,FALSE,None,None,,,,,
40.1,id,-1.456463,1.505809,-1.089302,None,39.96535,,None,3.966843,3.980611,3.973727,3.205519,9.827341,0.6774634,FALSE,None,None,,,,,
40.2,id,-1.458471,1.503748,-1.087921,None,40.06524,,None,3.88765,3.907215,3.897432,12.73691,9.840023,1.050181,FALSE,None,None,,,,,
40.3,id,-1.458836,1.501062,-1.086064,None,40.16523,,None,3.816685,3.917491,3.867088,112.4014,9.918382,1.542382,FALSE,None,None,,,,,
40.4,id,-1.460561,1.49894,-1.084232,None,40.26524,,None,3.820737,3.873838,3.847287,8.494457,9.908288,2.167017,FALSE,None,None,,,,,
40.5,id,-1.466809,1.499496,-1.082903,None,40.36539,,None,3.80441,3.794713,3.799562,15.4043,8.406787,1.954,FALSE,None,None,,,,,
40.6,id,-1.4733,1.500581,-1.082499,None,40.46553,,None,3.785085,3.783737,3.784411,13.62498,6.579863,1.648507,FALSE,None,None,,,,,
40.7,id,-1.477566,1.501512,-1.083296,None,40.56544,,None,3.843679,3.854063,3.848871,18.54564,5.588356,1.553266,FALSE,None,None,,,,,
40.8,id,-1.481048,1.504058,-1.084585,None,40.66534,,None,3.895781,3.920256,3.908019,30.6582,5.153728,0.924652,FALSE,None,None,,,,,
40.9,id,-1.484966,1.507063,-1.08535,None,40.76545,,None,3.986315,4.041551,4.013933,13.05138,4.757643,0.242189,FALSE,None,None,,,,,
41,id,-1.48512,1.509504,-1.086576,None,40.87064,,None,4.095022,4.162659,4.12884,17.68465,5.628675,359.7353,FALSE,None,None,,,,,
41.1,id,-1.485338,1.512731,-1.087969,None,40.97108,,None,4.13339,4.235204,4.184297,18.915,6.532678,359.186,FALSE,None,None,,,,,
41.2,id,-1.485373,1.516964,-1.090934,None,41.07046,,None,4.146081,4.264637,4.205359,20.19972,7.551395,358.384,FALSE,None,None,,,,,
41.3,id,-1.484562,1.521681,-1.094484,None,41.17062,,None,4.262278,4.326076,4.294177,51.31046,8.586047,357.5574,FALSE,None,None,,,,,
41.4,id,-1.484511,1.524383,-1.098208,None,41.2709,,None,4.316316,4.366763,4.341539,15.45756,9.530177,357.1034,FALSE,None,None,,,,,
41.5,id,-1.483932,1.525437,-1.101664,None,41.37053,,None,4.251421,4.35673,4.304075,10.98086,10.77736,356.9865,FALSE,None,None,,,,,
41.6,id,-1.483754,1.524303,-1.10338,None,41.47059,,None,4.228606,4.389598,4.309102,12.60342,12.13861,357.4187,FALSE,None,None,,,,,
41.7,id,-1.487071,1.521672,-1.103558,None,41.57056,,None,4.118906,4.292145,4.205525,2.26492,12.49105,358.0328,FALSE,None,None,,,,,
41.8,id,-1.492296,1.518177,-1.100777,None,41.67055,,None,4.040772,4.150205,4.095489,70.17496,12.30162,359.0171,FALSE,None,None,,,,,
41.9,id,-1.498083,1.513759,-1.096405,None,41.77066,,None,4.037726,4.123863,4.080794,8.992534,11.88011,0.2513053,FALSE,None,None,,,,,
42,id,-1.500989,1.512595,-1.090163,None,41.87094,,None,4.072923,4.148527,4.110725,8.189162,12.44895,0.8090782,FALSE,None,None,,,,,
42.1,id,-1.504303,1.509585,-1.082039,None,41.97126,,None,4.09162,4.257118,4.174369,7.667858,12.73593,1.788636,FALSE,None,None,,,,,
42.2,id,-1.506273,1.507167,-1.069889,None,42.07071,,None,4.099806,4.240459,4.170133,4.158164,12.66897,2.575939,FALSE,None,None,,,,,
42.3,id,-1.505319,1.503152,-1.056209,None,42.17081,,None,4.035551,4.244048,4.139799,6.891649,12.74736,3.664456,FALSE,None,None,,,,,
42.4,id,-1.502309,1.500278,-1.042567,None,42.27067,,None,3.937779,4.124351,4.031065,4.41615,12.87768,4.59622,FALSE,None,None,,,,,
42.5,id,-1.496433,1.498048,-1.030259,None,42.37073,,None,3.887526,4.05395,3.970738,6.461112,13.53003,5.22762,FALSE,None,None,,,,,
42.6,id,-1.487833,1.49756,-1.018624,None,42.47075,,None,3.874152,4.047698,3.960925,13.69158,14.55688,5.556167,FALSE,None,None,,,,,
42.7,id,-1.478804,1.497651,-1.008738,None,42.57069,,None,3.829216,4.028355,3.928786,9.979899,15.52158,5.754252,FALSE,None,None,,,,,
42.8,id,-1.468856,1.497087,-1.000695,None,42.67074,,None,3.814801,3.914116,3.864459,9.699259,16.77311,6.034078,FALSE,None,None,,,,,
42.9,id,-1.461577,1.496846,-0.9927652,None,42.77058,,None,3.76549,3.904689,3.835089,2.361068,17.04771,6.197021,FALSE,None,None,,,,,
43,id,-1.457088,1.495807,-0.9869212,None,42.87502,,None,3.760056,3.915292,3.837674,12.75787,16.65563,6.582075,FALSE,None,None,,,,,
43.1,id,-1.456411,1.495054,-0.9858342,None,42.96355,,None,3.811561,3.956188,3.883875,13.16614,16.2367,6.947774,FALSE,None,None,,,,,
43.2,id,-1.458411,1.496871,-0.9866431,None,43.06352,,None,3.785412,3.957412,3.871412,116.206,15.52171,6.84019,FALSE,None,None,,,,,
43.3,id,-1.460315,1.497364,-0.9910802,None,43.16349,,None,3.823113,3.954602,3.888857,23.34628,15.15535,6.510078,FALSE,None,None,,,,,
43.4,id,-1.463393,1.497123,-0.9968768,None,43.26355,,None,3.849444,3.928393,3.888918,7.609097,14.25793,6.372205,FALSE,None,None,,,,,
43.5,id,-1.46651,1.499159,-1.005009,None,43.36361,,None,3.890983,3.995617,3.9433,5.844452,13.43092,5.677068,FALSE,None,None,,,,,
43.6,id,-1.469803,1.503129,-1.015788,None,43.46369,,None,3.921378,4.102724,4.012051,5.972744,13.11206,4.614368,FALSE,None,None,,,,,
43.7,id,-1.475108,1.50727,-1.0272,None,43.56348,,None,3.875871,4.072556,3.974213,2.436138,12.54394,3.550787,FALSE,None,None,,,,,
43.8,id,-1.483143,1.511326,-1.037721,None,43.6637,,None,3.875905,3.997787,3.936846,4.961938,11.3652,2.56991,FALSE,None,None,,,,,
43.9,id,-1.491478,1.514574,-1.047875,None,43.76352,,None,3.879542,4.012181,3.945861,3.076847,9.97506,1.666798,FALSE,None,None,,,,,
44,id,-1.498396,1.517204,-1.058326,None,43.86394,,None,4.018395,4.149134,4.083765,89.34006,8.992214,0.8831702,FALSE,None,None,,,,,
44.1,id,-1.503475,1.519003,-1.067764,None,43.96376,,None,4.010093,4.170165,4.090129,2.844229,8.490531,0.3237394,FALSE,None,None,,,,,
44.2,id,-1.507755,1.520663,-1.077554,None,44.06367,,None,4.00073,4.230757,4.115744,4.622725,8.106194,359.8433,FALSE,None,None,,,,,
44.3,id,-1.510684,1.523858,-1.08797,None,44.16352,,None,3.94142,4.149547,4.045484,68.05202,7.764717,358.9463,FALSE,None,None,,,,,
44.4,id,-1.511308,1.524088,-1.096556,None,44.26391,,None,3.904473,4.145386,4.02493,19.63784,8.06502,358.6715,FALSE,None,None,,,,,
44.5,id,-1.511036,1.520063,-1.101473,None,44.36591,,None,3.849267,4.10663,3.977949,4.79396,8.44357,359.4,FALSE,None,None,,,,,
44.6,id,-1.511947,1.516478,-1.104697,None,44.4657,,None,3.806951,4.058693,3.932822,9.486424,8.347323,0.08064654,FALSE,None,None,,,,,
44.7,id,-1.512831,1.514408,-1.106105,None,44.56567,,None,3.833163,3.982326,3.907744,16.22906,7.954096,0.393646,FALSE,None,None,,,,,
44.8,id,-1.513018,1.510585,-1.10545,None,44.66567,,None,3.894009,4.038338,3.966174,107.5839,7.461905,1.15168,FALSE,None,None,,,,,
44.9,id,-1.5117,1.509234,-1.104485,None,44.76583,,None,3.851668,4.040971,3.94632,15.1689,7.205511,1.399889,FALSE,None,None,,,,,
45,id,-1.509745,1.509376,-1.103184,None,44.86601,,None,3.866155,4.064807,3.965481,4.681399,7.290028,1.36679,FALSE,None,None,,,,,
45.1,id,-1.50779,1.509907,-1.101202,None,44.96614,,None,3.867417,4.04245,3.954934,80.60914,7.486279,1.110932,FALSE,None,None,,,,,
45.2,id,-1.506778,1.510274,-1.097856,None,45.06555,,None,3.95812,4.155457,4.056789,31.59104,7.665349,1.123887,FALSE,None,None,,,,,
45.3,id,-1.505288,1.50985,-1.094368,None,45.16576,,None,3.96995,4.133529,4.051739,4.510524,8.093928,1.279484,FALSE,None,None,,,,,
45.4,id,-1.504494,1.50944,-1.091568,None,45.26552,,None,3.957196,4.117696,4.037446,11.30259,8.365019,1.430207,FALSE,None,None,,,,,
45.5,id,-1.505556,1.509579,-1.088861,None,45.36586,,None,3.998157,4.085356,4.041757,4.434949,8.288333,1.500843,FALSE,None,None,,,,,
45.6,id,-1.50596,1.509224,-1.08673,None,45.46571,,None,3.993525,4.08318,4.038352,64.78423,8.503091,1.700807,FALSE,None,None,,,,,
45.7,id,-1.505709,1.508336,-1.08444,None,45.56585,,None,3.949923,4.058968,4.004446,6.206295,9.096874,1.983684,FALSE,None,None,,,,,
45.8,id,-1.505763,1.507924,-1.082242,None,45.66582,,None,3.935873,4.066407,4.00114,2.221275,9.588223,2.180223,FALSE,None,None,,,,,
45.9,id,-1.507168,1.507203,-1.08059,None,45.76912,,None,3.967314,4.114267,4.040791,2.141037,9.533547,2.423833,FALSE,None,None,,,,,
46,id,-1.510002,1.506772,-1.079253,None,45.8696,,None,3.96515,4.149562,4.057356,10.0356,8.97545,2.551615,FALSE,None,None,,,,,
46.1,id,-1.511301,1.507034,-1.078528,None,45.9689,,None,3.955769,4.165675,4.060722,4.400692,8.823384,2.546875,FALSE,None,None,,,,,
46.2,id,-1.511567,1.507231,-1.078289,None,46.06909,,None,3.950952,4.169783,4.060368,1.94473,8.993712,2.503767,FALSE,None,None,,,,,
46.3,id,-1.512001,1.507109,-1.078154,None,46.16909,,None,3.997092,4.127495,4.062293,5.131687,9.070617,2.547735,FALSE,None,None,,,,,
46.4,id,-1.512738,1.50711,-1.078102,None,46.26905,,None,3.981591,4.139066,4.060329,1.235945,8.986116,2.542629,FALSE,None,None,,,,,
46.5,id,-1.513123,1.507035,-1.078299,None,46.36877,,None,4.002662,4.275313,4.138988,43.34414,8.970902,2.608218,FALSE,None,None,,,,,
46.6,id,-1.51316,1.506612,-1.078637,None,46.46906,,None,3.988665,4.276524,4.132594,6.24688,8.97008,2.666003,FALSE,None,None,,,,,
46.7,id,-1.51235,1.506607,-1.079092,None,46.56896,,None,3.840126,4.093835,3.96698,43.68558,9.10238,2.691136,FALSE,None,None,,,,,
46.8,id,-1.511259,1.506868,-1.079954,None,46.66923,,None,3.801607,4.10048,3.951043,35.81233,9.136901,2.629181,FALSE,None,None,,,,,
46.9,id,-1.510249,1.507442,-1.081187,None,46.769,,None,3.777225,4.086584,3.931905,4.864771,9.011026,2.489695,FALSE,None,None,,,,,
47,id,-1.508741,1.507269,-1.082422,None,46.87265,,None,3.697188,3.954127,3.825657,6.548393,8.986012,2.479454,FALSE,None,None,,,,,
47.1,id,-1.507894,1.506901,-1.083458,None,46.97277,,None,3.68142,3.94724,3.81433,2.005272,8.860816,2.53039,FALSE,None,None,,,,,
47.2,id,-1.506926,1.506902,-1.084933,None,47.0723,,None,3.724527,3.9358,3.830163,4.839928,8.738178,2.466112,FALSE,None,None,,,,,
47.3,id,-1.506446,1.507709,-1.086501,None,47.17249,,None,3.772785,3.958185,3.865485,5.60565,8.631012,2.236809,FALSE,None,None,,,,,
47.4,id,-1.506224,1.508329,-1.08794,None,47.27272,,None,3.822892,4.009409,3.916151,4.154107,8.633112,2.018523,FALSE,None,None,,,,,
47.5,id,-1.505912,1.508859,-1.089172,None,47.37271,,None,3.867057,4.051171,3.959114,12.08152,8.673303,1.844217,FALSE,None,None,,,,,
47.6,id,-1.50597,1.508969,-1.089826,None,47.47243,,None,3.935156,4.199093,4.067124,37.3412,8.669205,1.779107,FALSE,None,None,,,,,
47.7,id,-1.506154,1.509161,-1.090281,None,47.57251,,None,3.932785,4.216465,4.074625,5.88354,8.617689,1.728932,FALSE,None,None,,,,,
47.8,id,-1.507042,1.509566,-1.090397,None,47.67269,,None,3.880856,4.139219,4.010037,19.62737,8.345225,1.609585,FALSE,None,None,,,,,
47.9,id,-1.508561,1.509551,-1.089693,None,47.77268,,None,3.868618,4.168628,4.018623,52.41155,7.91588,1.618929,FALSE,None,None,,,,,
48,id,-1.50909,1.509356,-1.088752,None,47.87281,,None,3.922104,4.116883,4.019493,4.058621,7.868906,1.689726,FALSE,None,None,,,,,
48.1,id,-1.509145,1.508757,-1.08815,None,47.97279,,None,3.903703,4.108878,4.00629,2.390712,8.031065,1.836432,FALSE,None,None,,,,,
48.2,id,-1.509505,1.508237,-1.087459,None,48.07237,,None,3.895083,4.117523,4.006303,1.863597,8.180457,1.97595,FALSE,None,None,,,,,
48.3,id,-1.509894,1.508098,-1.087022,None,48.17234,,None,3.958176,4.142118,4.050147,55.96852,8.310052,2.012913,FALSE,None,None,,,,,
48.4,id,-1.510789,1.507741,-1.086859,None,48.27214,,None,3.963087,4.155215,4.059151,58.23495,8.200584,2.099599,FALSE,None,None,,,,,
48.5,id,-1.511158,1.507109,-1.086884,None,48.36351,,None,3.927927,4.129397,4.028662,3.768597,8.068902,2.235275,FALSE,None,None,,,,,
48.6,id,-1.510863,1.507182,-1.087213,None,48.46329,,None,3.863238,4.032753,3.947996,12.23611,8.150691,2.239316,FALSE,None,None,,,,,
48.7,id,-1.510662,1.507381,-1.087692,None,48.56335,,None,3.870124,4.022282,3.946203,31.47646,8.19647,2.179742,FALSE,None,None,,,,,
48.8,id,-1.510623,1.506978,-1.087813,None,48.66337,,None,3.875302,4.037844,3.956573,12.94951,8.088067,2.263228,FALSE,None,None,,,,,
48.9,id,-1.510212,1.506807,-1.088011,None,48.76347,,None,3.829143,3.965001,3.897072,11.65202,8.036601,2.281651,FALSE,None,None,,,,,
49,id,-1.509306,1.506849,-1.088274,None,48.86374,,None,3.850601,4.01113,3.930866,6.859498,8.070313,2.266481,FALSE,None,None,,,,,
49.1,id,-1.508221,1.506787,-1.088505,None,48.96355,,None,3.837786,3.989361,3.913573,1.387485,8.117278,2.286058,FALSE,None,None,,,,,
49.2,id,-1.507067,1.506583,-1.088749,None,49.0637,,None,3.784121,3.923063,3.853592,0.905139,8.233639,2.329064,FALSE,None,None,,,,,
49.3,id,-1.506665,1.506434,-1.08891,None,49.16353,,None,3.752097,3.885412,3.818754,0.9708142,8.210914,2.345478,FALSE,None,None,,,,,
49.4,id,-1.506603,1.506188,-1.089142,None,49.2632,,None,3.81707,3.967798,3.892434,8.364438,8.128323,2.425481,FALSE,None,None,,,,,
49.5,id,-1.506679,1.506306,-1.089502,None,49.36338,,None,3.853559,4.012999,3.933279,8.67698,8.072094,2.357769,FALSE,None,None,,,,,
49.6,id,-1.506707,1.506256,-1.089963,None,49.4654,,None,3.853967,4.062823,3.958395,5.097201,8.049062,2.354379,FALSE,None,None,,,,,
49.7,id,-1.506503,1.506162,-1.090268,None,49.56536,,None,3.893577,4.131656,4.012616,7.00812,8.170609,2.37535,FALSE,None,None,,,,,
49.8,id,-1.506594,1.506121,-1.090557,None,49.66545,,None,3.956456,4.238064,4.09726,67.56368,8.207691,2.358585,FALSE,None,None,,,,,
49.9,id,-1.507284,1.5067,-1.090985,None,49.76542,,None,3.960026,4.196699,4.078362,2.580229,8.107236,2.233726,FALSE,None,None,,,,,
50,id,-1.508096,1.507121,-1.091423,None,49.86576,,None,3.96028,4.17257,4.066425,2.644941,8.05912,2.132995,FALSE,None,None,,,,,
50.1,id,-1.508653,1.507609,-1.091926,None,49.96539,,None,3.902335,4.026182,3.964258,103.3755,8.08522,2.001024,FALSE,None,None,,,,,
50.2,id,-1.509271,1.508091,-1.092452,None,50.06891,,None,3.95829,4.106829,4.032559,4.311375,8.049213,1.875378,FALSE,None,None,,,,,
50.3,id,-1.509457,1.50873,-1.092988,None,50.16908,,None,3.99526,4.125279,4.060269,6.940521,8.076661,1.731317,FALSE,None,None,,,,,
50.4,id,-1.509569,1.509123,-1.093374,None,50.26908,,None,4.016598,4.155544,4.086071,2.430934,8.138407,1.634668,FALSE,None,None,,,,,
50.5,id,-1.509903,1.509293,-1.093395,None,50.36946,,None,4.166705,4.367566,4.267136,49.95755,8.123391,1.574662,FALSE,None,None,,,,,
50.6,id,-1.510268,1.509054,-1.093208,None,50.46901,,None,4.196079,4.355386,4.275732,18.29427,8.131164,1.634475,FALSE,None,None,,,,,
50.7,id,-1.510475,1.50915,-1.093081,None,50.56932,,None,4.144976,4.234223,4.1896,12.50821,8.143808,1.624057,FALSE,None,None,,,,,
50.8,id,-1.51049,1.508742,-1.09277,None,50.66902,,None,4.087147,4.193209,4.140178,57.8724,8.14294,1.742445,FALSE,None,None,,,,,
50.9,id,-1.510639,1.508317,-1.092457,None,50.76923,,None,4.074783,4.216737,4.14576,2.987393,8.080464,1.870532,FALSE,None,None,,,,,
51,id,-1.511176,1.508571,-1.092045,None,50.86942,,None,3.994903,4.171981,4.083442,4.609525,7.977345,1.824647,FALSE,None,None,,,,,
51.1,id,-1.511689,1.508375,-1.091723,None,50.9691,,None,4.024136,4.173553,4.098845,56.7571,7.906998,1.901237,FALSE,None,None,,,,,
51.2,id,-1.51188,1.508184,-1.091466,None,51.07822,,None,4.030766,4.208729,4.119747,6.340254,8.000966,1.988303,FALSE,None,None,,,,,
51.3,id,-1.511689,1.508129,-1.091796,None,51.1696,,None,4.031361,4.226094,4.128727,4.642835,8.285114,2.01156,FALSE,None,None,,,,,
51.4,id,-1.511707,1.508209,-1.092485,None,51.26911,,None,4.023113,4.213609,4.118361,2.402077,8.477956,1.976407,FALSE,None,None,,,,,
51.5,id,-1.512737,1.508465,-1.093005,None,51.36901,,None,3.95663,4.166465,4.061547,75.20921,8.258737,1.922241,FALSE,None,None,,,,,
51.6,id,-1.513781,1.508572,-1.093472,None,51.46901,,None,3.993222,4.170989,4.082106,8.137136,8.088435,1.860179,FALSE,None,None,,,,,
51.7,id,-1.514736,1.508406,-1.093755,None,51.56903,,None,3.988421,4.160235,4.074328,2.166668,7.916435,1.888617,FALSE,None,None,,,,,
51.8,id,-1.514949,1.508339,-1.094201,None,51.66909,,None,4.003995,4.157583,4.080789,4.349205,7.944787,1.903679,FALSE,None,None,,,,,
51.9,id,-1.514947,1.508643,-1.09482,None,51.76905,,None,4.051864,4.17006,4.110962,20.88318,7.921654,1.828324,FALSE,None,None,,,,,
52,id,-1.514727,1.509149,-1.09558,None,51.86946,,None,4.060861,4.16162,4.11124,14.33975,7.978591,1.711494,FALSE,None,None,,,,,
52.1,id,-1.514883,1.50925,-1.096141,None,51.96915,,None,4.031733,4.128408,4.08007,7.024088,7.906302,1.671918,FALSE,None,None,,,,,
52.2,id,-1.514687,1.509228,-1.096708,None,52.06918,,None,4.005551,4.113974,4.059762,4.373447,7.959691,1.641182,FALSE,None,None,,,,,
52.3,id,-1.515217,1.509378,-1.097536,None,52.16932,,None,4.020029,4.121154,4.070592,2.234827,7.872265,1.580892,FALSE,None,None,,,,,
52.4,id,-1.51596,1.509888,-1.098589,None,52.26928,,None,4.030003,4.15997,4.094986,5.608448,7.765567,1.4,FALSE,None,None,,,,,
52.5,id,-1.516544,1.510376,-1.09988,None,52.37434,,None,4.050457,4.169755,4.110106,3.732667,7.651062,1.244614,FALSE,None,None,,,,,
52.6,id,-1.517156,1.510883,-1.101092,None,52.47387,,None,4.038052,4.166327,4.10219,1.53964,7.521936,1.076988,FALSE,None,None,,,,,
52.7,id,-1.517683,1.511518,-1.101887,None,52.57387,,None,4.043648,4.130448,4.087048,3.794687,7.314379,0.9032834,FALSE,None,None,,,,,
52.8,id,-1.517683,1.512068,-1.102484,None,52.67385,,None,4.050626,4.131494,4.09106,3.785371,7.261016,0.7607141,FALSE,None,None,,,,,
52.9,id,-1.517428,1.512242,-1.102662,None,52.77378,,None,4.014275,4.08389,4.049083,11.07057,7.295844,0.7297849,FALSE,None,None,,,,,
53,id,-1.516759,1.512327,-1.102735,None,52.87411,,None,4.020682,4.153774,4.087228,26.41873,7.349961,0.7001948,FALSE,None,None,,,,,
53.1,id,-1.516068,1.512395,-1.102759,None,52.97428,,None,4.024874,4.195886,4.11038,6.084027,7.425803,0.7198775,FALSE,None,None,,,,,
53.2,id,-1.515901,1.511966,-1.10245,None,53.07381,,None,4.013721,4.202058,4.10789,3.670187,7.398438,0.8253171,FALSE,None,None,,,,,
53.3,id,-1.51591,1.511298,-1.102151,None,53.17384,,None,4.049856,4.181171,4.115514,4.129329,7.39575,0.983144,FALSE,None,None,,,,,
53.4,id,-1.516143,1.511095,-1.10213,None,53.27372,,None,4.086899,4.205018,4.145958,2.077358,7.354844,1.029014,FALSE,None,None,,,,,
53.5,id,-1.516532,1.510831,-1.102202,None,53.37419,,None,4.1526,4.236759,4.194679,5.682757,7.336588,1.107743,FALSE,None,None,,,,,
53.6,id,-1.517528,1.510535,-1.102134,None,53.47385,,None,4.114339,4.259945,4.187142,12.33397,7.227554,1.154551,FALSE,None,None,,,,,
53.7,id,-1.518287,1.510331,-1.102237,None,53.57406,,None,4.089187,4.252245,4.170716,9.040539,7.12837,1.195981,FALSE,None,None,,,,,
53.8,id,-1.518744,1.510564,-1.102413,None,53.67438,,None,4.069808,4.215734,4.142771,13.81803,7.119055,1.14462,FALSE,None,None,,,,,
53.9,id,-1.518686,1.510592,-1.102598,None,53.77386,,None,4.085917,4.230975,4.158446,15.98481,7.249718,1.15643,FALSE,None,None,,,,,
54,id,-1.518566,1.510559,-1.102497,None,53.87424,,None,4.098225,4.244735,4.17148,4.17161,7.330567,1.158728,FALSE,None,None,,,,,
54.1,id,-1.51868,1.510432,-1.102364,None,53.9666,,None,4.062464,4.167588,4.115026,1.049283,7.349259,1.210027,FALSE,None,None,,,,,
54.2,id,-1.518999,1.510308,-1.10235,None,54.06635,,None,4.022108,4.092213,4.05716,0.9302304,7.258999,1.235585,FALSE,None,None,,,,,
54.3,id,-1.518911,1.51014,-1.102264,None,54.16639,,None,3.923836,4.022672,3.973254,1.569541,7.231342,1.281655,FALSE,None,None,,,,,
54.4,id,-1.518922,1.509825,-1.102164,None,54.2663,,None,3.890464,3.970157,3.93031,2.123154,7.244508,1.352744,FALSE,None,None,,,,,
54.5,id,-1.519478,1.509499,-1.102113,None,54.36633,,None,3.84858,4.010269,3.929425,4.448649,7.171428,1.429605,FALSE,None,None,,,,,
54.6,id,-1.520242,1.50982,-1.102231,None,54.46642,,None,3.888641,4.013265,3.950953,4.528811,7.186728,1.361507,FALSE,None,None,,,,,
54.7,id,-1.522038,1.510545,-1.102911,None,54.5664,,None,3.977013,4.121388,4.049201,9.975711,7.134078,1.188101,FALSE,None,None,,,,,
54.8,id,-1.524326,1.511356,-1.10405,None,54.66629,,None,4.020014,4.151206,4.08561,9.752356,7.086185,0.9667764,FALSE,None,None,,,,,
54.9,id,-1.526188,1.511944,-1.105118,None,54.76632,,None,4.007051,4.163686,4.085368,9.449519,7.151061,0.8156059,FALSE,None,None,,,,,
55,id,-1.52732,1.512945,-1.106215,None,54.86673,,None,3.982803,4.105769,4.044286,3.891032,7.10756,0.5790069,FALSE,None,None,,,,,
55.1,id,-1.527086,1.513404,-1.106911,None,54.96623,,None,4.002454,4.048842,4.025648,4.44542,7.201919,0.4701292,FALSE,None,None,,,,,
55.2,id,-1.527454,1.513631,-1.107026,None,55.06623,,None,3.937853,4.074546,4.006199,8.740342,7.149393,0.417637,FALSE,None,None,,,,,
55.3,id,-1.527891,1.513775,-1.106728,None,55.16648,,None,3.914091,4.057869,3.98598,8.162457,7.103022,0.3702779,FALSE,None,None,,,,,
55.4,id,-1.528388,1.513489,-1.106422,None,55.26634,,None,3.892567,4.035024,3.963796,8.40935,7.00387,0.4555387,FALSE,None,None,,,,,
55.5,id,-1.528064,1.513611,-1.106184,None,55.36662,,None,3.926842,4.030276,3.978559,10.67825,7.101928,0.4303611,FALSE,None,None,,,,,
55.6,id,-1.527709,1.51329,-1.105818,None,55.46688,,None,3.91185,4.027752,3.969801,9.85993,7.20878,0.5323399,FALSE,None,None,,,,,
55.7,id,-1.528532,1.512477,-1.105336,None,55.56632,,None,3.930427,4.014949,3.972688,8.549958,7.026402,0.7430326,FALSE,None,None,,,,,
55.8,id,-1.528932,1.512436,-1.105,None,55.67145,,None,3.945765,4.038936,3.992351,5.765981,6.954976,0.7812613,FALSE,None,None,,,,,
55.9,id,-1.528891,1.512592,-1.104921,None,55.77141,,None,3.897516,4.022913,3.960215,3.822274,6.924539,0.7640347,FALSE,None,None,,,,,
56,id,-1.528583,1.512148,-1.10484,None,55.8716,,None,3.867071,3.97287,3.919971,2.611918,6.943053,0.8839226,FALSE,None,None,,,,,
56.1,id,-1.528208,1.511641,-1.104691,None,55.97165,,None,3.824084,3.985404,3.904744,1.202781,6.920391,1.006518,FALSE,None,None,,,,,
56.2,id,-1.527797,1.511294,-1.104566,None,56.07124,,None,3.784119,3.921003,3.852561,1.625916,6.91169,1.108862,FALSE,None,None,,,,,
56.3,id,-1.527804,1.510892,-1.104244,None,56.17149,,None,3.733054,3.85247,3.792762,2.188493,6.81374,1.226231,FALSE,None,None,,,,,
56.4,id,-1.527903,1.51008,-1.103683,None,56.27117,,None,3.744585,3.831868,3.788227,1.524302,6.676626,1.417572,FALSE,None,None,,,,,
56.5,id,-1.52781,1.509604,-1.103482,None,56.37125,,None,3.758492,3.863444,3.810968,0,6.617677,1.517461,FALSE,None,None,,,,,
56.6,id,-1.527421,1.50984,-1.103806,None,56.47135,,None,3.598541,3.91784,3.75819,16.61267,6.604437,1.502668,FALSE,None,None,,,,,
56.7,id,-1.526808,1.510585,-1.104235,None,56.57136,,None,3.779356,3.938565,3.85896,22.80134,6.631332,1.344886,FALSE,None,None,,,,,
56.8,id,-1.52602,1.510436,-1.104561,None,56.67128,,None,3.828931,3.987998,3.908464,7.703686,6.733338,1.367479,FALSE,None,None,,,,,
56.9,id,-1.525564,1.510006,-1.10471,None,56.77143,,None,3.787173,3.978202,3.882688,4.817984,6.753456,1.433484,FALSE,None,None,,,,,
57,id,-1.525129,1.509788,-1.1049,None,56.87192,,None,3.779279,3.934728,3.857004,5.234559,6.735842,1.481836,FALSE,None,None,,,,,
57.1,id,-1.525034,1.50993,-1.105175,None,56.97203,,None,3.674041,3.869812,3.771927,4.659359,6.589068,1.415857,FALSE,None,None,,,,,