Time(ms),ID,Gaze_X,Gaze_Y,Gaze_Z,TrackingObject,FixationDuration,PreviousAOI,CurrentAOI,PupilLeft,PupilRight,PupilCombined,SaccadeSpeed,HeadYaw,HeadPitch,Blink,LookAheadCarID,LookAheadCarType,LookAheadCarSpeed,Distance,LookAheadCar_PosX,LookAheadCar_PosY,LookAheadCar_PosZ
9.2,033_04Jul2026_1601,-1.500763,1.929875,-0.4803668,Plane,0.8972893,None,Plane,4.219556,4.211061,4.215308,108.2392,180,0,FALSE,,,0,7.22,0,0,0
9.3,033_04Jul2026_1601,-1.481645,1.930364,-0.4752604,Plane,1.005093,None,Plane,3.785749,3.858962,3.822356,111.015,180,0,FALSE,,,0,31.54,0,0,0
9.4,033_04Jul2026_1601,-1.462311,1.933645,-0.4703694,Plane,1.104908,None,Plane,3.838624,3.93447,3.886547,7.300845,180,0,FALSE,,,0,29.02,0,0,0
9.5,033_04Jul2026_1601,-1.445159,1.936867,-0.4655816,Plane,1.203484,None,Plane,3.764743,3.898503,3.831623,3.370028,180,0,FALSE,,,0,31.92,0,0,0
9.6,033_04Jul2026_1601,-1.432731,1.937748,-0.4591336,Plane,1.303707,None,Plane,3.83641,3.976988,3.906699,9.358602,180,0,FALSE,,,0,30.41,0,0,0
9.7,033_04Jul2026_1601,-1.432365,1.935104,-0.4507328,Plane,1.403875,None,Plane,3.963489,4.032968,3.998228,37.41183,180,0,FALSE,,,0,31.66,0,0,0
9.8,033_04Jul2026_1601,-1.450365,1.926773,-0.4401736,Plane,1.504626,None,Plane,3.615978,4.018041,3.81701,159.7967,180,0,FALSE,,,0,40.17,0,0,0
9.9,033_04Jul2026_1601,-1.478658,1.925523,-0.4313681,Plane,1.603877,None,Plane,4.076494,4.421703,4.249098,253.3853,180,0,FALSE,,,0,12.29,0,0,0
10,033_04Jul2026_1601,-1.505976,1.929246,-0.422563,Plane,1.703835,None,Plane,4.227968,4.441379,4.334673,31.68069,180,0,FALSE,,,0,11.23,0,0,0
10.1,033_04Jul2026_1601,-1.536576,1.938985,-0.4162367,Plane,1.803361,None,Plane,4.162962,4.360668,4.261815,30.17345,180,0,FALSE,,,0,11.82,0,0,0
10.2,033_04Jul2026_1601,-1.573104,1.949636,-0.4059669,Plane,1.903683,None,Plane,4.203169,4.429607,4.316388,43.44623,180,0,FALSE,,,0,13.37,0,0,0
10.3,033_04Jul2026_1601,-1.608989,1.956188,-0.3912427,Plane,2.003691,None,Plane,4.160127,4.352616,4.256371,12.24674,180,0,FALSE,,,0,14.27,0,0,0
10.4,033_04Jul2026_1601,-1.637531,1.959333,-0.3769374,Plane,2.107244,None,Plane,3.940242,4.093508,4.016875,50.79108,180,0,FALSE,,,0,18.37,0,0,0
10.5,033_04Jul2026_1601,-1.657091,1.959547,-0.3650236,Plane,2.196343,None,Plane,3.849478,4.044796,3.947137,256.2579,180,0,FALSE,,,0,23.81,0,0,0
10.6,033_04Jul2026_1601,-1.673161,1.954931,-0.3504072,Plane,2.296005,None,Plane,3.723437,3.94385,3.833643,33.99742,180,0,FALSE,,,0,23.69,0,0,0
10.7,033_04Jul2026_1601,-1.686435,1.947529,-0.3364527,Plane,2.396022,None,Plane,3.742681,3.896196,3.819438,27.25536,180,0,FALSE,,,0,34.51,0,0,0
10.8,033_04Jul2026_1601,-1.706585,1.947856,-0.3351906,None,0,Plane,None,3.668558,3.816975,3.742766,84.86691,180,0,FALSE,None,None,,,,,
10.9,033_04Jul2026_1601,-1.738193,1.954125,-0.3383785,None,0.09960461,Plane,None,3.727775,3.919525,3.82365,22.24999,180,0,FALSE,None,None,,,,,
11,033_04Jul2026_1601,-1.766325,1.947261,-0.3174289,Plane,0,None,Plane,4.026147,4.250044,4.138095,177.6473,180,0,FALSE,,,0,28.74,0,0,0
11.1,033_04Jul2026_1601,-1.791823,1.944993,-0.2934262,Plane,0.1003542,None,Plane,3.998915,4.277499,4.138207,24.03327,180,0,FALSE,,,0,24.95,0,0,0
11.2,033_04Jul2026_1601,-1.811555,1.948268,-0.2650424,Plane,0.2005768,None,Plane,4.128063,4.338182,4.233122,27.32871,180,0,FALSE,,,0,20.57,0,0,0
11.3,033_04Jul2026_1601,-1.822231,1.949668,-0.2394347,Plane,0.3003788,None,Plane,4.204894,4.281634,4.243264,10.59868,180,0,FALSE,,,0,17.31,0,0,0
11.4,033_04Jul2026_1601,-1.828422,1.950357,-0.2133554,Plane,0.3999729,None,Plane,4.106814,4.20273,4.154772,18.22496,180,0,FALSE,,,0,14.58,0,0,0
11.5,033_04Jul2026_1601,-1.827335,1.951777,-0.1840497,Plane,0.4998598,None,Plane,4.066919,4.225158,4.146039,107.478,180,0,FALSE,,,0,7.3,0,0,0
11.6,033_04Jul2026_1601,-1.82747,1.95322,-0.1564412,Plane,0.6002026,None,Plane,4.003366,4.135374,4.06937,13.26938,180,0,FALSE,,,0,7.83,0,0,0
11.7,033_04Jul2026_1601,-1.830746,1.94352,-0.1387816,Plane,0.7005911,None,Plane,3.909607,4.015216,3.962412,36.30864,180,0,FALSE,,,0,8.78,0,0,0
11.8,033_04Jul2026_1601,-1.832454,1.931431,-0.1287449,Plane,0.8001699,None,Plane,3.823316,3.898364,3.86084,40.97937,180,0,FALSE,,,0,11.2,0,0,0
11.9,033_04Jul2026_1601,-1.830149,1.93032,-0.1252621,Plane,0.89995,None,Plane,3.849106,3.916238,3.882672,11.53508,180,0,FALSE,,,0,12.32,0,0,0
12,033_04Jul2026_1601,-1.826897,1.938763,-0.1392364,Plane,0.9999495,None,Plane,3.845948,3.910179,3.878063,31.13088,180,0,FALSE,,,0,18.28,0,0,0
12.1,033_04Jul2026_1601,-1.825251,1.946049,-0.1682334,Plane,1.100377,None,Plane,3.969316,3.998375,3.983846,42.39961,180,0,FALSE,,,0,27.69,0,0,0
12.2,033_04Jul2026_1601,-1.817902,1.944053,-0.1943017,Plane,1.203741,None,Plane,4.20559,4.195096,4.200343,97.16686,180,0,FALSE,,,0,11.67,0,0,0
12.3,033_04Jul2026_1601,-1.803832,1.947157,-0.2103768,Plane,1.309763,None,Plane,4.205125,4.217901,4.211513,11.13151,180,0,FALSE,,,0,11.59,0,0,0
12.4,033_04Jul2026_1601,-1.792216,1.952263,-0.2222489,Plane,1.399159,None,Plane,4.231182,4.225849,4.228516,17.54659,180,0,FALSE,,,0,13.15,0,0,0
12.5,033_04Jul2026_1601,-1.77814,1.956065,-0.2331097,Plane,1.498797,None,Plane,4.155738,4.156902,4.156321,9.550793,180,0,FALSE,,,0,13.02,0,0,0
12.6,033_04Jul2026_1601,-1.766372,1.965394,-0.2415379,Plane,1.609814,None,Plane,4.01779,4.069874,4.043832,10.22727,180,0,FALSE,,,0,14.71,0,0,0
12.7,033_04Jul2026_1601,-1.759964,1.971863,-0.2470594,Plane,1.699532,None,Plane,4.052881,4.040418,4.04665,52.84377,180,0,FALSE,,,0,13.79,0,0,0
12.8,033_04Jul2026_1601,-1.755352,1.973164,-0.2444458,Plane,1.810129,None,Plane,4.111515,4.11004,4.110778,18.26123,180,0,FALSE,,,0,12.65,0,0,0
12.9,033_04Jul2026_1601,-1.753747,1.973562,-0.2350673,Plane,1.898794,None,Plane,4.119874,4.177629,4.148751,28.31392,180,0,FALSE,,,0,12.09,0,0,0
13,033_04Jul2026_1601,-1.751256,1.975151,-0.2230334,Plane,1.999719,None,Plane,4.226661,4.312289,4.269475,26.5596,180,0,FALSE,,,0,12.43,0,0,0
13.1,033_04Jul2026_1601,-1.748811,1.978889,-0.2071798,Plane,2.11031,None,Plane,4.335689,4.444771,4.39023,35.95289,180,0,FALSE,,,0,13.71,0,0,0
13.2,033_04Jul2026_1601,-1.747748,1.980291,-0.1901832,Plane,2.198767,None,Plane,4.3776,4.507097,4.442348,148.0278,180,0,FALSE,,,0,13.32,0,0,0
13.3,033_04Jul2026_1601,-1.748647,1.980947,-0.169973,Plane,2.309573,None,Plane,4.419477,4.44616,4.432818,27.98434,180,0,FALSE,,,0,15.13,0,0,0
13.4,033_04Jul2026_1601,-1.746446,1.981137,-0.1487279,Plane,2.401852,None,Plane,4.41002,4.448331,4.429175,25.68142,180,0,FALSE,,,0,14.95,0,0,0
13.5,033_04Jul2026_1601,-1.741165,1.983871,-0.1182796,Plane,2.502046,None,Plane,4.384397,4.497121,4.440759,128.1799,180,0,FALSE,,,0,13.65,0,0,0
13.6,033_04Jul2026_1601,-1.731408,1.985686,-0.08397682,Plane,2.602957,None,Plane,4.353438,4.512223,4.432831,100.7811,180,0,FALSE,,,0,12.04,0,0,0
13.7,033_04Jul2026_1601,-1.714704,1.986075,-0.04884082,Plane,2.70265,None,Plane,4.26403,4.40616,4.335094,40.4627,180,0,FALSE,,,0,11.28,0,0,0
13.8,033_04Jul2026_1601,-1.694478,1.985412,-0.01837526,Plane,2.80301,None,Plane,4.227831,4.296464,4.262147,38.49199,180,0,FALSE,,,0,12.05,0,0,0
13.9,033_04Jul2026_1601,-1.673639,1.983402,0.007803641,Plane,2.903101,None,Plane,4.144412,4.205007,4.174709,96.65431,180,0,FALSE,,,0,17.78,0,0,0
14,033_04Jul2026_1601,-1.646945,1.979126,0.0315989,Plane,3.002888,None,Plane,4.034496,4.178653,4.106574,169.2198,180,0,FALSE,,,0,11.82,0,0,0
14.1,033_04Jul2026_1601,-1.620113,1.973571,0.04889996,Plane,3.102701,None,Plane,3.984985,4.096805,4.040895,54.85486,180,0,FALSE,,,0,9.16,0,0,0
14.2,033_04Jul2026_1601,-1.59705,1.971657,0.06152771,Plane,3.202989,None,Plane,3.853759,4.005378,3.929568,32.4457,180,0,FALSE,,,0,10.28,0,0,0
14.3,033_04Jul2026_1601,-1.575697,1.97053,0.07156619,Plane,3.303286,None,Plane,3.788913,3.983014,3.885964,27.66313,180,0,FALSE,,,0,11.21,0,0,0
14.4,033_04Jul2026_1601,-1.554212,1.969506,0.07802971,Plane,3.403022,None,Plane,3.643009,3.895433,3.769221,141.8572,180,0,FALSE,,,0,19.5,0,0,0
14.5,033_04Jul2026_1601,-1.537213,1.969572,0.08149833,Plane,3.503039,None,Plane,3.591709,3.735452,3.66358,9.063911,180,0,FALSE,,,0,19.08,0,0,0
14.6,033_04Jul2026_1601,-1.520764,1.970203,0.08212808,Plane,3.603251,None,Plane,3.55107,3.68788,3.619475,19.92911,180,0,FALSE,,,0,25.41,0,0,0
14.7,033_04Jul2026_1601,-1.502715,1.970647,0.08179497,TestCube,0,Plane,TestCube,3.625765,3.829372,3.727569,97.06873,180,0,FALSE,,,0,10.61,5.23,1.47,9.98
14.8,033_04Jul2026_1601,-1.479791,1.96595,0.07818093,TestCube,0.1011686,Plane,TestCube,3.639931,3.799486,3.719708,52.70707,180,0,FALSE,,,0,10.5,5.23,1.47,9.98
14.9,033_04Jul2026_1601,-1.460338,1.964878,0.07269695,TestCube,0.2001181,Plane,TestCube,3.650828,3.788599,3.719713,30.94217,180,0,FALSE,,,0,10.95,5.23,1.47,9.98
15,033_04Jul2026_1601,-1.452741,1.964848,0.06972057,TestCube,0.3002195,Plane,TestCube,3.728737,3.778012,3.753375,12.80617,180,0,FALSE,,,0,10.8,5.23,1.47,9.98
15.1,033_04Jul2026_1601,-1.451442,1.962701,0.07232226,TestCube,0.4038734,Plane,TestCube,3.794679,3.876097,3.835388,25.49198,180,0,FALSE,,,0,10.44,5.23,1.47,9.98
15.2,033_04Jul2026_1601,-1.451925,1.960055,0.07441914,TestCube,0.5036135,Plane,TestCube,3.901796,3.980887,3.941341,45.78764,180,0,FALSE,,,0,10.4,5.23,1.47,9.98
15.3,033_04Jul2026_1601,-1.456152,1.9583,0.07631414,None,0,TestCube,None,4.030383,4.095416,4.062899,50.38277,180,0,FALSE,None,None,,,,,
15.4,033_04Jul2026_1601,-1.464604,1.957757,0.07906698,Plane,0,None,Plane,4.107204,4.144804,4.126004,24.70398,180,0,FALSE,,,0,15.69,0,0,0
15.5,033_04Jul2026_1601,-1.480112,1.956724,0.08243619,Plane,0.10005,None,Plane,4.181243,4.255702,4.218472,37.24394,180,0,FALSE,,,0,15.93,0,0,0
15.6,033_04Jul2026_1601,-1.505189,1.954861,0.08635709,Plane,0.200139,None,Plane,4.281164,4.288759,4.284962,55.59064,180,0,FALSE,,,0,15.08,0,0,0
15.7,033_04Jul2026_1601,-1.536696,1.951613,0.08642954,Plane,0.2999268,None,Plane,4.264427,4.290109,4.277267,80.30295,180,0,FALSE,,,0,11.74,0,0,0
15.8,033_04Jul2026_1601,-1.571817,1.947143,0.07811885,Plane,0.3999643,None,Plane,4.119861,4.17029,4.145076,54.23238,180,0,FALSE,,,0,9.37,0,0,0
15.9,033_04Jul2026_1601,-1.608481,1.946663,0.06287043,Plane,0.4999475,None,Plane,3.962772,4.108218,4.035495,39.76534,180,0,FALSE,,,0,8.69,0,0,0
16,033_04Jul2026_1601,-1.651294,1.95019,0.03975051,Plane,0.5999441,None,Plane,3.736951,3.938726,3.837839,212.0581,180,0,FALSE,,,0,15.73,0,0,0
16.1,033_04Jul2026_1601,-1.688008,1.950763,0.009345889,Plane,0.6996918,None,Plane,4.034944,4.017184,4.026064,295.4586,180,0,FALSE,,,0,14.26,0,0,0
16.2,033_04Jul2026_1601,-1.713304,1.950821,-0.02519754,Plane,0.800396,None,Plane,4.013413,4.032141,4.022777,148.241,180,0,FALSE,,,0,8.89,0,0,0
16.3,033_04Jul2026_1601,-1.734564,1.951789,-0.06568807,Plane,0.9003601,None,Plane,3.904768,4.002702,3.953735,65.43295,180,0,FALSE,,,0,8.41,0,0,0
16.4,033_04Jul2026_1601,-1.751857,1.954478,-0.1095502,Plane,1.000063,None,Plane,3.82713,3.970861,3.898996,35.63507,180,0,FALSE,,,0,7.26,0,0,0
16.5,033_04Jul2026_1601,-1.759636,1.953665,-0.1502146,Plane,1.100176,None,Plane,3.814553,3.897769,3.856161,47.71741,180,0,FALSE,,,0,6.78,0,0,0
16.6,033_04Jul2026_1601,-1.761851,1.95156,-0.1966753,Plane,1.200159,None,Plane,3.767034,3.707591,3.737313,317.5658,180,0,FALSE,,,0,11.28,0,0,0
16.7,033_04Jul2026_1601,-1.756318,1.949641,-0.2433382,Plane,1.299788,None,Plane,3.631285,3.690282,3.660783,100.4486,180,0,FALSE,,,0,11.28,0,0,0
16.8,033_04Jul2026_1601,-1.741651,1.946906,-0.2859733,Plane,1.399979,None,Plane,3.559814,3.659247,3.609531,30.98521,180,0,FALSE,,,0,10.07,0,0,0
16.9,033_04Jul2026_1601,-1.721235,1.944555,-0.3214864,Plane,1.500145,None,Plane,3.606847,3.73114,3.668993,24.78736,180,0,FALSE,,,0,9.29,0,0,0
17,033_04Jul2026_1601,-1.700249,1.943337,-0.3466937,Plane,1.600061,None,Plane,3.680804,3.764536,3.72267,255.6211,180,0,FALSE,,,0,23.37,0,0,0
17.1,033_04Jul2026_1601,-1.678123,1.943774,-0.3649338,Plane,1.69281,None,Plane,3.625593,3.720338,3.672966,43.44526,180,0,FALSE,,,0,20.55,0,0,0
17.2,033_04Jul2026_1601,-1.649702,1.94335,-0.3831723,Plane,1.793531,None,Plane,3.565808,3.74286,3.654334,36.70393,180,0,FALSE,,,0,20.02,0,0,0
17.3,033_04Jul2026_1601,-1.61818,1.941225,-0.398297,Plane,1.892792,None,Plane,3.603206,3.85008,3.726643,30.49477,180,0,FALSE,,,0,17.2,0,0,0
17.4,033_04Jul2026_1601,-1.583458,1.94127,-0.4119182,Plane,1.99272,None,Plane,3.748274,3.783899,3.766087,190.6222,180,0,FALSE,,,0,14.39,0,0,0
17.5,033_04Jul2026_1601,-1.546148,1.942878,-0.4223793,Plane,2.092985,None,Plane,3.700007,3.806948,3.753477,47.94771,180,0,FALSE,,,0,15.22,0,0,0
17.6,033_04Jul2026_1601,-1.511764,1.944959,-0.4297611,Plane,2.193743,None,Plane,3.70702,3.809291,3.758155,26.8862,180,0,FALSE,,,0,14.14,0,0,0
17.7,033_04Jul2026_1601,-1.484174,1.945001,-0.4348424,Plane,2.294525,None,Plane,3.67021,3.887212,3.778711,6.480502,180,0,FALSE,,,0,13.38,0,0,0
17.8,033_04Jul2026_1601,-1.461913,1.942937,-0.4379549,Plane,2.394033,None,Plane,3.701213,3.775766,3.73849,36.27832,180,0,FALSE,,,0,14.63,0,0,0
17.9,033_04Jul2026_1601,-1.437685,1.941411,-0.436206,Plane,2.493616,None,Plane,3.64554,3.721948,3.683744,16.93275,180,0,FALSE,,,0,14.53,0,0,0
18,033_04Jul2026_1601,-1.412215,1.944591,-0.4325749,Plane,2.593828,None,Plane,3.637392,3.737361,3.687376,12.80117,180,0,FALSE,,,0,15.07,0,0,0
18.1,033_04Jul2026_1601,-1.396396,1.947678,-0.4255103,Plane,2.693876,None,Plane,3.666498,3.869354,3.767926,11.88203,180,0,FALSE,,,0,16.78,0,0,0
18.2,033_04Jul2026_1601,-1.38957,1.94566,-0.417016,Plane,2.793997,None,Plane,3.873263,4.032094,3.952679,28.70256,180,0,FALSE,,,0,17.85,0,0,0
18.3,033_04Jul2026_1601,-1.385906,1.939396,-0.4061775,Plane,2.893961,None,Plane,3.951293,4.054996,4.003145,21.88455,180,0,FALSE,,,0,16.63,0,0,0
18.4,033_04Jul2026_1601,-1.38127,1.939988,-0.3996345,Plane,2.993771,None,Plane,3.904763,4.029398,3.967081,23.36409,180,0,FALSE,,,0,16.65,0,0,0
18.5,033_04Jul2026_1601,-1.382567,1.940637,-0.3972299,Plane,3.093746,None,Plane,3.878499,4.066126,3.972312,8.815933,180,0,FALSE,,,0,18.78,0,0,0
18.6,033_04Jul2026_1601,-1.389366,1.944761,-0.403128,Plane,3.194082,None,Plane,3.762709,4.020383,3.891546,10.8458,180,0,FALSE,,,0,23.04,0,0,0
18.7,033_04Jul2026_1601,-1.408886,1.945098,-0.4107914,Plane,3.294287,None,Plane,3.852144,4.110614,3.981379,20.31996,180,0,FALSE,,,0,18.27,0,0,0
18.8,033_04Jul2026_1601,-1.429982,1.94516,-0.424819,Plane,3.393738,None,Plane,3.857662,4.112521,3.985092,19.40612,180,0,FALSE,,,0,14.61,0,0,0
18.9,033_04Jul2026_1601,-1.452299,1.941896,-0.4388284,Plane,3.494682,None,Plane,4.100665,4.230047,4.165356,113.0854,180,0,FALSE,,,0,5.94,0,0,0
19,033_04Jul2026_1601,-1.481988,1.937938,-0.4537783,Plane,3.597786,None,Plane,4.095891,4.248793,4.172341,11.43048,180,0,FALSE,,,0,5.73,0,0,0
19.1,033_04Jul2026_1601,-1.512048,1.934698,-0.4634864,Plane,3.698973,None,Plane,4.012767,4.140312,4.07654,5.942812,180,0,FALSE,,,0,5.55,0,0,0
19.2,033_04Jul2026_1601,-1.534449,1.928747,-0.4700223,Plane,3.797688,None,Plane,3.729357,3.846471,3.787914,164.4268,180,0,FALSE,,,0,25.88,0,0,0
19.3,033_04Jul2026_1601,-1.541665,1.91656,-0.4664124,Plane,3.898466,None,Plane,3.852072,3.936279,3.894175,43.59306,180,0,FALSE,,,0,12.51,0,0,0
19.4,033_04Jul2026_1601,-1.533703,1.91723,-0.4658672,Plane,3.997515,None,Plane,3.621784,3.697148,3.659466,44.24357,180,0,FALSE,,,0,16.15,0,0,0
19.5,033_04Jul2026_1601,-1.51772,1.926351,-0.4686352,Plane,4.098389,None,Plane,3.78896,3.813934,3.801447,27.76317,180,0,FALSE,,,0,26.05,0,0,0
19.6,033_04Jul2026_1601,-1.506241,1.927896,-0.4699056,Plane,4.197451,None,Plane,3.848623,3.904779,3.876701,6.819029,180,0,FALSE,,,0,26.02,0,0,0
19.7,033_04Jul2026_1601,-1.491575,1.926416,-0.4671022,Plane,4.297646,None,Plane,3.929375,3.966668,3.948022,15.85471,180,0,FALSE,,,0,19.19,0,0,0
19.8,033_04Jul2026_1601,-1.471963,1.928219,-0.4617414,Plane,4.39747,None,Plane,3.907291,4.000463,3.953877,19.19071,180,0,FALSE,,,0,17.27,0,0,0
19.9,033_04Jul2026_1601,-1.449234,1.934759,-0.4572316,Plane,4.497747,None,Plane,3.821962,3.951686,3.886824,15.87856,180,0,FALSE,,,0,16.28,0,0,0
20,033_04Jul2026_1601,-1.42644,1.942234,-0.4539881,Plane,4.597963,None,Plane,3.846126,3.916023,3.881074,33.59718,180,0,FALSE,,,0,15.81,0,0,0
20.1,033_04Jul2026_1601,-1.406701,1.94539,-0.4486559,Plane,4.697578,None,Plane,3.811425,3.897817,3.854621,12.80263,180,0,FALSE,,,0,18.11,0,0,0
20.2,033_04Jul2026_1601,-1.387057,1.941071,-0.4468032,Plane,4.798016,None,Plane,3.838704,3.890923,3.864813,11.30795,180,0,FALSE,,,0,22.13,0,0,0
20.3,033_04Jul2026_1601,-1.374653,1.932813,-0.4446814,Plane,4.89802,None,Plane,3.837712,4.014215,3.925963,53.1758,180,0,FALSE,,,0,21.47,0,0,0
20.4,033_04Jul2026_1601,-1.377522,1.936351,-0.4437499,Plane,4.99789,None,Plane,3.901945,4.050569,3.976257,10.71661,180,0,FALSE,,,0,24.96,0,0,0
20.5,033_04Jul2026_1601,-1.384238,1.944299,-0.4540343,None,0,Plane,None,3.973021,4.116437,4.044729,40.32736,180,0,FALSE,None,None,,,,,
20.6,033_04Jul2026_1601,-1.385744,1.947095,-0.4750574,None,0.1002216,Plane,None,3.94523,4.114518,4.029874,9.11625,180,0,FALSE,None,None,,,,,
20.7,033_04Jul2026_1601,-1.394423,1.941547,-0.4879816,Plane,0,None,Plane,3.937464,4.11782,4.027642,55.6474,180,0,FALSE,,,0,42.67,0,0,0
20.8,033_04Jul2026_1601,-1.410958,1.94208,-0.4952895,Plane,0.09985924,None,Plane,3.96305,4.101644,4.032347,3.711451,180,0,FALSE,,,0,38.82,0,0,0
20.9,033_04Jul2026_1601,-1.436542,1.938671,-0.4938111,Plane,0.2050743,None,Plane,3.989875,4.225567,4.107721,16.89408,180,0,FALSE,,,0,26.24,0,0,0
21,033_04Jul2026_1601,-1.462924,1.934461,-0.4905129,Plane,0.3052235,None,Plane,3.972014,4.130947,4.05148,10.98213,180,0,FALSE,,,0,23.31,0,0,0
21.1,033_04Jul2026_1601,-1.483946,1.93561,-0.4794005,Plane,0.4050083,None,Plane,3.926805,4.210319,4.068562,6.870481,180,0,FALSE,,,0,25.01,0,0,0
21.2,033_04Jul2026_1601,-1.481296,1.936156,-0.4607798,Plane,0.4944553,None,Plane,4.168919,4.315832,4.242375,81.72735,180,0,FALSE,,,0,32.61,0,0,0
21.3,033_04Jul2026_1601,-1.459166,1.946905,-0.4404305,None,0,Plane,None,4.004435,4.114945,4.05969,51.35225,180,0,FALSE,None,None,,,,,
21.4,033_04Jul2026_1601,-1.431878,1.956319,-0.4245977,Plane,0,None,Plane,4.213497,4.267447,4.240472,30.52693,180,0,FALSE,,,0,30.33,0,0,0
21.5,033_04Jul2026_1601,-1.404853,1.960616,-0.412572,Plane,0.09962654,None,Plane,4.174092,4.215142,4.194617,19.79184,180,0,FALSE,,,0,35.83,0,0,0
21.6,033_04Jul2026_1601,-1.38014,1.961887,-0.4038795,Plane,0.1998615,None,Plane,4.318587,4.43292,4.375753,165.8187,180,0,FALSE,,,0,16.63,0,0,0
21.7,033_04Jul2026_1601,-1.360024,1.962071,-0.3960639,Plane,0.2893581,None,Plane,4.335925,4.482598,4.409261,29.14379,180,0,FALSE,,,0,16.03,0,0,0
21.8,033_04Jul2026_1601,-1.334237,1.966372,-0.3900398,Plane,0.3891144,None,Plane,4.321368,4.403731,4.362549,21.75457,180,0,FALSE,,,0,17.76,0,0,0
21.9,033_04Jul2026_1601,-1.303405,1.96277,-0.3765565,Plane,0.5003986,None,Plane,4.28021,4.342069,4.31114,31.18197,180,0,FALSE,,,0,12.95,0,0,0
22,033_04Jul2026_1601,-1.270482,1.961316,-0.3555739,Plane,0.6002846,None,Plane,4.107679,4.190959,4.14932,40.78126,180,0,FALSE,,,0,11.5,0,0,0
22.1,033_04Jul2026_1601,-1.245368,1.960147,-0.3330555,Plane,0.6891384,None,Plane,4.063502,4.100667,4.082085,196.4397,180,0,FALSE,,,0,12.57,0,0,0
22.2,033_04Jul2026_1601,-1.225493,1.956653,-0.3094541,Plane,0.7892227,None,Plane,3.979475,4.02428,4.001878,15.04704,180,0,FALSE,,,0,11.26,0,0,0
22.3,033_04Jul2026_1601,-1.21528,1.950637,-0.287634,Plane,0.9001789,None,Plane,4.001707,4.153593,4.07765,16.63716,180,0,FALSE,,,0,11.87,0,0,0
22.4,033_04Jul2026_1601,-1.211238,1.949522,-0.2774757,Plane,1.000069,None,Plane,3.984803,4.14638,4.065591,66.43074,180,0,FALSE,,,0,19.03,0,0,0
22.5,033_04Jul2026_1601,-1.211137,1.95461,-0.2813421,Plane,1.100105,None,Plane,4.081565,4.233453,4.157509,20.95718,180,0,FALSE,,,0,25.31,0,0,0
22.6,033_04Jul2026_1601,-1.208207,1.957728,-0.2891103,Plane,1.189669,None,Plane,4.135005,4.242614,4.188809,13.1177,180,0,FALSE,,,0,32.91,0,0,0
22.7,033_04Jul2026_1601,-1.201471,1.952427,-0.2997723,Plane,1.29994,None,Plane,4.432377,4.532364,4.48237,120.2257,180,0,FALSE,,,0,6.82,0,0,0
22.8,033_04Jul2026_1601,-1.201089,1.946226,-0.312842,Plane,1.393131,None,Plane,4.447115,4.586738,4.516927,36.40325,180,0,FALSE,,,0,5.67,0,0,0
22.9,033_04Jul2026_1601,-1.204066,1.943658,-0.3275655,Plane,1.492468,None,Plane,4.448358,4.577188,4.512773,10.23818,180,0,FALSE,,,0,5.48,0,0,0
23,033_04Jul2026_1601,-1.215482,1.940829,-0.3435637,Plane,1.593096,None,Plane,4.421617,4.46174,4.441678,19.41753,180,0,FALSE,,,0,5.35,0,0,0
23.1,033_04Jul2026_1601,-1.233641,1.935994,-0.3624903,Plane,1.692806,None,Plane,4.321767,4.310638,4.316203,61.61855,180,0,FALSE,,,0,4.34,0,0,0
23.2,033_04Jul2026_1601,-1.251724,1.932645,-0.3820279,Plane,1.793203,None,Plane,4.187042,4.212577,4.199809,11.07135,180,0,FALSE,,,0,4.49,0,0,0
23.3,033_04Jul2026_1601,-1.269999,1.931384,-0.4004448,Plane,1.892651,None,Plane,4.032203,4.077056,4.054629,42.1562,180,0,FALSE,,,0,5.15,0,0,0
23.4,033_04Jul2026_1601,-1.283379,1.929914,-0.4100394,Plane,1.992722,None,Plane,3.876144,3.953619,3.914881,166.0967,180,0,FALSE,,,0,17.08,0,0,0
23.5,033_04Jul2026_1601,-1.286753,1.925184,-0.4070888,Plane,2.092802,None,Plane,3.912707,4.010472,3.961589,33.50932,180,0,FALSE,,,0,17.32,0,0,0
23.6,033_04Jul2026_1601,-1.290232,1.924853,-0.4010384,Plane,2.192453,None,Plane,3.876289,3.986519,3.931404,6.57207,180,0,FALSE,,,0,17.61,0,0,0
23.7,033_04Jul2026_1601,-1.288216,1.928003,-0.3917072,Plane,2.292612,None,Plane,3.934391,4.002621,3.968506,8.990595,180,0,FALSE,,,0,19.87,0,0,0
23.8,033_04Jul2026_1601,-1.28202,1.932312,-0.3841987,Plane,2.392677,None,Plane,3.897459,3.935668,3.916563,121.0584,180,0,FALSE,,,0,32.85,0,0,0
23.9,033_04Jul2026_1601,-1.278304,1.929213,-0.3734809,Plane,2.492313,None,Plane,3.924491,3.991313,3.957902,27.26053,180,0,FALSE,,,0,18.21,0,0,0
24,033_04Jul2026_1601,-1.275939,1.930124,-0.3668876,Plane,2.592583,None,Plane,3.805698,3.885186,3.845442,2.011993,180,0,FALSE,,,0,17.94,0,0,0
24.1,033_04Jul2026_1601,-1.282582,1.931289,-0.3684483,Plane,2.692486,None,Plane,3.900691,3.948982,3.924836,30.93599,180,0,FALSE,,,0,15.13,0,0,0
24.2,033_04Jul2026_1601,-1.28672,1.934908,-0.3744422,Plane,2.792496,None,Plane,3.849976,3.956013,3.902994,218.9559,180,0,FALSE,,,0,9.29,0,0,0
24.3,033_04Jul2026_1601,-1.288311,1.937846,-0.3787518,Plane,2.892427,None,Plane,4.025592,4.115212,4.070402,75.31017,180,0,FALSE,,,0,7.32,0,0,0
24.4,033_04Jul2026_1601,-1.293363,1.936864,-0.3801009,Plane,2.9928,None,Plane,4.081559,4.158918,4.120238,21.98017,180,0,FALSE,,,0,7.2,0,0,0
24.5,033_04Jul2026_1601,-1.302106,1.935004,-0.377917,Plane,3.092659,None,Plane,4.093707,4.150468,4.122087,26.13524,180,0,FALSE,,,0,7.51,0,0,0
24.6,033_04Jul2026_1601,-1.311208,1.937332,-0.3775544,Plane,3.192825,None,Plane,3.832842,3.930032,3.881437,87.02454,180,0,FALSE,,,0,17.83,0,0,0
24.7,033_04Jul2026_1601,-1.323378,1.946097,-0.3875017,Plane,3.292505,None,Plane,3.746878,3.901258,3.824068,23.14051,180,0,FALSE,,,0,27,0,0,0
24.8,033_04Jul2026_1601,-1.343125,1.954042,-0.4068967,Plane,3.403708,None,Plane,3.687342,3.866969,3.777155,30.74751,180,0,FALSE,,,0,32.93,0,0,0
24.9,033_04Jul2026_1601,-1.35801,1.954132,-0.4293597,Plane,3.497683,None,Plane,3.627466,3.939106,3.783286,20.44609,180,0,FALSE,,,0,43.65,0,0,0
25,033_04Jul2026_1601,-1.375183,1.945885,-0.4491711,Plane,3.597677,None,Plane,3.755316,4.024718,3.890017,83.26189,180,0,FALSE,,,0,13.49,0,0,0
25.1,033_04Jul2026_1601,-1.395478,1.941929,-0.4589534,Plane,3.69766,None,Plane,3.711054,3.917711,3.814383,32.69871,180,0,FALSE,,,0,10.71,0,0,0
25.2,033_04Jul2026_1601,-1.414642,1.949938,-0.4594918,Plane,3.797247,None,Plane,3.7008,3.829565,3.765182,18.51318,180,0,FALSE,,,0,13.03,0,0,0
25.3,033_04Jul2026_1601,-1.434099,1.954714,-0.4515522,Plane,3.897745,None,Plane,3.636348,3.855168,3.745758,17.3742,180,0,FALSE,,,0,14.15,0,0,0
25.4,033_04Jul2026_1601,-1.452994,1.953256,-0.4336649,Plane,3.997616,None,Plane,3.620923,3.876189,3.748556,85.7891,180,0,FALSE,,,0,13.46,0,0,0
25.5,033_04Jul2026_1601,-1.485324,1.95915,-0.4129245,Plane,4.097452,None,Plane,3.631819,3.872876,3.752347,16.30414,180,0,FALSE,,,0,16.5,0,0,0
25.6,033_04Jul2026_1601,-1.523547,1.96176,-0.3900057,Plane,4.197218,None,Plane,3.667911,3.881979,3.774945,21.81838,180,0,FALSE,,,0,22.61,0,0,0
25.7,033_04Jul2026_1601,-1.557014,1.959094,-0.3710338,Plane,4.297676,None,Plane,3.654947,3.853842,3.754395,23.48157,180,0,FALSE,,,0,37.35,0,0,0
25.8,033_04Jul2026_1601,-1.581424,1.965096,-0.3644361,None,0,Plane,None,3.636335,3.859886,3.74811,24.12266,180,0,FALSE,None,None,,,,,
25.9,033_04Jul2026_1601,-1.590909,1.972767,-0.3683469,None,0.09980202,Plane,None,3.693135,3.883788,3.788462,25.92305,180,0,FALSE,None,None,,,,,
26,033_04Jul2026_1601,-1.591891,1.97277,-0.3816759,None,0.1999931,Plane,None,3.797199,3.983983,3.890591,8.898315,180,0,FALSE,None,None,,,,,
26.1,033_04Jul2026_1601,-1.583244,1.967137,-0.3972295,None,0.3008862,Plane,None,3.916715,3.995829,3.956272,21.47457,180,0,FALSE,None,None,,,,,
26.2,033_04Jul2026_1601,-1.566108,1.96909,-0.4164076,None,0.4002666,Plane,None,3.930444,4.010519,3.970482,12.63682,180,0,FALSE,None,None,,,,,
26.3,033_04Jul2026_1601,-1.541444,1.96406,-0.4285253,Plane,0,None,Plane,3.960184,4.053349,4.006766,32.09225,180,0,FALSE,,,0,20.83,0,0,0
26.4,033_04Jul2026_1601,-1.510231,1.962188,-0.4331083,Plane,0.09148407,None,Plane,3.882719,4.016908,3.949813,25.64219,180,0,FALSE,,,0,14.73,0,0,0
26.5,033_04Jul2026_1601,-1.468721,1.960444,-0.4306478,Plane,0.1919441,None,Plane,3.8258,3.998905,3.912352,18.59884,180,0,FALSE,,,0,13.07,0,0,0
26.6,033_04Jul2026_1601,-1.419306,1.958283,-0.4191872,Plane,0.2915154,None,Plane,4.041213,4.085542,4.063377,65.7333,180,0,FALSE,,,0,7.6,0,0,0
26.7,033_04Jul2026_1601,-1.380366,1.948069,-0.3979317,Plane,0.3919983,None,Plane,3.997325,4.074181,4.035753,14.40441,180,0,FALSE,,,0,7.2,0,0,0
26.8,033_04Jul2026_1601,-1.357003,1.944365,-0.3805127,Plane,0.4917011,None,Plane,4.027361,4.088234,4.057798,17.27284,180,0,FALSE,,,0,8.07,0,0,0
26.9,033_04Jul2026_1601,-1.350955,1.95081,-0.3714609,Plane,0.5921822,None,Plane,3.822572,3.957331,3.889952,89.38615,180,0,FALSE,,,0,22.67,0,0,0
27,033_04Jul2026_1601,-1.358943,1.962299,-0.3710776,None,0,Plane,None,3.794773,3.930727,3.86275,44.99414,180,0,FALSE,None,None,,,,,
27.1,033_04Jul2026_1601,-1.368933,1.966651,-0.3785234,None,0.09982872,Plane,None,3.65216,3.843026,3.747593,19.986,180,0,FALSE,None,None,,,,,
27.2,033_04Jul2026_1601,-1.378628,1.965754,-0.3920814,None,0.1997871,Plane,None,3.636001,3.832136,3.734068,2.158898,180,0,FALSE,None,None,,,,,
27.3,033_04Jul2026_1601,-1.391452,1.964718,-0.4089181,None,0.3001308,Plane,None,3.688559,3.840271,3.764415,17.25063,180,0,FALSE,None,None,,,,,
27.4,033_04Jul2026_1601,-1.40514,1.961784,-0.4223077,Plane,0,None,Plane,3.716515,3.917194,3.816854,14.41114,180,0,FALSE,,,0,42.95,0,0,0
27.5,033_04Jul2026_1601,-1.422515,1.956944,-0.4271337,Plane,0.1001682,None,Plane,3.794843,3.984507,3.889675,74.22044,180,0,FALSE,,,0,16.58,0,0,0
27.6,033_04Jul2026_1601,-1.442939,1.958223,-0.4303832,Plane,0.2003784,None,Plane,3.728887,3.901789,3.815338,11.16554,180,0,FALSE,,,0,16.8,0,0,0
27.7,033_04Jul2026_1601,-1.470182,1.964034,-0.4341966,Plane,0.3002205,None,Plane,3.709494,3.871972,3.790733,15.82042,180,0,FALSE,,,0,20.66,0,0,0
27.8,033_04Jul2026_1601,-1.50367,1.960832,-0.4316878,Plane,0.4037285,None,Plane,3.860591,4.035748,3.948169,155.2453,180,0,FALSE,,,0,9.14,0,0,0
27.9,033_04Jul2026_1601,-1.523496,1.947417,-0.4251845,Plane,0.5034523,None,Plane,3.93954,4.088701,4.014121,19.1342,180,0,FALSE,,,0,8.48,0,0,0
28,033_04Jul2026_1601,-1.524416,1.952932,-0.4299764,Plane,0.6036186,None,Plane,3.789407,3.871503,3.830455,31.26429,180,0,FALSE,,,0,10.97,0,0,0
28.1,033_04Jul2026_1601,-1.516343,1.95809,-0.4317468,Plane,0.7034798,None,Plane,3.736758,3.854284,3.795521,49.80264,180,0,FALSE,,,0,20.25,0,0,0
28.2,033_04Jul2026_1601,-1.507403,1.963478,-0.4389949,None,0,Plane,None,3.697417,3.862727,3.780072,45.69592,180,0,FALSE,None,None,,,,,
28.3,033_04Jul2026_1601,-1.493989,1.961156,-0.4417377,None,0.0998497,Plane,None,3.827662,3.941376,3.884519,10.7335,180,0,FALSE,None,None,,,,,
28.4,033_04Jul2026_1601,-1.475044,1.959109,-0.4415107,Plane,0,None,Plane,3.80066,3.950751,3.875706,14.09255,180,0,FALSE,,,0,32.57,0,0,0
28.5,033_04Jul2026_1601,-1.451404,1.962286,-0.4390244,Plane,0.1000481,None,Plane,3.867937,3.99637,3.932153,11.5804,180,0,FALSE,,,0,27.45,0,0,0
28.6,033_04Jul2026_1601,-1.422177,1.968032,-0.4336728,Plane,0.1998825,None,Plane,3.932448,4.050379,3.991414,12.20385,180,0,FALSE,,,0,23.38,0,0,0
28.7,033_04Jul2026_1601,-1.388848,1.974089,-0.4255264,Plane,0.3001823,None,Plane,3.98527,4.070399,4.027834,54.94419,180,0,FALSE,,,0,15.89,0,0,0
28.8,033_04Jul2026_1601,-1.358677,1.977705,-0.4159143,Plane,0.3998108,None,Plane,4.035935,4.165541,4.100739,2.542826,180,0,FALSE,,,0,16.6,0,0,0
28.9,033_04Jul2026_1601,-1.335993,1.977754,-0.4050605,Plane,0.5000362,None,Plane,4.129223,4.246944,4.188084,13.88855,180,0,FALSE,,,0,17.35,0,0,0
29,033_04Jul2026_1601,-1.321315,1.970121,-0.3927983,Plane,0.5998211,None,Plane,4.259539,4.380011,4.319775,100.5164,180,0,FALSE,,,0,23.8,0,0,0
29.1,033_04Jul2026_1601,-1.320205,1.962595,-0.3845402,Plane,0.6999149,None,Plane,4.250545,4.360408,4.305476,27.69671,180,0,FALSE,,,0,16.14,0,0,0
29.2,033_04Jul2026_1601,-1.32737,1.968368,-0.3857695,Plane,0.8001289,None,Plane,4.01521,4.190992,4.103101,7.020972,180,0,FALSE,,,0,17.91,0,0,0
29.3,033_04Jul2026_1601,-1.342236,1.97438,-0.3930043,Plane,0.8998947,None,Plane,4.045117,4.255496,4.150307,20.98504,180,0,FALSE,,,0,23.91,0,0,0
29.4,033_04Jul2026_1601,-1.35904,1.974938,-0.4053372,Plane,1.000015,None,Plane,3.902439,4.135607,4.019023,14.5923,180,0,FALSE,,,0,25.51,0,0,0
29.5,033_04Jul2026_1601,-1.385795,1.969354,-0.4180175,Plane,1.100006,None,Plane,3.917038,4.097254,4.007146,40.31898,180,0,FALSE,,,0,16.9,0,0,0
29.6,033_04Jul2026_1601,-1.402949,1.963922,-0.4329649,Plane,1.200354,None,Plane,3.938922,4.140432,4.039677,75.61298,180,0,FALSE,,,0,8.26,0,0,0
29.7,033_04Jul2026_1601,-1.413855,1.95589,-0.4463227,Plane,1.302231,None,Plane,4.064353,4.232266,4.14831,99.21624,180,0,FALSE,,,0,4.84,0,0,0
29.8,033_04Jul2026_1601,-1.421901,1.950038,-0.45737,Plane,1.40242,None,Plane,4.096964,4.256955,4.17696,24.28093,180,0,FALSE,,,0,4.51,0,0,0
29.9,033_04Jul2026_1601,-1.429781,1.94823,-0.4733391,Plane,1.502764,None,Plane,4.088575,4.232023,4.160299,17.39202,180,0,FALSE,,,0,4.51,0,0,0
30,033_04Jul2026_1601,-1.447368,1.94476,-0.4812272,Plane,1.603342,None,Plane,3.966107,4.142756,4.054431,18.08411,180,0,FALSE,,,0,4.79,0,0,0
30.1,033_04Jul2026_1601,-1.466149,1.941743,-0.4726871,Plane,1.702726,None,Plane,3.809982,4.032615,3.921299,31.08856,180,0,FALSE,,,0,5.39,0,0,0
30.2,033_04Jul2026_1601,-1.468572,1.954576,-0.4640209,Plane,1.802662,None,Plane,3.644586,3.877681,3.761134,132.7175,180,0,FALSE,,,0,13.8,0,0,0
30.3,033_04Jul2026_1601,-1.469507,1.962714,-0.4558306,Plane,1.902391,None,Plane,3.759965,3.915665,3.837815,45.29387,180,0,FALSE,,,0,26.02,0,0,0
30.4,033_04Jul2026_1601,-1.472826,1.95543,-0.4468824,None,0,Plane,None,-1,-1,-1,31.01777,180,0,FALSE,None,None,,,,,
30.5,033_04Jul2026_1601,-1.472915,1.948241,-0.4396554,Plane,0,None,Plane,3.400351,3.913161,3.656756,26.55867,180,0,FALSE,,,0,32.38,0,0,0
30.6,033_04Jul2026_1601,-1.468407,1.950421,-0.4318616,Plane,0.09959412,None,Plane,3.696167,3.958374,3.827271,21.14288,180,0,FALSE,,,0,28.55,0,0,0
30.7,033_04Jul2026_1601,-1.461087,1.954977,-0.4285126,Plane,0.1997795,None,Plane,3.652975,3.925105,3.78904,15.00849,180,0,FALSE,,,0,44.8,0,0,0
30.8,033_04Jul2026_1601,-1.449217,1.954821,-0.4275551,Plane,0.3000393,None,Plane,3.776819,3.998543,3.887681,3.169285,180,0,FALSE,,,0,38.99,0,0,0
30.9,033_04Jul2026_1601,-1.426156,1.95586,-0.4254301,Plane,0.4036579,None,Plane,3.812124,3.979754,3.895939,21.32063,180,0,FALSE,,,0,29.73,0,0,0
31,033_04Jul2026_1601,-1.401712,1.959234,-0.4252023,Plane,0.5037117,None,Plane,3.786668,3.928923,3.857796,20.08659,180,0,FALSE,,,0,29.21,0,0,0
31.1,033_04Jul2026_1601,-1.378649,1.964234,-0.427556,Plane,0.6033916,None,Plane,3.761386,3.937837,3.849611,6.247538,180,0,FALSE,,,0,25.83,0,0,0
31.2,033_04Jul2026_1601,-1.356587,1.969674,-0.4262473,Plane,0.6929131,None,Plane,3.77597,3.969101,3.872536,93.29402,180,0,FALSE,,,0,15.5,0,0,0
31.3,033_04Jul2026_1601,-1.326613,1.972968,-0.4113926,Plane,0.8033524,None,Plane,3.852119,4.041959,3.947039,9.669524,180,0,FALSE,,,0,14.45,0,0,0
31.4,033_04Jul2026_1601,-1.308008,1.966063,-0.3908005,Plane,0.9033298,None,Plane,3.891963,4.07778,3.984871,22.16348,180,0,FALSE,,,0,20.11,0,0,0
31.5,033_04Jul2026_1601,-1.301387,1.964996,-0.3798675,Plane,1.003601,None,Plane,3.718115,3.843335,3.780725,153.0383,180,0,FALSE,,,0,26.31,0,0,0
31.6,033_04Jul2026_1601,-1.31371,1.972011,-0.3758017,Plane,1.103292,None,Plane,3.732773,3.931004,3.831888,23.68547,180,0,FALSE,,,0,28.64,0,0,0
31.7,033_04Jul2026_1601,-1.327101,1.980911,-0.3779052,Plane,1.203199,None,Plane,3.647326,3.868743,3.758035,22.82743,180,0,FALSE,,,0,42.68,0,0,0
31.8,033_04Jul2026_1601,-1.338011,1.982476,-0.3826778,Plane,1.303583,None,Plane,3.72502,3.915052,3.820036,5.826018,180,0,FALSE,,,0,44.89,0,0,0
31.9,033_04Jul2026_1601,-1.346405,1.98002,-0.3886912,Plane,1.403639,None,Plane,3.772091,3.968124,3.870108,15.43097,180,0,FALSE,,,0,27.85,0,0,0
32,033_04Jul2026_1601,-1.350355,1.980034,-0.3958627,Plane,1.503948,None,Plane,3.78902,3.943732,3.866376,9.923697,180,0,FALSE,,,0,22.42,0,0,0
32.1,033_04Jul2026_1601,-1.354174,1.977333,-0.402613,Plane,1.603664,None,Plane,3.826006,3.966778,3.896392,12.68769,180,0,FALSE,,,0,21.08,0,0,0
32.2,033_04Jul2026_1601,-1.366295,1.972309,-0.4095665,Plane,1.692802,None,Plane,3.796523,3.996511,3.896517,21.50869,180,0,FALSE,,,0,15.68,0,0,0
32.3,033_04Jul2026_1601,-1.397386,1.972925,-0.4176412,None,0,Plane,None,3.389347,3.902475,3.645911,55.42908,180,0,FALSE,None,None,,,,,
32.4,033_04Jul2026_1601,-1.430212,1.981263,-0.4111862,None,0.1001511,Plane,None,3.697694,3.840323,3.769009,55.90437,180,0,FALSE,None,None,,,,,
32.5,033_04Jul2026_1601,-1.454204,1.986595,-0.3974343,None,0.1999893,Plane,None,3.68879,3.820549,3.75467,6.935079,180,0,FALSE,None,None,,,,,
32.6,033_04Jul2026_1601,-1.464608,1.994498,-0.3926112,None,0.2927132,Plane,None,3.573848,3.716439,3.645143,41.89579,180,0,FALSE,None,None,,,,,
32.7,033_04Jul2026_1601,-1.480339,1.990297,-0.3918496,None,0.3925667,Plane,None,3.651217,3.784866,3.718042,113.6819,180,0,FALSE,None,None,,,,,
32.8,033_04Jul2026_1601,-1.49337,1.981559,-0.3917576,Plane,0,None,Plane,3.576802,3.711171,3.643987,32.57008,180,0,FALSE,,,0,32.45,0,0,0
32.9,033_04Jul2026_1601,-1.497195,1.979707,-0.3910851,Plane,0.09986115,None,Plane,3.526145,3.651832,3.588988,12.05171,180,0,FALSE,,,0,32.82,0,0,0
33,033_04Jul2026_1601,-1.492358,1.977784,-0.387134,Plane,0.1996841,None,Plane,3.578173,3.667727,3.62295,9.055593,180,0,FALSE,,,0,29.38,0,0,0
33.1,033_04Jul2026_1601,-1.476134,1.978322,-0.3829473,Plane,0.2998123,None,Plane,3.627636,3.692511,3.660073,16.67158,180,0,FALSE,,,0,22.66,0,0,0
33.2,033_04Jul2026_1601,-1.461344,1.978504,-0.380263,Plane,0.4001198,None,Plane,3.587524,3.732853,3.660189,20.50598,180,0,FALSE,,,0,22.76,0,0,0
33.3,033_04Jul2026_1601,-1.455338,1.978635,-0.3798979,Plane,0.5003967,None,Plane,3.530875,3.699855,3.615365,29.11873,180,0,FALSE,,,0,18.5,0,0,0
33.4,033_04Jul2026_1601,-1.451894,1.982184,-0.3849153,Plane,0.599926,None,Plane,3.508326,3.680008,3.594167,35.63682,180,0,FALSE,,,0,17.22,0,0,0
33.5,033_04Jul2026_1601,-1.445769,1.985371,-0.3918442,Plane,0.7032776,None,Plane,3.643847,3.777635,3.710741,27.39958,180,0,FALSE,,,0,12.54,0,0,0
33.6,033_04Jul2026_1601,-1.43729,1.985244,-0.3929607,Plane,0.8025665,None,Plane,3.715064,3.837271,3.776168,17.07377,180,0,FALSE,,,0,10.76,0,0,0
33.7,033_04Jul2026_1601,-1.429131,1.985111,-0.3900793,Plane,0.902607,None,Plane,3.686571,3.823369,3.75497,4.185449,180,0,FALSE,,,0,10.85,0,0,0
33.8,033_04Jul2026_1601,-1.429193,1.980776,-0.3909467,Plane,1.002544,None,Plane,3.595435,3.734155,3.664795,72.61179,180,0,FALSE,,,0,29.68,0,0,0
33.9,033_04Jul2026_1601,-1.440654,1.974044,-0.3968788,Plane,1.102734,None,Plane,3.541296,3.706137,3.623716,41.09691,180,0,FALSE,,,0,39.1,0,0,0
34,033_04Jul2026_1601,-1.464293,1.973637,-0.4025144,Plane,1.202866,None,Plane,3.500202,3.758732,3.629467,38.80474,180,0,FALSE,,,0,27.67,0,0,0
34.1,033_04Jul2026_1601,-1.488752,1.980135,-0.4112499,None,0,Plane,None,3.481296,3.69997,3.590633,46.51031,180,0,FALSE,None,None,,,,,
34.2,033_04Jul2026_1601,-1.506552,1.982641,-0.427126,Plane,0,None,Plane,3.542743,3.737907,3.640325,35.0309,180,0,FALSE,,,0,54.83,0,0,0
34.3,033_04Jul2026_1601,-1.527413,1.976591,-0.4433716,Plane,0.1000481,None,Plane,3.589972,3.822179,3.706076,80.9603,180,0,FALSE,,,0,22.38,0,0,0
34.4,033_04Jul2026_1601,-1.544128,1.967532,-0.453497,Plane,0.2004089,None,Plane,3.598597,3.865972,3.732285,19.526,180,0,FALSE,,,0,16.56,0,0,0
34.5,033_04Jul2026_1601,-1.55985,1.962778,-0.4542182,Plane,0.3003006,None,Plane,3.584858,3.845,3.714929,5.24709,180,0,FALSE,,,0,15.34,0,0,0
34.6,033_04Jul2026_1601,-1.575579,1.960539,-0.4517418,Plane,0.4003143,None,Plane,3.587215,3.865295,3.726255,17.56673,180,0,FALSE,,,0,14.9,0,0,0
34.7,033_04Jul2026_1601,-1.59171,1.960623,-0.4453063,Plane,0.50037,None,Plane,3.566867,3.776088,3.671478,82.30816,180,0,FALSE,,,0,16.64,0,0,0
34.8,033_04Jul2026_1601,-1.606655,1.960485,-0.4280432,Plane,0.6000977,None,Plane,3.655426,3.816815,3.73612,10.48719,180,0,FALSE,,,0,14.29,0,0,0
34.9,033_04Jul2026_1601,-1.60675,1.965154,-0.4209519,Plane,0.7003059,None,Plane,3.522518,3.558814,3.540666,89.46492,180,0,FALSE,,,0,38.87,0,0,0
35,033_04Jul2026_1601,-1.601999,1.958477,-0.4149404,None,0,Plane,None,3.818995,3.925071,3.872033,98.37527,180,0,FALSE,None,None,,,,,
35.1,033_04Jul2026_1601,-1.591733,1.957762,-0.4148013,Plane,0,None,Plane,3.707691,3.813676,3.760684,29.38699,180,0,FALSE,,,0,27.15,0,0,0
35.2,033_04Jul2026_1601,-1.572034,1.958054,-0.4152952,Plane,0.09984589,None,Plane,3.750983,3.873608,3.812295,25.00313,180,0,FALSE,,,0,19.48,0,0,0
35.3,033_04Jul2026_1601,-1.552163,1.959729,-0.4179462,Plane,0.1996422,None,Plane,3.642481,3.74243,3.692456,9.672709,180,0,FALSE,,,0,22.58,0,0,0
35.4,033_04Jul2026_1601,-1.529536,1.95828,-0.4209082,Plane,0.2993393,None,Plane,3.752783,3.858883,3.805833,73.23965,180,0,FALSE,,,0,11.08,0,0,0
35.5,033_04Jul2026_1601,-1.502675,1.95753,-0.4249791,Plane,0.4041176,None,Plane,3.691731,3.804968,3.748349,55.44314,180,0,FALSE,,,0,8.62,0,0,0
35.6,033_04Jul2026_1601,-1.482185,1.958451,-0.4281352,Plane,0.5045586,None,Plane,3.674999,3.777981,3.72649,25.30829,180,0,FALSE,,,0,7.91,0,0,0
35.7,033_04Jul2026_1601,-1.468733,1.964023,-0.4298806,Plane,0.6042366,None,Plane,3.55637,3.674397,3.615384,70.99869,180,0,FALSE,,,0,14.77,0,0,0
35.8,033_04Jul2026_1601,-1.458667,1.97223,-0.428452,Plane,0.7042656,None,Plane,3.563962,3.723674,3.643818,17.76557,180,0,FALSE,,,0,18.06,0,0,0
35.9,033_04Jul2026_1601,-1.4468,1.978226,-0.4255488,Plane,0.8042603,None,Plane,3.5656,3.696745,3.631173,6.183727,180,0,FALSE,,,0,19.81,0,0,0
36,033_04Jul2026_1601,-1.435213,1.981085,-0.4224723,Plane,0.9043808,None,Plane,3.606623,3.774882,3.690753,14.4606,180,0,FALSE,,,0,25.59,0,0,0
36.1,033_04Jul2026_1601,-1.424743,1.979259,-0.4197113,Plane,1.00449,None,Plane,3.837346,3.929944,3.883645,148.1594,180,0,FALSE,,,0,6.29,0,0,0
36.2,033_04Jul2026_1601,-1.414145,1.974167,-0.4156551,Plane,1.104298,None,Plane,3.856914,3.998951,3.927933,1.284512,180,0,FALSE,,,0,6.25,0,0,0
36.3,033_04Jul2026_1601,-1.409723,1.966083,-0.4090955,Plane,1.204128,None,Plane,3.919527,4.078428,3.998978,18.56018,180,0,FALSE,,,0,6.42,0,0,0
36.4,033_04Jul2026_1601,-1.411965,1.95769,-0.4026639,Plane,1.304375,None,Plane,3.889985,4.075585,3.982785,35.45833,180,0,FALSE,,,0,6.32,0,0,0
36.5,033_04Jul2026_1601,-1.417055,1.95722,-0.4008461,None,0,Plane,None,-1,-1,-1,297.8741,180,0,FALSE,None,None,,,,,
36.6,033_04Jul2026_1601,-1.422709,1.958979,-0.4006118,Plane,0,None,Plane,3.685509,3.844454,3.764981,120.2076,180,0,FALSE,,,0,43.37,0,0,0
36.7,033_04Jul2026_1601,-1.428053,1.959768,-0.4039958,Plane,0.1000633,None,Plane,3.6692,3.853603,3.761401,10.72699,180,0,FALSE,,,0,41.34,0,0,0
36.8,033_04Jul2026_1601,-1.43899,1.955509,-0.4073609,Plane,0.18993,None,Plane,3.663115,3.890251,3.776683,17.80935,180,0,FALSE,,,0,29.77,0,0,0
36.9,033_04Jul2026_1601,-1.459077,1.952141,-0.4097438,Plane,0.3003616,None,Plane,3.612841,3.909757,3.761299,28.53976,180,0,FALSE,,,0,24.49,0,0,0
37,033_04Jul2026_1601,-1.472757,1.948591,-0.4102847,Plane,0.389637,None,Plane,3.657287,3.877332,3.767309,13.5552,180,0,FALSE,,,0,20.11,0,0,0
37.1,033_04Jul2026_1601,-1.48388,1.945794,-0.4143428,Plane,0.4998016,None,Plane,3.71378,3.837044,3.775412,147.1305,180,0,FALSE,,,0,6.95,0,0,0
37.2,033_04Jul2026_1601,-1.491817,1.944947,-0.4210632,Plane,0.5947495,None,Plane,3.670701,3.802274,3.736487,8.883694,180,0,FALSE,,,0,7.06,0,0,0
37.3,033_04Jul2026_1601,-1.502431,1.940335,-0.4313869,Plane,0.6936302,None,Plane,3.679948,3.774422,3.727185,15.11939,180,0,FALSE,,,0,6.66,0,0,0
37.4,033_04Jul2026_1601,-1.514562,1.933881,-0.4408589,Plane,0.79356,None,Plane,3.692572,3.800042,3.746307,15.23969,180,0,FALSE,,,0,6.18,0,0,0
37.5,033_04Jul2026_1601,-1.526223,1.934445,-0.4471754,Plane,0.8933983,None,Plane,3.696705,3.80667,3.751688,2.537482,180,0,FALSE,,,0,6.11,0,0,0
37.6,033_04Jul2026_1601,-1.541039,1.940464,-0.4515153,Plane,0.9928932,None,Plane,3.670815,3.784904,3.727859,114.8689,180,0,FALSE,,,0,7.28,0,0,0
37.7,033_04Jul2026_1601,-1.558938,1.941319,-0.4516191,Plane,1.093613,None,Plane,3.667218,3.815415,3.741317,33.81609,180,0,FALSE,,,0,6.58,0,0,0
37.8,033_04Jul2026_1601,-1.58071,1.937381,-0.4471587,Plane,1.193531,None,Plane,3.70388,3.837024,3.770452,14.24704,180,0,FALSE,,,0,6.26,0,0,0
37.9,033_04Jul2026_1601,-1.608416,1.936612,-0.4350536,Plane,1.293892,None,Plane,3.550467,3.764102,3.657284,133.2941,180,0,FALSE,,,0,16.5,0,0,0
38,033_04Jul2026_1601,-1.637347,1.946771,-0.4256034,Plane,1.393791,None,Plane,3.600071,3.818609,3.70934,25.9621,180,0,FALSE,,,0,26.59,0,0,0
38.1,033_04Jul2026_1601,-1.671174,1.947304,-0.4157196,Plane,1.493439,None,Plane,3.601351,3.79038,3.695866,8.235791,180,0,FALSE,,,0,22.14,0,0,0
38.2,033_04Jul2026_1601,-1.700341,1.936739,-0.403718,Plane,1.593735,None,Plane,3.678145,3.79426,3.736202,33.71093,180,0,FALSE,,,0,13.36,0,0,0
38.3,033_04Jul2026_1601,-1.715801,1.931927,-0.3955978,Plane,1.693851,None,Plane,3.654923,3.717073,3.685998,3.932054,180,0,FALSE,,,0,12.69,0,0,0
38.4,033_04Jul2026_1601,-1.71732,1.932394,-0.3949297,None,0,Plane,None,3.645475,3.555228,3.600351,108.8052,180,0,FALSE,None,None,,,,,
38.5,033_04Jul2026_1601,-1.710543,1.928081,-0.399238,Plane,0,None,Plane,3.552197,3.764981,3.658589,113.0196,180,0,FALSE,,,0,14.98,0,0,0
38.6,033_04Jul2026_1601,-1.701397,1.91331,-0.4013498,Plane,0.09999084,None,Plane,3.601149,3.814432,3.70779,24.96061,180,0,FALSE,,,0,11.83,0,0,0
38.7,033_04Jul2026_1601,-1.691414,1.908986,-0.4007125,Plane,0.199894,None,Plane,3.46322,3.749998,3.606609,18.38104,180,0,FALSE,,,0,9.87,0,0,0
38.8,033_04Jul2026_1601,-1.670665,1.920125,-0.4044285,None,0,Plane,None,3.587508,3.738536,3.663022,308.7409,180,0,FALSE,None,None,,,,,
38.9,033_04Jul2026_1601,-1.640391,1.93531,-0.4159318,None,0.1040535,Plane,None,3.745513,3.856518,3.801016,94.06389,180,0,FALSE,None,None,,,,,
39,033_04Jul2026_1601,-1.601861,1.945217,-0.4296386,None,0.2037315,Plane,None,3.780554,3.873478,3.827016,5.721113,180,0,FALSE,None,None,,,,,
39.1,033_04Jul2026_1601,-1.567106,1.950073,-0.4417211,None,0.3041229,Plane,None,3.808625,3.86781,3.838218,25.1399,180,0,FALSE,None,None,,,,,
39.2,033_04Jul2026_1601,-1.541622,1.947885,-0.4515153,None,0.4041519,Plane,None,3.769828,3.865351,3.81759,40.4587,180,0,FALSE,None,None,,,,,
39.3,033_04Jul2026_1601,-1.515734,1.950115,-0.4603787,Plane,0,None,Plane,3.847319,3.828692,3.838006,65.31115,180,0,FALSE,,,0,14.66,0,0,0
39.4,033_04Jul2026_1601,-1.483548,1.955134,-0.467923,Plane,0.09994125,None,Plane,3.778599,3.826972,3.802785,18.63766,180,0,FALSE,,,0,14.19,0,0,0
39.5,033_04Jul2026_1601,-1.448369,1.955487,-0.4699246,Plane,0.1997223,None,Plane,3.89823,3.976538,3.937384,44.19121,180,0,FALSE,,,0,9.19,0,0,0
39.6,033_04Jul2026_1601,-1.420465,1.954501,-0.462684,Plane,0.2997971,None,Plane,3.934628,4.008081,3.971355,62.25297,180,0,FALSE,,,0,6.39,0,0,0
39.7,033_04Jul2026_1601,-1.391286,1.956568,-0.4514582,Plane,0.39991,None,Plane,3.909006,3.965518,3.937262,27.94279,180,0,FALSE,,,0,7.31,0,0,0
39.8,033_04Jul2026_1601,-1.366446,1.954944,-0.435743,Plane,0.4997787,None,Plane,3.983023,3.992196,3.98761,26.64368,180,0,FALSE,,,0,7.68,0,0,0
39.9,033_04Jul2026_1601,-1.354662,1.958145,-0.4177303,Plane,0.5997086,None,Plane,3.861372,3.853738,3.857555,69.5093,180,0,FALSE,,,0,12.7,0,0,0
40,033_04Jul2026_1601,-1.351557,1.969264,-0.4017821,Plane,0.6996307,None,Plane,3.741753,3.779392,3.760572,58.15956,180,0,FALSE,,,0,34.74,0,0,0
40.1,033_04Jul2026_1601,-1.350263,1.977817,-0.392751,None,0,Plane,None,3.653592,3.761724,3.707658,20.78926,180,0,FALSE,None,None,,,,,
40.2,033_04Jul2026_1601,-1.353654,1.976199,-0.3868892,Plane,0,None,Plane,3.730346,3.764623,3.747485,12.48271,180,0,FALSE,,,0,39.61,0,0,0
40.3,033_04Jul2026_1601,-1.365384,1.973395,-0.3804287,Plane,0.08959961,None,Plane,3.668146,3.760774,3.71446,28.63741,180,0,FALSE,,,0,21.98,0,0,0
40.4,033_04Jul2026_1601,-1.37514,1.978038,-0.3699538,Plane,0.1993027,None,Plane,3.686325,3.788156,3.73724,4.139667,180,0,FALSE,,,0,23.26,0,0,0
40.5,033_04Jul2026_1601,-1.378586,1.982379,-0.3633972,Plane,0.2892685,None,Plane,3.674383,3.8287,3.751542,10.02127,180,0,FALSE,,,0,26.12,0,0,0
40.6,033_04Jul2026_1601,-1.37919,1.985699,-0.3585056,Plane,0.3996353,None,Plane,3.707392,3.838239,3.772816,8.919075,180,0,FALSE,,,0,24.58,0,0,0
40.7,033_04Jul2026_1601,-1.372306,1.985226,-0.359164,Plane,0.4900398,None,Plane,3.693839,3.816527,3.755183,19.24573,180,0,FALSE,,,0,22.04,0,0,0
40.8,033_04Jul2026_1601,-1.353613,1.981,-0.3621079,Plane,0.5994797,None,Plane,3.621042,3.782702,3.701872,146.2803,180,0,FALSE,,,0,17.88,0,0,0
40.9,033_04Jul2026_1601,-1.336123,1.978658,-0.3669528,Plane,0.7001991,None,Plane,3.56376,3.723193,3.643476,19.20096,180,0,FALSE,,,0,15.85,0,0,0
41,033_04Jul2026_1601,-1.327418,1.978744,-0.3767808,Plane,0.7998009,None,Plane,3.577429,3.801724,3.689577,9.928857,180,0,FALSE,,,0,18.03,0,0,0
41.1,033_04Jul2026_1601,-1.327179,1.976819,-0.3891867,Plane,0.8998642,None,Plane,3.66826,3.886575,3.777418,16.14898,180,0,FALSE,,,0,17.57,0,0,0
41.2,033_04Jul2026_1601,-1.334492,1.972992,-0.3987023,Plane,1.000008,None,Plane,3.739947,3.918875,3.829411,82.5528,180,0,FALSE,,,0,17.13,0,0,0
41.3,033_04Jul2026_1601,-1.345969,1.971499,-0.4054711,Plane,1.099514,None,Plane,3.798152,3.950407,3.874279,34.6395,180,0,FALSE,,,0,19.33,0,0,0
41.4,033_04Jul2026_1601,-1.363486,1.968804,-0.407995,Plane,1.199486,None,Plane,3.83703,4.003592,3.920311,11.16941,180,0,FALSE,,,0,16.55,0,0,0
41.5,033_04Jul2026_1601,-1.3858,1.969574,-0.4089528,Plane,1.29985,None,Plane,3.827874,4.03419,3.931032,11.33841,180,0,FALSE,,,0,16.59,0,0,0
41.6,033_04Jul2026_1601,-1.407351,1.973451,-0.4122306,Plane,1.392509,None,Plane,3.763582,4.017709,3.890646,30.76144,180,0,FALSE,,,0,19.06,0,0,0
41.7,033_04Jul2026_1601,-1.432727,1.976578,-0.4175291,Plane,1.492004,None,Plane,3.728237,3.94268,3.835458,87.38295,180,0,FALSE,,,0,20.72,0,0,0
41.8,033_04Jul2026_1601,-1.452079,1.974774,-0.4224145,Plane,1.591957,None,Plane,3.728128,3.881583,3.804855,22.18664,180,0,FALSE,,,0,22.3,0,0,0
41.9,033_04Jul2026_1601,-1.467246,1.97148,-0.426981,Plane,1.692192,None,Plane,3.7063,3.896306,3.801303,22.751,180,0,FALSE,,,0,21.86,0,0,0
42,033_04Jul2026_1601,-1.48295,1.968156,-0.4309826,Plane,1.792339,None,Plane,3.492278,3.771129,3.631703,112.6478,180,0,FALSE,,,0,24.49,0,0,0
42.1,033_04Jul2026_1601,-1.500209,1.964385,-0.4319178,Plane,1.891987,None,Plane,3.718457,3.993804,3.856131,109.2026,180,0,FALSE,,,0,10.67,0,0,0
42.2,033_04Jul2026_1601,-1.519618,1.962559,-0.4302246,Plane,1.992218,None,Plane,3.688416,3.894284,3.79135,47.29436,180,0,FALSE,,,0,10.36,0,0,0
42.3,033_04Jul2026_1601,-1.541164,1.961838,-0.4233241,Plane,2.092258,None,Plane,3.649384,3.843588,3.746486,39.61488,180,0,FALSE,,,0,10.3,0,0,0
42.4,033_04Jul2026_1601,-1.559334,1.96226,-0.4139509,Plane,2.221432,None,Plane,3.664502,3.931609,3.798055,37.36575,180,0,FALSE,,,0,13.34,0,0,0
42.5,033_04Jul2026_1601,-1.580815,1.965961,-0.4014744,Plane,2.292126,None,Plane,3.606821,3.939746,3.773283,179.8245,180,0,FALSE,,,0,18.34,0,0,0
42.6,033_04Jul2026_1601,-1.599497,1.966821,-0.3892763,Plane,2.391998,None,Plane,3.620507,3.825891,3.723199,26.09718,180,0,FALSE,,,0,17.5,0,0,0
42.7,033_04Jul2026_1601,-1.618139,1.967388,-0.3788648,Plane,2.492359,None,Plane,3.619712,3.844204,3.731958,19.25948,180,0,FALSE,,,0,18.52,0,0,0
42.8,033_04Jul2026_1601,-1.637042,1.965981,-0.3654485,Plane,2.592258,None,Plane,3.724997,3.910987,3.817992,20.49622,180,0,FALSE,,,0,19.2,0,0,0
42.9,033_04Jul2026_1601,-1.653594,1.964516,-0.3476474,Plane,2.692188,None,Plane,3.650448,3.841035,3.745741,23.78851,180,0,FALSE,,,0,18.84,0,0,0
43,033_04Jul2026_1601,-1.66828,1.9683,-0.3275689,Plane,2.792255,None,Plane,3.576066,3.806178,3.691122,148.2006,180,0,FALSE,,,0,15.62,0,0,0
43.1,033_04Jul2026_1601,-1.680269,1.972507,-0.3104807,Plane,2.892246,None,Plane,3.549143,3.769087,3.659115,18.72693,180,0,FALSE,,,0,19.69,0,0,0
43.2,033_04Jul2026_1601,-1.692384,1.972519,-0.2901437,Plane,2.996784,None,Plane,3.628782,3.826319,3.727551,23.85763,180,0,FALSE,,,0,20.46,0,0,0
43.3,033_04Jul2026_1601,-1.701926,1.972394,-0.2723365,Plane,3.096485,None,Plane,3.706071,3.902325,3.804198,19.75018,180,0,FALSE,,,0,20.1,0,0,0
43.4,033_04Jul2026_1601,-1.707483,1.971027,-0.2602216,Plane,3.196304,None,Plane,3.721991,3.940976,3.831483,54.15564,180,0,FALSE,,,0,19.36,0,0,0
43.5,033_04Jul2026_1601,-1.709706,1.969656,-0.2558452,Plane,3.29644,None,Plane,3.696582,3.90418,3.800381,5.230568,180,0,FALSE,,,0,21.16,0,0,0
43.6,033_04Jul2026_1601,-1.708086,1.968007,-0.2554214,Plane,3.396652,None,Plane,3.622488,3.815595,3.719042,6.812649,180,0,FALSE,,,0,20.86,0,0,0
43.7,033_04Jul2026_1601,-1.70178,1.966466,-0.2618081,Plane,3.496552,None,Plane,3.65299,3.842954,3.747972,25.91522,180,0,FALSE,,,0,21.25,0,0,0
43.8,033_04Jul2026_1601,-1.690013,1.965671,-0.2743343,None,0,Plane,None,3.543521,3.704807,3.624164,222.6391,180,0,FALSE,None,None,,,,,
43.9,033_04Jul2026_1601,-1.67569,1.963793,-0.290508,Plane,0,None,Plane,3.657804,3.814126,3.735965,124.3663,180,0,FALSE,,,0,28.67,0,0,0
44,033_04Jul2026_1601,-1.659455,1.960838,-0.306815,Plane,0.100029,None,Plane,3.638113,3.756578,3.697345,26.26575,180,0,FALSE,,,0,24.32,0,0,0
44.1,033_04Jul2026_1601,-1.641256,1.958937,-0.3203769,Plane,0.2000313,None,Plane,3.684024,3.828686,3.756355,21.51992,180,0,FALSE,,,0,21.95,0,0,0
44.2,033_04Jul2026_1601,-1.618173,1.955845,-0.333358,Plane,0.2998314,None,Plane,3.787961,3.886748,3.837354,30.63546,180,0,FALSE,,,0,20.74,0,0,0
44.3,033_04Jul2026_1601,-1.589098,1.952548,-0.3472375,Plane,0.4006081,None,Plane,3.708663,3.859222,3.783943,184.4255,180,0,FALSE,,,0,27,0,0,0
44.4,033_04Jul2026_1601,-1.558267,1.950743,-0.3600757,Plane,0.500042,None,Plane,3.653156,3.820296,3.736726,61.22352,180,0,FALSE,,,0,29.09,0,0,0
44.5,033_04Jul2026_1601,-1.525007,1.947446,-0.3708137,Plane,0.6000557,None,Plane,3.645805,3.79142,3.718612,44.09283,180,0,FALSE,,,0,23.67,0,0,0
44.6,033_04Jul2026_1601,-1.497226,1.944297,-0.3771702,Plane,0.7004089,None,Plane,3.612065,3.771161,3.691613,30.43277,180,0,FALSE,,,0,18.86,0,0,0
44.7,033_04Jul2026_1601,-1.470859,1.943218,-0.3831814,Plane,0.8001022,None,Plane,3.790954,3.813485,3.802219,262.1457,180,0,FALSE,,,0,18.35,0,0,0
44.8,033_04Jul2026_1601,-1.446721,1.93515,-0.3887413,Plane,0.9001198,None,Plane,3.730596,3.789413,3.760004,36.33681,180,0,FALSE,,,0,15.08,0,0,0
44.9,033_04Jul2026_1601,-1.421789,1.92815,-0.3945373,Plane,1.000034,None,Plane,3.710495,3.733522,3.722008,25.48937,180,0,FALSE,,,0,12.34,0,0,0
45,033_04Jul2026_1601,-1.39573,1.923741,-0.3956792,Plane,1.100426,None,Plane,3.714736,3.787327,3.751031,24.73493,180,0,FALSE,,,0,10.22,0,0,0
45.1,033_04Jul2026_1601,-1.372446,1.923351,-0.3965024,Plane,1.202263,None,Plane,3.653814,3.826683,3.740249,20.34876,180,0,FALSE,,,0,10.45,0,0,0
45.2,033_04Jul2026_1601,-1.354841,1.918479,-0.3936284,Plane,1.302315,None,Plane,3.695169,3.767118,3.731143,213.5628,180,0,FALSE,,,0,12.98,0,0,0
45.3,033_04Jul2026_1601,-1.34096,1.917082,-0.3897843,Plane,1.402538,None,Plane,3.586657,3.699126,3.642891,34.8611,180,0,FALSE,,,0,12.26,0,0,0
45.4,033_04Jul2026_1601,-1.330932,1.917297,-0.3852234,Plane,1.502548,None,Plane,3.560716,3.606428,3.583572,11.45233,180,0,FALSE,,,0,11.66,0,0,0
45.5,033_04Jul2026_1601,-1.322435,1.914665,-0.381786,Plane,1.602802,None,Plane,3.569683,3.702351,3.636017,34.88122,180,0,FALSE,,,0,9.71,0,0,0
45.6,033_04Jul2026_1601,-1.312253,1.91334,-0.3769307,Plane,1.702065,None,Plane,3.659981,3.824188,3.742085,79.14972,180,0,FALSE,,,0,6.51,0,0,0
45.7,033_04Jul2026_1601,-1.300114,1.915241,-0.3717439,Plane,1.802567,None,Plane,3.704365,3.782359,3.743362,13.39379,180,0,FALSE,,,0,6.54,0,0,0
45.8,033_04Jul2026_1601,-1.292406,1.914748,-0.3698511,Plane,1.902103,None,Plane,3.62451,3.739545,3.682027,2.055823,180,0,FALSE,,,0,6.6,0,0,0
45.9,033_04Jul2026_1601,-1.286628,1.907511,-0.3717801,Plane,1.995121,None,Plane,3.603248,3.691459,3.647354,20.90473,180,0,FALSE,,,0,6.45,0,0,0
46,033_04Jul2026_1601,-1.283344,1.892529,-0.3751557,Plane,2.09502,None,Plane,3.828826,4.007982,3.918404,209.5396,180,0,FALSE,,,0,3.16,0,0,0
46.1,033_04Jul2026_1601,-1.281238,1.884578,-0.3789594,Plane,2.195122,None,Plane,3.886329,4.073995,3.980162,35.06001,180,0,FALSE,,,0,2.92,0,0,0
46.2,033_04Jul2026_1601,-1.274222,1.88624,-0.3792319,Plane,2.294868,None,Plane,4.04733,4.147779,4.097554,19.66824,180,0,FALSE,,,0,2.92,0,0,0
46.3,033_04Jul2026_1601,-1.267886,1.890459,-0.3801865,Plane,2.395088,None,Plane,3.994565,4.055892,4.025229,40.65071,180,0,FALSE,,,0,2.74,0,0,0
46.4,033_04Jul2026_1601,-1.273556,1.889654,-0.388007,Plane,2.495003,None,Plane,3.848953,3.882999,3.865976,2.604188,180,0,FALSE,,,0,2.73,0,0,0
46.5,033_04Jul2026_1601,-1.288442,1.88887,-0.4050356,Plane,2.595737,None,Plane,3.729806,3.753778,3.741792,8.758308,180,0,FALSE,,,0,2.7,0,0,0
46.6,033_04Jul2026_1601,-1.305517,1.89263,-0.4277946,Plane,2.695004,None,Plane,3.603183,3.656011,3.629597,12.78722,180,0,FALSE,,,0,2.75,0,0,0
46.7,033_04Jul2026_1601,-1.319689,1.896184,-0.4520521,Plane,2.795025,None,Plane,3.661844,3.713652,3.687748,11.31527,180,0,FALSE,,,0,2.81,0,0,0
46.8,033_04Jul2026_1601,-1.331608,1.893128,-0.4713752,Plane,2.895157,None,Plane,3.652502,3.694681,3.673591,8.515923,180,0,FALSE,,,0,2.78,0,0,0
46.9,033_04Jul2026_1601,-1.331235,1.885693,-0.4822612,Plane,2.994976,None,Plane,3.743539,3.74962,3.74658,25.40338,180,0,FALSE,,,0,2.87,0,0,0
47,033_04Jul2026_1601,-1.319687,1.875826,-0.4899162,Plane,3.095188,None,Plane,3.787393,3.779326,3.78336,24.66328,180,0,FALSE,,,0,2.94,0,0,0
47.1,033_04Jul2026_1601,-1.306624,1.879637,-0.493087,Plane,3.195137,None,Plane,3.411564,3.424232,3.417898,367.0523,180,0,FALSE,,,0,33.2,0,0,0
47.2,033_04Jul2026_1601,-1.295681,1.887778,-0.4845044,Plane,3.294922,None,Plane,3.527654,3.544136,3.535895,20.49384,180,0,FALSE,,,0,24.08,0,0,0
47.3,033_04Jul2026_1601,-1.286604,1.895136,-0.4701443,Plane,3.395058,None,Plane,3.46395,3.486407,3.475178,1.310433,180,0,FALSE,,,0,24.09,0,0,0
47.4,033_04Jul2026_1601,-1.281619,1.90493,-0.4531846,Plane,3.495132,None,Plane,3.394492,3.451551,3.423022,8.904274,180,0,FALSE,,,0,22.19,0,0,0
47.5,033_04Jul2026_1601,-1.278826,1.921103,-0.4314139,Plane,3.594864,None,Plane,3.394411,3.431992,3.413202,92.21482,180,0,FALSE,,,0,16.38,0,0,0
47.6,033_04Jul2026_1601,-1.274384,1.93289,-0.4070364,Plane,3.695038,None,Plane,3.419187,3.499847,3.459517,13.15903,180,0,FALSE,,,0,20.67,0,0,0
47.7,033_04Jul2026_1601,-1.270404,1.940443,-0.3864709,Plane,3.795193,None,Plane,3.389106,3.528978,3.459042,13.92077,180,0,FALSE,,,0,21.59,0,0,0
47.8,033_04Jul2026_1601,-1.270686,1.946855,-0.3664942,Plane,3.898895,None,Plane,3.51334,3.643203,3.578271,162.7049,180,0,FALSE,,,0,15.07,0,0,0
47.9,033_04Jul2026_1601,-1.278212,1.950084,-0.3440581,Plane,3.998539,None,Plane,3.678527,3.781284,3.729906,44.73008,180,0,FALSE,,,0,15.38,0,0,0
48,033_04Jul2026_1601,-1.287163,1.955845,-0.3251603,Plane,4.098621,None,Plane,3.724202,3.814497,3.76935,26.67121,180,0,FALSE,,,0,23,0,0,0
48.1,033_04Jul2026_1601,-1.293775,1.962505,-0.3140124,None,0,Plane,None,3.782262,3.909374,3.845818,38.11168,180,0,FALSE,None,None,,,,,
48.2,033_04Jul2026_1601,-1.295411,1.974855,-0.3175461,Plane,0,None,Plane,3.615392,3.831938,3.723665,74.12987,180,0,FALSE,,,0,37.61,0,0,0
48.3,033_04Jul2026_1601,-1.302091,1.987044,-0.3332397,None,0,Plane,None,3.689365,3.872303,3.780834,23.86426,180,0,FALSE,None,None,,,,,
48.4,033_04Jul2026_1601,-1.313261,1.999522,-0.3551502,None,0.1002464,Plane,None,3.60001,3.763257,3.681633,34.34069,180,0,FALSE,None,None,,,,,
48.5,033_04Jul2026_1601,-1.331531,2.014081,-0.382094,None,0.2003326,Plane,None,3.599422,3.781115,3.690269,35.54315,180,0,FALSE,None,None,,,,,
48.6,033_04Jul2026_1601,-1.361843,2.013264,-0.4038852,None,0.3003235,Plane,None,3.693471,3.902822,3.798146,55.30215,180,0,FALSE,None,None,,,,,
48.7,033_04Jul2026_1601,-1.393689,2.008087,-0.4182068,None,0.4023018,Plane,None,3.610662,3.863914,3.737288,21.38465,180,0,FALSE,None,None,,,,,
48.8,033_04Jul2026_1601,-1.42248,2.00857,-0.4298652,None,0.5022469,Plane,None,3.509418,3.711107,3.610262,76.14278,180,0,FALSE,None,None,,,,,
48.9,033_04Jul2026_1601,-1.445414,2.00476,-0.4374569,None,0.602272,Plane,None,3.49002,3.695523,3.592772,19.06014,180,0,FALSE,None,None,,,,,
49,033_04Jul2026_1601,-1.451958,2.00206,-0.4438271,None,0.7020416,Plane,None,3.403546,3.334507,3.369027,188.6479,180,0,FALSE,None,None,,,,,
49.1,033_04Jul2026_1601,-1.447277,2.000143,-0.4486175,None,0.8023758,Plane,None,3.231667,3.285031,3.258349,100.157,180,0,FALSE,None,None,,,,,
49.2,033_04Jul2026_1601,-1.439219,1.994663,-0.4472584,None,0.9021988,Plane,None,3.346461,3.492846,3.419653,23.81891,180,0,FALSE,None,None,,,,,
49.3,033_04Jul2026_1601,-1.421033,1.98827,-0.4376155,None,1.002338,Plane,None,3.450917,3.518286,3.484601,23.72469,180,0,FALSE,None,None,,,,,
49.4,033_04Jul2026_1601,-1.397916,1.992358,-0.4243815,None,1.10236,Plane,None,3.496361,3.661931,3.579146,117.0912,180,0,FALSE,None,None,,,,,
49.5,033_04Jul2026_1601,-1.366043,1.990861,-0.4011405,None,1.202557,Plane,None,3.698756,3.826598,3.762677,61.15426,180,0,FALSE,None,None,,,,,
49.6,033_04Jul2026_1601,-1.331278,1.990967,-0.3733745,None,1.303097,Plane,None,3.626068,3.789292,3.70768,35.01397,180,0,FALSE,None,None,,,,,
49.7,033_04Jul2026_1601,-1.295785,1.992389,-0.3426609,None,1.405148,Plane,None,3.781446,3.986871,3.884158,148.5385,180,0,FALSE,None,None,,,,,
49.8,033_04Jul2026_1601,-1.263577,1.991739,-0.3113953,None,1.506027,Plane,None,3.903333,3.991486,3.94741,168.8889,180,0,FALSE,None,None,,,,,
49.9,033_04Jul2026_1601,-1.238566,1.992965,-0.2827074,None,1.605164,Plane,None,3.911722,4.091434,4.001578,22.75418,180,0,FALSE,None,None,,,,,
50,033_04Jul2026_1601,-1.221582,1.990804,-0.259576,Plane,0,None,Plane,3.831409,3.936075,3.883742,25.45389,180,0,FALSE,,,0,26.24,0,0,0
50.1,033_04Jul2026_1601,-1.207801,1.990398,-0.2441391,Plane,0.09901047,None,Plane,3.621638,3.731117,3.676378,22.1612,180,0,FALSE,,,0,19.6,0,0,0
50.2,033_04Jul2026_1601,-1.19855,1.988857,-0.2333195,Plane,0.2000656,None,Plane,3.643165,3.715649,3.679407,49.34151,180,0,FALSE,,,0,18.66,0,0,0
50.3,033_04Jul2026_1601,-1.195355,1.987345,-0.2261456,Plane,0.2991905,None,Plane,3.620995,3.732668,3.676832,12.11166,180,0,FALSE,,,0,15.8,0,0,0
50.4,033_04Jul2026_1601,-1.198513,1.987575,-0.2290429,Plane,0.3925247,None,Plane,3.675892,3.809458,3.742675,18.2396,180,0,FALSE,,,0,15.72,0,0,0
50.5,033_04Jul2026_1601,-1.20986,1.990637,-0.2507208,Plane,0.4992867,None,Plane,3.708729,3.839067,3.773898,157.6502,180,0,FALSE,,,0,33.47,0,0,0
50.6,033_04Jul2026_1601,-1.22486,1.989574,-0.2786609,Plane,0.5994606,None,Plane,3.700015,3.773962,3.736989,71.57914,180,0,FALSE,,,0,32.35,0,0,0
50.7,033_04Jul2026_1601,-1.240797,1.987525,-0.3069174,Plane,0.6992149,None,Plane,3.646624,3.720533,3.683578,32.53091,180,0,FALSE,,,0,30.09,0,0,0
50.8,033_04Jul2026_1601,-1.264477,1.984975,-0.3403152,None,0,Plane,None,3.536338,3.551464,3.543901,237.6089,180,0,FALSE,None,None,,,,,
50.9,033_04Jul2026_1601,-1.294894,1.980356,-0.372866,Plane,0,None,Plane,3.598813,3.967082,3.782948,241.1513,180,0,FALSE,,,0,14.29,0,0,0
51,033_04Jul2026_1601,-1.327015,1.97205,-0.4014822,Plane,0.1000748,None,Plane,3.642792,3.809266,3.726029,38.18765,180,0,FALSE,,,0,13.37,0,0,0
51.1,033_04Jul2026_1601,-1.355173,1.96506,-0.4250859,Plane,0.2000008,None,Plane,3.643695,3.828855,3.736275,17.74637,180,0,FALSE,,,0,16.42,0,0,0
51.2,033_04Jul2026_1601,-1.382473,1.958409,-0.4435617,Plane,0.300209,None,Plane,3.6566,3.864406,3.760503,14.28926,180,0,FALSE,,,0,15.78,0,0,0
51.3,033_04Jul2026_1601,-1.409481,1.945059,-0.4476687,Plane,0.399826,None,Plane,3.707041,3.974145,3.840593,161.4256,180,0,FALSE,,,0,13.21,0,0,0
51.4,033_04Jul2026_1601,-1.424324,1.935977,-0.4447216,Plane,0.4924088,None,Plane,3.584852,3.72233,3.653591,3.725506,180,0,FALSE,,,0,12.91,0,0,0
51.5,033_04Jul2026_1601,-1.431874,1.941535,-0.4480611,Plane,0.5925827,None,Plane,3.34936,3.576599,3.462979,58.18451,180,0,FALSE,,,0,22.02,0,0,0
51.6,033_04Jul2026_1601,-1.446726,1.947543,-0.4492401,Plane,0.6923752,None,Plane,3.470215,3.691474,3.580844,8.03041,180,0,FALSE,,,0,26.21,0,0,0
51.7,033_04Jul2026_1601,-1.464045,1.950137,-0.4471208,Plane,0.7925949,None,Plane,3.54766,3.754354,3.651007,9.485089,180,0,FALSE,,,0,21.7,0,0,0
51.8,033_04Jul2026_1601,-1.47707,1.953346,-0.4445634,Plane,0.8926086,None,Plane,3.513213,3.754235,3.633724,90.99112,180,0,FALSE,,,0,20.73,0,0,0
51.9,033_04Jul2026_1601,-1.485386,1.959239,-0.4409155,Plane,0.9925613,None,Plane,3.568104,3.766719,3.667411,92.60609,180,0,FALSE,,,0,26.27,0,0,0
52,033_04Jul2026_1601,-1.492358,1.965011,-0.4364787,Plane,1.092434,None,Plane,3.6183,3.794224,3.706262,16.23792,180,0,FALSE,,,0,29.34,0,0,0
52.1,033_04Jul2026_1601,-1.502297,1.96726,-0.4358049,Plane,1.192486,None,Plane,3.569058,3.662139,3.615599,23.8318,180,0,FALSE,,,0,39.62,0,0,0
52.2,033_04Jul2026_1601,-1.516228,1.963375,-0.4355229,None,0,Plane,None,3.327105,3.569808,3.448456,36.20622,180,0,FALSE,None,None,,,,,
52.3,033_04Jul2026_1601,-1.525012,1.95658,-0.4370095,None,0.1001129,Plane,None,3.440557,3.594834,3.517695,38.7093,180,0,FALSE,None,None,,,,,
52.4,033_04Jul2026_1601,-1.52478,1.952245,-0.4414418,None,0.2001343,Plane,None,3.495145,3.603009,3.549077,7.226507,180,0,FALSE,None,None,,,,,
52.5,033_04Jul2026_1601,-1.516701,1.951683,-0.4437227,None,0.3041,Plane,None,3.610764,3.688154,3.649458,8.787947,180,0,FALSE,None,None,,,,,
52.6,033_04Jul2026_1601,-1.492872,1.955454,-0.445003,None,0.4037628,Plane,None,3.746843,3.83069,3.788766,24.62699,180,0,FALSE,None,None,,,,,
52.7,033_04Jul2026_1601,-1.462384,1.956587,-0.4442269,None,0.5040588,Plane,None,3.742918,3.880827,3.811872,39.80843,180,0,FALSE,None,None,,,,,
52.8,033_04Jul2026_1601,-1.432987,1.952667,-0.4376904,Plane,0,None,Plane,3.662221,3.762029,3.712125,43.13719,180,0,FALSE,,,0,39.36,0,0,0
52.9,033_04Jul2026_1601,-1.407468,1.953137,-0.4302309,Plane,0.09960556,None,Plane,3.669375,3.696304,3.682839,126.5257,180,0,FALSE,,,0,26.7,0,0,0
53,033_04Jul2026_1601,-1.386592,1.953151,-0.4214428,Plane,0.19981,None,Plane,3.621919,3.707572,3.664746,10.38112,180,0,FALSE,,,0,22.08,0,0,0
53.1,033_04Jul2026_1601,-1.368828,1.955534,-0.4150966,Plane,0.2998924,None,Plane,3.60674,3.687122,3.646931,7.17869,180,0,FALSE,,,0,20.03,0,0,0
53.2,033_04Jul2026_1601,-1.354225,1.959869,-0.4063016,Plane,0.4000511,None,Plane,3.688031,3.759158,3.723595,11.92792,180,0,FALSE,,,0,16.75,0,0,0
53.3,033_04Jul2026_1601,-1.349972,1.965368,-0.3953456,Plane,0.4996071,None,Plane,3.787695,3.84846,3.818078,187.336,180,0,FALSE,,,0,15.81,0,0,0
53.4,033_04Jul2026_1601,-1.354867,1.972328,-0.3861846,Plane,0.5999641,None,Plane,3.82907,3.859338,3.844204,19.94617,180,0,FALSE,,,0,17.24,0,0,0
53.5,033_04Jul2026_1601,-1.363425,1.977597,-0.3777185,Plane,0.6997566,None,Plane,3.828236,3.903645,3.865941,14.29253,180,0,FALSE,,,0,20.46,0,0,0
53.6,033_04Jul2026_1601,-1.374002,1.982882,-0.3734374,Plane,0.7999802,None,Plane,3.749631,3.898904,3.824267,26.72713,180,0,FALSE,,,0,25.82,0,0,0
53.7,033_04Jul2026_1601,-1.394806,1.989605,-0.3741634,Plane,0.9007339,None,Plane,3.766993,3.918268,3.842631,108.0919,180,0,FALSE,,,0,19.33,0,0,0
53.8,033_04Jul2026_1601,-1.419846,1.992696,-0.3752938,Plane,0.9997902,None,Plane,3.840723,3.956204,3.898463,52.91662,180,0,FALSE,,,0,20.83,0,0,0
53.9,033_04Jul2026_1601,-1.444077,1.996395,-0.378733,Plane,1.099777,None,Plane,3.798922,3.942107,3.870515,35.77219,180,0,FALSE,,,0,24.82,0,0,0
54,033_04Jul2026_1601,-1.472739,1.995637,-0.3805068,Plane,1.199631,None,Plane,3.892299,4.058721,3.97551,212.7993,180,0,FALSE,,,0,17.67,0,0,0
54.1,033_04Jul2026_1601,-1.506536,1.995132,-0.3777189,Plane,1.299847,None,Plane,3.833247,4.008641,3.920944,92.5563,180,0,FALSE,,,0,18.05,0,0,0
54.2,033_04Jul2026_1601,-1.53863,1.994382,-0.3715496,Plane,1.399605,None,Plane,3.756082,3.816843,3.786463,47.66586,180,0,FALSE,,,0,18.67,0,0,0
54.3,033_04Jul2026_1601,-1.57118,1.994214,-0.3645113,Plane,1.499882,None,Plane,3.700122,3.781046,3.740584,30.48787,180,0,FALSE,,,0,22.71,0,0,0
54.4,033_04Jul2026_1601,-1.604793,1.987437,-0.3511838,Plane,1.603531,None,Plane,3.76184,3.932739,3.84729,123.511,180,0,FALSE,,,0,18.3,0,0,0
54.5,033_04Jul2026_1601,-1.633578,1.979765,-0.3331134,Plane,1.703075,None,Plane,3.66208,3.861919,3.762,101.7482,180,0,FALSE,,,0,14.71,0,0,0
54.6,033_04Jul2026_1601,-1.65953,1.97692,-0.3114786,Plane,1.803837,None,Plane,3.667687,3.788622,3.728155,32.17403,180,0,FALSE,,,0,15.52,0,0,0
54.7,033_04Jul2026_1601,-1.67984,1.974493,-0.2852721,Plane,1.903095,None,Plane,3.764576,3.859467,3.812021,28.60667,180,0,FALSE,,,0,16.15,0,0,0
54.8,033_04Jul2026_1601,-1.693691,1.974112,-0.2539939,Plane,2.003551,None,Plane,3.741222,3.982388,3.861805,139.2707,180,0,FALSE,,,0,14.77,0,0,0
54.9,033_04Jul2026_1601,-1.701365,1.975411,-0.2226078,Plane,2.103428,None,Plane,3.720747,3.882968,3.801857,42.73986,180,0,FALSE,,,0,15.88,0,0,0
55,033_04Jul2026_1601,-1.703858,1.976088,-0.1967252,Plane,2.203548,None,Plane,3.706212,3.842094,3.774153,16.04878,180,0,FALSE,,,0,18.63,0,0,0
55.1,033_04Jul2026_1601,-1.704969,1.976531,-0.1756412,Plane,2.303154,None,Plane,3.770717,3.925084,3.8479,13.73151,180,0,FALSE,,,0,21.5,0,0,0
55.2,033_04Jul2026_1601,-1.706574,1.975605,-0.1564344,Plane,2.403381,None,Plane,3.752561,3.835708,3.794134,37.6402,180,0,FALSE,,,0,25.58,0,0,0
55.3,033_04Jul2026_1601,-1.707419,1.972295,-0.1387511,Plane,2.503201,None,Plane,3.655126,3.753822,3.704474,11.78827,180,0,FALSE,,,0,22.49,0,0,0
55.4,033_04Jul2026_1601,-1.707897,1.971331,-0.1267236,Plane,2.603027,None,Plane,3.489544,3.659598,3.574571,3.992954,180,0,FALSE,,,0,21.47,0,0,0
55.5,033_04Jul2026_1601,-1.710956,1.972682,-0.1194077,Plane,2.703636,None,Plane,3.49957,3.66174,3.580655,65.55997,180,0,FALSE,,,0,33.59,0,0,0
55.6,033_04Jul2026_1601,-1.714665,1.970717,-0.1180077,Plane,2.803188,None,Plane,3.534451,3.654441,3.594446,76.90842,180,0,FALSE,,,0,47.83,0,0,0
55.7,033_04Jul2026_1601,-1.719542,1.968675,-0.1179762,Plane,2.903217,None,Plane,3.517471,3.64591,3.58169,12.87635,180,0,FALSE,,,0,34.93,0,0,0
55.8,033_04Jul2026_1601,-1.721949,1.965969,-0.121208,Plane,3.003239,None,Plane,3.596362,3.699833,3.648098,10.74424,180,0,FALSE,,,0,27.95,0,0,0
55.9,033_04Jul2026_1601,-1.720637,1.962611,-0.1287948,Plane,3.103519,None,Plane,3.647847,3.763879,3.705863,20.5995,180,0,FALSE,,,0,21.63,0,0,0
56,033_04Jul2026_1601,-1.718874,1.96554,-0.1435263,Plane,3.196678,None,Plane,3.664884,3.758529,3.711707,35.21795,180,0,FALSE,,,0,25.47,0,0,0
56.1,033_04Jul2026_1601,-1.71561,1.968274,-0.1683232,Plane,3.29689,None,Plane,3.68344,3.775191,3.729316,82.81959,180,0,FALSE,,,0,35.54,0,0,0
56.2,033_04Jul2026_1601,-1.712134,1.967677,-0.1953985,Plane,3.396782,None,Plane,3.67253,3.711084,3.691807,47.44848,180,0,FALSE,,,0,29.65,0,0,0
56.3,033_04Jul2026_1601,-1.706159,1.964489,-0.2230157,Plane,3.496868,None,Plane,3.543148,3.643528,3.593338,28.92465,180,0,FALSE,,,0,25.22,0,0,0
56.4,033_04Jul2026_1601,-1.694695,1.965629,-0.2550196,None,0,Plane,None,-1,-1,-1,204.2143,180,0,FALSE,None,None,,,,,
56.5,033_04Jul2026_1601,-1.674354,1.966782,-0.2887854,None,0.09966278,Plane,None,3.696963,3.618692,3.657827,215.3468,180,0,FALSE,None,None,,,,,
56.6,033_04Jul2026_1601,-1.650072,1.967591,-0.3139067,Plane,0,None,Plane,3.580755,3.727495,3.654125,94.20176,180,0,FALSE,,,0,49.12,0,0,0
56.7,033_04Jul2026_1601,-1.625668,1.969856,-0.3330125,Plane,0.09995651,None,Plane,3.532778,3.67334,3.603059,29.76554,180,0,FALSE,,,0,40.76,0,0,0
56.8,033_04Jul2026_1601,-1.599942,1.970543,-0.3470935,Plane,0.1996536,None,Plane,3.557129,3.759615,3.658372,33.05161,180,0,FALSE,,,0,30.75,0,0,0
56.9,033_04Jul2026_1601,-1.570075,1.971066,-0.3590951,Plane,0.299614,None,Plane,3.439162,3.576576,3.507869,113.9107,180,0,FALSE,,,0,29.57,0,0,0
57,033_04Jul2026_1601,-1.537261,1.971704,-0.3671605,Plane,0.399971,None,Plane,3.358749,3.52035,3.439549,151.1459,180,0,FALSE,,,0,37.87,0,0,0
57.1,033_04Jul2026_1601,-1.50562,1.971783,-0.3692377,Plane,0.4997787,None,Plane,3.25748,3.436705,3.347092,33.79453,180,0,FALSE,,,0,33.65,0,0,0
57.2,033_04Jul2026_1601,-1.480341,1.973775,-0.3681064,Plane,0.5999641,None,Plane,3.307977,3.450881,3.379429,25.18462,180,0,FALSE,,,0,35.17,0,0,0
57.3,033_04Jul2026_1601,-1.460105,1.975026,-0.3644007,Plane,0.7001419,None,Plane,3.381971,3.500218,3.441094,140.369,180,0,FALSE,,,0,51.1,0,0,0
57.4,033_04Jul2026_1601,-1.442342,1.976634,-0.362128,Plane,0.8005714,None,Plane,3.362165,3.489209,3.425687,23.07568,180,0,FALSE,,,0,48.99,0,0,0
57.5,033_04Jul2026_1601,-1.424718,1.975854,-0.3594001,Plane,0.8999748,None,Plane,3.290839,3.507453,3.399146,27.61426,180,0,FALSE,,,0,35.62,0,0,0
57.6,033_04Jul2026_1601,-1.407341,1.973342,-0.3548704,Plane,1.004032,None,Plane,3.255409,3.438218,3.346813,23.91119,180,0,FALSE,,,0,23.6,0,0,0
57.7,033_04Jul2026_1601,-1.392395,1.973634,-0.3491977,Plane,1.103088,None,Plane,3.278586,3.40226,3.340423,81.42937,180,0,FALSE,,,0,37.28,0,0,0
57.8,033_04Jul2026_1601,-1.379594,1.975838,-0.3435038,Plane,1.203991,None,Plane,3.216866,3.384527,3.300697,6.584647,180,0,FALSE,,,0,43,0,0,0
57.9,033_04Jul2026_1601,-1.366122,1.976692,-0.338651,Plane,1.303413,None,Plane,3.220292,3.455213,3.337752,4.712765,180,0,FALSE,,,0,38.52,0,0,0
58,033_04Jul2026_1601,-1.354641,1.976589,-0.3359071,Plane,1.404556,None,Plane,3.281551,3.548454,3.415002,3.061441,180,0,FALSE,,,0,35.18,0,0,0
58.1,033_04Jul2026_1601,-1.348883,1.974669,-0.3371767,Plane,1.503292,None,Plane,3.387409,3.64214,3.514775,24.45595,180,0,FALSE,,,0,32.03,0,0,0
58.2,033_04Jul2026_1601,-1.347086,1.965817,-0.3371074,Plane,1.603722,None,Plane,3.474387,3.723685,3.599036,35.50977,180,0,FALSE,,,0,26.64,0,0,0
58.3,033_04Jul2026_1601,-1.34058,1.951106,-0.3341131,Plane,1.703304,None,Plane,3.471372,3.697178,3.584275,17.92574,180,0,FALSE,,,0,22.2,0,0,0
58.4,033_04Jul2026_1601,-1.331679,1.946233,-0.3345821,Plane,1.803444,None,Plane,3.351477,3.620566,3.486022,10.14262,180,0,FALSE,,,0,29.2,0,0,0
58.5,033_04Jul2026_1601,-1.330471,1.949122,-0.3408574,Plane,1.903442,None,Plane,3.467251,3.682562,3.574906,25.47489,180,0,FALSE,,,0,45.38,0,0,0
58.6,033_04Jul2026_1601,-1.331067,1.953449,-0.3567576,None,0,Plane,None,3.451503,3.679821,3.565662,18.41753,180,0,FALSE,None,None,,,,,
58.7,033_04Jul2026_1601,-1.340426,1.952547,-0.3811762,Plane,0,None,Plane,3.499585,3.765975,3.63278,12.77497,180,0,FALSE,,,0,50.9,0,0,0
58.8,033_04Jul2026_1601,-1.359023,1.948223,-0.4060644,Plane,0.09975052,None,Plane,3.553197,3.8275,3.690349,28.82815,180,0,FALSE,,,0,27.98,0,0,0
58.9,033_04Jul2026_1601,-1.383984,1.943414,-0.4346284,Plane,0.2027473,None,Plane,3.485282,3.787638,3.63646,29.47814,180,0,FALSE,,,0,21.41,0,0,0
59,033_04Jul2026_1601,-1.409266,1.940605,-0.4627076,Plane,0.3026161,None,Plane,3.396274,3.723491,3.559883,30.53608,180,0,FALSE,,,0,16.99,0,0,0
59.1,033_04Jul2026_1601,-1.437959,1.93447,-0.4773226,Plane,0.4027748,None,Plane,3.557283,3.753774,3.655529,68.44603,180,0,FALSE,,,0,38.29,0,0,0
59.2,033_04Jul2026_1601,-1.449672,1.931778,-0.4785701,None,0,Plane,None,3.561798,3.772176,3.666987,14.80953,180,0,FALSE,None,None,,,,,
59.3,033_04Jul2026_1601,-1.446642,1.93101,-0.4761988,None,0.09973907,Plane,None,3.559504,3.711477,3.63549,36.82193,180,0,FALSE,None,None,,,,,
59.4,033_04Jul2026_1601,-1.441107,1.93031,-0.4720291,Plane,0,None,Plane,3.643829,3.634409,3.639119,99.95242,180,0,FALSE,,,0,18.46,0,0,0
59.5,033_04Jul2026_1601,-1.426519,1.932662,-0.464205,Plane,0.0994873,None,Plane,3.64477,3.644225,3.644498,17.12769,180,0,FALSE,,,0,19.6,0,0,0
59.6,033_04Jul2026_1601,-1.40571,1.937689,-0.4542737,Plane,0.1997604,None,Plane,3.5445,3.687661,3.61608,28.78699,180,0,FALSE,,,0,25.84,0,0,0
59.7,033_04Jul2026_1601,-1.384701,1.938722,-0.4417882,Plane,0.2999763,None,Plane,3.606639,3.73932,3.672979,36.17554,180,0,FALSE,,,0,22.82,0,0,0
59.8,033_04Jul2026_1601,-1.357457,1.940221,-0.4277765,Plane,0.3997307,None,Plane,3.673511,3.804635,3.739073,149.1571,180,0,FALSE,,,0,20.32,0,0,0
59.9,033_04Jul2026_1601,-1.31956,1.944987,-0.4104521,Plane,0.499855,None,Plane,3.689576,3.793238,3.741407,25.58368,180,0,FALSE,,,0,20.6,0,0,0
60,033_04Jul2026_1601,-1.270342,1.94736,-0.3786597,Plane,0.5996437,None,Plane,3.668687,3.756185,3.712436,69.08411,180,0,FALSE,,,0,17.72,0,0,0
60.1,033_04Jul2026_1601,-1.222625,1.947391,-0.3352142,Plane,0.6911659,None,Plane,3.73372,3.489565,3.611642,181.6024,180,0,FALSE,,,0,26.61,0,0,0
60.2,033_04Jul2026_1601,-1.181714,1.944726,-0.2827936,Plane,0.7910957,None,Plane,3.933956,3.807644,3.8708,238.6634,180,0,FALSE,,,0,13.58,0,0,0
60.3,033_04Jul2026_1601,-1.158826,1.940943,-0.2348187,Plane,0.8911972,None,Plane,3.848891,3.75714,3.803015,63.10741,180,0,FALSE,,,0,9.84,0,0,0
60.4,033_04Jul2026_1601,-1.14757,1.940379,-0.1910345,Plane,0.9909401,None,Plane,3.771556,3.781891,3.776723,27.53027,180,0,FALSE,,,0,10.19,0,0,0
60.5,033_04Jul2026_1601,-1.142276,1.942499,-0.1426477,Plane,1.091995,None,Plane,3.701978,3.803379,3.752678,38.85259,180,0,FALSE,,,0,10.24,0,0,0
60.6,033_04Jul2026_1601,-1.146719,1.946097,-0.09862616,Plane,1.190887,None,Plane,3.650887,3.682739,3.666813,112.6685,180,0,FALSE,,,0,16.76,0,0,0
60.7,033_04Jul2026_1601,-1.154038,1.953088,-0.06536447,Plane,1.291351,None,Plane,3.466379,3.491307,3.478843,38.42138,180,0,FALSE,,,0,21.17,0,0,0
60.8,033_04Jul2026_1601,-1.158567,1.960292,-0.03397876,Plane,1.391365,None,Plane,3.439018,3.473014,3.456016,89.80949,180,0,FALSE,,,0,16.5,0,0,0
60.9,033_04Jul2026_1601,-1.171926,1.957581,0.0003119782,None,0,Plane,None,3.506873,3.52124,3.514057,187.595,180,0,FALSE,None,None,,,,,
61,033_04Jul2026_1601,-1.191109,1.957918,0.03291893,TestCube,0,None,TestCube,3.464099,3.566771,3.515435,22.72193,180,0,FALSE,,,0,10.12,5.23,1.47,9.98
61.1,033_04Jul2026_1601,-1.211647,1.956409,0.0548152,TestCube,0.09983826,None,TestCube,3.532275,3.60939,3.570833,14.12706,180,0,FALSE,,,0,10.19,5.23,1.47,9.98
61.2,033_04Jul2026_1601,-1.237401,1.954526,0.08034185,Plane,0,TestCube,Plane,3.498914,3.551671,3.525292,19.39605,180,0,FALSE,,,0,9.77,0,0,0
61.3,033_04Jul2026_1601,-1.268786,1.950694,0.104156,Plane,0.09967041,TestCube,Plane,3.558126,3.634009,3.596068,24.1623,180,0,FALSE,,,0,11.14,0,0,0
61.4,033_04Jul2026_1601,-1.300218,1.947104,0.1181712,Plane,0.1998062,TestCube,Plane,3.511242,3.603675,3.557458,85.43276,180,0,FALSE,,,0,13.8,0,0,0
61.5,033_04Jul2026_1601,-1.324507,1.945187,0.1253894,Plane,0.3001366,TestCube,Plane,3.488552,3.574591,3.531572,3.554575,180,0,FALSE,,,0,14.4,0,0,0
61.6,033_04Jul2026_1601,-1.343253,1.940773,0.1300411,Plane,0.3998795,TestCube,Plane,3.474413,3.569682,3.522048,7.065278,180,0,FALSE,,,0,13.29,0,0,0
61.7,033_04Jul2026_1601,-1.359426,1.940623,0.1364458,Plane,0.5003891,TestCube,Plane,3.481105,3.685369,3.583237,15.95147,180,0,FALSE,,,0,13.16,0,0,0
61.8,033_04Jul2026_1601,-1.370651,1.940789,0.141149,Plane,0.6026649,TestCube,Plane,3.678631,3.845328,3.76198,12.20113,180,0,FALSE,,,0,13.7,0,0,0
61.9,033_04Jul2026_1601,-1.377419,1.947046,0.1451259,Plane,0.7029114,TestCube,Plane,3.720438,3.897191,3.808815,16.35932,180,0,FALSE,,,0,16.83,0,0,0
62,033_04Jul2026_1601,-1.381545,1.953333,0.1489986,Plane,0.8025513,TestCube,Plane,3.799647,3.869646,3.834647,58.8074,180,0,FALSE,,,0,24.57,0,0,0
62.1,033_04Jul2026_1601,-1.380696,1.958084,0.154603,Plane,0.902504,TestCube,Plane,3.806011,3.880019,3.843015,3.63328,180,0,FALSE,,,0,26.19,0,0,0
62.2,033_04Jul2026_1601,-1.375894,1.959038,0.15689,Plane,1.002342,TestCube,Plane,3.878572,3.946943,3.912757,13.69377,180,0,FALSE,,,0,22.57,0,0,0
62.3,033_04Jul2026_1601,-1.37503,1.962564,0.1535928,Plane,1.102665,TestCube,Plane,3.890637,4.008925,3.949781,14.14432,180,0,FALSE,,,0,24.26,0,0,0
62.4,033_04Jul2026_1601,-1.381113,1.968029,0.1486344,Plane,1.202648,TestCube,Plane,3.897744,3.967462,3.932603,15.70612,180,0,FALSE,,,0,35.73,0,0,0
62.5,033_04Jul2026_1601,-1.389962,1.971466,0.1446453,None,0,Plane,None,3.89647,3.936179,3.916324,16.80913,180,0,FALSE,None,None,,,,,
62.6,033_04Jul2026_1601,-1.399107,1.96811,0.142969,Plane,0,None,Plane,3.800472,3.867149,3.83381,10.73548,180,0,FALSE,,,0,45.04,0,0,0
62.7,033_04Jul2026_1601,-1.406181,1.965975,0.1409149,Plane,0.09992981,None,Plane,3.75853,3.831135,3.794832,15.6633,180,0,FALSE,,,0,35.26,0,0,0
62.8,033_04Jul2026_1601,-1.411337,1.966368,0.1398317,None,0,Plane,None,3.88241,3.90666,3.894535,96.35744,180,0,FALSE,None,None,,,,,
62.9,033_04Jul2026_1601,-1.412019,1.965922,0.1379303,None,0.1000786,Plane,None,3.996501,3.986185,3.991343,12.44863,180,0,FALSE,None,None,,,,,
63,033_04Jul2026_1601,-1.408676,1.96382,0.1350352,None,0.1999588,Plane,None,4.011889,4.03361,4.02275,8.486693,180,0,FALSE,None,None,,,,,
63.1,033_04Jul2026_1601,-1.402255,1.95818,0.1321405,Plane,0,None,Plane,3.933202,4.050014,3.991608,6.866313,180,0,FALSE,,,0,11.55,0,0,0
63.2,033_04Jul2026_1601,-1.389368,1.954363,0.1285698,Plane,0.1087761,None,Plane,3.968373,4.047225,4.007799,9.167523,180,0,FALSE,,,0,10.54,0,0,0
63.3,033_04Jul2026_1601,-1.375271,1.960651,0.1333442,TestCube,0,Plane,TestCube,3.544577,3.935061,3.739819,65.72293,180,0,FALSE,,,0,10.59,5.23,1.47,9.98
63.4,033_04Jul2026_1601,-1.364948,1.958929,0.1420394,TestCube,0.09991837,Plane,TestCube,3.907989,4.105944,4.006967,48.34538,180,0,FALSE,,,0,10.09,5.23,1.47,9.98
63.5,033_04Jul2026_1601,-1.364349,1.953513,0.1532007,TestCube,0.2000542,Plane,TestCube,4.015615,4.114074,4.064844,61.97887,180,0,FALSE,,,0,10.23,5.23,1.47,9.98
63.6,033_04Jul2026_1601,-1.37533,1.954296,0.1662137,TestCube,0.2996826,Plane,TestCube,4.096329,4.212777,4.154552,13.65203,180,0,FALSE,,,0,10.2,5.23,1.47,9.98
63.7,033_04Jul2026_1601,-1.390324,1.955193,0.1756947,TestCube,0.3998528,Plane,TestCube,4.143985,4.265115,4.20455,19.18973,180,0,FALSE,,,0,10.42,5.23,1.47,9.98
63.8,033_04Jul2026_1601,-1.406962,1.953212,0.1833715,Plane,0,TestCube,Plane,4.343547,4.459468,4.401508,28.37852,180,0,FALSE,,,0,10.94,0,0,0
63.9,033_04Jul2026_1601,-1.423663,1.938784,0.1868551,Plane,0.09967804,TestCube,Plane,4.525753,4.627116,4.576434,14.24272,180,0,FALSE,,,0,10.87,0,0,0
64,033_04Jul2026_1601,-1.429467,1.932035,0.1928415,Plane,0.200901,TestCube,Plane,4.353107,4.434996,4.394052,46.90682,180,0,FALSE,,,0,8.06,0,0,0
64.1,033_04Jul2026_1601,-1.424186,1.945761,0.2037059,None,0,Plane,None,4.339573,4.446619,4.393096,48.72271,180,0,FALSE,None,None,,,,,
64.2,033_04Jul2026_1601,-1.408659,1.946052,0.2083984,Plane,0,None,Plane,4.462299,4.530127,4.496213,38.25259,180,0,FALSE,,,0,8.84,0,0,0
64.3,033_04Jul2026_1601,-1.38891,1.938536,0.2121882,Plane,0.09957886,None,Plane,4.279644,4.344713,4.312178,20.24781,180,0,FALSE,,,0,7.72,0,0,0
64.4,033_04Jul2026_1601,-1.369541,1.936856,0.2137929,Plane,0.1996231,None,Plane,4.210731,4.280093,4.245412,12.26305,180,0,FALSE,,,0,7.12,0,0,0
64.5,033_04Jul2026_1601,-1.357785,1.941362,0.209174,Plane,0.2994995,None,Plane,4.174359,4.245106,4.209733,176.8205,180,0,FALSE,,,0,12.41,0,0,0
64.6,033_04Jul2026_1601,-1.350084,1.943673,0.1956184,Plane,0.3913345,None,Plane,4.241629,4.27388,4.257754,13.11031,180,0,FALSE,,,0,11.88,0,0,0
64.7,033_04Jul2026_1601,-1.346685,1.947173,0.1724718,Plane,0.4915619,None,Plane,4.230685,4.254344,4.242515,6.483425,180,0,FALSE,,,0,11.94,0,0,0
64.8,033_04Jul2026_1601,-1.353881,1.957382,0.1515351,Plane,0.591362,None,Plane,4.103051,4.050151,4.076601,51.83488,180,0,FALSE,,,0,23.53,0,0,0
64.9,033_04Jul2026_1601,-1.370144,1.972788,0.1375254,Plane,0.6913834,None,Plane,4.021131,4.011085,4.016108,57.80439,180,0,FALSE,,,0,39.76,0,0,0
65,033_04Jul2026_1601,-1.387615,1.978407,0.1259676,None,0,Plane,None,3.891184,3.930205,3.910695,43.11684,180,0,FALSE,None,None,,,,,
65.1,033_04Jul2026_1601,-1.403722,1.966633,0.1176251,Plane,0,None,Plane,3.858737,3.839853,3.849295,83.6682,180,0,FALSE,,,0,38.78,0,0,0
65.2,033_04Jul2026_1601,-1.415784,1.951455,0.1077567,Plane,0.100441,None,Plane,3.835685,3.886868,3.861276,24.12616,180,0,FALSE,,,0,21.4,0,0,0
65.3,033_04Jul2026_1601,-1.428154,1.95316,0.1036602,Plane,0.2004547,None,Plane,3.868121,3.884974,3.876547,14.86412,180,0,FALSE,,,0,26.27,0,0,0
65.4,033_04Jul2026_1601,-1.447649,1.956801,0.1060371,Plane,0.3003387,None,Plane,3.928425,3.897594,3.91301,11.70881,180,0,FALSE,,,0,35.94,0,0,0
65.5,033_04Jul2026_1601,-1.472209,1.957537,0.1158028,Plane,0.400383,None,Plane,3.923897,3.89538,3.909639,32.53779,180,0,FALSE,,,0,23.18,0,0,0
65.6,033_04Jul2026_1601,-1.491419,1.952559,0.1277667,Plane,0.5002289,None,Plane,3.882537,3.901665,3.892101,43.20773,180,0,FALSE,,,0,13.19,0,0,0
65.7,033_04Jul2026_1601,-1.502253,1.946332,0.1398102,Plane,0.6004257,None,Plane,3.837524,3.849768,3.843646,24.77745,180,0,FALSE,,,0,10.35,0,0,0
65.8,033_04Jul2026_1601,-1.508478,1.940094,0.1494567,Plane,0.7003784,None,Plane,3.94475,3.942278,3.943514,42.88634,180,0,FALSE,,,0,7.91,0,0,0
65.9,033_04Jul2026_1601,-1.515406,1.936469,0.157068,Plane,0.8032837,None,Plane,4.178969,4.115426,4.147198,99.61537,180,0,FALSE,,,0,7.07,0,0,0
66,033_04Jul2026_1601,-1.52413,1.935662,0.1658003,Plane,0.9029465,None,Plane,4.239514,4.177633,4.208573,14.6526,180,0,FALSE,,,0,6.51,0,0,0
66.1,033_04Jul2026_1601,-1.528823,1.931025,0.1723791,Plane,1.003296,None,Plane,4.196388,4.213145,4.204766,17.89551,180,0,FALSE,,,0,6.67,0,0,0
66.2,033_04Jul2026_1601,-1.523254,1.921015,0.1677656,Plane,1.103378,None,Plane,4.261834,4.353696,4.307765,125.8602,180,0,FALSE,,,0,7.85,0,0,0
66.3,033_04Jul2026_1601,-1.50915,1.918049,0.161681,Plane,1.203209,None,Plane,4.159667,4.278637,4.219152,37.49697,180,0,FALSE,,,0,8.99,0,0,0
66.4,033_04Jul2026_1601,-1.499801,1.928754,0.1695187,Plane,1.303764,None,Plane,3.926618,3.989259,3.957939,60.67696,180,0,FALSE,,,0,13.82,0,0,0
66.5,033_04Jul2026_1601,-1.490591,1.935453,0.1844573,Plane,1.403152,None,Plane,3.947278,3.960725,3.954002,5.109605,180,0,FALSE,,,0,14.63,0,0,0
66.6,033_04Jul2026_1601,-1.471242,1.932273,0.1974248,TestCube,0,Plane,TestCube,4.030645,4.114388,4.072516,79.05658,180,0,FALSE,,,0,10.01,5.23,1.47,9.98
66.7,033_04Jul2026_1601,-1.449226,1.918658,0.2004473,Plane,0,TestCube,Plane,4.174964,4.251875,4.21342,57.7001,180,0,FALSE,,,0,7.89,0,0,0
66.8,033_04Jul2026_1601,-1.438446,1.911247,0.206025,Plane,0.1001892,TestCube,Plane,4.085063,4.250875,4.167969,7.075254,180,0,FALSE,,,0,7.82,0,0,0
66.9,033_04Jul2026_1601,-1.428292,1.911234,0.2146668,Plane,0.199707,TestCube,Plane,3.972997,4.168879,4.070938,19.86525,180,0,FALSE,,,0,8.17,0,0,0
67,033_04Jul2026_1601,-1.414962,1.91364,0.2213007,Plane,0.2998734,TestCube,Plane,4.056605,4.209207,4.132906,30.19311,180,0,FALSE,,,0,9.1,0,0,0
67.1,033_04Jul2026_1601,-1.400308,1.911823,0.2235565,Plane,0.4008484,TestCube,Plane,4.148271,4.294868,4.22157,5.778633,180,0,FALSE,,,0,9.23,0,0,0
67.2,033_04Jul2026_1601,-1.382733,1.906045,0.2157519,Plane,0.5010376,TestCube,Plane,4.252223,4.412465,4.332344,42.66545,180,0,FALSE,,,0,8.35,0,0,0
67.3,033_04Jul2026_1601,-1.369658,1.908435,0.2022257,Plane,0.602211,TestCube,Plane,4.177108,4.405675,4.291391,17.68827,180,0,FALSE,,,0,7.49,0,0,0
67.4,033_04Jul2026_1601,-1.361468,1.91987,0.1830549,Plane,0.7010345,TestCube,Plane,4.129374,4.444508,4.286941,34.84895,180,0,FALSE,,,0,9.49,0,0,0
67.5,033_04Jul2026_1601,-1.353911,1.922297,0.1502005,Plane,0.8054047,TestCube,Plane,4.298321,4.362903,4.330612,61.22271,180,0,FALSE,,,0,10.08,0,0,0
67.6,033_04Jul2026_1601,-1.351341,1.923056,0.1213681,TestCube,0,Plane,TestCube,4.111916,4.115925,4.11392,37.52304,180,0,FALSE,,,0,10.48,5.23,1.47,9.98
67.7,033_04Jul2026_1601,-1.361098,1.932817,0.1021641,TestCube,0.1002197,Plane,TestCube,3.937162,3.952002,3.944582,30.2093,180,0,FALSE,,,0,10.61,5.23,1.47,9.98
67.8,033_04Jul2026_1601,-1.380099,1.940831,0.096755,TestCube,0.1999893,Plane,TestCube,3.99209,4.020756,4.006423,42.00548,180,0,FALSE,,,0,10.16,5.23,1.47,9.98
67.9,033_04Jul2026_1601,-1.395516,1.94047,0.09195042,TestCube,0.2999802,Plane,TestCube,4.157772,4.161101,4.159436,15.35582,180,0,FALSE,,,0,10.02,5.23,1.47,9.98
68,033_04Jul2026_1601,-1.405055,1.944774,0.08742213,TestCube,0.400116,Plane,TestCube,4.340751,4.306641,4.323696,18.60355,180,0,FALSE,,,0,10.02,5.23,1.47,9.98
68.1,033_04Jul2026_1601,-1.41228,1.954963,0.08432705,TestCube,0.4999619,Plane,TestCube,4.422751,4.351785,4.387268,16.38426,180,0,FALSE,,,0,10.16,5.23,1.47,9.98
68.2,033_04Jul2026_1601,-1.418668,1.96471,0.08396716,TestCube,0.60009,Plane,TestCube,4.510762,4.422201,4.466481,14.21307,180,0,FALSE,,,0,10.35,5.23,1.47,9.98
68.3,033_04Jul2026_1601,-1.424722,1.969669,0.08443251,TestCube,0.7002258,Plane,TestCube,4.586591,4.549612,4.568101,11.93392,180,0,FALSE,,,0,10.53,5.23,1.47,9.98
68.4,033_04Jul2026_1601,-1.43092,1.970957,0.08679774,TestCube,0.8001938,Plane,TestCube,4.579349,4.583618,4.581484,3.686229,180,0,FALSE,,,0,10.55,5.23,1.47,9.98
68.5,033_04Jul2026_1601,-1.434409,1.966893,0.08821464,Plane,0,TestCube,Plane,4.699721,4.680513,4.690117,76.569,180,0,FALSE,,,0,6.69,0,0,0
68.6,033_04Jul2026_1601,-1.433536,1.957698,0.09044133,Plane,0.09985352,TestCube,Plane,4.762716,4.729641,4.746179,23.4804,180,0,FALSE,,,0,6.02,0,0,0
68.7,033_04Jul2026_1601,-1.426339,1.954264,0.09717264,Plane,0.1999741,TestCube,Plane,4.704351,4.682803,4.693577,10.15609,180,0,FALSE,,,0,6.26,0,0,0
68.8,033_04Jul2026_1601,-1.41406,1.955477,0.1076116,Plane,0.3003006,TestCube,Plane,4.742651,4.743935,4.743293,17.38046,180,0,FALSE,,,0,6.87,0,0,0
68.9,033_04Jul2026_1601,-1.401406,1.950923,0.1201971,Plane,0.4002686,TestCube,Plane,4.826235,4.779375,4.802805,14.98243,180,0,FALSE,,,0,7.27,0,0,0
69,033_04Jul2026_1601,-1.386249,1.944651,0.1259219,Plane,0.4998016,TestCube,Plane,4.856466,4.838841,4.847653,17.51563,180,0,FALSE,,,0,6.53,0,0,0
69.1,033_04Jul2026_1601,-1.373375,1.944432,0.1290943,Plane,0.600029,TestCube,Plane,4.803877,4.858096,4.830986,2.051179,180,0,FALSE,,,0,6.48,0,0,0
69.2,033_04Jul2026_1601,-1.362563,1.944448,0.1277922,Plane,0.7002335,TestCube,Plane,4.81591,4.924979,4.870444,12.05092,180,0,FALSE,,,0,6.67,0,0,0
69.3,033_04Jul2026_1601,-1.350593,1.942389,0.1200961,Plane,0.7999496,TestCube,Plane,4.83829,4.978087,4.908189,20.01937,180,0,FALSE,,,0,5.98,0,0,0
69.4,033_04Jul2026_1601,-1.333446,1.947408,0.1092394,Plane,0.9002838,TestCube,Plane,4.858533,4.928288,4.893411,8.933625,180,0,FALSE,,,0,6.24,0,0,0
69.5,033_04Jul2026_1601,-1.316614,1.950288,0.09479859,Plane,0.9931488,TestCube,Plane,4.904763,4.947141,4.925952,10.0235,180,0,FALSE,,,0,6.33,0,0,0
69.6,033_04Jul2026_1601,-1.307557,1.948732,0.08367015,Plane,1.093163,TestCube,Plane,4.886324,4.924991,4.905658,0.1977962,180,0,FALSE,,,0,6.29,0,0,0
69.7,033_04Jul2026_1601,-1.305413,1.949806,0.07885546,Plane,1.19342,TestCube,Plane,4.881451,4.926787,4.904119,22.07681,180,0,FALSE,,,0,6.68,0,0,0
69.8,033_04Jul2026_1601,-1.303039,1.949385,0.07379035,Plane,1.293282,TestCube,Plane,4.9193,4.966122,4.942711,26.10168,180,0,FALSE,,,0,7.41,0,0,0
69.9,033_04Jul2026_1601,-1.29902,1.940491,0.06894273,Plane,1.394112,TestCube,Plane,4.935922,5.036439,4.98618,16.18157,180,0,FALSE,,,0,7.77,0,0,0
70,033_04Jul2026_1601,-1.292519,1.935979,0.06126676,Plane,1.493523,TestCube,Plane,4.858622,4.976738,4.91768,25.78877,180,0,FALSE,,,0,7.08,0,0,0
70.1,033_04Jul2026_1601,-1.29847,1.942678,0.06178283,Plane,1.593643,TestCube,Plane,4.999594,4.982927,4.991261,28.09052,180,0,FALSE,,,0,8.56,0,0,0
70.2,033_04Jul2026_1601,-1.30514,1.945588,0.0658615,TestCube,0,Plane,TestCube,4.418846,4.444212,4.431529,40.53431,180,0,FALSE,,,0,10.32,5.23,1.47,9.98
70.3,033_04Jul2026_1601,-1.313736,1.944787,0.07455327,TestCube,0.099617,Plane,TestCube,4.01852,3.992604,4.005562,17.54814,180,0,FALSE,,,0,10.31,5.23,1.47,9.98
70.4,033_04Jul2026_1601,-1.326982,1.947138,0.09139659,TestCube,0.1998062,Plane,TestCube,3.627514,3.65945,3.643482,23.61242,180,0,FALSE,,,0,10.1,5.23,1.47,9.98
70.5,033_04Jul2026_1601,-1.338813,1.952433,0.1068109,Plane,0,TestCube,Plane,3.405664,3.469525,3.437594,15.69978,180,0,FALSE,,,0,10.13,0,0,0
70.6,033_04Jul2026_1601,-1.351052,1.959482,0.1210755,None,0,Plane,None,3.267906,3.393274,3.33059,5.783939,180,0,FALSE,None,None,,,,,
70.7,033_04Jul2026_1601,-1.361802,1.961252,0.127833,TestCube,0,None,TestCube,3.31259,3.340738,3.326664,41.78374,180,0,FALSE,,,0,11.03,5.23,1.47,9.98
70.8,033_04Jul2026_1601,-1.369417,1.96031,0.1281623,TestCube,0.1002426,None,TestCube,3.414524,3.46307,3.438797,20.54486,180,0,FALSE,,,0,10.99,5.23,1.47,9.98
70.9,033_04Jul2026_1601,-1.374314,1.95562,0.1217988,TestCube,0.2004013,None,TestCube,3.606239,3.715724,3.660981,33.90599,180,0,FALSE,,,0,9.93,5.23,1.47,9.98
71,033_04Jul2026_1601,-1.378616,1.952427,0.1166733,None,0,TestCube,None,3.77827,3.941353,3.859811,141.3674,180,0,FALSE,None,None,,,,,
71.1,033_04Jul2026_1601,-1.371461,1.960871,0.1116575,Plane,0,None,Plane,3.893525,4.115379,4.004452,26.37156,180,0,FALSE,,,0,49.43,0,0,0
71.2,033_04Jul2026_1601,-1.355412,1.967078,0.110535,Plane,0.1004486,None,Plane,4.069571,4.179044,4.124308,15.19676,180,0,FALSE,,,0,67.39,0,0,0
71.3,033_04Jul2026_1601,-1.3392,1.961653,0.1180489,Plane,0.1998901,None,Plane,4.153269,4.244921,4.199095,14.62715,180,0,FALSE,,,0,49.09,0,0,0
71.4,033_04Jul2026_1601,-1.320621,1.948361,0.1219536,Plane,0.3002014,None,Plane,4.18729,4.328792,4.258041,35.34854,180,0,FALSE,,,0,19.32,0,0,0
71.5,033_04Jul2026_1601,-1.306161,1.943488,0.1202453,Plane,0.3999939,None,Plane,4.134069,4.336003,4.235036,23.18996,180,0,FALSE,,,0,14.42,0,0,0
71.6,033_04Jul2026_1601,-1.294222,1.94924,0.1119315,Plane,0.4999008,None,Plane,4.02832,4.285422,4.156871,23.56041,180,0,FALSE,,,0,14.78,0,0,0
71.7,033_04Jul2026_1601,-1.282268,1.95645,0.09379683,None,0,Plane,None,4.116385,4.317635,4.21701,9.772717,180,0,FALSE,None,None,,,,,
71.8,033_04Jul2026_1601,-1.271222,1.964715,0.07573753,TestCube,0,None,TestCube,3.882296,4.118844,4.00057,105.668,180,0,FALSE,,,0,11.07,5.23,1.47,9.98
71.9,033_04Jul2026_1601,-1.258512,1.974473,0.05215243,TestCube,0.1000519,None,TestCube,3.902278,4.229962,4.06612,22.56417,180,0,FALSE,,,0,11.47,5.23,1.47,9.98
72,033_04Jul2026_1601,-1.246794,1.981588,0.02755331,TestCube,0.1998291,None,TestCube,4.065201,4.239134,4.152167,36.55262,180,0,FALSE,,,0,10.87,5.23,1.47,9.98
72.1,033_04Jul2026_1601,-1.238605,1.984098,0.01145333,TestCube,0.3001633,None,TestCube,4.269734,4.337589,4.303661,38.13078,180,0,FALSE,,,0,11.63,5.23,1.47,9.98
72.2,033_04Jul2026_1601,-1.23326,1.974952,0.0060573,TestCube,0.4001923,None,TestCube,4.289807,4.333598,4.311703,20.78258,180,0,FALSE,,,0,11.55,5.23,1.47,9.98
72.3,033_04Jul2026_1601,-1.231411,1.972996,0.01571601,TestCube,0.4999161,None,TestCube,4.253353,4.272332,4.262842,6.632879,180,0,FALSE,,,0,11.32,5.23,1.47,9.98
72.4,033_04Jul2026_1601,-1.238176,1.968121,0.03266329,TestCube,0.6000366,None,TestCube,4.249335,4.404681,4.327008,83.16686,180,0,FALSE,,,0,10.25,5.23,1.47,9.98
72.5,033_04Jul2026_1601,-1.246318,1.968992,0.054258,TestCube,0.7002411,None,TestCube,4.26302,4.358806,4.310913,7.234883,180,0,FALSE,,,0,10.21,5.23,1.47,9.98
72.6,033_04Jul2026_1601,-1.258736,1.968218,0.07906277,TestCube,0.8002472,None,TestCube,4.281777,4.367857,4.324817,17.20796,180,0,FALSE,,,0,10.12,5.23,1.47,9.98
72.7,033_04Jul2026_1601,-1.276064,1.97092,0.1072449,TestCube,0.9038315,None,TestCube,4.207043,4.357545,4.282294,56.11609,180,0,FALSE,,,0,11.1,5.23,1.47,9.98
72.8,033_04Jul2026_1601,-1.307257,1.974951,0.1343515,None,0,TestCube,None,4.278302,4.433971,4.356136,17.23044,180,0,FALSE,None,None,,,,,
72.9,033_04Jul2026_1601,-1.343932,1.971684,0.1548201,Plane,0,None,Plane,4.264808,4.447567,4.356187,24.63051,180,0,FALSE,,,0,38.15,0,0,0
73,033_04Jul2026_1601,-1.380707,1.964831,0.1658202,Plane,0.1002426,None,Plane,4.406288,4.439642,4.422965,14.796,180,0,FALSE,,,0,37.16,0,0,0
73.1,033_04Jul2026_1601,-1.416798,1.956776,0.1657672,Plane,0.200119,None,Plane,4.476972,4.543022,4.509997,19.86616,180,0,FALSE,,,0,43.67,0,0,0
73.2,033_04Jul2026_1601,-1.438114,1.961058,0.1623388,None,0,Plane,None,4.352704,4.456717,4.404711,53.64342,180,0,FALSE,None,None,,,,,
73.3,033_04Jul2026_1601,-1.435182,1.97483,0.1562158,TestCube,0,None,TestCube,4.459227,4.643374,4.551301,42.40447,180,0,FALSE,,,0,11.38,5.23,1.47,9.98
73.4,033_04Jul2026_1601,-1.424193,1.980825,0.1523304,TestCube,0.1048508,None,TestCube,4.583245,4.727778,4.655512,37.25823,180,0,FALSE,,,0,10.15,5.23,1.47,9.98
73.5,033_04Jul2026_1601,-1.412366,1.976367,0.1522935,TestCube,0.2047806,None,TestCube,4.677764,4.769317,4.72354,12.84344,180,0,FALSE,,,0,9.91,5.23,1.47,9.98
73.6,033_04Jul2026_1601,-1.398632,1.970853,0.1507528,TestCube,0.3050308,None,TestCube,4.419112,4.476741,4.447927,26.61704,180,0,FALSE,,,0,10.01,5.23,1.47,9.98
73.7,033_04Jul2026_1601,-1.387137,1.973298,0.1541819,TestCube,0.4048843,None,TestCube,4.125237,4.236806,4.181021,11.77589,180,0,FALSE,,,0,9.96,5.23,1.47,9.98
73.8,033_04Jul2026_1601,-1.372234,1.971429,0.1581886,TestCube,0.5051193,None,TestCube,4.076089,4.157144,4.116616,47.64171,180,0,FALSE,,,0,10.1,5.23,1.47,9.98
73.9,033_04Jul2026_1601,-1.356349,1.966531,0.1633148,TestCube,0.6048279,None,TestCube,3.962924,4.082129,4.022526,13.43021,180,0,FALSE,,,0,10.07,5.23,1.47,9.98
74,033_04Jul2026_1601,-1.34575,1.960984,0.1675816,TestCube,0.7050781,None,TestCube,3.975621,4.122527,4.049074,17.38697,180,0,FALSE,,,0,10.04,5.23,1.47,9.98
74.1,033_04Jul2026_1601,-1.348508,1.954536,0.1749804,Plane,0,TestCube,Plane,4.096794,4.184425,4.14061,213.9391,180,0,FALSE,,,0,27.52,0,0,0
74.2,033_04Jul2026_1601,-1.367403,1.941673,0.1782811,Plane,0.110054,TestCube,Plane,4.17773,4.243876,4.210803,31.34233,180,0,FALSE,,,0,15.17,0,0,0
74.3,033_04Jul2026_1601,-1.394795,1.948818,0.1826706,Plane,0.2098465,TestCube,Plane,4.022732,4.14895,4.085841,27.14767,180,0,FALSE,,,0,19.1,0,0,0
74.4,033_04Jul2026_1601,-1.428068,1.958119,0.1843891,Plane,0.310051,TestCube,Plane,4.061648,4.115717,4.088682,37.43999,180,0,FALSE,,,0,30.85,0,0,0
74.5,033_04Jul2026_1601,-1.462086,1.959577,0.1811026,None,0,Plane,None,4.062741,4.063711,4.063226,164.4573,180,0,FALSE,None,None,,,,,
74.6,033_04Jul2026_1601,-1.489121,1.954667,0.1731786,Plane,0,None,Plane,3.950766,4.049868,4.000317,37.15283,180,0,FALSE,,,0,30.11,0,0,0
74.7,033_04Jul2026_1601,-1.51836,1.956803,0.1619067,Plane,0.1000748,None,Plane,3.822057,3.948955,3.885506,22.83797,180,0,FALSE,,,0,30.21,0,0,0
74.8,033_04Jul2026_1601,-1.543592,1.960186,0.1498206,Plane,0.1999359,None,Plane,3.806238,3.925479,3.865858,10.94768,180,0,FALSE,,,0,31.09,0,0,0
74.9,033_04Jul2026_1601,-1.572718,1.963983,0.1363246,Plane,0.2999344,None,Plane,3.739368,3.822631,3.780999,9.048356,180,0,FALSE,,,0,27.35,0,0,0
75,033_04Jul2026_1601,-1.600553,1.965452,0.1203929,Plane,0.3998566,None,Plane,3.641524,3.787367,3.714446,72.92368,180,0,FALSE,,,0,20.24,0,0,0
75.1,033_04Jul2026_1601,-1.625724,1.967572,0.1078239,Plane,0.4998398,None,Plane,3.736799,3.838026,3.787413,82.77387,180,0,FALSE,,,0,8.59,0,0,0
75.2,033_04Jul2026_1601,-1.644464,1.963787,0.09549711,Plane,0.6001511,None,Plane,3.724023,3.851769,3.787896,11.64893,180,0,FALSE,,,0,7.92,0,0,0
75.3,033_04Jul2026_1601,-1.661028,1.960078,0.0779624,Plane,0.7002487,None,Plane,3.690936,3.829205,3.76007,24.18873,180,0,FALSE,,,0,7.09,0,0,0
75.4,033_04Jul2026_1601,-1.666239,1.95857,0.05570729,Plane,0.800293,None,Plane,3.735395,3.896965,3.81618,4.770329,180,0,FALSE,,,0,7.24,0,0,0
75.5,033_04Jul2026_1601,-1.667665,1.954397,0.03790801,Plane,0.8996964,None,Plane,3.733279,3.83471,3.783994,24.72092,180,0,FALSE,,,0,8.29,0,0,0
75.6,033_04Jul2026_1601,-1.675625,1.957188,0.02848922,Plane,1.000381,None,Plane,3.50477,3.668393,3.586582,106.0946,180,0,FALSE,,,0,26.15,0,0,0
75.7,033_04Jul2026_1601,-1.683327,1.966088,0.02610454,Plane,1.099968,None,Plane,3.526086,3.709145,3.617615,12.71198,180,0,FALSE,,,0,32.6,0,0,0
75.8,033_04Jul2026_1601,-1.690122,1.968222,0.0324557,Plane,1.201439,None,Plane,3.516837,3.731166,3.624001,11.64218,180,0,FALSE,,,0,49.97,0,0,0
75.9,033_04Jul2026_1601,-1.688785,1.963624,0.04839136,Plane,1.300148,None,Plane,3.550841,3.735461,3.643151,27.33487,180,0,FALSE,,,0,25.12,0,0,0
76,033_04Jul2026_1601,-1.686993,1.962889,0.06900575,Plane,1.400238,None,Plane,3.540389,3.686912,3.613651,20.8497,180,0,FALSE,,,0,20.13,0,0,0
76.1,033_04Jul2026_1601,-1.690824,1.959709,0.08771452,Plane,1.500366,None,Plane,3.549681,3.69306,3.621371,13.77226,180,0,FALSE,,,0,16.11,0,0,0
76.2,033_04Jul2026_1601,-1.69628,1.951828,0.1033909,Plane,1.60054,None,Plane,3.532043,3.701439,3.616741,20.42666,180,0,FALSE,,,0,12.82,0,0,0
76.3,033_04Jul2026_1601,-1.702139,1.945826,0.1145791,Plane,1.70298,None,Plane,3.624209,3.788578,3.706393,15.93547,180,0,FALSE,,,0,12.4,0,0,0
76.4,033_04Jul2026_1601,-1.706533,1.942073,0.1211901,Plane,1.802368,None,Plane,3.682322,3.818239,3.750281,120.5076,180,0,FALSE,,,0,25.26,0,0,0
76.5,033_04Jul2026_1601,-1.703843,1.942349,0.1181632,Plane,1.902443,None,Plane,3.76177,3.86428,3.813025,12.01461,180,0,FALSE,,,0,19.67,0,0,0
76.6,033_04Jul2026_1601,-1.703609,1.949052,0.105573,Plane,2.002533,None,Plane,3.745386,3.763093,3.75424,30.58828,180,0,FALSE,,,0,31.92,0,0,0
76.7,033_04Jul2026_1601,-1.700545,1.947643,0.09259029,Plane,2.102425,None,Plane,3.947689,3.966798,3.957243,16.25535,180,0,FALSE,,,0,31.38,0,0,0
76.8,033_04Jul2026_1601,-1.699251,1.951737,0.08251974,Plane,2.202484,None,Plane,3.762686,3.896255,3.829471,8.096354,180,0,FALSE,,,0,26.18,0,0,0
76.9,033_04Jul2026_1601,-1.702662,1.95823,0.06876577,Plane,2.302628,None,Plane,3.976644,4.062779,4.019711,27.8517,180,0,FALSE,,,0,16.04,0,0,0
77,033_04Jul2026_1601,-1.707146,1.955865,0.06523541,Plane,2.402191,None,Plane,3.990682,4.054206,4.022444,22.09714,180,0,FALSE,,,0,12.31,0,0,0
77.1,033_04Jul2026_1601,-1.711431,1.947969,0.060591,Plane,2.502502,None,Plane,3.949179,4.047663,3.998421,34.71198,180,0,FALSE,,,0,8.93,0,0,0
77.2,033_04Jul2026_1601,-1.721317,1.947894,0.04774718,Plane,2.602341,None,Plane,3.799909,3.923719,3.861814,14.20052,180,0,FALSE,,,0,9.39,0,0,0
77.3,033_04Jul2026_1601,-1.727148,1.953125,0.03399726,Plane,2.702454,None,Plane,3.785483,3.933743,3.859613,9.808741,180,0,FALSE,,,0,9.79,0,0,0
77.4,033_04Jul2026_1601,-1.729235,1.959978,0.01756926,Plane,2.802452,None,Plane,3.764537,3.963236,3.863886,14.25486,180,0,FALSE,,,0,9.54,0,0,0
77.5,033_04Jul2026_1601,-1.728927,1.967547,0.0001987368,Plane,2.904488,None,Plane,3.815983,4.010133,3.913058,10.04251,180,0,FALSE,,,0,10.32,0,0,0
77.6,033_04Jul2026_1601,-1.725137,1.965093,-0.01595298,Plane,3.004639,None,Plane,3.89502,4.041555,3.968287,19.08021,180,0,FALSE,,,0,12.41,0,0,0
77.7,033_04Jul2026_1601,-1.720659,1.956147,-0.0255765,Plane,3.104652,None,Plane,3.958631,4.127982,4.043306,12.08847,180,0,FALSE,,,0,12.75,0,0,0
77.8,033_04Jul2026_1601,-1.717272,1.958587,-0.02669097,Plane,3.205429,None,Plane,3.941144,4.116584,4.028864,11.17887,180,0,FALSE,,,0,12.77,0,0,0
77.9,033_04Jul2026_1601,-1.71529,1.966712,-0.02034897,Plane,3.304718,None,Plane,4.022643,4.166309,4.094476,27.37108,180,0,FALSE,,,0,18.28,0,0,0
78,033_04Jul2026_1601,-1.718381,1.969763,-0.009787953,Plane,3.405289,None,Plane,3.918049,4.052518,3.985284,13.35425,180,0,FALSE,,,0,22.68,0,0,0
78.1,033_04Jul2026_1601,-1.72538,1.967556,0.003580309,Plane,3.504768,None,Plane,3.833506,3.979942,3.906724,9.794763,180,0,FALSE,,,0,18.89,0,0,0
78.2,033_04Jul2026_1601,-1.73312,1.96015,0.01414944,Plane,3.597092,None,Plane,3.941418,4.048187,3.994802,150.4599,180,0,FALSE,,,0,8.07,0,0,0
78.3,033_04Jul2026_1601,-1.743721,1.95407,0.01994716,Plane,3.697189,None,Plane,3.865454,3.970716,3.918085,29.98729,180,0,FALSE,,,0,7.26,0,0,0
78.4,033_04Jul2026_1601,-1.742225,1.946934,0.02317926,Plane,3.797195,None,Plane,3.899679,3.996933,3.948306,12.09263,180,0,FALSE,,,0,6.82,0,0,0
78.5,033_04Jul2026_1601,-1.730569,1.944175,0.02393254,Plane,3.89695,None,Plane,3.79039,3.83346,3.811925,104.4933,180,0,FALSE,,,0,12.52,0,0,0
78.6,033_04Jul2026_1601,-1.721265,1.953235,0.02221121,Plane,3.997253,None,Plane,3.717466,3.772543,3.745005,57.41854,180,0,FALSE,,,0,21.27,0,0,0
78.7,033_04Jul2026_1601,-1.70917,1.961457,0.01981274,Plane,4.097115,None,Plane,3.715782,3.803041,3.759411,9.574643,180,0,FALSE,,,0,24.72,0,0,0
78.8,033_04Jul2026_1601,-1.696408,1.96484,0.01728216,Plane,4.197662,None,Plane,3.700781,3.813544,3.757163,10.97569,180,0,FALSE,,,0,30.97,0,0,0
78.9,033_04Jul2026_1601,-1.680744,1.966539,0.01959642,Plane,4.297348,None,Plane,3.693967,3.826581,3.760274,181.4991,180,0,FALSE,,,0,18.41,0,0,0
79,033_04Jul2026_1601,-1.661757,1.968148,0.0243401,Plane,4.39724,None,Plane,3.638502,3.832516,3.735509,23.14152,180,0,FALSE,,,0,18.6,0,0,0
79.1,033_04Jul2026_1601,-1.647619,1.971927,0.02738598,Plane,4.497375,None,Plane,3.617192,3.821598,3.719395,18.54365,180,0,FALSE,,,0,24.4,0,0,0
79.2,033_04Jul2026_1601,-1.638426,1.969571,0.0291739,Plane,4.597107,None,Plane,3.759387,3.924241,3.841814,27.90758,180,0,FALSE,,,0,54.34,0,0,0
79.3,033_04Jul2026_1601,-1.63105,1.963412,0.03383618,Plane,4.697258,None,Plane,3.853516,4.006228,3.929872,23.21309,180,0,FALSE,,,0,49.32,0,0,0
79.4,033_04Jul2026_1601,-1.631415,1.967298,0.03475861,None,0,Plane,None,3.904367,4.020482,3.962424,25.54027,180,0,FALSE,None,None,,,,,
79.5,033_04Jul2026_1601,-1.645236,1.972897,0.02835859,None,0.1001434,Plane,None,3.906551,3.976827,3.941689,25.40885,180,0,FALSE,None,None,,,,,
79.6,033_04Jul2026_1601,-1.662827,1.969566,0.02385098,None,0.1999969,Plane,None,3.886903,3.952883,3.919893,23.91775,180,0,FALSE,None,None,,,,,
79.7,033_04Jul2026_1601,-1.676118,1.962475,0.01834579,Plane,0,None,Plane,3.816859,3.8766,3.84673,34.75301,180,0,FALSE,,,0,27.43,0,0,0
79.8,033_04Jul2026_1601,-1.686426,1.961499,0.01215634,Plane,0.09999084,None,Plane,3.778594,3.815512,3.797053,63.69043,180,0,FALSE,,,0,11.59,0,0,0
79.9,033_04Jul2026_1601,-1.695992,1.96534,0.006908651,Plane,0.2000732,None,Plane,3.765505,3.809883,3.787694,16.63111,180,0,FALSE,,,0,9.98,0,0,0
80,033_04Jul2026_1601,-1.70784,1.970747,-0.003634552,Plane,0.2996063,None,Plane,3.863248,3.927687,3.895467,10.78597,180,0,FALSE,,,0,9.32,0,0,0
80.1,033_04Jul2026_1601,-1.722739,1.973511,-0.01692555,Plane,0.3997116,None,Plane,3.950712,4.021537,3.986125,48.20607,180,0,FALSE,,,0,6.77,0,0,0
80.2,033_04Jul2026_1601,-1.734837,1.973531,-0.02612397,Plane,0.5001068,None,Plane,3.987687,4.09546,4.041574,3.723056,180,0,FALSE,,,0,6.75,0,0,0
80.3,033_04Jul2026_1601,-1.737298,1.962528,-0.02781765,Plane,0.6042252,None,Plane,3.912126,4.040592,3.976359,10.9412,180,0,FALSE,,,0,6.43,0,0,0
80.4,033_04Jul2026_1601,-1.732825,1.951211,-0.0233222,Plane,0.7043686,None,Plane,-1,3.774589,1.387295,95.15474,180,0,FALSE,,,0,12.96,0,0,0
80.5,033_04Jul2026_1601,-1.724585,1.947222,-0.01598896,Plane,0.8045731,None,Plane,3.614693,3.761199,3.687946,13.92928,180,0,FALSE,,,0,11.26,0,0,0
80.6,033_04Jul2026_1601,-1.722178,1.951014,-0.004999354,Plane,0.9042358,None,Plane,3.616813,3.78836,3.702586,13.28152,180,0,FALSE,,,0,12.02,0,0,0
80.7,033_04Jul2026_1601,-1.723971,1.94837,0.008947251,Plane,1.004585,None,Plane,3.621585,3.756419,3.689002,11.95899,180,0,FALSE,,,0,11.06,0,0,0
80.8,033_04Jul2026_1601,-1.725232,1.943552,0.02619934,Plane,1.104576,None,Plane,3.81415,3.80195,3.80805,249.6537,180,0,FALSE,,,0,14.2,0,0,0
80.9,033_04Jul2026_1601,-1.722819,1.937111,0.04240507,Plane,1.204742,None,Plane,3.889532,3.905651,3.897592,40.68678,180,0,FALSE,,,0,10.84,0,0,0
81,033_04Jul2026_1601,-1.721093,1.932283,0.05089582,Plane,1.304497,None,Plane,3.876112,3.864336,3.870224,19.65673,180,0,FALSE,,,0,9.22,0,0,0
81.1,033_04Jul2026_1601,-1.719314,1.93034,0.05258238,Plane,1.404305,None,Plane,3.91458,3.895655,3.905117,22.09205,180,0,FALSE,,,0,9.75,0,0,0
81.2,033_04Jul2026_1601,-1.722041,1.930308,0.0469327,Plane,1.50425,None,Plane,3.929029,3.808949,3.868989,27.57425,180,0,FALSE,,,0,10.68,0,0,0
81.3,033_04Jul2026_1601,-1.729876,1.92944,0.03204594,Plane,1.604042,None,Plane,3.969825,3.87456,3.922193,45.11296,180,0,FALSE,,,0,10.89,0,0,0
81.4,033_04Jul2026_1601,-1.739053,1.928872,0.01341952,Plane,1.704384,None,Plane,4.004682,3.908231,3.956457,48.59553,180,0,FALSE,,,0,11.07,0,0,0
81.5,033_04Jul2026_1601,-1.747571,1.930041,-0.004445348,Plane,1.804337,None,Plane,4.02398,3.920332,3.972156,38.44593,180,0,FALSE,,,0,12.25,0,0,0
81.6,033_04Jul2026_1601,-1.755793,1.934353,-0.02540073,Plane,1.90435,None,Plane,3.926594,3.985739,3.956166,26.70491,180,0,FALSE,,,0,13.25,0,0,0
81.7,033_04Jul2026_1601,-1.766419,1.943246,-0.06117248,Plane,2.006302,None,Plane,3.839983,3.9061,3.873041,52.65148,180,0,FALSE,,,0,15.98,0,0,0
81.8,033_04Jul2026_1601,-1.775259,1.952155,-0.103969,Plane,2.106323,None,Plane,3.749321,3.768999,3.75916,26.13708,180,0,FALSE,,,0,25.58,0,0,0
81.9,033_04Jul2026_1601,-1.778981,1.956337,-0.1401013,None,0,Plane,None,3.89127,3.846488,3.868879,221.0465,180,0,FALSE,None,None,,,,,
82,033_04Jul2026_1601,-1.77779,1.955132,-0.1658423,Plane,0,None,Plane,3.785641,3.841705,3.813673,41.33535,180,0,FALSE,,,0,24.05,0,0,0
82.1,033_04Jul2026_1601,-1.771934,1.952884,-0.1903321,Plane,0.100708,None,Plane,3.682639,3.784155,3.733397,29.1521,180,0,FALSE,,,0,19.5,0,0,0
82.2,033_04Jul2026_1601,-1.761141,1.953881,-0.2162554,Plane,0.1998672,None,Plane,3.696706,3.736809,3.716757,34.52222,180,0,FALSE,,,0,19.41,0,0,0
82.3,033_04Jul2026_1601,-1.745942,1.955717,-0.2440942,Plane,0.301178,None,Plane,3.659654,3.769529,3.714592,37.12276,180,0,FALSE,,,0,19.43,0,0,0
82.4,033_04Jul2026_1601,-1.728748,1.956967,-0.270389,Plane,0.4011993,None,Plane,3.905765,3.977408,3.941586,108.9194,180,0,FALSE,,,0,8.57,0,0,0
82.5,033_04Jul2026_1601,-1.709994,1.957385,-0.2929689,Plane,0.5011826,None,Plane,3.908059,4.035395,3.971727,59.28738,180,0,FALSE,,,0,7.55,0,0,0
82.6,033_04Jul2026_1601,-1.69461,1.95619,-0.3066071,Plane,0.60112,None,Plane,3.852996,3.959647,3.906322,4.964508,180,0,FALSE,,,0,7.54,0,0,0
82.7,033_04Jul2026_1601,-1.682974,1.958552,-0.3141735,Plane,0.7012863,None,Plane,3.750781,3.870454,3.810617,12.34802,180,0,FALSE,,,0,7.5,0,0,0
82.8,033_04Jul2026_1601,-1.673749,1.962234,-0.3206396,Plane,0.8009338,None,Plane,3.68435,3.689782,3.687066,55.81964,180,0,FALSE,,,0,11.54,0,0,0
82.9,033_04Jul2026_1601,-1.665146,1.96251,-0.3269325,Plane,0.9009476,None,Plane,3.588494,3.661349,3.624922,17.93705,180,0,FALSE,,,0,13.75,0,0,0
83,033_04Jul2026_1601,-1.658256,1.960258,-0.3294846,Plane,1.000732,None,Plane,3.517839,3.635918,3.576879,7.972078,180,0,FALSE,,,0,12.53,0,0,0
83.1,033_04Jul2026_1601,-1.651247,1.962683,-0.3307579,Plane,1.101135,None,Plane,3.520022,3.623379,3.5717,10.46129,180,0,FALSE,,,0,14.19,0,0,0
83.2,033_04Jul2026_1601,-1.646526,1.965722,-0.3301225,Plane,1.201324,None,Plane,3.554,3.612173,3.583086,12.85424,180,0,FALSE,,,0,16.64,0,0,0
83.3,033_04Jul2026_1601,-1.645035,1.967026,-0.3277269,Plane,1.300835,None,Plane,3.510617,3.641387,3.576002,17.4167,180,0,FALSE,,,0,17.1,0,0,0
83.4,033_04Jul2026_1601,-1.648362,1.965639,-0.320479,Plane,1.401398,None,Plane,3.638823,3.705377,3.6721,126.2113,180,0,FALSE,,,0,11.94,0,0,0
83.5,033_04Jul2026_1601,-1.654951,1.964425,-0.3088549,Plane,1.501076,None,Plane,3.611653,3.720572,3.666112,31.52763,180,0,FALSE,,,0,10.77,0,0,0
83.6,033_04Jul2026_1601,-1.663067,1.96497,-0.294296,Plane,1.595711,None,Plane,3.561272,3.717436,3.639354,29.61565,180,0,FALSE,,,0,10.34,0,0,0
83.7,033_04Jul2026_1601,-1.674855,1.965928,-0.2741067,None,0,Plane,None,-1,-1,-1,202.749,180,0,FALSE,None,None,,,,,
83.8,033_04Jul2026_1601,-1.686955,1.966501,-0.253362,Plane,0,None,Plane,3.647744,3.718858,3.683301,155.1456,180,0,FALSE,,,0,30.87,0,0,0
83.9,033_04Jul2026_1601,-1.698276,1.966148,-0.2350391,Plane,0.09973145,None,Plane,3.684361,3.759418,3.721889,90.60557,180,0,FALSE,,,0,10.31,0,0,0
84,033_04Jul2026_1601,-1.70856,1.965415,-0.2152901,Plane,0.199707,None,Plane,3.675088,3.840091,3.75759,35.4396,180,0,FALSE,,,0,8.83,0,0,0
84.1,033_04Jul2026_1601,-1.717031,1.965176,-0.1885798,Plane,0.2999039,None,Plane,3.727247,3.921999,3.824623,51.30467,180,0,FALSE,,,0,8.09,0,0,0
84.2,033_04Jul2026_1601,-1.721742,1.965412,-0.1560326,Plane,0.4001694,None,Plane,3.76264,3.883053,3.822846,47.34241,180,0,FALSE,,,0,7.89,0,0,0
84.3,033_04Jul2026_1601,-1.721829,1.963508,-0.1274878,Plane,0.5008545,None,Plane,3.653645,3.737381,3.695513,48.06936,180,0,FALSE,,,0,8.17,0,0,0
84.4,033_04Jul2026_1601,-1.719176,1.962983,-0.101185,Plane,0.5999832,None,Plane,3.658308,3.720933,3.68962,216.0429,180,0,FALSE,,,0,9.1,0,0,0
84.5,033_04Jul2026_1601,-1.713195,1.963622,-0.0766696,Plane,0.7002182,None,Plane,3.618142,3.671926,3.645034,12.22538,180,0,FALSE,,,0,8.89,0,0,0
84.6,033_04Jul2026_1601,-1.705213,1.964755,-0.05525846,Plane,0.7998428,None,Plane,3.590325,3.707243,3.648784,28.00026,180,0,FALSE,,,0,9,0,0,0
84.7,033_04Jul2026_1601,-1.69583,1.966056,-0.03715592,Plane,0.8995972,None,Plane,3.605725,3.715941,3.660833,21.56065,180,0,FALSE,,,0,9.15,0,0,0
84.8,033_04Jul2026_1601,-1.685918,1.966351,-0.02315655,Plane,0.999649,None,Plane,3.598162,3.615204,3.606683,139.9512,180,0,FALSE,,,0,10.1,0,0,0
84.9,033_04Jul2026_1601,-1.675889,1.966727,-0.01309036,Plane,1.099625,None,Plane,3.497136,3.574943,3.53604,9.394324,180,0,FALSE,,,0,10.31,0,0,0
85,033_04Jul2026_1601,-1.666351,1.966749,-0.00690005,Plane,1.200882,None,Plane,3.47582,3.568753,3.522286,11.92241,180,0,FALSE,,,0,10.33,0,0,0
85.1,033_04Jul2026_1601,-1.655656,1.967352,0.0006188154,Plane,1.299561,None,Plane,3.568516,3.623687,3.596102,61.35346,180,0,FALSE,,,0,11.52,0,0,0
85.2,033_04Jul2026_1601,-1.642943,1.966555,0.00692983,Plane,1.401451,None,Plane,3.588006,3.7089,3.648453,34.10102,180,0,FALSE,,,0,12.03,0,0,0
85.3,033_04Jul2026_1601,-1.634426,1.966893,0.01054397,Plane,1.500404,None,Plane,3.573561,3.723599,3.648581,10.41306,180,0,FALSE,,,0,12.35,0,0,0
85.4,033_04Jul2026_1601,-1.631525,1.967934,0.01211549,Plane,1.601959,None,Plane,3.540996,3.70833,3.624663,4.771488,180,0,FALSE,,,0,12.78,0,0,0
85.5,033_04Jul2026_1601,-1.63338,1.966367,0.01378247,Plane,1.700378,None,Plane,3.572802,3.708702,3.640752,13.36345,180,0,FALSE,,,0,12.15,0,0,0
85.6,033_04Jul2026_1601,-1.635499,1.962511,0.01514754,Plane,1.799965,None,Plane,3.502588,3.710382,3.606485,7.23901,180,0,FALSE,,,0,11.37,0,0,0
85.7,033_04Jul2026_1601,-1.6421,1.961611,0.01593982,Plane,1.89991,None,Plane,3.605102,3.650446,3.627774,56.71886,180,0,FALSE,,,0,15.51,0,0,0
85.8,033_04Jul2026_1601,-1.655209,1.959634,0.01495771,Plane,2,None,Plane,3.632707,3.727808,3.680258,23.88169,180,0,FALSE,,,0,18.06,0,0,0
85.9,033_04Jul2026_1601,-1.669977,1.948934,0.01460102,Plane,2.099792,None,Plane,3.64346,3.804106,3.723783,89.28391,180,0,FALSE,,,0,14.76,0,0,0
86,033_04Jul2026_1601,-1.685803,1.945104,0.01815379,Plane,2.200256,None,Plane,3.607566,3.770062,3.688814,46.21018,180,0,FALSE,,,0,13.07,0,0,0
86.1,033_04Jul2026_1601,-1.705749,1.946973,0.0252075,Plane,2.303528,None,Plane,3.612599,3.759614,3.686106,12.69515,180,0,FALSE,,,0,14.99,0,0,0
86.2,033_04Jul2026_1601,-1.72454,1.939892,0.0291856,Plane,2.403397,None,Plane,3.625403,3.74127,3.683336,24.2304,180,0,FALSE,,,0,12.35,0,0,0
86.3,033_04Jul2026_1601,-1.734205,1.927964,0.03352834,Plane,2.503395,None,Plane,3.766759,3.810749,3.788754,70.06638,180,0,FALSE,,,0,7.96,0,0,0
86.4,033_04Jul2026_1601,-1.737074,1.922262,0.03433007,Plane,2.603539,None,Plane,3.906404,3.946822,3.926613,52.77004,180,0,FALSE,,,0,5.84,0,0,0
86.5,033_04Jul2026_1601,-1.738261,1.921194,0.02767746,Plane,2.70343,None,Plane,3.910926,3.969235,3.940081,23.07957,180,0,FALSE,,,0,5.64,0,0,0
86.6,033_04Jul2026_1601,-1.739417,1.922381,0.01551203,Plane,2.803345,None,Plane,3.830096,3.854247,3.842171,36.44968,180,0,FALSE,,,0,6.71,0,0,0
86.7,033_04Jul2026_1601,-1.739097,1.928614,0.0005883649,Plane,2.903336,None,Plane,3.59799,3.711551,3.654771,92.31454,180,0,FALSE,,,0,14.41,0,0,0
86.8,033_04Jul2026_1601,-1.740103,1.938852,-0.01783823,Plane,3.003403,None,Plane,3.487467,3.706522,3.596994,15.9658,180,0,FALSE,,,0,15.09,0,0,0
86.9,033_04Jul2026_1601,-1.738007,1.947797,-0.03595757,Plane,3.103477,None,Plane,3.535194,3.644147,3.58967,42.11811,180,0,FALSE,,,0,19.86,0,0,0
87,033_04Jul2026_1601,-1.73396,1.959241,-0.04880749,Plane,3.205574,None,Plane,3.522369,3.552089,3.537229,103.2414,180,0,FALSE,,,0,32.57,0,0,0
87.1,033_04Jul2026_1601,-1.729281,1.970541,-0.05652227,None,0,Plane,None,3.538675,3.67318,3.605928,22.19859,180,0,FALSE,None,None,,,,,
87.2,033_04Jul2026_1601,-1.726137,1.968493,-0.06818163,None,0.09994507,Plane,None,3.689409,3.791792,3.740601,31.13522,180,0,FALSE,None,None,,,,,
87.3,033_04Jul2026_1601,-1.725062,1.964954,-0.07776312,Plane,0,None,Plane,3.707317,3.889791,3.798554,48.40119,180,0,FALSE,,,0,46.45,0,0,0
87.4,033_04Jul2026_1601,-1.727475,1.969641,-0.09251109,Plane,0.09967041,None,Plane,3.813325,3.973245,3.893285,59.89366,180,0,FALSE,,,0,43.51,0,0,0
87.5,033_04Jul2026_1601,-1.736028,1.976352,-0.1152056,None,0,Plane,None,3.801423,3.893544,3.847483,21.36785,180,0,FALSE,None,None,,,,,
87.6,033_04Jul2026_1601,-1.747112,1.974886,-0.1306393,Plane,0,None,Plane,3.76446,3.855659,3.81006,19.16755,180,0,FALSE,,,0,36.3,0,0,0
87.7,033_04Jul2026_1601,-1.757831,1.97112,-0.1407731,Plane,0.0998764,None,Plane,3.85786,3.935052,3.896456,30.49516,180,0,FALSE,,,0,18.73,0,0,0
87.8,033_04Jul2026_1601,-1.764251,1.970251,-0.1468702,Plane,0.2000656,None,Plane,3.816392,3.972374,3.894383,18.84878,180,0,FALSE,,,0,14.25,0,0,0
87.9,033_04Jul2026_1601,-1.764941,1.972788,-0.1482514,Plane,0.3000641,None,Plane,3.760589,3.891545,3.826067,26.44975,180,0,FALSE,,,0,12.37,0,0,0
88,033_04Jul2026_1601,-1.757431,1.972152,-0.1492069,Plane,0.4001541,None,Plane,3.861515,3.984895,3.923205,58.77108,180,0,FALSE,,,0,8.27,0,0,0
88.1,033_04Jul2026_1601,-1.747686,1.970814,-0.1517999,Plane,0.4999313,None,Plane,3.830401,3.93356,3.881981,32.97322,180,0,FALSE,,,0,6.8,0,0,0
88.2,033_04Jul2026_1601,-1.737694,1.972424,-0.1502942,Plane,0.5998383,None,Plane,3.821097,3.974412,3.897754,13.7985,180,0,FALSE,,,0,7.39,0,0,0
88.3,033_04Jul2026_1601,-1.724715,1.971414,-0.1434629,Plane,0.6997833,None,Plane,3.835468,3.990468,3.912968,18.24384,180,0,FALSE,,,0,7.58,0,0,0
88.4,033_04Jul2026_1601,-1.711011,1.970782,-0.1364993,Plane,0.7919693,None,Plane,3.777803,3.979182,3.878493,73.43022,180,0,FALSE,,,0,9.65,0,0,0
88.5,033_04Jul2026_1601,-1.700186,1.978136,-0.1325731,Plane,0.8922806,None,Plane,3.729403,3.896932,3.813167,54.59083,180,0,FALSE,,,0,14.51,0,0,0
88.6,033_04Jul2026_1601,-1.691312,1.986682,-0.1274318,Plane,0.9923248,None,Plane,3.698751,3.903698,3.801224,18.82527,180,0,FALSE,,,0,19.15,0,0,0
88.7,033_04Jul2026_1601,-1.680402,1.993564,-0.1162387,Plane,1.092239,None,Plane,3.746196,3.886834,3.816515,117.4239,180,0,FALSE,,,0,28.76,0,0,0
88.8,033_04Jul2026_1601,-1.6702,1.996876,-0.1043278,Plane,1.195442,None,Plane,3.793667,3.912248,3.852958,49.95894,180,0,FALSE,,,0,38.18,0,0,0
88.9,033_04Jul2026_1601,-1.660457,1.998308,-0.09273526,Plane,1.295326,None,Plane,3.705264,3.902606,3.803935,34.58522,180,0,FALSE,,,0,42.74,0,0,0
89,033_04Jul2026_1601,-1.650498,1.999529,-0.07812531,None,0,Plane,None,-1,-1,-1,238.1315,180,0,FALSE,None,None,,,,,
89.1,033_04Jul2026_1601,-1.641261,1.998292,-0.06302148,None,0.1010132,Plane,None,3.747057,3.99166,3.869358,142.7278,180,0,FALSE,None,None,,,,,
89.2,033_04Jul2026_1601,-1.630491,1.994725,-0.04607912,None,0.1975479,Plane,None,3.747057,3.99166,3.869358,186.25,180,0,FALSE,None,None,,,,,
89.3,033_04Jul2026_1601,-1.619831,1.994353,-0.02876261,None,0.2977982,Plane,None,3.747057,3.99166,3.869358,42.7873,180,0,FALSE,None,None,,,,,
89.4,033_04Jul2026_1601,-1.611588,1.993441,-0.01330768,None,0.3972473,Plane,None,3.747057,3.99166,3.869358,21.91134,180,0,FALSE,None,None,,,,,
89.5,033_04Jul2026_1601,-1.604752,1.991601,-0.001364589,None,0.498642,Plane,None,3.747057,3.99166,3.869358,20.80132,180,0,FALSE,None,None,,,,,
89.6,033_04Jul2026_1601,-1.598915,1.992157,0.008757509,Plane,0,None,Plane,3.747057,3.99166,3.869358,88.07076,180,0,FALSE,,,0,36.68,0,0,0
89.7,033_04Jul2026_1601,-1.591578,1.990572,0.01898426,Plane,0.09989166,None,Plane,3.561264,3.720304,3.640784,59.64748,180,0,FALSE,,,0,14.42,0,0,0
89.8,033_04Jul2026_1601,-1.584634,1.987674,0.02822232,Plane,0.2000656,None,Plane,3.566658,3.696105,3.631382,10.92243,180,0,FALSE,,,0,15.81,0,0,0
89.9,033_04Jul2026_1601,-1.580849,1.985445,0.03597421,Plane,0.3029785,None,Plane,3.643863,3.77014,3.707002,3.591049,180,0,FALSE,,,0,15.09,0,0,0
90,033_04Jul2026_1601,-1.573984,1.980965,0.04126148,Plane,0.4036102,None,Plane,3.770383,3.868912,3.819648,101.7427,180,0,FALSE,,,0,6.49,0,0,0
90.1,033_04Jul2026_1601,-1.56604,1.977735,0.04416408,Plane,0.5037537,None,Plane,3.756311,3.91989,3.838101,17.35611,180,0,FALSE,,,0,6.64,0,0,0
90.2,033_04Jul2026_1601,-1.560618,1.975344,0.04473365,Plane,0.6030502,None,Plane,3.729773,3.892302,3.811038,5.49227,180,0,FALSE,,,0,6.47,0,0,0
90.3,033_04Jul2026_1601,-1.560562,1.973561,0.04202536,Plane,0.7030487,None,Plane,3.703271,3.757236,3.730253,67.15147,180,0,FALSE,,,0,10.16,0,0,0
90.4,033_04Jul2026_1601,-1.562445,1.971112,0.03717975,Plane,0.8035126,None,Plane,3.681145,3.744632,3.712889,31.89264,180,0,FALSE,,,0,14.09,0,0,0
90.5,033_04Jul2026_1601,-1.565903,1.969132,0.03134368,Plane,0.9030685,None,Plane,3.66934,3.720305,3.694822,11.68335,180,0,FALSE,,,0,13.44,0,0,0
90.6,033_04Jul2026_1601,-1.573629,1.967948,0.02497101,Plane,1.003334,None,Plane,3.525316,3.687544,3.60643,57.96647,180,0,FALSE,,,0,16.83,0,0,0
90.7,033_04Jul2026_1601,-1.585926,1.968784,0.01827617,Plane,1.103249,None,Plane,3.520189,3.693139,3.606664,38.76591,180,0,FALSE,,,0,18.36,0,0,0
90.8,033_04Jul2026_1601,-1.600026,1.969416,0.01153318,Plane,1.202988,None,Plane,3.595751,3.724262,3.660007,30.52039,180,0,FALSE,,,0,18.09,0,0,0
90.9,033_04Jul2026_1601,-1.61279,1.969806,0.005817302,Plane,1.303467,None,Plane,3.607611,3.735862,3.671736,73.88512,180,0,FALSE,,,0,56.8,0,0,0
91,033_04Jul2026_1601,-1.621075,1.968583,0.0009951442,Plane,1.403305,None,Plane,3.681091,3.816278,3.748685,130.6825,180,0,FALSE,,,0,25.56,0,0,0
91.1,033_04Jul2026_1601,-1.627807,1.963804,-0.004699327,Plane,1.503555,None,Plane,3.690878,3.823246,3.757062,22.20426,180,0,FALSE,,,0,17.63,0,0,0
91.2,033_04Jul2026_1601,-1.63748,1.960616,-0.01253004,Plane,1.603043,None,Plane,3.727219,3.821064,3.774141,18.34935,180,0,FALSE,,,0,16.11,0,0,0
91.3,033_04Jul2026_1601,-1.652995,1.956568,-0.02683143,Plane,1.703171,None,Plane,3.719543,3.809256,3.764399,42.17447,180,0,FALSE,,,0,14.01,0,0,0
91.4,033_04Jul2026_1601,-1.668683,1.954433,-0.04417454,Plane,1.803207,None,Plane,3.776621,3.895576,3.836099,26.42339,180,0,FALSE,,,0,12.61,0,0,0
91.5,033_04Jul2026_1601,-1.685514,1.952782,-0.0665653,Plane,1.907196,None,Plane,3.835857,3.971657,3.903757,144.1808,180,0,FALSE,,,0,10.12,0,0,0
91.6,033_04Jul2026_1601,-1.700423,1.951877,-0.08753214,Plane,2.006844,None,Plane,3.815248,3.958459,3.886853,43.18243,180,0,FALSE,,,0,9.45,0,0,0
91.7,033_04Jul2026_1601,-1.712051,1.947746,-0.1041419,Plane,2.106979,None,Plane,3.792556,3.927509,3.860033,17.63187,180,0,FALSE,,,0,8.56,0,0,0
91.8,033_04Jul2026_1601,-1.720813,1.943235,-0.1158726,Plane,2.206802,None,Plane,3.76456,3.923731,3.844146,42.22481,180,0,FALSE,,,0,7.79,0,0,0
91.9,033_04Jul2026_1601,-1.734052,1.941869,-0.1279379,Plane,2.307274,None,Plane,3.799903,3.878649,3.839276,95.8851,180,0,FALSE,,,0,7.85,0,0,0
92,033_04Jul2026_1601,-1.75217,1.937713,-0.1310629,Plane,2.407074,None,Plane,3.701306,3.733588,3.717447,1.57332,180,0,FALSE,,,0,7.77,0,0,0
92.1,033_04Jul2026_1601,-1.770918,1.920153,-0.1302024,Plane,2.507324,None,Plane,3.630232,3.811122,3.720677,18.01187,180,0,FALSE,,,0,7.03,0,0,0
92.2,033_04Jul2026_1601,-1.788902,1.91153,-0.1303193,Plane,2.606987,None,Plane,3.642747,3.828722,3.735735,22.32544,180,0,FALSE,,,0,6.58,0,0,0
92.3,033_04Jul2026_1601,-1.804594,1.904896,-0.1269946,Plane,2.707108,None,Plane,3.903451,3.941259,3.922355,62.62992,180,0,FALSE,,,0,5.76,0,0,0
92.4,033_04Jul2026_1601,-1.817352,1.896172,-0.1184674,Plane,2.807159,None,Plane,3.845964,3.879335,3.862649,12.27327,180,0,FALSE,,,0,5.8,0,0,0
92.5,033_04Jul2026_1601,-1.827488,1.896248,-0.126627,Plane,2.90728,None,Plane,3.789937,3.844967,3.817452,11.03137,180,0,FALSE,,,0,5.89,0,0,0
92.6,033_04Jul2026_1601,-1.833661,1.8934,-0.1416408,Plane,3.007347,None,Plane,3.652106,3.683155,3.66763,34.57287,180,0,FALSE,,,0,6.99,0,0,0
92.7,033_04Jul2026_1601,-1.83088,1.890714,-0.1602791,Plane,3.10733,None,Plane,3.673345,3.725708,3.699526,4.894717,180,0,FALSE,,,0,7.09,0,0,0
92.8,033_04Jul2026_1601,-1.826474,1.899856,-0.1796552,Plane,3.207596,None,Plane,3.425137,3.522919,3.474028,14.23878,180,0,FALSE,,,0,7.77,0,0,0
92.9,033_04Jul2026_1601,-1.825964,1.911813,-0.1985149,Plane,3.307022,None,Plane,3.399825,3.587362,3.493593,53.94543,180,0,FALSE,,,0,11.93,0,0,0
93,033_04Jul2026_1601,-1.814809,1.917523,-0.2141262,Plane,3.407974,None,Plane,3.615925,3.739199,3.677562,25.98199,180,0,FALSE,,,0,9.51,0,0,0
93.1,033_04Jul2026_1601,-1.800458,1.927203,-0.2347077,Plane,3.50724,None,Plane,3.537183,3.723892,3.630538,40.71064,180,0,FALSE,,,0,14.37,0,0,0
93.2,033_04Jul2026_1601,-1.786755,1.932487,-0.2515573,Plane,3.608299,None,Plane,3.699767,3.82907,3.764419,12.74211,180,0,FALSE,,,0,15.72,0,0,0
93.3,033_04Jul2026_1601,-1.778318,1.932709,-0.2618129,Plane,3.709877,None,Plane,3.612438,3.78387,3.698154,18.36427,180,0,FALSE,,,0,12.96,0,0,0
93.4,033_04Jul2026_1601,-1.775647,1.937359,-0.2602626,Plane,3.810577,None,Plane,3.64043,3.789498,3.714964,8.914135,180,0,FALSE,,,0,11.86,0,0,0
93.5,033_04Jul2026_1601,-1.781724,1.944734,-0.2535995,Plane,3.909492,None,Plane,3.637357,3.82878,3.733068,29.60288,180,0,FALSE,,,0,17.37,0,0,0
93.6,033_04Jul2026_1601,-1.792909,1.944463,-0.2304256,Plane,4.009926,None,Plane,3.650996,3.792652,3.721824,25.78494,180,0,FALSE,,,0,14.92,0,0,0
93.7,033_04Jul2026_1601,-1.808658,1.940788,-0.1993497,Plane,4.109871,None,Plane,3.525947,3.693767,3.609857,20.7793,180,0,FALSE,,,0,12.06,0,0,0
93.8,033_04Jul2026_1601,-1.827314,1.940812,-0.1711989,Plane,4.209915,None,Plane,3.423826,3.662297,3.543061,16.66446,180,0,FALSE,,,0,14.57,0,0,0
93.9,033_04Jul2026_1601,-1.829505,1.933206,-0.1493461,Plane,4.29937,None,Plane,3.613444,3.841834,3.727639,49.15627,180,0,FALSE,,,0,9.34,0,0,0
94,033_04Jul2026_1601,-1.827281,1.928807,-0.1420241,Plane,4.409859,None,Plane,3.496223,3.631671,3.563947,46.20023,180,0,FALSE,,,0,13.42,0,0,0
94.1,033_04Jul2026_1601,-1.822946,1.93256,-0.1462559,Plane,4.509483,None,Plane,3.621787,3.765749,3.693768,36.79137,180,0,FALSE,,,0,20.97,0,0,0
94.2,033_04Jul2026_1601,-1.820588,1.932986,-0.1538036,Plane,4.610115,None,Plane,3.608136,3.811664,3.7099,11.24149,180,0,FALSE,,,0,17.68,0,0,0
94.3,033_04Jul2026_1601,-1.8155,1.932138,-0.1650578,Plane,4.703613,None,Plane,3.73859,3.958603,3.848597,17.99489,180,0,FALSE,,,0,15.41,0,0,0
94.4,033_04Jul2026_1601,-1.810004,1.935657,-0.1793602,Plane,4.80455,None,Plane,3.627133,3.826026,3.726579,53.946,180,0,FALSE,,,0,25.81,0,0,0
94.5,033_04Jul2026_1601,-1.805822,1.93877,-0.1869022,Plane,4.904762,None,Plane,3.792256,4.072355,3.932305,64.26897,180,0,FALSE,,,0,27.56,0,0,0
94.6,033_04Jul2026_1601,-1.804518,1.939369,-0.1975285,Plane,5.00473,None,Plane,3.914965,4.02111,3.968037,52.15469,180,0,FALSE,,,0,13.49,0,0,0
94.7,033_04Jul2026_1601,-1.804682,1.940803,-0.211082,Plane,5.104645,None,Plane,3.917711,4.002676,3.960194,21.57065,180,0,FALSE,,,0,10.89,0,0,0
94.8,033_04Jul2026_1601,-1.800308,1.942983,-0.2252073,Plane,5.204773,None,Plane,3.973981,4.100614,4.037297,18.66572,180,0,FALSE,,,0,9.54,0,0,0
94.9,033_04Jul2026_1601,-1.790723,1.946864,-0.2292136,Plane,5.304741,None,Plane,3.954892,3.990894,3.972893,161.2505,180,0,FALSE,,,0,9.01,0,0,0
95,033_04Jul2026_1601,-1.780787,1.946854,-0.2329846,Plane,5.404663,None,Plane,3.935176,3.960366,3.947771,75.15853,180,0,FALSE,,,0,12.21,0,0,0
95.1,033_04Jul2026_1601,-1.767662,1.941472,-0.2382692,Plane,5.50489,None,Plane,3.802281,3.931654,3.866967,15.26608,180,0,FALSE,,,0,10.58,0,0,0
95.2,033_04Jul2026_1601,-1.75934,1.947433,-0.240172,Plane,5.604965,None,Plane,3.66127,3.81244,3.736855,24.11254,180,0,FALSE,,,0,13.06,0,0,0
95.3,033_04Jul2026_1601,-1.752985,1.958665,-0.2312393,Plane,5.704628,None,Plane,3.642672,3.867772,3.755222,37.85135,180,0,FALSE,,,0,22.45,0,0,0
95.4,033_04Jul2026_1601,-1.746232,1.968333,-0.2227249,Plane,5.805511,None,Plane,3.657356,3.928173,3.792765,18.10603,180,0,FALSE,,,0,35.49,0,0,0
95.5,033_04Jul2026_1601,-1.737866,1.983594,-0.2236976,None,0,Plane,None,3.365159,3.655337,3.510248,108.4909,180,0,FALSE,None,None,,,,,
95.6,033_04Jul2026_1601,-1.724926,1.992413,-0.2131552,None,0.09990692,Plane,None,3.409158,3.767723,3.58844,19.07345,180,0,FALSE,None,None,,,,,
95.7,033_04Jul2026_1601,-1.710068,1.994911,-0.1978675,None,0.1998825,Plane,None,3.495376,3.738978,3.617177,19.51715,180,0,FALSE,None,None,,,,,
95.8,033_04Jul2026_1601,-1.693631,1.995005,-0.1865655,None,0.3002625,Plane,None,3.540081,3.745184,3.642632,13.57417,180,0,FALSE,None,None,,,,,
95.9,033_04Jul2026_1601,-1.67538,1.990859,-0.1825297,Plane,0,None,Plane,3.828279,3.938009,3.883144,165.7976,180,0,FALSE,,,0,15.48,0,0,0
96,033_04Jul2026_1601,-1.656111,1.986147,-0.1818343,Plane,0.1001816,None,Plane,3.851918,3.959239,3.905579,10.91624,180,0,FALSE,,,0,14.22,0,0,0
96.1,033_04Jul2026_1601,-1.633996,1.983231,-0.1868602,Plane,0.2003098,None,Plane,3.817468,3.888543,3.853006,15.08968,180,0,FALSE,,,0,15.78,0,0,0
96.2,033_04Jul2026_1601,-1.611009,1.983179,-0.1952889,Plane,0.3003616,None,Plane,3.643621,3.769528,3.706574,123.4028,180,0,FALSE,,,0,37.11,0,0,0
96.3,033_04Jul2026_1601,-1.590306,1.990373,-0.2026902,None,0,Plane,None,3.630953,3.764358,3.697656,35.02122,180,0,FALSE,None,None,,,,,
96.4,033_04Jul2026_1601,-1.575085,1.995026,-0.2049776,None,0.100235,Plane,None,3.650371,3.797267,3.723819,21.81916,180,0,FALSE,None,None,,,,,
96.5,033_04Jul2026_1601,-1.566914,1.993252,-0.2067191,None,0.200119,Plane,None,3.696378,3.876276,3.786327,8.451631,180,0,FALSE,None,None,,,,,
96.6,033_04Jul2026_1601,-1.564626,1.988639,-0.2082674,None,0.300766,Plane,None,3.748531,3.959971,3.854251,20.00301,180,0,FALSE,None,None,,,,,
96.7,033_04Jul2026_1601,-1.566546,1.986187,-0.2100253,None,0.4001083,Plane,None,3.790686,3.949124,3.869905,11.70001,180,0,FALSE,None,None,,,,,
96.8,033_04Jul2026_1601,-1.572308,1.983533,-0.2102478,None,0.5001221,Plane,None,3.75231,3.870854,3.811582,15.62764,180,0,FALSE,None,None,,,,,
96.9,033_04Jul2026_1601,-1.584627,1.981802,-0.2108669,Plane,0,None,Plane,3.741315,3.886878,3.814097,11.44313,180,0,FALSE,,,0,38.99,0,0,0
97,033_04Jul2026_1601,-1.600884,1.976781,-0.2119517,Plane,0.09913635,None,Plane,3.731005,3.889261,3.810133,18.4316,180,0,FALSE,,,0,23.99,0,0,0
97.1,033_04Jul2026_1601,-1.620831,1.9716,-0.2145019,Plane,0.2005081,None,Plane,3.677576,3.826921,3.752249,18.38191,180,0,FALSE,,,0,17.24,0,0,0
97.2,033_04Jul2026_1601,-1.644698,1.966923,-0.218451,Plane,0.2990189,None,Plane,3.69983,3.852943,3.776387,14.4785,180,0,FALSE,,,0,14.41,0,0,0
97.3,033_04Jul2026_1601,-1.672261,1.963104,-0.2237532,Plane,0.3993912,None,Plane,3.762808,3.880255,3.821531,11.9221,180,0,FALSE,,,0,13.94,0,0,0
97.4,033_04Jul2026_1601,-1.697544,1.958476,-0.2279215,Plane,0.4991684,None,Plane,3.776685,3.857135,3.81691,105.6874,180,0,FALSE,,,0,30.38,0,0,0
97.5,033_04Jul2026_1601,-1.722322,1.952511,-0.2305094,Plane,0.5989304,None,Plane,3.74888,3.883918,3.816399,25.37148,180,0,FALSE,,,0,21.24,0,0,0
97.6,033_04Jul2026_1601,-1.743021,1.946441,-0.2333229,Plane,0.6989594,None,Plane,3.780814,3.864858,3.822836,10.63916,180,0,FALSE,,,0,18.27,0,0,0
97.7,033_04Jul2026_1601,-1.760546,1.94312,-0.2341357,Plane,0.7986832,None,Plane,3.777275,3.85939,3.818332,7.403846,180,0,FALSE,,,0,17,0,0,0
97.8,033_04Jul2026_1601,-1.776732,1.941927,-0.2335216,Plane,0.8936615,None,Plane,3.852995,3.889771,3.871383,98.9101,180,0,FALSE,,,0,20.98,0,0,0
97.9,033_04Jul2026_1601,-1.787305,1.93761,-0.2269633,Plane,0.9937439,None,Plane,3.84271,3.924704,3.883708,16.37539,180,0,FALSE,,,0,16.04,0,0,0
98,033_04Jul2026_1601,-1.791985,1.934275,-0.2173866,None,0,Plane,None,3.617623,3.740621,3.679122,139.6673,180,0,FALSE,None,None,,,,,
98.1,033_04Jul2026_1601,-1.791423,1.93499,-0.2035544,Plane,0,None,Plane,3.66389,3.774203,3.719046,21.97868,180,0,FALSE,,,0,31.71,0,0,0
98.2,033_04Jul2026_1601,-1.786063,1.938949,-0.186345,Plane,0.09989166,None,Plane,3.696513,3.805573,3.751043,13.88137,180,0,FALSE,,,0,25.73,0,0,0
98.3,033_04Jul2026_1601,-1.779599,1.945437,-0.1720596,Plane,0.1998444,None,Plane,3.624934,3.761081,3.693007,5.970433,180,0,FALSE,,,0,28.7,0,0,0
98.4,033_04Jul2026_1601,-1.771171,1.95097,-0.1643113,Plane,0.2996597,None,Plane,3.703866,3.854353,3.77911,14.83287,180,0,FALSE,,,0,38.09,0,0,0
98.5,033_04Jul2026_1601,-1.761388,1.956678,-0.1677821,None,0,Plane,None,3.704287,3.798331,3.751309,32.35063,180,0,FALSE,None,None,,,,,
98.6,033_04Jul2026_1601,-1.747897,1.962782,-0.177259,Plane,0,None,Plane,3.726459,3.823145,3.774802,89.18631,180,0,FALSE,,,0,48.91,0,0,0
98.7,033_04Jul2026_1601,-1.732767,1.967741,-0.1897051,Plane,0.09988403,None,Plane,3.804859,3.833118,3.818988,77.50251,180,0,FALSE,,,0,56.63,0,0,0
98.8,033_04Jul2026_1601,-1.714597,1.964421,-0.2081361,Plane,0.1997604,None,Plane,3.761684,3.843088,3.802386,25.80812,180,0,FALSE,,,0,40.42,0,0,0
98.9,033_04Jul2026_1601,-1.694688,1.962401,-0.2279426,Plane,0.2999573,None,Plane,3.674049,3.747923,3.710986,41.99486,180,0,FALSE,,,0,30.53,0,0,0
99,033_04Jul2026_1601,-1.67057,1.963708,-0.2486758,Plane,0.3995972,None,Plane,3.645504,3.733994,3.689749,35.16247,180,0,FALSE,,,0,28.71,0,0,0
99.1,033_04Jul2026_1601,-1.643003,1.963603,-0.2691531,Plane,0.4995422,None,Plane,3.777249,3.837342,3.807296,124.5921,180,0,FALSE,,,0,29.78,0,0,0
99.2,033_04Jul2026_1601,-1.618603,1.961664,-0.2851756,Plane,0.6000748,None,Plane,3.679712,3.800758,3.740235,26.97512,180,0,FALSE,,,0,26.92,0,0,0
99.3,033_04Jul2026_1601,-1.603327,1.958505,-0.2970783,Plane,0.7002258,None,Plane,3.712931,3.806607,3.759769,23.68081,180,0,FALSE,,,0,19.17,0,0,0
99.4,033_04Jul2026_1601,-1.591822,1.959919,-0.3019411,Plane,0.7998276,None,Plane,3.840306,4.034759,3.937532,48.25701,180,0,FALSE,,,0,15.08,0,0,0
99.5,033_04Jul2026_1601,-1.583804,1.966743,-0.3093499,Plane,0.9010086,None,Plane,3.853074,3.880658,3.866866,179.7235,180,0,FALSE,,,0,25.08,0,0,0
99.6,033_04Jul2026_1601,-1.57751,1.962537,-0.3162556,Plane,1.000687,None,Plane,3.760169,3.859395,3.809782,26.75585,180,0,FALSE,,,0,17.5,0,0,0
99.7,033_04Jul2026_1601,-1.571678,1.960822,-0.3221966,Plane,1.100937,None,Plane,3.681468,3.790599,3.736033,16.07654,180,0,FALSE,,,0,14.88,0,0,0
99.8,033_04Jul2026_1601,-1.564655,1.961531,-0.3265695,Plane,1.200897,None,Plane,3.678296,3.727895,3.703095,10.42715,180,0,FALSE,,,0,14.08,0,0,0
99.9,033_04Jul2026_1601,-1.559418,1.962834,-0.3292117,Plane,1.300919,None,Plane,3.541326,3.627438,3.584382,7.234622,180,0,FALSE,,,0,14.85,0,0,0
100,033_04Jul2026_1601,-1.553657,1.9636,-0.3324829,Plane,1.400726,None,Plane,3.489906,3.568645,3.529275,14.13972,180,0,FALSE,,,0,16.8,0,0,0
100.1,033_04Jul2026_1601,-1.544378,1.961064,-0.3381781,Plane,1.50106,None,Plane,3.398285,3.444753,3.421519,21.10978,180,0,FALSE,,,0,17.02,0,0,0
100.2,033_04Jul2026_1601,-1.529986,1.958024,-0.3452304,Plane,1.601875,None,Plane,3.426097,3.479102,3.4526,31.9388,180,0,FALSE,,,0,18.12,0,0,0
100.3,033_04Jul2026_1601,-1.5149,1.956206,-0.3493616,Plane,1.701019,None,Plane,3.609215,3.678279,3.643747,103.4975,180,0,FALSE,,,0,23.59,0,0,0
100.4,033_04Jul2026_1601,-1.503067,1.956502,-0.350617,Plane,1.800468,None,Plane,3.685037,3.73924,3.712139,5.710077,180,0,FALSE,,,0,21.32,0,0,0
100.5,033_04Jul2026_1601,-1.494908,1.95497,-0.3506865,Plane,1.90416,None,Plane,3.647258,3.717578,3.682418,2.313104,180,0,FALSE,,,0,20.45,0,0,0
100.6,033_04Jul2026_1601,-1.488955,1.954015,-0.3497387,Plane,2.004318,None,Plane,3.641473,3.711009,3.676241,4.147718,180,0,FALSE,,,0,20.05,0,0,0
100.7,033_04Jul2026_1601,-1.481915,1.953361,-0.3483831,Plane,2.103935,None,Plane,3.603096,3.73496,3.669028,126.7482,180,0,FALSE,,,0,7.46,0,0,0
100.8,033_04Jul2026_1601,-1.477149,1.954114,-0.3463371,Plane,2.204086,None,Plane,3.558002,3.676645,3.617324,4.095975,180,0,FALSE,,,0,7.32,0,0,0
100.9,033_04Jul2026_1601,-1.47711,1.954568,-0.3430658,Plane,2.304222,None,Plane,3.612021,3.718605,3.665313,12.32648,180,0,FALSE,,,0,7.52,0,0,0
101,033_04Jul2026_1601,-1.481451,1.95499,-0.3390253,Plane,2.404198,None,Plane,3.659505,3.762323,3.710914,18.75486,180,0,FALSE,,,0,7.67,0,0,0
101.1,033_04Jul2026_1601,-1.490944,1.956077,-0.3331729,None,0,Plane,None,3.852773,-1,1.426386,232.3534,180,0,FALSE,None,None,,,,,
101.2,033_04Jul2026_1601,-1.505271,1.956886,-0.3260362,None,0.09988403,Plane,None,3.58745,3.685795,3.636623,131.1016,180,0,FALSE,None,None,,,,,
101.3,033_04Jul2026_1601,-1.520645,1.957859,-0.3181242,Plane,0,None,Plane,3.594337,3.732407,3.663372,100.8889,180,0,FALSE,,,0,26.52,0,0,0
101.4,033_04Jul2026_1601,-1.536432,1.959564,-0.3095207,Plane,0.09989929,None,Plane,3.627896,3.764016,3.695956,39.55146,180,0,FALSE,,,0,22.93,0,0,0
101.5,033_04Jul2026_1601,-1.555604,1.961065,-0.2996025,Plane,0.2003937,None,Plane,3.614289,3.787172,3.70073,38.32784,180,0,FALSE,,,0,21.19,0,0,0
101.6,033_04Jul2026_1601,-1.578917,1.960966,-0.2885731,Plane,0.302681,None,Plane,3.570591,3.673574,3.622083,61.22095,180,0,FALSE,,,0,15.23,0,0,0
101.7,033_04Jul2026_1601,-1.603785,1.958965,-0.2772347,Plane,0.4029388,None,Plane,3.507766,3.689582,3.598674,127.044,180,0,FALSE,,,0,13.04,0,0,0
101.8,033_04Jul2026_1601,-1.62803,1.95656,-0.2707359,Plane,0.502533,None,Plane,3.535274,3.629781,3.582527,16.29302,180,0,FALSE,,,0,12.4,0,0,0
101.9,033_04Jul2026_1601,-1.649432,1.951938,-0.270537,Plane,0.5942459,None,Plane,3.544694,3.682485,3.613589,15.96795,180,0,FALSE,,,0,13.45,0,0,0
102,033_04Jul2026_1601,-1.675162,1.936346,-0.2650408,Plane,0.7022934,None,Plane,3.642024,3.817893,3.729958,165.5018,180,0,FALSE,,,0,11.47,0,0,0
102.1,033_04Jul2026_1601,-1.700645,1.928035,-0.2555764,Plane,0.8027496,None,Plane,3.628487,3.780345,3.704416,27.07525,180,0,FALSE,,,0,11,0,0,0
102.2,033_04Jul2026_1601,-1.725665,1.92913,-0.2455911,Plane,0.9025803,None,Plane,3.652346,3.793474,3.72291,8.376836,180,0,FALSE,,,0,11.22,0,0,0
102.3,033_04Jul2026_1601,-1.752993,1.932734,-0.2358838,Plane,1.002449,None,Plane,3.686485,3.869107,3.777796,25.36292,180,0,FALSE,,,0,13.59,0,0,0
102.4,033_04Jul2026_1601,-1.781418,1.937108,-0.2166539,Plane,1.102509,None,Plane,3.693774,3.937392,3.815583,82.29715,180,0,FALSE,,,0,12.93,0,0,0
102.5,033_04Jul2026_1601,-1.805569,1.943488,-0.1853385,Plane,1.202942,None,Plane,3.682935,3.875622,3.779279,28.8166,180,0,FALSE,,,0,11.92,0,0,0
102.6,033_04Jul2026_1601,-1.818696,1.948548,-0.1449081,Plane,1.302277,None,Plane,3.71298,3.919332,3.816156,44.06032,180,0,FALSE,,,0,13.5,0,0,0
102.7,033_04Jul2026_1601,-1.8157,1.951151,-0.0879115,Plane,1.402664,None,Plane,3.6243,3.835396,3.729848,89.63918,180,0,FALSE,,,0,14.02,0,0,0
102.8,033_04Jul2026_1601,-1.79128,1.961984,-0.01679971,None,0,Plane,None,3.590938,3.752543,3.671741,245.2434,180,0,FALSE,None,None,,,,,
102.9,033_04Jul2026_1601,-1.749305,1.971718,0.04164162,Plane,0,None,Plane,3.695458,4.024771,3.860114,334.5428,180,0,FALSE,,,0,51.1,0,0,0
103,033_04Jul2026_1601,-1.697663,1.979767,0.08338795,Plane,0.09915924,None,Plane,3.820652,4.031558,3.926105,71.51537,180,0,FALSE,,,0,26.06,0,0,0
103.1,033_04Jul2026_1601,-1.645004,1.981432,0.1062235,Plane,0.1987839,None,Plane,3.842252,4.025628,3.93394,38.74453,180,0,FALSE,,,0,31.47,0,0,0
103.2,033_04Jul2026_1601,-1.602791,1.980154,0.1179575,Plane,0.299614,None,Plane,3.821114,3.99025,3.905682,94.54581,180,0,FALSE,,,0,20.73,0,0,0
103.3,033_04Jul2026_1601,-1.581132,1.978622,0.1286298,Plane,0.3992157,None,Plane,3.669758,3.805635,3.737697,54.44284,180,0,FALSE,,,0,23.89,0,0,0
103.4,033_04Jul2026_1601,-1.568177,1.971706,0.1399465,Plane,0.4992294,None,Plane,3.494179,3.649237,3.571708,25.60433,180,0,FALSE,,,0,22.7,0,0,0
103.5,033_04Jul2026_1601,-1.555362,1.953579,0.1487583,Plane,0.5990295,None,Plane,3.498032,3.658144,3.578088,19.37784,180,0,FALSE,,,0,16.67,0,0,0
103.6,033_04Jul2026_1601,-1.53671,1.9368,0.1509462,Plane,0.6996384,None,Plane,3.435768,3.666032,3.5509,39.60121,180,0,FALSE,,,0,11.11,0,0,0
103.7,033_04Jul2026_1601,-1.515395,1.926687,0.144392,Plane,0.7995377,None,Plane,3.450071,3.679536,3.564804,34.36824,180,0,FALSE,,,0,9.6,0,0,0
103.8,033_04Jul2026_1601,-1.505194,1.925483,0.133902,Plane,0.8992004,None,Plane,3.385613,3.572374,3.478994,5.72887,180,0,FALSE,,,0,10.01,0,0,0
103.9,033_04Jul2026_1601,-1.507926,1.93121,0.1221021,Plane,0.999176,None,Plane,3.42212,3.578734,3.500427,29.24604,180,0,FALSE,,,0,11.73,0,0,0
104,033_04Jul2026_1601,-1.515918,1.939746,0.109783,Plane,1.099068,None,Plane,3.559824,3.710202,3.635013,62.83474,180,0,FALSE,,,0,8.33,0,0,0
104.1,033_04Jul2026_1601,-1.523096,1.949657,0.09652147,Plane,1.199097,None,Plane,3.557781,3.677078,3.617429,20.73075,180,0,FALSE,,,0,8.85,0,0,0
104.2,033_04Jul2026_1601,-1.522789,1.961063,0.08290261,Plane,1.299271,None,Plane,3.634928,3.756457,3.695693,4.313036,180,0,FALSE,,,0,9.22,0,0,0
104.3,033_04Jul2026_1601,-1.519634,1.972587,0.07189542,Plane,1.39888,None,Plane,3.700325,3.79566,3.747993,11.36034,180,0,FALSE,,,0,10.04,0,0,0
104.4,033_04Jul2026_1601,-1.516707,1.981364,0.06359743,Plane,1.499123,None,Plane,3.471292,3.543381,3.507337,54.3713,180,0,FALSE,,,0,19.12,0,0,0
104.5,033_04Jul2026_1601,-1.514823,1.988365,0.05692581,Plane,1.59935,None,Plane,3.594326,3.7758,3.685063,49.32659,180,0,FALSE,,,0,29.45,0,0,0
104.6,033_04Jul2026_1601,-1.51647,1.991811,0.05076272,Plane,1.69944,None,Plane,3.710395,3.812458,3.761427,8.480428,180,0,FALSE,,,0,25.24,0,0,0
104.7,033_04Jul2026_1601,-1.517361,1.993676,0.04326158,Plane,1.804794,None,Plane,3.797929,3.874559,3.836244,3.916255,180,0,FALSE,,,0,27.19,0,0,0
104.8,033_04Jul2026_1601,-1.516927,1.997166,0.03700292,Plane,1.905106,None,Plane,3.868742,3.934713,3.901728,15.03241,180,0,FALSE,,,0,28.97,0,0,0
104.9,033_04Jul2026_1601,-1.516443,2.000555,0.03355189,Plane,2.004936,None,Plane,3.817189,3.918877,3.868033,33.99141,180,0,FALSE,,,0,46.55,0,0,0
105,033_04Jul2026_1601,-1.515377,2.002698,0.03390228,None,0,Plane,None,3.723992,3.849857,3.786924,24.43782,180,0,FALSE,None,None,,,,,
105.1,033_04Jul2026_1601,-1.511485,2.003505,0.03715256,None,0.09978485,Plane,None,3.70559,3.828363,3.766977,22.78817,180,0,FALSE,None,None,,,,,
105.2,033_04Jul2026_1601,-1.50365,2.000598,0.04000206,Plane,0,None,Plane,3.680498,3.831344,3.755921,108.8003,180,0,FALSE,,,0,18.32,0,0,0
105.3,033_04Jul2026_1601,-1.492114,1.999489,0.0414189,Plane,0.0998764,None,Plane,3.595899,3.792205,3.694052,57.74997,180,0,FALSE,,,0,13.75,0,0,0
105.4,033_04Jul2026_1601,-1.48034,1.998662,0.04086007,Plane,0.1999817,None,Plane,3.58406,3.680814,3.632437,32.18583,180,0,FALSE,,,0,14.81,0,0,0
105.5,033_04Jul2026_1601,-1.468186,1.997631,0.03941906,Plane,0.2994537,None,Plane,3.604746,3.67571,3.640228,32.4127,180,0,FALSE,,,0,17.69,0,0,0
105.6,033_04Jul2026_1601,-1.456802,1.99498,0.03856109,TestCube,0,Plane,TestCube,3.667473,3.744885,3.706179,61.42312,180,0,FALSE,,,0,11.47,5.23,1.47,9.98
105.7,033_04Jul2026_1601,-1.445153,1.993818,0.03719665,TestCube,0.09988403,Plane,TestCube,3.769173,3.888307,3.82874,30.24018,180,0,FALSE,,,0,10.35,5.23,1.47,9.98
105.8,033_04Jul2026_1601,-1.434282,1.992047,0.03596536,TestCube,0.1998978,Plane,TestCube,3.777709,3.907429,3.842569,21.77777,180,0,FALSE,,,0,10.17,5.23,1.47,9.98
105.9,033_04Jul2026_1601,-1.425765,1.990578,0.03585944,TestCube,0.2998581,Plane,TestCube,3.801276,3.858758,3.830017,12.52761,180,0,FALSE,,,0,10.24,5.23,1.47,9.98
106,033_04Jul2026_1601,-1.420244,1.989336,0.03610127,TestCube,0.3994064,Plane,TestCube,3.88201,3.928642,3.905325,2.291763,180,0,FALSE,,,0,10.21,5.23,1.47,9.98
106.1,033_04Jul2026_1601,-1.417091,1.988343,0.0371887,None,0,TestCube,None,3.867206,3.995664,3.931435,95.07935,180,0,FALSE,None,None,,,,,
106.2,033_04Jul2026_1601,-1.416128,1.987517,0.03819403,None,0.100174,TestCube,None,3.963412,4.109622,4.036517,6.362442,180,0,FALSE,None,None,,,,,
106.3,033_04Jul2026_1601,-1.416531,1.987258,0.03892993,Plane,0,None,Plane,4.070855,4.164829,4.117842,8.955863,180,0,FALSE,,,0,38.14,0,0,0
106.4,033_04Jul2026_1601,-1.41837,1.986804,0.04004807,Plane,0.100647,None,Plane,4.172166,4.225517,4.198842,12.51336,180,0,FALSE,,,0,43.53,0,0,0
106.5,033_04Jul2026_1601,-1.42253,1.986627,0.04121692,Plane,0.1995926,None,Plane,4.181091,4.202473,4.191782,15.26348,180,0,FALSE,,,0,42.39,0,0,0
106.6,033_04Jul2026_1601,-1.430048,1.98783,0.04269817,Plane,0.299614,None,Plane,4.18834,4.181876,4.185108,62.40628,180,0,FALSE,,,0,16.45,0,0,0
106.7,033_04Jul2026_1601,-1.443065,1.989147,0.04481807,Plane,0.3996964,None,Plane,4.168748,4.156456,4.162602,33.96695,180,0,FALSE,,,0,15.02,0,0,0
106.8,033_04Jul2026_1601,-1.461921,1.989699,0.04672175,Plane,0.4994507,None,Plane,4.112522,4.081387,4.096954,46.93059,180,0,FALSE,,,0,14.32,0,0,0
106.9,033_04Jul2026_1601,-1.481103,1.990138,0.04789009,Plane,0.5997467,None,Plane,-1,4.03747,1.518735,83.98011,180,0,FALSE,,,0,36,0,0,0
107,033_04Jul2026_1601,-1.499954,1.989308,0.04854087,None,0,Plane,None,3.721323,3.969293,3.845308,151.9696,180,0,FALSE,None,None,,,,,
107.1,033_04Jul2026_1601,-1.522766,1.98668,0.04752884,Plane,0,None,Plane,3.941843,3.992671,3.967257,146.6025,180,0,FALSE,,,0,34.26,0,0,0
107.2,033_04Jul2026_1601,-1.550582,1.986111,0.04190844,Plane,0.1004868,None,Plane,3.915655,3.962225,3.93894,46.93494,180,0,FALSE,,,0,23.87,0,0,0
107.3,033_04Jul2026_1601,-1.580296,1.987897,0.03205232,Plane,0.1994019,None,Plane,3.929956,3.949336,3.939646,50.80115,180,0,FALSE,,,0,21.52,0,0,0
107.4,033_04Jul2026_1601,-1.609599,1.986911,0.01925141,Plane,0.2998886,None,Plane,3.878814,3.925323,3.902069,32.41964,180,0,FALSE,,,0,21.97,0,0,0
107.5,033_04Jul2026_1601,-1.635669,1.984064,0.005103178,Plane,0.3999329,None,Plane,3.947337,4.006345,3.976841,223.9941,180,0,FALSE,,,0,9.56,0,0,0
107.6,033_04Jul2026_1601,-1.65823,1.981545,-0.01083562,Plane,0.5000763,None,Plane,3.876928,3.990305,3.933617,51.25737,180,0,FALSE,,,0,8.28,0,0,0
107.7,033_04Jul2026_1601,-1.67868,1.979363,-0.0285365,Plane,0.5999603,None,Plane,3.850231,3.944428,3.897329,38.30569,180,0,FALSE,,,0,8.21,0,0,0
107.8,033_04Jul2026_1601,-1.698618,1.97765,-0.04726236,Plane,0.7000732,None,Plane,3.826807,3.834577,3.830692,109.6188,180,0,FALSE,,,0,16.31,0,0,0
107.9,033_04Jul2026_1601,-1.719233,1.97198,-0.06810687,Plane,0.7994843,None,Plane,3.799067,3.790376,3.794722,55.74294,180,0,FALSE,,,0,13.47,0,0,0
108,033_04Jul2026_1601,-1.735681,1.964592,-0.08855103,Plane,0.9012222,None,Plane,3.81259,3.802496,3.807543,32.99208,180,0,FALSE,,,0,10.7,0,0,0
108.1,033_04Jul2026_1601,-1.745063,1.963606,-0.1060854,Plane,1.002419,None,Plane,3.802415,3.829358,3.815886,75.75002,180,0,FALSE,,,0,11.84,0,0,0
108.2,033_04Jul2026_1601,-1.75166,1.964792,-0.121483,Plane,1.100113,None,Plane,3.831789,3.857177,3.844483,37.66946,180,0,FALSE,,,0,13.28,0,0,0
108.3,033_04Jul2026_1601,-1.756434,1.961289,-0.1353303,Plane,1.199539,None,Plane,3.86709,3.894419,3.880754,12.04212,180,0,FALSE,,,0,12.33,0,0,0
108.4,033_04Jul2026_1601,-1.759032,1.957553,-0.1522737,Plane,1.299767,None,Plane,3.950988,3.966071,3.95853,19.12384,180,0,FALSE,,,0,11.52,0,0,0
108.5,033_04Jul2026_1601,-1.763184,1.95189,-0.1710107,Plane,1.399826,None,Plane,3.929096,3.946888,3.937993,26.63917,180,0,FALSE,,,0,12.23,0,0,0
108.6,033_04Jul2026_1601,-1.769012,1.942335,-0.189364,Plane,1.49984,None,Plane,3.955308,4.045122,4.000215,86.81326,180,0,FALSE,,,0,8.95,0,0,0
108.7,033_04Jul2026_1601,-1.774924,1.938197,-0.2001529,Plane,1.599709,None,Plane,3.963225,4.028886,3.996056,9.360459,180,0,FALSE,,,0,8.37,0,0,0
108.8,033_04Jul2026_1601,-1.783301,1.93463,-0.2065292,Plane,1.700005,None,Plane,3.988439,3.998782,3.99361,9.096666,180,0,FALSE,,,0,8.49,0,0,0
108.9,033_04Jul2026_1601,-1.791457,1.927917,-0.2110334,Plane,1.799805,None,Plane,3.98017,4.043367,4.011768,9.720965,180,0,FALSE,,,0,8.02,0,0,0
109,033_04Jul2026_1601,-1.7975,1.92236,-0.2194421,Plane,1.90435,None,Plane,3.989375,4.011358,4.000366,9.116215,180,0,FALSE,,,0,7.72,0,0,0
109.1,033_04Jul2026_1601,-1.800563,1.918207,-0.2278706,Plane,2.004227,None,Plane,3.831517,3.921232,3.876374,7.424308,180,0,FALSE,,,0,8.09,0,0,0
109.2,033_04Jul2026_1601,-1.802135,1.916061,-0.2334113,Plane,2.104195,None,Plane,3.755311,3.844226,3.799768,3.947838,180,0,FALSE,,,0,8.32,0,0,0
109.3,033_04Jul2026_1601,-1.802951,1.91465,-0.2355129,Plane,2.204094,None,Plane,3.656938,3.751061,3.704,12.83514,180,0,FALSE,,,0,8.53,0,0,0
109.4,033_04Jul2026_1601,-1.802814,1.91149,-0.235344,Plane,2.303917,None,Plane,3.646245,3.720447,3.683346,39.1564,180,0,FALSE,,,0,9.29,0,0,0
109.5,033_04Jul2026_1601,-1.801094,1.911736,-0.2380938,Plane,2.40509,None,Plane,3.660644,3.748248,3.704446,59.55022,180,0,FALSE,,,0,10.02,0,0,0
109.6,033_04Jul2026_1601,-1.798573,1.914892,-0.2411687,Plane,2.503967,None,Plane,3.726928,3.815564,3.771246,5.274442,180,0,FALSE,,,0,10.38,0,0,0
109.7,033_04Jul2026_1601,-1.794975,1.920122,-0.2387666,Plane,2.60614,None,Plane,3.846087,3.917562,3.881824,10.86514,180,0,FALSE,,,0,10.86,0,0,0
109.8,033_04Jul2026_1601,-1.789476,1.926917,-0.2345302,Plane,2.704536,None,Plane,3.885505,4.012834,3.94917,9.087356,180,0,FALSE,,,0,11.29,0,0,0
109.9,033_04Jul2026_1601,-1.783407,1.935082,-0.2274833,Plane,2.804306,None,Plane,3.897404,3.972273,3.934838,95.86688,180,0,FALSE,,,0,6.29,0,0,0
110,033_04Jul2026_1601,-1.77984,1.941422,-0.2197596,Plane,2.904579,None,Plane,3.781642,3.801819,3.791731,18.72625,180,0,FALSE,,,0,6.94,0,0,0
110.1,033_04Jul2026_1601,-1.781057,1.941524,-0.2130811,Plane,3.004623,None,Plane,3.697963,3.743531,3.720747,5.014094,180,0,FALSE,,,0,7.15,0,0,0
110.2,033_04Jul2026_1601,-1.788107,1.937978,-0.2054243,Plane,3.104233,None,Plane,3.68937,3.781103,3.735237,6.000878,180,0,FALSE,,,0,7,0,0,0
110.3,033_04Jul2026_1601,-1.793575,1.933696,-0.1930391,Plane,3.204086,None,Plane,3.687279,3.801621,3.74445,26.97797,180,0,FALSE,,,0,6.43,0,0,0
110.4,033_04Jul2026_1601,-1.796104,1.931642,-0.1888946,Plane,3.304466,None,Plane,3.56029,3.662287,3.611289,127.0943,180,0,FALSE,,,0,17.21,0,0,0
110.5,033_04Jul2026_1601,-1.795184,1.935162,-0.1930625,Plane,3.403893,None,Plane,3.717054,3.760429,3.738741,10.63687,180,0,FALSE,,,0,15.26,0,0,0
110.6,033_04Jul2026_1601,-1.791404,1.939326,-0.1875181,Plane,3.504051,None,Plane,3.757441,3.810244,3.783842,14.42537,180,0,FALSE,,,0,14.79,0,0,0
110.7,033_04Jul2026_1601,-1.786532,1.942583,-0.1728954,Plane,3.604195,None,Plane,3.690963,3.803074,3.747018,38.38288,180,0,FALSE,,,0,15.47,0,0,0
110.8,033_04Jul2026_1601,-1.781883,1.945649,-0.1603422,Plane,3.703514,None,Plane,3.636518,3.823615,3.730066,21.66238,180,0,FALSE,,,0,15.78,0,0,0
110.9,033_04Jul2026_1601,-1.776265,1.950109,-0.1543257,Plane,3.804337,None,Plane,3.779461,3.924239,3.85185,80.58331,180,0,FALSE,,,0,9.05,0,0,0
111,033_04Jul2026_1601,-1.771117,1.954633,-0.1508311,Plane,3.904099,None,Plane,3.791225,3.931914,3.861569,13.21338,180,0,FALSE,,,0,9.74,0,0,0
111.1,033_04Jul2026_1601,-1.766473,1.957257,-0.141794,Plane,4.004425,None,Plane,3.792295,3.855114,3.823704,25.35097,180,0,FALSE,,,0,10.29,0,0,0
111.2,033_04Jul2026_1601,-1.759756,1.956758,-0.1313367,Plane,4.104507,None,Plane,3.780477,3.845039,3.812758,39.41368,180,0,FALSE,,,0,10.72,0,0,0
111.3,033_04Jul2026_1601,-1.751162,1.956383,-0.1301162,Plane,4.209396,None,Plane,3.821062,3.886173,3.853618,61.61255,180,0,FALSE,,,0,13.75,0,0,0
111.4,033_04Jul2026_1601,-1.75328,1.952621,-0.1418789,Plane,4.30925,None,Plane,3.780525,3.872241,3.826383,29.53748,180,0,FALSE,,,0,20.86,0,0,0
111.5,033_04Jul2026_1601,-1.764429,1.956858,-0.152172,Plane,4.410103,None,Plane,3.800605,3.916833,3.858719,35.61995,180,0,FALSE,,,0,21.34,0,0,0
111.6,033_04Jul2026_1601,-1.776589,1.957014,-0.1557764,Plane,4.5093,None,Plane,3.900188,4.016702,3.958445,25.87431,180,0,FALSE,,,0,18.63,0,0,0
111.7,033_04Jul2026_1601,-1.793861,1.952121,-0.1526449,Plane,4.609512,None,Plane,4.019919,4.185609,4.102764,141.0979,180,0,FALSE,,,0,6.63,0,0,0
111.8,033_04Jul2026_1601,-1.805278,1.941141,-0.1408851,Plane,4.709831,None,Plane,4.130952,4.226849,4.178901,43.07905,180,0,FALSE,,,0,5.33,0,0,0
111.9,033_04Jul2026_1601,-1.813279,1.938216,-0.1271178,Plane,4.809456,None,Plane,4.096497,4.114284,4.105391,10.64907,180,0,FALSE,,,0,5.08,0,0,0
112,033_04Jul2026_1601,-1.815632,1.937433,-0.115545,Plane,4.909485,None,Plane,3.999938,4.031144,4.015541,5.317684,180,0,FALSE,,,0,4.97,0,0,0
112.1,033_04Jul2026_1601,-1.818045,1.938417,-0.1070643,Plane,5.009117,None,Plane,3.655481,3.706289,3.680885,139.125,180,0,FALSE,,,0,11.1,0,0,0
112.2,033_04Jul2026_1601,-1.819363,1.940369,-0.1005498,Plane,5.109818,None,Plane,3.508946,3.64399,3.576468,15.26786,180,0,FALSE,,,0,12.84,0,0,0
112.3,033_04Jul2026_1601,-1.816223,1.943548,-0.09423957,Plane,5.209358,None,Plane,3.528518,3.637697,3.583108,8.863365,180,0,FALSE,,,0,13.84,0,0,0
112.4,033_04Jul2026_1601,-1.810284,1.949082,-0.09241743,Plane,5.309586,None,Plane,3.552676,3.657106,3.604891,24.11383,180,0,FALSE,,,0,18.23,0,0,0
112.5,033_04Jul2026_1601,-1.801965,1.948031,-0.09780107,Plane,5.409798,None,Plane,3.813878,3.882612,3.848245,119.569,180,0,FALSE,,,0,35.52,0,0,0
112.6,033_04Jul2026_1601,-1.800462,1.952939,-0.1119827,Plane,5.509125,None,Plane,3.770545,3.850603,3.810574,0.8906868,180,0,FALSE,,,0,34.38,0,0,0
112.7,033_04Jul2026_1601,-1.795602,1.954372,-0.1350729,Plane,5.609406,None,Plane,3.966608,4.016148,3.991378,30.74487,180,0,FALSE,,,0,19.41,0,0,0
112.8,033_04Jul2026_1601,-1.789019,1.951379,-0.1557497,Plane,5.709511,None,Plane,3.961643,3.984184,3.972913,8.342157,180,0,FALSE,,,0,16.94,0,0,0
112.9,033_04Jul2026_1601,-1.780866,1.947371,-0.1748524,Plane,5.8097,None,Plane,3.991194,3.973706,3.98245,15.13468,180,0,FALSE,,,0,13.8,0,0,0
113,033_04Jul2026_1601,-1.774177,1.946835,-0.1930014,Plane,5.899384,None,Plane,3.857937,3.955293,3.906615,77.12631,180,0,FALSE,,,0,15.25,0,0,0
113.1,033_04Jul2026_1601,-1.766804,1.948071,-0.2162599,Plane,6.003296,None,Plane,3.815691,3.893478,3.854584,49.12495,180,0,FALSE,,,0,16.61,0,0,0
113.2,033_04Jul2026_1601,-1.758918,1.951488,-0.2396259,Plane,6.105217,None,Plane,3.757306,3.835608,3.796457,12.79876,180,0,FALSE,,,0,14.15,0,0,0
113.3,033_04Jul2026_1601,-1.745844,1.956319,-0.260829,Plane,6.203636,None,Plane,3.712055,3.897228,3.804641,8.905582,180,0,FALSE,,,0,12.9,0,0,0
113.4,033_04Jul2026_1601,-1.729116,1.961305,-0.2768114,Plane,6.304016,None,Plane,3.788584,3.877861,3.833223,5.142873,180,0,FALSE,,,0,13.68,0,0,0
113.5,033_04Jul2026_1601,-1.714226,1.967902,-0.2872224,Plane,6.403824,None,Plane,3.880336,3.960976,3.920656,43.21059,180,0,FALSE,,,0,13.09,0,0,0
113.6,033_04Jul2026_1601,-1.703541,1.973093,-0.2943713,Plane,6.503632,None,Plane,4.104017,4.145885,4.124951,128.7281,180,0,FALSE,,,0,5.58,0,0,0
113.7,033_04Jul2026_1601,-1.695339,1.973629,-0.2944041,Plane,6.60334,None,Plane,4.166203,4.244236,4.205219,6.398294,180,0,FALSE,,,0,5.43,0,0,0
113.8,033_04Jul2026_1601,-1.692127,1.977261,-0.2838935,Plane,6.703827,None,Plane,4.102296,4.217261,4.159779,26.18019,180,0,FALSE,,,0,5.6,0,0,0
113.9,033_04Jul2026_1601,-1.693099,1.983409,-0.2645662,Plane,6.803185,None,Plane,4.049595,4.168517,4.109056,51.75796,180,0,FALSE,,,0,6.2,0,0,0
114,033_04Jul2026_1601,-1.695883,1.983887,-0.2517169,Plane,6.903923,None,Plane,3.891029,4.076891,3.98396,37.5331,180,0,FALSE,,,0,7.18,0,0,0
114.1,033_04Jul2026_1601,-1.702247,1.978775,-0.2441479,Plane,7.005188,None,Plane,3.678467,3.821157,3.749812,149.1959,180,0,FALSE,,,0,38.67,0,0,0
114.2,033_04Jul2026_1601,-1.710232,1.971755,-0.2345149,Plane,7.103775,None,Plane,3.688625,3.820928,3.754776,29.91423,180,0,FALSE,,,0,20.94,0,0,0
114.3,033_04Jul2026_1601,-1.72195,1.968391,-0.2209784,Plane,7.203835,None,Plane,3.59479,3.761117,3.677954,21.99295,180,0,FALSE,,,0,17.65,0,0,0
114.4,033_04Jul2026_1601,-1.731708,1.966795,-0.1992485,Plane,7.30349,None,Plane,3.670744,3.86912,3.769932,27.42042,180,0,FALSE,,,0,17.61,0,0,0
114.5,033_04Jul2026_1601,-1.738134,1.963733,-0.1663236,Plane,7.4039,None,Plane,3.79949,4.03732,3.918405,78.43101,180,0,FALSE,,,0,14.41,0,0,0
114.6,033_04Jul2026_1601,-1.739395,1.961732,-0.1274834,Plane,7.503731,None,Plane,3.832929,4.095842,3.964386,122.6552,180,0,FALSE,,,0,11.39,0,0,0
114.7,033_04Jul2026_1601,-1.738438,1.957404,-0.09434199,Plane,7.607384,None,Plane,3.775332,3.995907,3.885619,27.05656,180,0,FALSE,,,0,10.22,0,0,0
114.8,033_04Jul2026_1601,-1.736666,1.95195,-0.06938319,Plane,7.703613,None,Plane,3.675976,3.911376,3.793676,17.66451,180,0,FALSE,,,0,9.34,0,0,0
114.9,033_04Jul2026_1601,-1.732317,1.950431,-0.04607871,Plane,7.804001,None,Plane,3.776851,3.939931,3.858391,89.32544,180,0,FALSE,,,0,9,0,0,0
115,033_04Jul2026_1601,-1.726423,1.949432,-0.02513698,Plane,7.903671,None,Plane,3.720438,3.908341,3.81439,101.1483,180,0,FALSE,,,0,8.39,0,0,0
115.1,033_04Jul2026_1601,-1.720277,1.947335,-0.005629182,Plane,8.004036,None,Plane,3.702504,3.866133,3.784318,2.702565,180,0,FALSE,,,0,8.5,0,0,0
115.2,033_04Jul2026_1601,-1.712441,1.944319,0.01144202,Plane,8.107994,None,Plane,3.741854,3.858483,3.800169,13.1621,180,0,FALSE,,,0,8.33,0,0,0
115.3,033_04Jul2026_1601,-1.706338,1.943543,0.02143064,Plane,8.207321,None,Plane,3.754715,3.96543,3.860073,1.920665,180,0,FALSE,,,0,8.41,0,0,0
115.4,033_04Jul2026_1601,-1.702214,1.94268,0.02477979,Plane,8.307877,None,Plane,3.692929,3.928471,3.8107,7.265781,180,0,FALSE,,,0,8.31,0,0,0
115.5,033_04Jul2026_1601,-1.699657,1.943778,0.02094364,Plane,8.407379,None,Plane,3.795518,3.98866,3.892089,145.8526,180,0,FALSE,,,0,5.29,0,0,0
115.6,033_04Jul2026_1601,-1.699107,1.944153,0.01207701,Plane,8.507553,None,Plane,3.808826,4.003694,3.90626,53.52163,180,0,FALSE,,,0,4.71,0,0,0
115.7,033_04Jul2026_1601,-1.69965,1.945885,-0.00283823,Plane,8.607323,None,Plane,3.872109,4.04935,3.960729,12.44776,180,0,FALSE,,,0,4.82,0,0,0
115.8,033_04Jul2026_1601,-1.699364,1.949537,-0.02180832,Plane,8.707214,None,Plane,3.940515,4.07308,4.006798,17.67829,180,0,FALSE,,,0,4.98,0,0,0
115.9,033_04Jul2026_1601,-1.700552,1.954402,-0.04354703,Plane,8.807411,None,Plane,-1,3.664327,1.332164,194.7445,180,0,FALSE,,,0,23.48,0,0,0
116,033_04Jul2026_1601,-1.701464,1.956242,-0.06191013,Plane,8.90744,None,Plane,3.556361,3.6812,3.61878,65.70687,180,0,FALSE,,,0,35.25,0,0,0
116.1,033_04Jul2026_1601,-1.700416,1.95577,-0.07812122,Plane,9.007614,None,Plane,3.487908,3.621982,3.554945,30.68051,180,0,FALSE,,,0,42.54,0,0,0
116.2,033_04Jul2026_1601,-1.699182,1.958241,-0.09444194,Plane,9.107246,None,Plane,3.54106,3.59213,3.566595,22.21721,180,0,FALSE,,,0,46.87,0,0,0
116.3,033_04Jul2026_1601,-1.698366,1.95886,-0.1076107,Plane,9.207832,None,Plane,3.491554,3.601735,3.546644,14.2885,180,0,FALSE,,,0,38.36,0,0,0
116.4,033_04Jul2026_1601,-1.698178,1.95834,-0.1195364,Plane,9.307281,None,Plane,3.528035,3.659122,3.593579,12.36207,180,0,FALSE,,,0,30.85,0,0,0
116.5,033_04Jul2026_1601,-1.698509,1.958257,-0.132668,Plane,9.407394,None,Plane,3.57996,3.798804,3.689382,14.98551,180,0,FALSE,,,0,26.53,0,0,0
116.6,033_04Jul2026_1601,-1.699333,1.957937,-0.1452887,Plane,9.510567,None,Plane,3.615147,3.751657,3.683402,20.17494,180,0,FALSE,,,0,26.75,0,0,0
116.7,033_04Jul2026_1601,-1.699399,1.957198,-0.1556074,Plane,9.599602,None,Plane,3.613242,3.762786,3.688014,16.97702,180,0,FALSE,,,0,23.52,0,0,0
116.8,033_04Jul2026_1601,-1.698813,1.956713,-0.1663772,Plane,9.699913,None,Plane,3.551688,3.765943,3.658815,12.19059,180,0,FALSE,,,0,21.81,0,0,0
116.9,033_04Jul2026_1601,-1.697866,1.956507,-0.1760602,Plane,9.799736,None,Plane,3.544984,3.711707,3.628345,6.967211,180,0,FALSE,,,0,23.22,0,0,0
117,033_04Jul2026_1601,-1.69634,1.956091,-0.1856771,Plane,9.9002,None,Plane,3.649094,3.675062,3.662078,94.23344,180,0,FALSE,,,0,31.57,0,0,0
117.1,033_04Jul2026_1601,-1.69406,1.955881,-0.1939631,Plane,10.00044,None,Plane,3.660744,3.727829,3.694286,8.531669,180,0,FALSE,,,0,25.84,0,0,0
117.2,033_04Jul2026_1601,-1.69146,1.955719,-0.2005825,Plane,10.09953,None,Plane,3.612427,3.740113,3.67627,5.160223,180,0,FALSE,,,0,23.58,0,0,0
117.3,033_04Jul2026_1601,-1.689106,1.955741,-0.2073325,Plane,10.1998,None,Plane,3.658324,3.78119,3.719757,12.72932,180,0,FALSE,,,0,19.28,0,0,0
117.4,033_04Jul2026_1601,-1.685543,1.956868,-0.2123713,Plane,10.2997,None,Plane,3.640525,3.820371,3.730448,3.880447,180,0,FALSE,,,0,19.17,0,0,0
117.5,033_04Jul2026_1601,-1.681813,1.958337,-0.2137075,Plane,10.39981,None,Plane,3.596725,3.775366,3.686045,10.64492,180,0,FALSE,,,0,20.61,0,0,0
117.6,033_04Jul2026_1601,-1.679385,1.959603,-0.2141975,Plane,10.49993,None,Plane,3.621462,3.775003,3.698233,34.44743,180,0,FALSE,,,0,21.96,0,0,0
117.7,033_04Jul2026_1601,-1.677345,1.961088,-0.2136919,Plane,10.59982,None,Plane,3.690189,3.79157,3.740879,71.834,180,0,FALSE,,,0,18.98,0,0,0
117.8,033_04Jul2026_1601,-1.675731,1.962922,-0.2113113,Plane,10.69974,None,Plane,3.739348,3.855429,3.797389,5.392862,180,0,FALSE,,,0,20.44,0,0,0
117.9,033_04Jul2026_1601,-1.675267,1.964088,-0.2082552,Plane,10.79977,None,Plane,3.759317,3.85842,3.808869,10.28778,180,0,FALSE,,,0,22.35,0,0,0
118,033_04Jul2026_1601,-1.676165,1.965607,-0.2023311,Plane,10.89966,None,Plane,3.736142,3.827664,3.781903,14.84666,180,0,FALSE,,,0,23.66,0,0,0
118.1,033_04Jul2026_1601,-1.67845,1.966785,-0.1907998,Plane,11.00382,None,Plane,3.707024,3.803733,3.755378,24.87665,180,0,FALSE,,,0,27.28,0,0,0
118.2,033_04Jul2026_1601,-1.682145,1.967348,-0.1782955,Plane,11.10445,None,Plane,3.567991,3.709935,3.638963,28.49578,180,0,FALSE,,,0,27.93,0,0,0
118.3,033_04Jul2026_1601,-1.684952,1.967565,-0.1631835,Plane,11.20409,None,Plane,3.557221,3.702748,3.629985,112.8181,180,0,FALSE,,,0,19.67,0,0,0
118.4,033_04Jul2026_1601,-1.689655,1.96753,-0.1460585,Plane,11.30414,None,Plane,3.554286,3.762123,3.658205,47.23847,180,0,FALSE,,,0,20.51,0,0,0
118.5,033_04Jul2026_1601,-1.694809,1.963221,-0.133046,Plane,11.40461,None,Plane,3.556726,3.725081,3.640903,18.15466,180,0,FALSE,,,0,19.05,0,0,0
118.6,033_04Jul2026_1601,-1.700729,1.962253,-0.1246476,Plane,11.50454,None,Plane,3.557451,3.75417,3.65581,2.076248,180,0,FALSE,,,0,18.49,0,0,0
118.7,033_04Jul2026_1601,-1.704269,1.958383,-0.1192102,Plane,11.60403,None,Plane,3.599633,3.777421,3.688527,10.86943,180,0,FALSE,,,0,15.75,0,0,0
118.8,033_04Jul2026_1601,-1.704574,1.957457,-0.1106471,Plane,11.70454,None,Plane,3.669088,3.846111,3.757599,65.03291,180,0,FALSE,,,0,14.24,0,0,0
118.9,033_04Jul2026_1601,-1.702059,1.956133,-0.1027136,Plane,11.804,None,Plane,3.695249,3.87412,3.784684,31.43197,180,0,FALSE,,,0,15.42,0,0,0
119,033_04Jul2026_1601,-1.695376,1.957018,-0.09402835,Plane,11.90408,None,Plane,3.743098,3.893123,3.81811,13.26124,180,0,FALSE,,,0,15.4,0,0,0
119.1,033_04Jul2026_1601,-1.688844,1.959241,-0.08751641,Plane,12.00444,None,Plane,3.723166,3.862452,3.792809,8.009526,180,0,FALSE,,,0,16.12,0,0,0
119.2,033_04Jul2026_1601,-1.683323,1.962023,-0.08281186,Plane,12.10421,None,Plane,3.752612,3.942015,3.847313,9.583429,180,0,FALSE,,,0,18.69,0,0,0
119.3,033_04Jul2026_1601,-1.679087,1.962735,-0.07854071,Plane,12.20411,None,Plane,3.753144,3.911191,3.832167,4.990034,180,0,FALSE,,,0,20,0,0,0
119.4,033_04Jul2026_1601,-1.673417,1.961778,-0.07118183,Plane,12.30527,None,Plane,3.781369,3.848486,3.814927,25.04387,180,0,FALSE,,,0,28.66,0,0,0
119.5,033_04Jul2026_1601,-1.668504,1.962064,-0.06402931,Plane,12.40371,None,Plane,3.814768,3.914461,3.864614,13.68988,180,0,FALSE,,,0,30.42,0,0,0
119.6,033_04Jul2026_1601,-1.66675,1.961223,-0.06318212,Plane,12.5039,None,Plane,3.908414,4.027343,3.967879,11.63802,180,0,FALSE,,,0,27.26,0,0,0
119.7,033_04Jul2026_1601,-1.665501,1.96281,-0.06456623,Plane,12.60401,None,Plane,3.906908,4.023718,3.965313,15.94014,180,0,FALSE,,,0,28.1,0,0,0
119.8,033_04Jul2026_1601,-1.665514,1.961639,-0.06496269,Plane,12.70408,None,Plane,3.747007,3.896067,3.821537,9.391974,180,0,FALSE,,,0,26.6,0,0,0
119.9,033_04Jul2026_1601,-1.668615,1.959231,-0.06778408,Plane,12.80383,None,Plane,3.801866,3.864225,3.833045,220.7153,180,0,FALSE,,,0,9.81,0,0,0
120,033_04Jul2026_1601,-1.675293,1.958492,-0.07516862,Plane,12.90416,None,Plane,3.836931,3.917134,3.877033,52.59569,180,0,FALSE,,,0,6.89,0,0,0
120.1,033_04Jul2026_1601,-1.684149,1.957715,-0.08839301,Plane,13.00858,None,Plane,3.810583,3.924006,3.867295,28.93452,180,0,FALSE,,,0,6.87,0,0,0
120.2,033_04Jul2026_1601,-1.690532,1.957389,-0.1017091,Plane,13.10295,None,Plane,3.671077,3.743709,3.707393,67.53047,180,0,FALSE,,,0,10.21,0,0,0
120.3,033_04Jul2026_1601,-1.695435,1.957777,-0.1188639,Plane,13.20876,None,Plane,3.693473,3.710283,3.701878,56.06265,180,0,FALSE,,,0,16.82,0,0,0
120.4,033_04Jul2026_1601,-1.70004,1.958972,-0.1368723,Plane,13.30379,None,Plane,3.575015,3.747467,3.661241,27.65413,180,0,FALSE,,,0,16.83,0,0,0
120.5,033_04Jul2026_1601,-1.706784,1.954909,-0.1673665,Plane,13.4119,None,Plane,3.513141,3.684335,3.598738,115.4228,180,0,FALSE,,,0,17.81,0,0,0
120.6,033_04Jul2026_1601,-1.708787,1.951141,-0.1943582,Plane,13.509,None,Plane,3.587816,3.770896,3.679356,106.9005,180,0,FALSE,,,0,16.52,0,0,0
120.7,033_04Jul2026_1601,-1.707513,1.948009,-0.2211327,Plane,13.61286,None,Plane,3.587838,3.726727,3.657282,30.76476,180,0,FALSE,,,0,14.03,0,0,0
120.8,033_04Jul2026_1601,-1.705256,1.942967,-0.250089,Plane,13.70867,None,Plane,3.554226,3.668285,3.611256,50.91928,180,0,FALSE,,,0,13.79,0,0,0
120.9,033_04Jul2026_1601,-1.698114,1.9425,-0.279509,Plane,13.80884,None,Plane,3.633292,3.714124,3.673708,176.1708,180,0,FALSE,,,0,17.61,0,0,0
121,033_04Jul2026_1601,-1.679647,1.949848,-0.3018543,Plane,13.90864,None,Plane,3.610856,3.691932,3.651394,11.46784,180,0,FALSE,,,0,17.7,0,0,0
121.1,033_04Jul2026_1601,-1.656708,1.951628,-0.3223692,Plane,14.00883,None,Plane,3.51495,3.671562,3.593256,32.4667,180,0,FALSE,,,0,20.42,0,0,0
121.2,033_04Jul2026_1601,-1.633491,1.952707,-0.3412311,Plane,14.1087,None,Plane,3.404478,3.62388,3.514179,47.07249,180,0,FALSE,,,0,27.32,0,0,0
121.3,033_04Jul2026_1601,-1.61458,1.954137,-0.3492737,Plane,14.2086,None,Plane,3.454432,3.531676,3.493054,179.1948,180,0,FALSE,,,0,42.64,0,0,0
121.4,033_04Jul2026_1601,-1.60395,1.953813,-0.3548421,Plane,14.30865,None,Plane,3.372516,3.34575,3.359133,17.63977,180,0,FALSE,,,0,25.99,0,0,0
121.5,033_04Jul2026_1601,-1.596532,1.952611,-0.3601941,Plane,14.40855,None,Plane,3.455598,3.511743,3.48367,9.661445,180,0,FALSE,,,0,22,0,0,0
121.6,033_04Jul2026_1601,-1.588498,1.949643,-0.3663983,Plane,14.50871,None,Plane,3.480218,3.630593,3.555405,12.157,180,0,FALSE,,,0,17.99,0,0,0
121.7,033_04Jul2026_1601,-1.572881,1.949925,-0.3763821,Plane,14.60886,None,Plane,3.618508,3.71136,3.664934,153.7997,180,0,FALSE,,,0,17.21,0,0,0
121.8,033_04Jul2026_1601,-1.555275,1.950612,-0.3864029,Plane,14.7086,None,Plane,3.583253,3.680391,3.631822,50.36851,180,0,FALSE,,,0,21.9,0,0,0
121.9,033_04Jul2026_1601,-1.542514,1.948965,-0.3950083,Plane,14.80111,None,Plane,3.58278,3.605423,3.594102,10.09328,180,0,FALSE,,,0,18.87,0,0,0
122,033_04Jul2026_1601,-1.534833,1.944683,-0.4012479,Plane,14.90127,None,Plane,3.544943,3.512929,3.528936,21.07005,180,0,FALSE,,,0,14.38,0,0,0
122.1,033_04Jul2026_1601,-1.531725,1.94455,-0.4042838,Plane,15.00133,None,Plane,3.523268,3.5663,3.544784,19.99668,180,0,FALSE,,,0,13.04,0,0,0
122.2,033_04Jul2026_1601,-1.532497,1.945766,-0.407023,Plane,15.10131,None,Plane,3.485099,3.525096,3.505098,13.27587,180,0,FALSE,,,0,12.84,0,0,0
122.3,033_04Jul2026_1601,-1.538462,1.943285,-0.4079548,Plane,15.20135,None,Plane,3.513607,3.564514,3.539061,8.705621,180,0,FALSE,,,0,12.63,0,0,0
122.4,033_04Jul2026_1601,-1.556067,1.931697,-0.4024253,Plane,15.30133,None,Plane,3.465379,3.564031,3.514705,185.5808,180,0,FALSE,,,0,14.4,0,0,0
122.5,033_04Jul2026_1601,-1.582379,1.92948,-0.3888453,Plane,15.40147,None,Plane,3.508402,3.670779,3.589591,148.2035,180,0,FALSE,,,0,10.82,0,0,0
122.6,033_04Jul2026_1601,-1.604691,1.938134,-0.3717677,Plane,15.50146,None,Plane,3.583223,3.747878,3.665551,45.1421,180,0,FALSE,,,0,12.79,0,0,0
122.7,033_04Jul2026_1601,-1.625321,1.940034,-0.3530754,Plane,15.60315,None,Plane,3.518972,3.766217,3.642595,15.28822,180,0,FALSE,,,0,13.71,0,0,0
122.8,033_04Jul2026_1601,-1.644762,1.940796,-0.3271303,Plane,15.70109,None,Plane,3.67965,3.813805,3.746727,56.31826,180,0,FALSE,,,0,9.31,0,0,0
122.9,033_04Jul2026_1601,-1.658566,1.947763,-0.2975383,Plane,15.80164,None,Plane,3.957317,4.078748,4.018033,242.9287,180,0,FALSE,,,0,4.28,0,0,0
123,033_04Jul2026_1601,-1.668828,1.955002,-0.2688614,Plane,15.90129,None,Plane,3.910351,4.005262,3.957807,46.43606,180,0,FALSE,,,0,4.16,0,0,0
123.1,033_04Jul2026_1601,-1.677003,1.958735,-0.2387072,Plane,16.00143,None,Plane,3.906755,4.044054,3.975405,30.99729,180,0,FALSE,,,0,4.52,0,0,0
123.2,033_04Jul2026_1601,-1.683833,1.960918,-0.2091414,Plane,16.10106,None,Plane,3.858319,4.045965,3.952142,26.32993,180,0,FALSE,,,0,4.73,0,0,0
123.3,033_04Jul2026_1601,-1.689723,1.960256,-0.1837199,Plane,16.20127,None,Plane,3.774077,4.016451,3.895264,32.25746,180,0,FALSE,,,0,5.13,0,0,0
123.4,033_04Jul2026_1601,-1.69462,1.959763,-0.16586,Plane,16.30363,None,Plane,3.699543,3.778788,3.739166,165.1339,180,0,FALSE,,,0,8.39,0,0,0
123.5,033_04Jul2026_1601,-1.701813,1.959414,-0.1589815,Plane,16.40305,None,Plane,3.602236,3.69907,3.650653,17.0156,180,0,FALSE,,,0,9.22,0,0,0
123.6,033_04Jul2026_1601,-1.709792,1.957424,-0.1591137,Plane,16.50341,None,Plane,3.576467,3.670475,3.623471,3.116501,180,0,FALSE,,,0,9.13,0,0,0
123.7,033_04Jul2026_1601,-1.719918,1.950817,-0.16239,Plane,16.60345,None,Plane,3.564708,3.678289,3.621499,10.29191,180,0,FALSE,,,0,9.8,0,0,0
123.8,033_04Jul2026_1601,-1.736671,1.932375,-0.1721153,Plane,16.70362,None,Plane,3.444997,3.532983,3.48899,61.2361,180,0,FALSE,,,0,12.99,0,0,0
123.9,033_04Jul2026_1601,-1.758719,1.934434,-0.1878769,Plane,16.80322,None,Plane,3.63279,3.751081,3.691936,64.65125,180,0,FALSE,,,0,7.7,0,0,0
124,033_04Jul2026_1601,-1.782969,1.927196,-0.205556,Plane,16.90328,None,Plane,3.83044,3.999433,3.914936,177.5306,180,0,FALSE,,,0,3.62,0,0,0
124.1,033_04Jul2026_1601,-1.819074,1.90472,-0.2224174,Plane,17.00353,None,Plane,3.874107,4.012739,3.943423,56.59549,180,0,FALSE,,,0,3.15,0,0,0
124.2,033_04Jul2026_1601,-1.851531,1.876695,-0.236882,Plane,17.10352,None,Plane,4.130736,4.216963,4.17385,73.06239,180,0,FALSE,,,0,2.68,0,0,0
124.3,033_04Jul2026_1601,-1.875362,1.852974,-0.2400018,Plane,17.20345,None,Plane,4.13088,4.13766,4.13427,44.96723,180,0,FALSE,,,0,2.47,0,0,0
124.4,033_04Jul2026_1601,-1.893634,1.833506,-0.2346417,Plane,17.30355,None,Plane,4.08955,4.065285,4.077417,35.68835,180,0,FALSE,,,0,2.32,0,0,0
124.5,033_04Jul2026_1601,-1.907062,1.810514,-0.2243904,Plane,17.40368,None,Plane,4.017542,4.020217,4.018879,20.07459,180,0,FALSE,,,0,2.23,0,0,0
124.6,033_04Jul2026_1601,-1.915605,1.781486,-0.2135304,Plane,17.50338,None,Plane,4.114456,4.179782,4.147119,26.46701,180,0,FALSE,,,0,2.13,0,0,0
124.7,033_04Jul2026_1601,-1.919564,1.76232,-0.2089823,Plane,17.6034,None,Plane,3.947464,4.018262,3.982863,37.70838,180,0,FALSE,,,0,2.04,0,0,0
124.8,033_04Jul2026_1601,-1.92006,1.764547,-0.2123949,Plane,17.70349,None,Plane,3.804405,3.917576,3.860991,16.17006,180,0,FALSE,,,0,2.07,0,0,0
124.9,033_04Jul2026_1601,-1.923769,1.793926,-0.2250778,Plane,17.80322,None,Plane,3.299941,3.249112,3.274527,374.5125,180,0,FALSE,,,0,4.93,0,0,0
125,033_04Jul2026_1601,-1.920974,1.830122,-0.2313124,Plane,17.90341,None,Plane,3.308599,3.355907,3.332253,30.21426,180,0,FALSE,,,0,5.82,0,0,0
125.1,033_04Jul2026_1601,-1.907917,1.866289,-0.2200359,Plane,18.00327,None,Plane,3.194551,3.245453,3.220002,80.43184,180,0,FALSE,,,0,10.41,0,0,0
125.2,033_04Jul2026_1601,-1.884892,1.889924,-0.2058622,Plane,18.09933,None,Plane,3.244257,3.302851,3.273554,35.38966,180,0,FALSE,,,0,15.21,0,0,0
125.3,033_04Jul2026_1601,-1.852373,1.902797,-0.2022592,Plane,18.2093,None,Plane,3.094911,3.196729,3.14582,28.58065,180,0,FALSE,,,0,18.57,0,0,0
125.4,033_04Jul2026_1601,-1.822241,1.909282,-0.2024324,Plane,18.3102,None,Plane,3.160569,3.342986,3.251777,13.46262,180,0,FALSE,,,0,23.57,0,0,0
125.5,033_04Jul2026_1601,-1.796999,1.910842,-0.2060282,Plane,18.40926,None,Plane,3.210563,3.391301,3.300932,12.39681,180,0,FALSE,,,0,30.59,0,0,0
125.6,033_04Jul2026_1601,-1.775685,1.913708,-0.2159459,Plane,18.51039,None,Plane,3.292095,3.464701,3.378398,13.19688,180,0,FALSE,,,0,22.56,0,0,0
125.7,033_04Jul2026_1601,-1.753534,1.921709,-0.2409334,Plane,18.60928,None,Plane,3.480082,3.546663,3.513372,129.2241,180,0,FALSE,,,0,23.85,0,0,0
125.8,033_04Jul2026_1601,-1.736729,1.931842,-0.2672527,Plane,18.70943,None,Plane,3.513109,3.645765,3.579437,54.26659,180,0,FALSE,,,0,47.77,0,0,0
125.9,033_04Jul2026_1601,-1.728922,1.937048,-0.2848487,None,0,Plane,None,3.513146,3.650558,3.581852,60.35843,180,0,FALSE,None,None,,,,,
126,033_04Jul2026_1601,-1.731934,1.934965,-0.2970395,None,0.09977722,Plane,None,3.484782,3.511552,3.498167,6.353803,180,0,FALSE,None,None,,,,,
126.1,033_04Jul2026_1601,-1.739233,1.928186,-0.301682,Plane,0,None,Plane,3.599406,3.645106,3.622256,25.08588,180,0,FALSE,,,0,38.46,0,0,0
126.2,033_04Jul2026_1601,-1.746662,1.925189,-0.3004614,Plane,0.1000977,None,Plane,3.632265,3.717004,3.674634,29.88417,180,0,FALSE,,,0,23.78,0,0,0
126.3,033_04Jul2026_1601,-1.755088,1.925334,-0.2934704,Plane,0.1996918,None,Plane,3.63137,3.788822,3.710096,47.47639,180,0,FALSE,,,0,16.14,0,0,0
126.4,033_04Jul2026_1601,-1.758109,1.930061,-0.2828753,Plane,0.2998123,None,Plane,3.606364,3.85697,3.731667,30.99256,180,0,FALSE,,,0,14.82,0,0,0
126.5,033_04Jul2026_1601,-1.760174,1.940267,-0.268201,Plane,0.3999481,None,Plane,3.554554,3.702921,3.628737,25.68128,180,0,FALSE,,,0,15.66,0,0,0
126.6,033_04Jul2026_1601,-1.760491,1.951406,-0.2533762,Plane,0.4998474,None,Plane,3.539547,3.606001,3.572774,43.37688,180,0,FALSE,,,0,25.07,0,0,0
126.7,033_04Jul2026_1601,-1.758769,1.957419,-0.2304642,Plane,0.5997543,None,Plane,3.574002,3.813639,3.69382,208.8725,180,0,FALSE,,,0,21.21,0,0,0
126.8,033_04Jul2026_1601,-1.757883,1.96417,-0.1947629,Plane,0.6998444,None,Plane,3.55095,3.759685,3.655317,39.5997,180,0,FALSE,,,0,24.13,0,0,0
126.9,033_04Jul2026_1601,-1.751465,1.970178,-0.1496657,Plane,0.7999649,None,Plane,3.604326,3.786875,3.695601,24.89927,180,0,FALSE,,,0,18.28,0,0,0
127,033_04Jul2026_1601,-1.742563,1.975344,-0.1176714,Plane,0.8999329,None,Plane,3.638319,3.845648,3.741984,34.22062,180,0,FALSE,,,0,17.88,0,0,0
127.1,033_04Jul2026_1601,-1.735448,1.978139,-0.09825319,Plane,0.9922562,None,Plane,3.673467,3.872667,3.773067,210.6431,180,0,FALSE,,,0,14.53,0,0,0
127.2,033_04Jul2026_1601,-1.723819,1.978245,-0.07762178,Plane,1.092964,None,Plane,3.661404,3.792347,3.726876,38.54824,180,0,FALSE,,,0,13.92,0,0,0
127.3,033_04Jul2026_1601,-1.708576,1.979324,-0.05870935,Plane,1.192581,None,Plane,3.653555,3.769028,3.711291,32.44164,180,0,FALSE,,,0,16.54,0,0,0
127.4,033_04Jul2026_1601,-1.689738,1.980775,-0.04217367,Plane,1.292793,None,Plane,3.714039,3.85625,3.785144,35.19236,180,0,FALSE,,,0,19.86,0,0,0
127.5,033_04Jul2026_1601,-1.669873,1.983773,-0.03062473,Plane,1.392685,None,Plane,3.755244,3.922523,3.838883,58.98678,180,0,FALSE,,,0,23.12,0,0,0
127.6,033_04Jul2026_1601,-1.652775,1.986171,-0.021879,Plane,1.49324,None,Plane,3.713166,3.827481,3.770324,19.32966,180,0,FALSE,,,0,36.28,0,0,0
127.7,033_04Jul2026_1601,-1.634882,1.987053,-0.01156092,Plane,1.59259,None,Plane,3.65547,3.822984,3.739227,21.95219,180,0,FALSE,,,0,47.69,0,0,0
127.8,033_04Jul2026_1601,-1.616025,1.986202,-0.0003552511,Plane,1.6922,None,Plane,3.678653,3.864349,3.771501,124.9949,180,0,FALSE,,,0,27,0,0,0
127.9,033_04Jul2026_1601,-1.60152,1.985045,0.008273274,Plane,1.793526,None,Plane,3.734761,3.874681,3.804721,30.48469,180,0,FALSE,,,0,25.81,0,0,0
128,033_04Jul2026_1601,-1.591221,1.983621,0.01316371,Plane,1.892899,None,Plane,3.790135,3.882508,3.836321,6.759694,180,0,FALSE,,,0,26.06,0,0,0
128.1,033_04Jul2026_1601,-1.583548,1.98371,0.01611555,Plane,1.993492,None,Plane,3.764554,3.877301,3.820928,5.596954,180,0,FALSE,,,0,29.86,0,0,0
128.2,033_04Jul2026_1601,-1.57802,1.983452,0.01867121,Plane,2.092583,None,Plane,3.769648,3.952858,3.861253,62.00628,180,0,FALSE,,,0,25.37,0,0,0
128.3,033_04Jul2026_1601,-1.573857,1.983109,0.02138642,Plane,2.192635,None,Plane,3.731098,3.875363,3.803231,41.71051,180,0,FALSE,,,0,20.87,0,0,0
128.4,033_04Jul2026_1601,-1.571878,1.982425,0.02337146,Plane,2.292824,None,Plane,3.701254,3.852464,3.776859,3.26838,180,0,FALSE,,,0,22.17,0,0,0
128.5,033_04Jul2026_1601,-1.571982,1.982366,0.02483797,Plane,2.392448,None,Plane,3.722497,3.848034,3.785265,77.56931,180,0,FALSE,,,0,26.49,0,0,0
128.6,033_04Jul2026_1601,-1.572916,1.981569,0.02586177,Plane,2.49308,None,Plane,3.808799,3.9596,3.8842,51.17265,180,0,FALSE,,,0,27.48,0,0,0
128.7,033_04Jul2026_1601,-1.575361,1.981347,0.02576586,Plane,2.59481,None,Plane,3.909895,4.06072,3.985308,11.57172,180,0,FALSE,,,0,22.27,0,0,0
128.8,033_04Jul2026_1601,-1.579193,1.981149,0.02459805,Plane,2.694939,None,Plane,4.021863,4.130992,4.076427,21.80039,180,0,FALSE,,,0,16.42,0,0,0
128.9,033_04Jul2026_1601,-1.582659,1.980944,0.02311242,Plane,2.79496,None,Plane,4.154557,4.271548,4.213052,124.9001,180,0,FALSE,,,0,6.03,0,0,0
129,033_04Jul2026_1601,-1.586436,1.980936,0.02113812,Plane,2.894646,None,Plane,4.163889,4.225437,4.194663,8.989553,180,0,FALSE,,,0,6.11,0,0,0
129.1,033_04Jul2026_1601,-1.590725,1.980805,0.01870875,Plane,2.994728,None,Plane,4.086505,4.119789,4.103147,10.67382,180,0,FALSE,,,0,6.22,0,0,0
129.2,033_04Jul2026_1601,-1.594516,1.981182,0.01570191,Plane,3.094978,None,Plane,3.924079,3.959467,3.941773,58.87824,180,0,FALSE,,,0,8.83,0,0,0
129.3,033_04Jul2026_1601,-1.597921,1.981527,0.01252183,Plane,3.194557,None,Plane,3.78155,3.88803,3.83479,55.35629,180,0,FALSE,,,0,13.16,0,0,0
129.4,033_04Jul2026_1601,-1.601123,1.981718,0.009598278,Plane,3.294762,None,Plane,3.785824,3.912151,3.848988,9.56224,180,0,FALSE,,,0,13.74,0,0,0
129.5,033_04Jul2026_1601,-1.603647,1.981858,0.007329956,Plane,3.398476,None,Plane,3.874341,3.989551,3.931946,0.2697462,180,0,FALSE,,,0,13.79,0,0,0
129.6,033_04Jul2026_1601,-1.606836,1.982894,0.005824722,Plane,3.498055,None,Plane,3.903123,4.009921,3.956522,3.440898,180,0,FALSE,,,0,13.8,0,0,0
129.7,033_04Jul2026_1601,-1.612449,1.981842,0.003425926,Plane,3.597679,None,Plane,4.011914,4.040964,4.026439,13.97795,180,0,FALSE,,,0,13.16,0,0,0
129.8,033_04Jul2026_1601,-1.623446,1.979047,-0.003328018,Plane,3.697792,None,Plane,4.161907,4.159165,4.160536,171.6783,180,0,FALSE,,,0,35.96,0,0,0
129.9,033_04Jul2026_1601,-1.630971,1.975537,-0.008986101,Plane,3.797768,None,Plane,4.356678,4.400309,4.378493,58.56475,180,0,FALSE,,,0,14.43,0,0,0
130,033_04Jul2026_1601,-1.633807,1.972411,-0.01039136,Plane,3.897514,None,Plane,4.360408,4.40899,4.384699,12.10622,180,0,FALSE,,,0,12.55,0,0,0
130.1,033_04Jul2026_1601,-1.634623,1.9697,-0.00852292,Plane,3.998222,None,Plane,4.293193,4.404944,4.349069,43.61519,180,0,FALSE,,,0,12,0,0,0
130.2,033_04Jul2026_1601,-1.632899,1.966137,-0.006372832,Plane,4.097969,None,Plane,4.192624,4.304797,4.248711,49.97023,180,0,FALSE,,,0,11.24,0,0,0
130.3,033_04Jul2026_1601,-1.632959,1.965866,-0.005079679,Plane,4.197762,None,Plane,4.030961,4.19099,4.110976,10.73233,180,0,FALSE,,,0,11.64,0,0,0
130.4,033_04Jul2026_1601,-1.633882,1.963525,-0.004631573,Plane,4.298058,None,Plane,3.980435,4.112765,4.0466,15.76486,180,0,FALSE,,,0,10.37,0,0,0
130.5,033_04Jul2026_1601,-1.632692,1.95562,-0.005553678,Plane,4.397926,None,Plane,4.190514,4.2497,4.220107,184.0484,180,0,FALSE,,,0,4.1,0,0,0
130.6,033_04Jul2026_1601,-1.634328,1.947575,-0.006440587,Plane,4.49894,None,Plane,3.99431,4.042957,4.018634,17.53569,180,0,FALSE,,,0,4.32,0,0,0
130.7,033_04Jul2026_1601,-1.641477,1.939891,-0.009895623,Plane,4.597954,None,Plane,3.971744,4.033124,4.002434,2.455097,180,0,FALSE,,,0,4.3,0,0,0
130.8,033_04Jul2026_1601,-1.650561,1.935319,-0.01338014,Plane,4.698158,None,Plane,3.995451,4.069636,4.032543,9.783856,180,0,FALSE,,,0,4.27,0,0,0
130.9,033_04Jul2026_1601,-1.657205,1.92744,-0.01581194,Plane,4.808968,None,Plane,-1,-1,-1,113.5858,180,0,FALSE,,,0,7.76,0,0,0
131,033_04Jul2026_1601,-1.660383,1.921557,-0.01456333,Plane,4.898323,None,Plane,3.852839,3.918663,3.885751,16.9393,180,0,FALSE,,,0,7.24,0,0,0
131.1,033_04Jul2026_1601,-1.662141,1.920951,-0.01167664,Plane,4.998161,None,Plane,3.940658,3.971693,3.956176,12.28835,180,0,FALSE,,,0,7.84,0,0,0
131.2,033_04Jul2026_1601,-1.660328,1.921532,-0.00851427,Plane,5.098381,None,Plane,3.876074,3.954288,3.915181,10.2073,180,0,FALSE,,,0,7.94,0,0,0
131.3,033_04Jul2026_1601,-1.65944,1.922913,-0.004847996,Plane,5.198265,None,Plane,3.796429,3.941018,3.868724,14.57042,180,0,FALSE,,,0,8.58,0,0,0
131.4,033_04Jul2026_1601,-1.657233,1.922187,-0.003878362,Plane,5.290321,None,Plane,3.738595,3.904377,3.821486,8.275573,180,0,FALSE,,,0,8.69,0,0,0
131.5,033_04Jul2026_1601,-1.655438,1.921718,-0.004356325,Plane,5.39045,None,Plane,3.683643,3.831849,3.757746,4.561274,180,0,FALSE,,,0,8.58,0,0,0
131.6,033_04Jul2026_1601,-1.655202,1.921628,-0.005409539,Plane,5.490608,None,Plane,3.769669,3.822452,3.79606,0.926404,180,0,FALSE,,,0,8.61,0,0,0
131.7,033_04Jul2026_1601,-1.657606,1.92353,-0.007791646,Plane,5.590187,None,Plane,3.834383,3.881495,3.857939,17.2246,180,0,FALSE,,,0,9.81,0,0,0
131.8,033_04Jul2026_1601,-1.660059,1.924448,-0.01071132,Plane,5.690544,None,Plane,3.873532,3.910812,3.892172,8.045831,180,0,FALSE,,,0,10.09,0,0,0
131.9,033_04Jul2026_1601,-1.65877,1.923789,-0.01081211,Plane,5.79026,None,Plane,3.873817,3.934283,3.90405,7.036474,180,0,FALSE,,,0,9.85,0,0,0
132,033_04Jul2026_1601,-1.65593,1.923639,-0.008675203,Plane,5.890236,None,Plane,3.879534,3.9208,3.900167,11.04382,180,0,FALSE,,,0,9.91,0,0,0
132.1,033_04Jul2026_1601,-1.655312,1.923485,-0.007992096,Plane,5.99015,None,Plane,3.899102,3.958543,3.928823,5.634991,180,0,FALSE,,,0,9.82,0,0,0
132.2,033_04Jul2026_1601,-1.651888,1.921724,-0.004577927,Plane,6.09066,None,Plane,3.780396,3.943033,3.861714,4.44048,180,0,FALSE,,,0,9.51,0,0,0
132.3,033_04Jul2026_1601,-1.648914,1.921208,-0.003673568,Plane,6.190453,None,Plane,4.088523,4.002154,4.045339,221.6726,180,0,FALSE,,,0,11.14,0,0,0
132.4,033_04Jul2026_1601,-1.648085,1.923208,-0.004811756,Plane,6.289818,None,Plane,4.104587,4.019958,4.062272,10.83716,180,0,FALSE,,,0,10.27,0,0,0
132.5,033_04Jul2026_1601,-1.650903,1.924747,-0.008685701,Plane,6.39045,None,Plane,4.056184,3.910504,3.983344,6.188449,180,0,FALSE,,,0,10.72,0,0,0
132.6,033_04Jul2026_1601,-1.655938,1.927067,-0.01387887,Plane,6.490517,None,Plane,4.034049,3.855636,3.944842,14.03778,180,0,FALSE,,,0,10.95,0,0,0
132.7,033_04Jul2026_1601,-1.660788,1.930356,-0.01955705,Plane,6.593193,None,Plane,3.9688,3.885364,3.927082,13.03632,180,0,FALSE,,,0,10.42,0,0,0
132.8,033_04Jul2026_1601,-1.661944,1.931733,-0.0209408,Plane,6.693092,None,Plane,4.072231,4.043167,4.057699,47.89861,180,0,FALSE,,,0,9.35,0,0,0
132.9,033_04Jul2026_1601,-1.65959,1.931508,-0.02068064,Plane,6.793373,None,Plane,4.115029,4.086203,4.100616,26.11572,180,0,FALSE,,,0,8.89,0,0,0
133,033_04Jul2026_1601,-1.65717,1.932054,-0.02015203,Plane,6.892845,None,Plane,4.040418,4.075262,4.05784,18.00289,180,0,FALSE,,,0,8.99,0,0,0
133.1,033_04Jul2026_1601,-1.655712,1.932459,-0.019531,Plane,6.993095,None,Plane,3.975854,4.049707,4.012781,18.01403,180,0,FALSE,,,0,8.59,0,0,0
133.2,033_04Jul2026_1601,-1.654623,1.932917,-0.01917944,Plane,7.093056,None,Plane,3.915147,3.957855,3.936501,6.5278,180,0,FALSE,,,0,8.42,0,0,0
133.3,033_04Jul2026_1601,-1.654042,1.934626,-0.0191614,Plane,7.193245,None,Plane,3.851327,3.878768,3.865048,17.94479,180,0,FALSE,,,0,7.91,0,0,0
133.4,033_04Jul2026_1601,-1.652274,1.935238,-0.01828873,Plane,7.292763,None,Plane,3.888627,3.894554,3.89159,136.7235,180,0,FALSE,,,0,5.54,0,0,0
133.5,033_04Jul2026_1601,-1.647979,1.934857,-0.01567637,Plane,7.393257,None,Plane,3.812002,3.849099,3.83055,9.767541,180,0,FALSE,,,0,5.75,0,0,0
133.6,033_04Jul2026_1601,-1.642258,1.934654,-0.01197687,Plane,7.493858,None,Plane,3.788307,3.839002,3.813654,8.629921,180,0,FALSE,,,0,5.82,0,0,0
133.7,033_04Jul2026_1601,-1.638017,1.934766,-0.009352213,Plane,7.592705,None,Plane,3.759525,3.822035,3.79078,11.65778,180,0,FALSE,,,0,6.11,0,0,0
133.8,033_04Jul2026_1601,-1.638573,1.936575,-0.01037508,Plane,7.692879,None,Plane,3.798021,3.861256,3.829639,14.73617,180,0,FALSE,,,0,6.58,0,0,0
133.9,033_04Jul2026_1601,-1.640886,1.938206,-0.01277114,Plane,7.793358,None,Plane,-1,3.754602,1.377301,68.05355,180,0,FALSE,,,0,9.3,0,0,0
134,033_04Jul2026_1601,-1.642362,1.937805,-0.01481627,Plane,7.893471,None,Plane,-1,-1,-1,5.493878,180,0,FALSE,,,0,9.26,0,0,0
134.1,033_04Jul2026_1601,-1.644353,1.938217,-0.0177466,Plane,7.99305,None,Plane,3.857744,4.123734,3.990739,26.13265,180,0,FALSE,,,0,9.22,0,0,0
134.2,033_04Jul2026_1601,-1.645261,1.938803,-0.0197075,Plane,8.098015,None,Plane,3.857744,4.123734,3.990739,2.882974,180,0,FALSE,,,0,9.41,0,0,0
134.3,033_04Jul2026_1601,-1.645928,1.939082,-0.02108257,Plane,8.198051,None,Plane,3.857744,4.123734,3.990739,1.917268,180,0,FALSE,,,0,9.45,0,0,0
134.4,033_04Jul2026_1601,-1.645695,1.939052,-0.02161568,Plane,8.2976,None,Plane,3.857744,4.123734,3.990739,18.11926,180,0,FALSE,,,0,8.22,0,0,0
134.5,033_04Jul2026_1601,-1.644944,1.939002,-0.02181201,Plane,8.397728,None,Plane,3.857744,4.123734,3.990739,52.07124,180,0,FALSE,,,0,6,0,0,0
134.6,033_04Jul2026_1601,-1.645812,1.939569,-0.02300759,Plane,8.497948,None,Plane,3.885759,3.994569,3.940164,35.88741,180,0,FALSE,,,0,5.08,0,0,0
134.7,033_04Jul2026_1601,-1.644963,1.939954,-0.023793,Plane,8.598625,None,Plane,3.916499,4.021662,3.96908,0.9216302,180,0,FALSE,,,0,5.09,0,0,0
134.8,033_04Jul2026_1601,-1.642464,1.93988,-0.02247855,Plane,8.697487,None,Plane,3.941786,4.046248,3.994017,8.703908,180,0,FALSE,,,0,5.01,0,0,0
134.9,033_04Jul2026_1601,-1.641936,1.939811,-0.02279898,Plane,8.798592,None,Plane,3.937668,4.001142,3.969405,14.39717,180,0,FALSE,,,0,4.73,0,0,0
135,033_04Jul2026_1601,-1.64234,1.940886,-0.02390513,Plane,8.89753,None,Plane,3.935078,4.049174,3.992126,3.659635,180,0,FALSE,,,0,4.71,0,0,0
135.1,033_04Jul2026_1601,-1.640758,1.941658,-0.02411225,Plane,8.997948,None,Plane,3.959889,4.051994,4.005941,3.49085,180,0,FALSE,,,0,4.69,0,0,0
135.2,033_04Jul2026_1601,-1.638628,1.941837,-0.02364072,Plane,9.097908,None,Plane,4.044613,4.117021,4.080817,27.39255,180,0,FALSE,,,0,4.33,0,0,0
135.3,033_04Jul2026_1601,-1.637586,1.942348,-0.02357051,Plane,9.197853,None,Plane,4.072888,4.158729,4.115808,49.02063,180,0,FALSE,,,0,3.92,0,0,0
135.4,033_04Jul2026_1601,-1.636863,1.942506,-0.02332072,Plane,9.298027,None,Plane,4.068934,4.130634,4.099784,8.159121,180,0,FALSE,,,0,3.89,0,0,0
135.5,033_04Jul2026_1601,-1.637228,1.942986,-0.02338645,Plane,9.397682,None,Plane,4.057916,4.113998,4.085957,3.724346,180,0,FALSE,,,0,3.87,0,0,0
135.6,033_04Jul2026_1601,-1.638182,1.943,-0.02352294,Plane,9.497749,None,Plane,4.06013,4.126883,4.093506,5.722819,180,0,FALSE,,,0,3.88,0,0,0
135.7,033_04Jul2026_1601,-1.639448,1.943293,-0.0233371,Plane,9.589592,None,Plane,4.157026,4.218422,4.187724,12.83199,180,0,FALSE,,,0,3.76,0,0,0
135.8,033_04Jul2026_1601,-1.64042,1.942949,-0.02259076,Plane,9.689796,None,Plane,4.205778,4.217508,4.211643,29.68794,180,0,FALSE,,,0,3.5,0,0,0
135.9,033_04Jul2026_1601,-1.641329,1.942131,-0.02142319,Plane,9.789864,None,Plane,4.231374,4.20237,4.216872,0.6848207,180,0,FALSE,,,0,3.5,0,0,0
136,033_04Jul2026_1601,-1.641336,1.940839,-0.01995354,Plane,9.88961,None,Plane,4.267918,4.246103,4.25701,8.150751,180,0,FALSE,,,0,3.42,0,0,0
136.1,033_04Jul2026_1601,-1.640989,1.939894,-0.01815678,Plane,9.989693,None,Plane,4.261,4.275146,4.268073,1.677206,180,0,FALSE,,,0,3.42,0,0,0
136.2,033_04Jul2026_1601,-1.640595,1.93893,-0.01677407,Plane,10.08973,None,Plane,4.029511,4.091447,4.060479,74.71779,180,0,FALSE,,,0,4.17,0,0,0
136.3,033_04Jul2026_1601,-1.641383,1.938158,-0.01637235,Plane,10.20083,None,Plane,3.948672,3.973079,3.960876,121.7232,180,0,FALSE,,,0,7.79,0,0,0
136.4,033_04Jul2026_1601,-1.642762,1.939362,-0.01669168,Plane,10.28965,None,Plane,3.90012,3.952572,3.926346,5.708791,180,0,FALSE,,,0,7.65,0,0,0
136.5,033_04Jul2026_1601,-1.64499,1.940505,-0.01914575,Plane,10.38987,None,Plane,3.808766,3.893499,3.851132,5.666173,180,0,FALSE,,,0,7.85,0,0,0
136.6,033_04Jul2026_1601,-1.646446,1.941759,-0.02043623,Plane,10.48991,None,Plane,3.755048,3.824334,3.789691,3.476151,180,0,FALSE,,,0,8.02,0,0,0
136.7,033_04Jul2026_1601,-1.64647,1.941923,-0.02077854,Plane,10.60055,None,Plane,3.667621,3.737279,3.70245,2.077432,180,0,FALSE,,,0,8.16,0,0,0
136.8,033_04Jul2026_1601,-1.645955,1.940703,-0.02030773,Plane,10.68966,None,Plane,3.602351,3.674534,3.638443,4.993685,180,0,FALSE,,,0,8.25,0,0,0
136.9,033_04Jul2026_1601,-1.642512,1.939204,-0.01810026,Plane,10.80097,None,Plane,3.48574,3.566527,3.526134,11.34779,180,0,FALSE,,,0,8.15,0,0,0
137,033_04Jul2026_1601,-1.638597,1.93661,-0.01733615,Plane,10.90083,None,Plane,3.334803,3.529739,3.432271,16.5866,180,0,FALSE,,,0,7.45,0,0,0
137.1,033_04Jul2026_1601,-1.630678,1.927228,-0.01360047,Plane,10.99047,None,Plane,3.190932,3.443281,3.317107,24.42854,180,0,FALSE,,,0,6.64,0,0,0
137.2,033_04Jul2026_1601,-1.61383,1.912294,-0.01219618,Plane,11.0897,None,Plane,-1,-1,-1,19.6632,180,0,FALSE,,,0,6.68,0,0,0
137.3,033_04Jul2026_1601,-1.598144,1.905223,-0.008628964,Plane,11.19382,None,Plane,3.009041,-1,1.004521,58.88565,180,0,FALSE,,,0,5.23,0,0,0
137.4,033_04Jul2026_1601,-1.580304,1.892233,-0.005455412,Plane,11.29383,None,Plane,3.010617,-1,1.005308,166.0643,180,0,FALSE,,,0,3.11,0,0,0
137.5,033_04Jul2026_1601,-1.558802,1.876474,-0.003702603,Plane,11.3942,None,Plane,-1,-1,-1,459.4532,180,0,TRUE,,,0,3,0,0,0
137.6,033_04Jul2026_1601,-1.545059,1.864058,-0.0032262,Plane,11.49416,None,Plane,-1,-1,-1,895.3561,180,0,TRUE,,,0,5.12,0,0,0
137.7,033_04Jul2026_1601,-1.539809,1.852434,-0.001423169,None,0,Plane,None,-1,-1,-1,1021.369,180,0,TRUE,None,None,,,,,
137.8,033_04Jul2026_1601,-1.543033,1.846481,0.007115316,Plane,0,None,Plane,-1,-1,-1,1042.615,180,0,TRUE,,,0,5.65,0,0,0
137.9,033_04Jul2026_1601,-1.54301,1.844379,0.006809723,Plane,0.09991455,None,Plane,-1,-1,-1,1086.839,180,0,TRUE,,,0,3.38,0,0,0
138,033_04Jul2026_1601,-1.531035,1.837936,-0.001852695,None,0,Plane,None,-1,-1,-1,1155.076,180,0,TRUE,None,None,,,,,
138.1,033_04Jul2026_1601,-1.518584,1.819329,-0.01769071,Plane,0,None,Plane,-1,-1,-1,1256.907,180,0,TRUE,,,0,2.99,0,0,0
138.2,033_04Jul2026_1601,-1.5111,1.801754,-0.03324095,None,0,Plane,None,-1,-1,-1,1274.868,180,0,TRUE,None,None,,,,,
138.3,033_04Jul2026_1601,-1.510635,1.796713,-0.03777752,Plane,0,None,Plane,-1,-1,-1,1289.831,180,0,TRUE,,,0,2.11,0,0,0
138.4,033_04Jul2026_1601,-1.524298,1.79811,-0.03710043,Plane,0.1008148,None,Plane,-1,-1,-1,1333.261,180,0,TRUE,,,0,2.06,0,0,0
138.5,033_04Jul2026_1601,-1.523664,1.797453,-0.04047035,None,0,Plane,None,-1,-1,-1,1319.958,180,0,TRUE,None,None,,,,,
138.6,033_04Jul2026_1601,-1.52491,1.795406,-0.04550458,Plane,0,None,Plane,-1,-1,-1,1312.486,180,0,TRUE,,,0,2.83,0,0,0
138.7,033_04Jul2026_1601,-1.525916,1.795563,-0.0503242,None,0,Plane,None,-1,-1,-1,1314.907,180,0,TRUE,None,None,,,,,
138.8,033_04Jul2026_1601,-1.529158,1.796368,-0.05414105,Plane,0,None,Plane,-1,-1,-1,1278.797,180,0,TRUE,,,0,2.17,0,0,0
138.9,033_04Jul2026_1601,-1.531422,1.794378,-0.05631985,Plane,0.1001129,None,Plane,-1,-1,-1,1296.727,180,0,TRUE,,,0,2.06,0,0,0
139,033_04Jul2026_1601,-1.532959,1.792647,-0.05761418,None,0,Plane,None,-1,-1,-1,1289.203,180,0,TRUE,None,None,,,,,
139.1,033_04Jul2026_1601,-1.534893,1.791808,-0.0612365,Plane,0,None,Plane,-1,-1,-1,1284.598,180,0,TRUE,,,0,4.13,0,0,0
139.2,033_04Jul2026_1601,-1.536663,1.791085,-0.06401325,Plane,0.09979248,None,Plane,-1,-1,-1,1319.704,180,0,TRUE,,,0,35.67,0,0,0
139.3,033_04Jul2026_1601,-1.539687,1.788536,-0.06573912,Plane,0.1996155,None,Plane,-1,-1,-1,1301.981,180,0,TRUE,,,0,2.55,0,0,0
139.4,033_04Jul2026_1601,-1.544849,1.783142,-0.06743401,Plane,0.2998505,None,Plane,-1,-1,-1,1341.78,180,0,TRUE,,,0,2.15,0,0,0
139.5,033_04Jul2026_1601,-1.550593,1.779625,-0.06983464,None,0,Plane,None,-1,-1,-1,1318.61,180,0,TRUE,None,None,,,,,
139.6,033_04Jul2026_1601,-1.554493,1.776129,-0.07273989,Plane,0,None,Plane,-1,-1,-1,1379.908,180,0,TRUE,,,0,2.82,0,0,0
139.7,033_04Jul2026_1601,-1.561188,1.77146,-0.07759954,None,0,Plane,None,-1,-1,-1,1407.763,180,0,TRUE,None,None,,,,,
139.8,033_04Jul2026_1601,-1.565572,1.76389,-0.08516547,Plane,0,None,Plane,-1,-1,-1,1450.007,180,0,TRUE,,,0,8.66,0,0,0
139.9,033_04Jul2026_1601,-1.571325,1.747953,-0.09872915,None,0,Plane,None,-1,-1,-1,1464.495,180,0,TRUE,None,None,,,,,
140,033_04Jul2026_1601,-1.580559,1.725206,-0.1133323,Plane,0,None,Plane,-1,-1,-1,1452.645,180,0,TRUE,,,0,5.35,0,0,0
140.1,033_04Jul2026_1601,-1.592637,1.703462,-0.1290458,None,0,Plane,None,-1,-1,-1,1396.423,180,0,TRUE,None,None,,,,,
140.2,033_04Jul2026_1601,-1.59625,1.692741,-0.1467252,Plane,0,None,Plane,-1,-1,-1,1331.963,180,0,TRUE,,,0,1.81,0,0,0
140.3,033_04Jul2026_1601,-1.594585,1.675894,-0.1741585,Plane,0.1009521,None,Plane,-1,-1,-1,1175.159,180,0,TRUE,,,0,2.24,0,0,0
140.4,033_04Jul2026_1601,-1.598467,1.650358,-0.2069783,None,0,Plane,None,-1,-1,-1,1041.893,180,0,TRUE,None,None,,,,,
140.5,033_04Jul2026_1601,-1.586431,1.630212,-0.241059,Plane,0,None,Plane,-1,-1,-1,873.9285,180,0,TRUE,,,0,1.77,0,0,0
140.6,033_04Jul2026_1601,-1.576596,1.627477,-0.2578855,Plane,0.09082031,None,Plane,-1,-1,-1,956.2768,180,0,TRUE,,,0,3.44,0,0,0
140.7,033_04Jul2026_1601,-1.569321,1.620936,-0.2728561,Plane,0.1902771,None,Plane,-1,-1,-1,783.6472,180,0,TRUE,,,0,3.48,0,0,0
140.8,033_04Jul2026_1601,-1.565576,1.615299,-0.2950125,None,0,Plane,None,-1,-1,-1,703.9143,180,0,TRUE,None,None,,,,,
140.9,033_04Jul2026_1601,-1.565273,1.613464,-0.315273,Plane,0,None,Plane,-1,-1,-1,731.4738,180,0,TRUE,,,0,2.97,0,0,0
141,033_04Jul2026_1601,-1.555253,1.597832,-0.3233556,Plane,0.09977722,None,Plane,-1,-1,-1,722.3803,180,0,TRUE,,,0,1.67,0,0,0
141.1,033_04Jul2026_1601,-1.550548,1.596528,-0.3305564,Plane,0.1997223,None,Plane,-1,-1,-1,761.7347,180,0,TRUE,,,0,13.17,0,0,0
141.2,033_04Jul2026_1601,-1.55706,1.603025,-0.3351066,Plane,0.2999115,None,Plane,-1,-1,-1,749.2719,180,0,TRUE,,,0,9.66,0,0,0
141.3,033_04Jul2026_1601,-1.544544,1.596576,-0.3406668,None,0,Plane,None,-1,-1,-1,735.2283,180,0,TRUE,None,None,,,,,
141.4,033_04Jul2026_1601,-1.536473,1.598693,-0.3439881,Plane,0,None,Plane,-1,-1,-1,754.3716,180,0,TRUE,,,0,1.94,0,0,0
141.5,033_04Jul2026_1601,-1.533553,1.600637,-0.3471179,Plane,0.100235,None,Plane,-1,-1,-1,754.2535,180,0,TRUE,,,0,2.1,0,0,0
141.6,033_04Jul2026_1601,-1.537637,1.606968,-0.3481046,Plane,0.2000122,None,Plane,-1,-1,-1,755.4481,180,0,TRUE,,,0,2.1,0,0,0
141.7,033_04Jul2026_1601,-1.537803,1.609839,-0.3466067,None,0,Plane,None,-1,-1,-1,736.705,180,0,TRUE,None,None,,,,,
141.8,033_04Jul2026_1601,-1.526543,1.601635,-0.3511002,Plane,0,None,Plane,-1,-1,-1,722.0332,180,0,TRUE,,,0,7.1,0,0,0
141.9,033_04Jul2026_1601,-1.51056,1.596647,-0.3569265,Plane,0.1001282,None,Plane,-1,-1,-1,610.5056,180,0,TRUE,,,0,1.67,0,0,0
142,033_04Jul2026_1601,-1.499642,1.603609,-0.3683303,Plane,0.2005005,None,Plane,-1,-1,-1,534.3555,180,0,TRUE,,,0,2.08,0,0,0
142.1,033_04Jul2026_1601,-1.507101,1.606062,-0.3767502,Plane,0.300293,None,Plane,-1,-1,-1,531.2784,180,0,TRUE,,,0,1.62,0,0,0
142.2,033_04Jul2026_1601,-1.522488,1.625034,-0.3808565,Plane,0.4000397,None,Plane,-1,-1,-1,514.2909,180,0,TRUE,,,0,2.79,0,0,0
142.3,033_04Jul2026_1601,-1.540564,1.653769,-0.3725089,None,0,Plane,None,-1,-1,-1,597.9694,180,0,TRUE,None,None,,,,,
142.4,033_04Jul2026_1601,-1.559663,1.675814,-0.3553723,Plane,0,None,Plane,-1,-1,-1,738.9888,180,0,TRUE,,,0,11.31,0,0,0
142.5,033_04Jul2026_1601,-1.566009,1.69005,-0.3417477,Plane,0.09971619,None,Plane,-1,-1,-1,833.1194,180,0,TRUE,,,0,2.24,0,0,0
142.6,033_04Jul2026_1601,-1.57292,1.699442,-0.3337651,Plane,0.1998901,None,Plane,-1,-1,-1,749.8624,180,0,TRUE,,,0,1.82,0,0,0
142.7,033_04Jul2026_1601,-1.572919,1.703445,-0.3276564,Plane,0.299469,None,Plane,-1,-1,-1,781.1851,180,0,TRUE,,,0,5.47,0,0,0
142.8,033_04Jul2026_1601,-1.57142,1.702248,-0.3234378,None,0,Plane,None,-1,-1,-1,801.806,180,0,TRUE,None,None,,,,,
142.9,033_04Jul2026_1601,-1.576335,1.70222,-0.3217164,Plane,0,None,Plane,-1,-1,-1,767.7139,180,0,TRUE,,,0,2.89,0,0,0
143,033_04Jul2026_1601,-1.58215,1.70698,-0.32353,Plane,0.09997559,None,Plane,-1,-1,-1,757.799,180,0,TRUE,,,0,3.04,0,0,0
143.1,033_04Jul2026_1601,-1.58541,1.717628,-0.3204703,Plane,0.1998291,None,Plane,-1,-1,-1,797.2236,180,0,TRUE,,,0,2.24,0,0,0
143.2,033_04Jul2026_1601,-1.593398,1.731223,-0.3191273,None,0,Plane,None,-1,-1,-1,855.9068,180,0,TRUE,None,None,,,,,
143.3,033_04Jul2026_1601,-1.600406,1.740514,-0.3177616,Plane,0,None,Plane,-1,-1,-1,906.6625,180,0,TRUE,,,0,6.16,0,0,0
143.4,033_04Jul2026_1601,-1.6101,1.751495,-0.3140442,Plane,0.09936523,None,Plane,-1,-1,-1,961.5735,180,0,TRUE,,,0,3.19,0,0,0
143.5,033_04Jul2026_1601,-1.626199,1.761531,-0.3147762,Plane,0.1997681,None,Plane,-1,-1,-1,984.9373,180,0,TRUE,,,0,2.88,0,0,0
143.6,033_04Jul2026_1601,-1.637637,1.772843,-0.3144459,None,0,Plane,None,-1,-1,-1,1040.536,180,0,TRUE,None,None,,,,,
143.7,033_04Jul2026_1601,-1.646145,1.783875,-0.3146408,Plane,0,None,Plane,-1,-1,-1,1082.581,180,0,TRUE,,,0,3.16,0,0,0
143.8,033_04Jul2026_1601,-1.651301,1.793208,-0.3108245,Plane,0.09970093,None,Plane,-1,-1,-1,1131.115,180,0,TRUE,,,0,2.44,0,0,0
143.9,033_04Jul2026_1601,-1.656523,1.80136,-0.306998,None,0,Plane,None,-1,-1,-1,1175.006,180,0,TRUE,None,None,,,,,
144,033_04Jul2026_1601,-1.667574,1.808849,-0.3098871,Plane,0,None,Plane,-1,-1,-1,1207.991,180,0,TRUE,,,0,3.79,0,0,0
144.1,033_04Jul2026_1601,-1.67187,1.814056,-0.3085676,Plane,0.1005554,None,Plane,-1,-1,-1,1231.7,180,0,TRUE,,,0,2.68,0,0,0
144.2,033_04Jul2026_1601,-1.668224,1.812835,-0.3024489,None,0,Plane,None,-1,-1,-1,1255.039,180,0,TRUE,None,None,,,,,
144.3,033_04Jul2026_1601,-1.665604,1.812871,-0.3006026,Plane,0,None,Plane,-1,-1,-1,1242.965,180,0,TRUE,,,0,3.46,0,0,0
144.4,033_04Jul2026_1601,-1.660457,1.812968,-0.3008021,Plane,0.1013031,None,Plane,-1,-1,-1,1211.93,180,0,TRUE,,,0,2.93,0,0,0
144.5,033_04Jul2026_1601,-1.650895,1.808997,-0.2976156,None,0,Plane,None,-1,-1,-1,1224.438,180,0,TRUE,None,None,,,,,
144.6,033_04Jul2026_1601,-1.643123,1.80284,-0.2899809,Plane,0,None,Plane,-1,-1,-1,1222.822,180,0,TRUE,,,0,3.04,0,0,0
144.7,033_04Jul2026_1601,-1.641497,1.799236,-0.2849124,Plane,0.09910583,None,Plane,-1,-1,-1,1249.676,180,0,TRUE,,,0,3.05,0,0,0
144.8,033_04Jul2026_1601,-1.635607,1.79651,-0.2823128,None,0,Plane,None,-1,-1,-1,1239.892,180,0,TRUE,None,None,,,,,
144.9,033_04Jul2026_1601,-1.63077,1.783467,-0.272622,Plane,0,None,Plane,-1,-1,-1,1255.122,180,0,TRUE,,,0,2.8,0,0,0
145,033_04Jul2026_1601,-1.626207,1.74562,-0.2580264,Plane,0.09960938,None,Plane,-1,-1,-1,1343.779,180,0,TRUE,,,0,4.21,0,0,0
145.1,033_04Jul2026_1601,-1.603625,1.706228,-0.2445168,Plane,0.2000122,None,Plane,-1,-1,-1,1213.35,180,0,TRUE,,,0,12.81,0,0,0
145.2,033_04Jul2026_1601,-1.569868,1.687685,-0.2434794,Plane,0.2997131,None,Plane,-1,-1,-1,1021.287,180,0,TRUE,,,0,1.92,0,0,0
145.3,033_04Jul2026_1601,-1.550427,1.678963,-0.2488305,Plane,0.3998566,None,Plane,-1,-1,-1,913.2044,180,0,TRUE,,,0,1.97,0,0,0
145.4,033_04Jul2026_1601,-1.541057,1.668432,-0.2392431,None,0,Plane,None,-1,-1,-1,687.6391,180,0,TRUE,None,None,,,,,
145.5,033_04Jul2026_1601,-1.537329,1.682012,-0.2291989,None,0.100174,Plane,None,-1,-1,-1,399.9959,180,0,TRUE,None,None,,,,,
145.6,033_04Jul2026_1601,-1.532426,1.704222,-0.2251241,None,0.1999664,Plane,None,-1,-1,-1,226.748,180,0,TRUE,None,None,,,,,
145.7,033_04Jul2026_1601,-1.531306,1.720228,-0.2253903,None,0.3009796,Plane,None,-1,-1,-1,123.2316,180,0,TRUE,None,None,,,,,
145.8,033_04Jul2026_1601,-1.532121,1.733502,-0.223058,None,0.4001465,Plane,None,-1,-1,-1,25.63656,180,0,TRUE,None,None,,,,,
145.9,033_04Jul2026_1601,-1.535244,1.753705,-0.2227885,None,0.4999847,Plane,None,-1,-1,-1,208.3472,180,0,TRUE,None,None,,,,,
146,033_04Jul2026_1601,-1.539008,1.768723,-0.2218988,None,0.6004944,Plane,None,-1,-1,-1,388.1417,180,0,TRUE,None,None,,,,,
146.1,033_04Jul2026_1601,0,0,0.1,None,0.7000122,Plane,None,-1,-1,-1,0,180,0,TRUE,None,None,,,,,
146.2,033_04Jul2026_1601,0,0,0.1,None,0.8003082,Plane,None,-1,-1,-1,0,180,0,TRUE,None,None,,,,,
146.3,033_04Jul2026_1601,0,0,0.1,None,0.9000092,Plane,None,-1,-1,-1,0,180,0,TRUE,None,None,,,,,
146.4,033_04Jul2026_1601,0,0,0.1,None,1.000748,Plane,None,-1,-1,-1,0,180,0,TRUE,None,None,,,,,
146.5,033_04Jul2026_1601,0,0,0.1,None,1.101334,Plane,None,-1,-1,-1,0,180,0,TRUE,None,None,,,,,
146.6,033_04Jul2026_1601,0,0,0.1,None,1.201065,Plane,None,-1,-1,-1,0,180,0,TRUE,None,None,,,,,
146.7,033_04Jul2026_1601,0,0,0.1,None,1.300812,Plane,None,-1,-1,-1,0,180,0,TRUE,None,None,,,,,
146.8,033_04Jul2026_1601,0,0,0.1,None,1.401108,Plane,None,-1,-1,-1,0,180,0,TRUE,None,None,,,,,
146.9,033_04Jul2026_1601,0,0,0.1,None,1.501144,Plane,None,-1,-1,-1,0,180,0,TRUE,None,None,,,,,
147,033_04Jul2026_1601,0,0,0.1,None,1.601151,Plane,None,-1,-1,-1,0,180,0,TRUE,None,None,,,,,
147.1,033_04Jul2026_1601,0,0,0.1,None,1.701019,Plane,None,-1,-1,-1,0,180,0,TRUE,None,None,,,,,